Model_Name,Dataset,DPSGD,Clipping_Strategy,Epsilon,Morphology,Operation,Kernel_Size,Learning_Rate,Batch_Size,Max_Grad_Norm,Noise_Multiplier,Stage,Training_Loss_mean,Training_Loss_std,Training_Loss_mean_std,Training_Time_Seconds_mean,Training_Time_Seconds_std,Training_Time_Seconds_mean_std,Mean_Dice_mean,Mean_Dice_std,Mean_Dice_mean_std,Max_Dice_mean,Max_Dice_std,Max_Dice_mean_std,Mean_Sensitivity_mean,Mean_Sensitivity_std,Mean_Sensitivity_mean_std,Max_Sensitivity_mean,Max_Sensitivity_std,Max_Sensitivity_mean_std,Mean_Specificity_mean,Mean_Specificity_std,Mean_Specificity_mean_std,Max_Specificity_mean,Max_Specificity_std,Max_Specificity_mean_std,S_measure_mean,S_measure_std,S_measure_mean_std,Mean_E_measure_mean,Mean_E_measure_std,Mean_E_measure_mean_std,Max_E_measure_mean,Max_E_measure_std,Max_E_measure_mean_std,MAE_mean,MAE_std,MAE_mean_std
Inf-Net_DP_Morph,LungInfection,True,automatic,8.0,True,both,3,0.0001,24,1.2,,training,6.683123350143433,0.14859528933352462,6.6831 ± 0.1486,309.80397379398346,60.54192804033124,309.8040 ± 60.5419,0.2315,0.019233304448274095,0.2315 ± 0.0192,0.3165,0.003959797974644662,0.3165 ± 0.0040,0.57745,0.040092954493277225,0.5775 ± 0.0401,1.0,0.0,1.0000 ± 0.0000,0.5081,0.01598061325481594,0.5081 ± 0.0160,0.9477,0.016546298679765196,0.9477 ± 0.0165,0.41385,0.009545941546018361,0.4138 ± 0.0095,0.3792,0.00466690475583121,0.3792 ± 0.0047,0.66335,0.010535891039679496,0.6633 ± 0.0105,0.44065,0.012091525958289965,0.4406 ± 0.0121
Inf-Net_DP_Morph,LungInfection,True,automatic,8.0,True,both,5,0.0001,24,1.2,,training,6.659073352813721,0.02650396139237869,6.6591 ± 0.0265,317.82702696323395,49.640646684512866,317.8270 ± 49.6406,0.2661,0.033092597359530414,0.2661 ± 0.0331,0.352,0.02220315292925762,0.3520 ± 0.0222,0.62115,0.04306280297426071,0.6211 ± 0.0431,1.0,0.0,1.0000 ± 0.0000,0.5346,0.022768838354206837,0.5346 ± 0.0228,0.9782,0.009050966799187833,0.9782 ± 0.0091,0.4334,0.006505382386916227,0.4334 ± 0.0065,0.3916,0.014707821048680217,0.3916 ± 0.0147,0.7014499999999999,0.020718228688765838,0.7014 ± 0.0207,0.42835,0.005444722215136405,0.4284 ± 0.0054
Inf-Net_DP_Morph,LungInfection,True,automatic,8.0,True,both,7,0.0001,24,1.2,,training,6.665693998336792,0.027990565033054943,6.6657 ± 0.0280,332.3410230875015,48.786294324669505,332.3410 ± 48.7863,0.241,0.0012727922061357827,0.2410 ± 0.0013,0.3214,0.005374011537017758,0.3214 ± 0.0054,0.5847,0.006081118318204267,0.5847 ± 0.0061,1.0,0.0,1.0000 ± 0.0000,0.53135,0.0033234018715767215,0.5313 ± 0.0033,0.97005,0.02156675682618968,0.9700 ± 0.0216,0.41345,0.006858935777509501,0.4134 ± 0.0069,0.38395,0.003889087296526015,0.3840 ± 0.0039,0.66195,0.019021172413918153,0.6620 ± 0.0190,0.4375,0.00735391052434007,0.4375 ± 0.0074
Inf-Net_DP_Morph,LungInfection,True,automatic,8.0,True,close,3,0.0001,24,1.2,,training,6.559878826141357,0.038028595649197555,6.5599 ± 0.0380,301.1107505559921,61.405307917950886,301.1108 ± 61.4053,0.26785000000000003,0.003181980515339467,0.2679 ± 0.0032,0.35285,0.007566042558696089,0.3528 ± 0.0076,0.6162000000000001,0.010748023074035516,0.6162 ± 0.0107,1.0,0.0,1.0000 ± 0.0000,0.55615,0.007000357133746834,0.5562 ± 0.0070,0.98275,0.012374368670764632,0.9828 ± 0.0124,0.44,0.0,0.4400 ± 0.0000,0.39280000000000004,0.004525483399593916,0.3928 ± 0.0045,0.6947,0.004101219330881995,0.6947 ± 0.0041,0.42115,0.0010606601717798223,0.4212 ± 0.0011
Inf-Net_DP_Morph,LungInfection,True,automatic,8.0,True,close,5,0.0001,24,1.2,,training,6.602131128311157,0.019037900059764877,6.6021 ± 0.0190,315.2954511642456,64.52358819221313,315.2955 ± 64.5236,0.27044999999999997,0.026233661582020888,0.2704 ± 0.0262,0.3513,0.049638896039295666,0.3513 ± 0.0496,0.62515,0.06866006845321374,0.6251 ± 0.0687,1.0,0.0,1.0000 ± 0.0000,0.53575,0.005303300858899072,0.5357 ± 0.0053,0.9711000000000001,0.03210264786586925,0.9711 ± 0.0321,0.4235,0.019233304448274095,0.4235 ± 0.0192,0.38380000000000003,0.0016970562748477233,0.3838 ± 0.0017,0.69735,0.03019345955666555,0.6974 ± 0.0302,0.4377,0.0014142135623730963,0.4377 ± 0.0014
Inf-Net_DP_Morph,LungInfection,True,automatic,8.0,True,close,7,0.0001,24,1.2,,training,6.6270551681518555,0.09588846363452906,6.6271 ± 0.0959,310.47425401210785,64.18571191197935,310.4743 ± 64.1857,0.2881,0.013859292911256337,0.2881 ± 0.0139,0.3745,0.029274220741123062,0.3745 ± 0.0293,0.66045,0.02199102089490164,0.6604 ± 0.0220,1.0,0.0,1.0000 ± 0.0000,0.5475,0.02460731598529181,0.5475 ± 0.0246,0.9920500000000001,0.0006363961030679012,0.9921 ± 0.0006,0.43884999999999996,0.019021172413918114,0.4388 ± 0.0190,0.3973,0.018809040379562172,0.3973 ± 0.0188,0.71435,0.005586143571373738,0.7144 ± 0.0056,0.42565,0.023405234457274698,0.4256 ± 0.0234
Inf-Net_DP_Morph,LungInfection,True,automatic,8.0,True,close,9,0.0001,24,1.2,,training,6.7673118114471436,0.11286892313738613,6.7673 ± 0.1129,315.4866166114807,60.40931669041438,315.4866 ± 60.4093,0.25815,0.02001112190757929,0.2581 ± 0.0200,0.33545,0.006576093065034913,0.3355 ± 0.0066,0.62565,0.009121677477306479,0.6257 ± 0.0091,1.0,0.0,1.0000 ± 0.0000,0.52535,0.02863782463805516,0.5253 ± 0.0286,0.9726,0.003959797974644701,0.9726 ± 0.0040,0.41995000000000005,0.004030508652763309,0.4200 ± 0.0040,0.3847,0.021213203435596444,0.3847 ± 0.0212,0.6671,0.014566399692442845,0.6671 ± 0.0146,0.44015000000000004,0.011101576464628789,0.4402 ± 0.0111
Inf-Net_DP_Morph,LungInfection,True,automatic,8.0,True,open,3,0.0001,24,1.2,,training,6.796186685562134,0.08310515589378085,6.7962 ± 0.0831,307.52328610420227,60.80433044164997,307.5233 ± 60.8043,0.24919999999999998,0.04200214280248091,0.2492 ± 0.0420,0.3254,0.04143645737753172,0.3254 ± 0.0414,0.6311,0.056144278426211815,0.6311 ± 0.0561,1.0,0.0,1.0000 ± 0.0000,0.48635000000000006,0.03019345955666559,0.4864 ± 0.0302,0.9636,0.012020815280171319,0.9636 ± 0.0120,0.39685000000000004,0.020293964620053916,0.3969 ± 0.0203,0.35745,0.016334166645409254,0.3574 ± 0.0163,0.6802,0.022768838354206837,0.6802 ± 0.0228,0.46640000000000004,0.018101933598375627,0.4664 ± 0.0181
Inf-Net_DP_Morph,LungInfection,True,automatic,8.0,True,open,5,0.0001,24,1.2,,training,6.649136543273926,0.03058175327950471,6.6491 ± 0.0306,315.040030002594,49.95328475750873,315.0400 ± 49.9533,0.26175,0.01774838020778233,0.2617 ± 0.0177,0.34535000000000005,0.010394469683442242,0.3454 ± 0.0104,0.618,0.028001428534987337,0.6180 ± 0.0280,1.0,0.0,1.0000 ± 0.0000,0.53425,0.004171930009000642,0.5343 ± 0.0042,0.96775,0.012940054095713808,0.9677 ± 0.0129,0.4289,0.0007071067811865482,0.4289 ± 0.0007,0.38575000000000004,0.00021213203435598016,0.3858 ± 0.0002,0.69045,0.01491995308303616,0.6905 ± 0.0149,0.43484999999999996,0.004030508652763309,0.4348 ± 0.0040
Inf-Net_DP_Morph,LungInfection,True,automatic,8.0,True,open,7,0.0001,24,1.2,,training,6.571637392044067,0.07972531581799523,6.5716 ± 0.0797,314.8941422700882,48.39971837250572,314.8941 ± 48.3997,0.30075,0.021425335469952386,0.3008 ± 0.0214,0.39425,0.0033234018715767605,0.3942 ± 0.0033,0.67155,0.03401183617507296,0.6715 ± 0.0340,1.0,0.0,1.0000 ± 0.0000,0.5661499999999999,0.0045961940777126025,0.5661 ± 0.0046,0.98035,0.012798632739476436,0.9804 ± 0.0128,0.45640000000000003,0.0032526911934581135,0.4564 ± 0.0033,0.41569999999999996,0.009758073580374341,0.4157 ± 0.0098,0.7082999999999999,0.011172287142747398,0.7083 ± 0.0112,0.4089,0.0015556349186103902,0.4089 ± 0.0016
Inf-Net_DP_Morph,LungInfection,True,automatic,8.0,True,open,9,0.0001,24,1.2,,training,6.568637371063232,0.08807342639624505,6.5686 ± 0.0881,323.8315955400467,60.32622114400202,323.8316 ± 60.3262,0.26995,0.0016263455967290765,0.2700 ± 0.0016,0.35635,0.0034648232278140937,0.3564 ± 0.0035,0.6331,0.0015556349186103902,0.6331 ± 0.0016,1.0,0.0,1.0000 ± 0.0000,0.53945,0.0006363961030679012,0.5394 ± 0.0006,0.98735,0.004030508652763269,0.9873 ± 0.0040,0.4306,0.0026870057685088595,0.4306 ± 0.0027,0.38385,7.071067811868621e-05,0.3839 ± 0.0001,0.69905,0.006717514421272168,0.6990 ± 0.0067,0.43215000000000003,0.0009192388155425283,0.4322 ± 0.0009
Inf-Net_DP_Morph,LungInfection,True,base,8.0,True,both,3,0.0001,24,1.2,,training,6.669267654418945,0.008773287986027702,6.6693 ± 0.0088,311.59906935691833,62.47351625312418,311.5991 ± 62.4735,0.26905,0.004171930009000642,0.2691 ± 0.0042,0.34504999999999997,0.005444722215136405,0.3450 ± 0.0054,0.6255999999999999,0.019374725804511387,0.6256 ± 0.0194,1.0,0.0,1.0000 ± 0.0000,0.5495,0.02545584412271573,0.5495 ± 0.0255,0.9942,0.0024041630560342323,0.9942 ± 0.0024,0.4275,0.00466690475583121,0.4275 ± 0.0047,0.394,0.014849242404917511,0.3940 ± 0.0148,0.6993499999999999,0.01223294731452726,0.6993 ± 0.0122,0.42935,0.014354267658086905,0.4294 ± 0.0144
Inf-Net_DP_Morph,LungInfection,True,base,8.0,True,both,5,0.0001,24,1.2,,training,6.567671298980713,0.17208929139264928,6.5677 ± 0.1721,315.87100756168365,61.37085742115283,315.8710 ± 61.3709,0.30215000000000003,0.023405234457274698,0.3022 ± 0.0234,0.39944999999999997,0.019021172413918114,0.3994 ± 0.0190,0.6599,0.02842569260369922,0.6599 ± 0.0284,1.0,0.0,1.0000 ± 0.0000,0.56615,0.005868986283848326,0.5662 ± 0.0059,0.97665,0.01958685783886741,0.9767 ± 0.0196,0.4542,0.0014142135623730963,0.4542 ± 0.0014,0.4168,0.011172287142747477,0.4168 ± 0.0112,0.72655,0.032314779900225195,0.7266 ± 0.0323,0.41035,0.0014849242404917434,0.4103 ± 0.0015
Inf-Net_DP_Morph,LungInfection,True,base,8.0,True,both,7,0.0001,24,1.2,,training,6.721012830734253,0.1593585829188427,6.7210 ± 0.1594,325.9330619573593,57.576784294035875,325.9331 ± 57.5768,0.25645,0.0009192388155424891,0.2565 ± 0.0009,0.33365,0.009687362902255733,0.3337 ± 0.0097,0.63225,0.0007778174593051951,0.6322 ± 0.0008,1.0,0.0,1.0000 ± 0.0000,0.51805,0.013788582233137728,0.5181 ± 0.0138,0.9863,0.007495331880577442,0.9863 ± 0.0075,0.4125,0.015414927829866726,0.4125 ± 0.0154,0.37365000000000004,0.010111626970967656,0.3737 ± 0.0101,0.6684,0.022768838354206837,0.6684 ± 0.0228,0.45365,0.015061374439273452,0.4536 ± 0.0151
Inf-Net_DP_Morph,LungInfection,True,base,8.0,True,both,9,0.0001,24,1.2,,training,6.642505645751953,0.17968314196994814,6.6425 ± 0.1797,386.87139606475836,6.068399006238339,386.8714 ± 6.0684,0.25870000000000004,0.00820243866176395,0.2587 ± 0.0082,0.35555000000000003,0.002757716446627506,0.3556 ± 0.0028,0.6222000000000001,0.020506096654409896,0.6222 ± 0.0205,1.0,0.0,1.0000 ± 0.0000,0.5275000000000001,0.006081118318204346,0.5275 ± 0.0061,0.9807,0.0029698484809834867,0.9807 ± 0.0030,0.43235,0.0060104076400856596,0.4324 ± 0.0060,0.3833,0.007495331880577403,0.3833 ± 0.0075,0.67955,0.010394469683442204,0.6795 ± 0.0104,0.43325,0.013222896808188436,0.4333 ± 0.0132
Inf-Net_DP_Morph,LungInfection,True,base,8.0,True,close,3,0.0001,24,1.2,,training,6.619743347167969,0.000546897506277989,6.6197 ± 0.0005,312.0293288230896,51.28693782211378,312.0293 ± 51.2869,0.25665,0.03570889244992064,0.2566 ± 0.0357,0.3451,0.05925554826343268,0.3451 ± 0.0593,0.6137999999999999,0.05769991334482228,0.6138 ± 0.0577,1.0,0.0,1.0000 ± 0.0000,0.5388999999999999,0.03210264786586925,0.5389 ± 0.0321,0.98645,0.007707463914933382,0.9865 ± 0.0077,0.42865,0.04023437584951456,0.4286 ± 0.0402,0.38355,0.02863782463805516,0.3836 ± 0.0286,0.68155,0.006576093065034952,0.6815 ± 0.0066,0.4317,0.02757716446627534,0.4317 ± 0.0276
Inf-Net_DP_Morph,LungInfection,True,base,8.0,True,close,5,0.0001,24,1.2,,training,6.5616960525512695,0.05237808028061058,6.5617 ± 0.0524,311.16033804416656,60.9939722095735,311.1603 ± 60.9940,0.28964999999999996,0.0009192388155425283,0.2896 ± 0.0009,0.37945,0.0007778174593051951,0.3795 ± 0.0008,0.667,0.009616652224137007,0.6670 ± 0.0096,1.0,0.0,1.0000 ± 0.0000,0.5648500000000001,0.0009192388155424891,0.5649 ± 0.0009,0.9965999999999999,0.0011313708498984299,0.9966 ± 0.0011,0.44794999999999996,0.003181980515339467,0.4479 ± 0.0032,0.40390000000000004,0.0015556349186104294,0.4039 ± 0.0016,0.6960500000000001,0.011950104602052673,0.6961 ± 0.0120,0.4181,0.0005656854249492149,0.4181 ± 0.0006
Inf-Net_DP_Morph,LungInfection,True,base,8.0,True,close,7,0.0001,24,1.2,,training,6.627893686294556,0.028834176352849,6.6279 ± 0.0288,314.51014518737793,60.44837299481767,314.5101 ± 60.4484,0.27244999999999997,0.026092240225783596,0.2724 ± 0.0261,0.349,0.03493107499061545,0.3490 ± 0.0349,0.6201,0.04737615433949865,0.6201 ± 0.0474,1.0,0.0,1.0000 ± 0.0000,0.5502499999999999,0.01619274528917196,0.5502 ± 0.0162,0.9739,0.021637467504308328,0.9739 ± 0.0216,0.43479999999999996,0.021637467504308366,0.4348 ± 0.0216,0.4012,0.0151320851173921,0.4012 ± 0.0151,0.6902,0.011596551211459359,0.6902 ± 0.0116,0.42355,0.009263098833543773,0.4235 ± 0.0093
Inf-Net_DP_Morph,LungInfection,True,base,8.0,True,close,9,0.0001,24,1.2,,training,6.639665842056274,0.14662214247363858,6.6397 ± 0.1466,322.6641459465027,58.86555517966159,322.6641 ± 58.8656,0.2653,0.03634528855298852,0.2653 ± 0.0363,0.35505,0.0464569155239562,0.3550 ± 0.0465,0.61405,0.03726452736853103,0.6140 ± 0.0373,1.0,0.0,1.0000 ± 0.0000,0.54235,0.04108290398693844,0.5423 ± 0.0411,0.97905,0.022698127676088187,0.9790 ± 0.0227,0.43255,0.027647875144394023,0.4325 ± 0.0276,0.38905,0.03316330803764908,0.3891 ± 0.0332,0.70015,0.02199102089490164,0.7002 ± 0.0220,0.4293,0.024748737341529145,0.4293 ± 0.0247
Inf-Net_DP_Morph,LungInfection,True,base,8.0,True,open,3,0.0001,24,1.2,,training,6.596938848495483,0.020672523432410765,6.5969 ± 0.0207,311.4581495523453,42.238454011782885,311.4581 ± 42.2385,0.2545,0.030829855659733472,0.2545 ± 0.0308,0.3414,0.03351686142824235,0.3414 ± 0.0335,0.6213,0.04681046891454947,0.6213 ± 0.0468,1.0,0.0,1.0000 ± 0.0000,0.5277499999999999,0.022698127676088108,0.5277 ± 0.0227,0.9789,0.018526197667087546,0.9789 ± 0.0185,0.4262,0.024041630560342597,0.4262 ± 0.0240,0.38015,0.02128391411371509,0.3801 ± 0.0213,0.6651,0.02757716446627538,0.6651 ± 0.0276,0.43995,0.017182694782833095,0.4400 ± 0.0172
Inf-Net_DP_Morph,LungInfection,True,base,8.0,True,open,5,0.0001,24,1.2,,training,6.492971181869507,0.029486272393009553,6.4930 ± 0.0295,306.0585528612137,68.8084554696807,306.0586 ± 68.8085,0.2898,0.019940411229460643,0.2898 ± 0.0199,0.36305,0.016051323932934625,0.3630 ± 0.0161,0.63015,0.03712310601229374,0.6301 ± 0.0371,1.0,0.0,1.0000 ± 0.0000,0.57885,0.0044547727214752295,0.5788 ± 0.0045,0.98175,0.01025304832720491,0.9818 ± 0.0103,0.43979999999999997,0.007353910524340109,0.4398 ± 0.0074,0.41975,0.009404520189781067,0.4198 ± 0.0094,0.7055,0.013859292911256375,0.7055 ± 0.0139,0.4068,0.0026870057685088986,0.4068 ± 0.0027
Inf-Net_DP_Morph,LungInfection,True,base,8.0,True,open,7,0.0001,24,1.2,,training,6.567776679992676,0.02202021106039574,6.5678 ± 0.0220,318.2631366252899,46.84827416561902,318.2631 ± 46.8483,0.28315,0.02778929650063132,0.2832 ± 0.0278,0.37195,0.028072139213105907,0.3720 ± 0.0281,0.6435,0.049073210614346406,0.6435 ± 0.0491,1.0,0.0,1.0000 ± 0.0000,0.56135,0.013505739520663062,0.5614 ± 0.0135,0.98715,0.009828784258493027,0.9871 ± 0.0098,0.44745,0.01378858223313769,0.4475 ± 0.0138,0.40659999999999996,0.015132085117392138,0.4066 ± 0.0151,0.69585,0.009687362902255733,0.6958 ± 0.0097,0.41445,0.012515790027001886,0.4144 ± 0.0125
Inf-Net_DP_Morph,LungInfection,True,base,8.0,True,open,9,0.0001,24,1.2,,training,6.385499000549316,0.007780645409899125,6.3855 ± 0.0078,327.6795861721039,46.035667416288724,327.6796 ± 46.0357,0.31115,0.005586143571373738,0.3111 ± 0.0056,0.40049999999999997,0.013293607486307082,0.4005 ± 0.0133,0.67125,0.011525840533340711,0.6713 ± 0.0115,1.0,0.0,1.0000 ± 0.0000,0.5871500000000001,0.005586143571373659,0.5872 ± 0.0056,0.99675,0.0010606601717798615,0.9968 ± 0.0011,0.4609,0.00042426406871192107,0.4609 ± 0.0004,0.42385,0.0020506096654409976,0.4239 ± 0.0021,0.7136499999999999,0.01491995308303616,0.7136 ± 0.0149,0.39890000000000003,0.0026870057685088595,0.3989 ± 0.0027
Inf-Net_DP_Morph,LungInfection,True,nsgd,8.0,True,both,3,0.0001,24,1.2,,training,6.738409757614136,0.1214041657230243,6.7384 ± 0.1214,311.97518491744995,62.96020951511464,311.9752 ± 62.9602,0.2475,0.013859292911256316,0.2475 ± 0.0139,0.32010000000000005,0.003959797974644662,0.3201 ± 0.0040,0.6005499999999999,0.02906208870676712,0.6005 ± 0.0291,1.0,0.0,1.0000 ± 0.0000,0.53415,0.009687362902255733,0.5342 ± 0.0097,0.97695,0.00841457069611993,0.9769 ± 0.0084,0.41245,0.006858935777509501,0.4124 ± 0.0069,0.38615,0.0017677669529663704,0.3861 ± 0.0018,0.67125,0.015768481220460002,0.6713 ± 0.0158,0.43955,0.01025304832720491,0.4395 ± 0.0103
Inf-Net_DP_Morph,LungInfection,True,nsgd,8.0,True,both,5,0.0001,24,1.2,,training,6.532294511795044,0.021512763004324576,6.5323 ± 0.0215,314.4991999864578,64.24848340510272,314.4992 ± 64.2485,0.26205,0.018738329701443505,0.2621 ± 0.0187,0.35005,0.004171930009000603,0.3500 ± 0.0042,0.6174,0.0257386868351904,0.6174 ± 0.0257,1.0,0.0,1.0000 ± 0.0000,0.5501,0.015273506473629392,0.5501 ± 0.0153,0.9782,0.003676955262170035,0.9782 ± 0.0037,0.43525,0.006151828996322954,0.4353 ± 0.0062,0.39515,0.007000357133746834,0.3952 ± 0.0070,0.6915,0.0072124891681027755,0.6915 ± 0.0072,0.42184999999999995,0.003889087296526015,0.4218 ± 0.0039
Inf-Net_DP_Morph,LungInfection,True,nsgd,8.0,True,both,7,0.0001,24,1.2,,training,6.639026641845703,0.05582940141147067,6.6390 ± 0.0558,332.917462348938,51.15552091388368,332.9175 ± 51.1555,0.2554,0.013435028842544414,0.2554 ± 0.0134,0.32589999999999997,0.01400071426749363,0.3259 ± 0.0140,0.60205,0.017041273426595803,0.6020 ± 0.0170,1.0,0.0,1.0000 ± 0.0000,0.537,0.011172287142747477,0.5370 ± 0.0112,0.9821,0.00975807358037438,0.9821 ± 0.0098,0.4175,0.006081118318204307,0.4175 ± 0.0061,0.3898,0.011455129855222065,0.3898 ± 0.0115,0.68455,0.009263098833543773,0.6845 ± 0.0093,0.4375,0.010182337649086262,0.4375 ± 0.0102
Inf-Net_DP_Morph,LungInfection,True,nsgd,8.0,True,both,9,0.0001,24,1.2,,training,6.674408435821533,0.07280817504038731,6.6744 ± 0.0728,377.6936138868332,7.635145216532846,377.6936 ± 7.6351,0.2701,0.046951890270786764,0.2701 ± 0.0470,0.3542,0.03860803025278548,0.3542 ± 0.0386,0.63645,0.06116473657263637,0.6364 ± 0.0612,1.0,0.0,1.0000 ± 0.0000,0.54225,0.03585031380615794,0.5423 ± 0.0359,0.9888,0.002545584412271605,0.9888 ± 0.0025,0.43445,0.021425335469952386,0.4345 ± 0.0214,0.3944,0.03210264786586929,0.3944 ± 0.0321,0.6675,0.017677669529663705,0.6675 ± 0.0177,0.427,0.02220315292925758,0.4270 ± 0.0222
Inf-Net_DP_Morph,LungInfection,True,nsgd,8.0,True,close,3,0.0001,24,1.2,,training,6.64746618270874,0.10913471235932092,6.6475 ± 0.1091,307.2555719614029,60.75125457814541,307.2556 ± 60.7513,0.24835000000000002,0.009828784258493027,0.2484 ± 0.0098,0.33504999999999996,0.0045961940777125634,0.3350 ± 0.0046,0.5971500000000001,0.02906208870676712,0.5972 ± 0.0291,1.0,0.0,1.0000 ± 0.0000,0.54095,0.009828784258493027,0.5410 ± 0.0098,0.98845,0.005303300858899072,0.9885 ± 0.0053,0.4254,0.0004242640687119603,0.4254 ± 0.0004,0.385,0.009899494936611674,0.3850 ± 0.0099,0.6679,0.018526197667087546,0.6679 ± 0.0185,0.4317,0.008909545442950499,0.4317 ± 0.0089
Inf-Net_DP_Morph,LungInfection,True,nsgd,8.0,True,close,5,0.0001,24,1.2,,training,6.669169902801514,0.058306287404759516,6.6692 ± 0.0583,310.78282368183136,57.742731946663476,310.7828 ± 57.7427,0.26095,0.0072831998462214225,0.2610 ± 0.0073,0.3376,0.02064751801064719,0.3376 ± 0.0206,0.6128,0.0033941125496953686,0.6128 ± 0.0034,1.0,0.0,1.0000 ± 0.0000,0.5412,0.024324473272817223,0.5412 ± 0.0243,0.9741500000000001,0.009121677477306479,0.9742 ± 0.0091,0.42525,0.02679934700697014,0.4253 ± 0.0268,0.39005,0.016758430714121173,0.3901 ± 0.0168,0.6863,0.0026870057685088986,0.6863 ± 0.0027,0.4301,0.019940411229460643,0.4301 ± 0.0199
Inf-Net_DP_Morph,LungInfection,True,nsgd,8.0,True,close,7,0.0001,24,1.2,,training,6.7557244300842285,0.0551462852908061,6.7557 ± 0.0551,315.3423649072647,57.94337151323741,315.3424 ± 57.9434,0.27185000000000004,0.020859650045003172,0.2719 ± 0.0209,0.35875,0.027365032431919397,0.3588 ± 0.0274,0.6432,0.012303657992645985,0.6432 ± 0.0123,1.0,0.0,1.0000 ± 0.0000,0.5323500000000001,0.023546655813512028,0.5324 ± 0.0235,0.98255,0.006434671708797581,0.9826 ± 0.0064,0.4286,0.016970562748477115,0.4286 ± 0.0170,0.38685,0.01887975105768082,0.3869 ± 0.0189,0.6811499999999999,0.03457752160002221,0.6811 ± 0.0346,0.43735,0.01534421715174808,0.4374 ± 0.0153
Inf-Net_DP_Morph,LungInfection,True,nsgd,8.0,True,close,9,0.0001,24,1.2,,training,6.789943695068359,0.023447134763580568,6.7899 ± 0.0234,323.4336771965027,57.58803834552521,323.4337 ± 57.5880,0.26990000000000003,0.04327493500861669,0.2699 ± 0.0433,0.3493,0.037618080759124345,0.3493 ± 0.0376,0.65255,0.06399316369738257,0.6525 ± 0.0640,1.0,0.0,1.0000 ± 0.0000,0.52125,0.02043538597629117,0.5212 ± 0.0204,0.9853000000000001,0.015273506473629392,0.9853 ± 0.0153,0.4219,0.017960512242138293,0.4219 ± 0.0180,0.38185,0.021708178182427013,0.3819 ± 0.0217,0.68885,0.032314779900225195,0.6888 ± 0.0323,0.4454,0.012586500705120532,0.4454 ± 0.0126
Inf-Net_DP_Morph,LungInfection,True,nsgd,8.0,True,open,3,0.0001,24,1.2,,training,6.623298645019531,0.058777657758504104,6.6233 ± 0.0588,314.27616226673126,45.579302857899314,314.2762 ± 45.5793,0.27125,0.024395183950935873,0.2712 ± 0.0244,0.36545,0.03514320702497139,0.3654 ± 0.0351,0.62595,0.03811305550595495,0.6260 ± 0.0381,1.0,0.0,1.0000 ± 0.0000,0.55315,0.004171930009000642,0.5532 ± 0.0042,0.97625,0.02425376259469858,0.9762 ± 0.0243,0.43955,0.012940054095713808,0.4395 ± 0.0129,0.39275,0.0044547727214752295,0.3927 ± 0.0045,0.69685,0.03797163414971758,0.6968 ± 0.0380,0.42479999999999996,0.0011313708498984691,0.4248 ± 0.0011
Inf-Net_DP_Morph,LungInfection,True,nsgd,8.0,True,open,5,0.0001,24,1.2,,training,6.633754253387451,0.048195089859601366,6.6338 ± 0.0482,312.35873901844025,68.8206736724766,312.3587 ± 68.8207,0.3013,0.0059396969619670125,0.3013 ± 0.0059,0.36945,0.015909902576697294,0.3695 ± 0.0159,0.6786000000000001,0.01357645019878171,0.6786 ± 0.0136,1.0,0.0,1.0000 ± 0.0000,0.5561,0.013010764773832454,0.5561 ± 0.0130,0.973,0.0031112698372207804,0.9730 ± 0.0031,0.4408,0.014283556979968257,0.4408 ± 0.0143,0.4092,0.0072124891681027755,0.4092 ± 0.0072,0.69415,0.011384419177103419,0.6942 ± 0.0114,0.4204,0.012727922061357866,0.4204 ± 0.0127
Inf-Net_DP_Morph,LungInfection,True,nsgd,8.0,True,open,7,0.0001,24,1.2,,training,6.602555513381958,0.053363642186189324,6.6026 ± 0.0534,312.74943447113037,60.93654847717656,312.7494 ± 60.9365,0.26405,0.009970205614730322,0.2641 ± 0.0100,0.35114999999999996,0.011808683245815339,0.3511 ± 0.0118,0.6291,0.033234018715767685,0.6291 ± 0.0332,1.0,0.0,1.0000 ± 0.0000,0.5374,0.012303657992645985,0.5374 ± 0.0123,0.97855,0.0034648232278140937,0.9786 ± 0.0035,0.4309,0.0024041630560342323,0.4309 ± 0.0024,0.3827,0.006363961030678933,0.3827 ± 0.0064,0.6859,0.011455129855222065,0.6859 ± 0.0115,0.4336,0.01088944443027285,0.4336 ± 0.0109
Inf-Net_DP_Morph,LungInfection,True,nsgd,8.0,True,open,9,0.0001,24,1.2,,training,6.631942987442017,0.06375739220376388,6.6319 ± 0.0638,325.18604505062103,53.33480817842387,325.1860 ± 53.3348,0.2735,0.009899494936611674,0.2735 ± 0.0099,0.35609999999999997,0.0009899494936611753,0.3561 ± 0.0010,0.6433,0.015273506473629472,0.6433 ± 0.0153,1.0,0.0,1.0000 ± 0.0000,0.5399,0.004242640687119289,0.5399 ± 0.0042,0.97645,0.005444722215136366,0.9765 ± 0.0054,0.4343,0.005798275605729679,0.4343 ± 0.0058,0.3886,0.0038183766184073284,0.3886 ± 0.0038,0.6892,0.0,0.6892 ± 0.0000,0.4343,0.008343860018001244,0.4343 ± 0.0083
Inf-Net_DP_Morph,LungInfection,True,psac,8.0,True,both,3,0.0001,24,1.2,,training,6.622304439544678,0.09579944949047405,6.6223 ± 0.0958,313.27798199653625,61.01075154431526,313.2780 ± 61.0108,0.28859999999999997,0.007636753236814696,0.2886 ± 0.0076,0.37929999999999997,0.0035355339059327017,0.3793 ± 0.0035,0.6817,0.014142135623730963,0.6817 ± 0.0141,1.0,0.0,1.0000 ± 0.0000,0.54215,0.0030405591591021333,0.5422 ± 0.0030,0.99695,0.00035355339059323483,0.9970 ± 0.0004,0.4386,0.003676955262170035,0.4386 ± 0.0037,0.3869,0.00311126983722082,0.3869 ± 0.0031,0.69005,0.0030405591591022123,0.6901 ± 0.0030,0.43235,0.0007778174593051951,0.4324 ± 0.0008
Inf-Net_DP_Morph,LungInfection,True,psac,8.0,True,both,5,0.0001,24,1.2,,training,6.7277631759643555,0.02375733556862075,6.7278 ± 0.0238,320.8991503715515,63.637607151373174,320.8992 ± 63.6376,0.26625,0.023688077169749324,0.2662 ± 0.0237,0.3349,0.027011479041326083,0.3349 ± 0.0270,0.63835,0.028496403281817868,0.6383 ± 0.0285,1.0,0.0,1.0000 ± 0.0000,0.52155,0.018172644276494232,0.5215 ± 0.0182,0.9635,0.0022627416997969383,0.9635 ± 0.0023,0.41755,0.020859650045003172,0.4175 ± 0.0209,0.37670000000000003,0.017677669529663664,0.3767 ± 0.0177,0.6778,0.03478965363437815,0.6778 ± 0.0348,0.44765,0.014919953083036157,0.4476 ± 0.0149
Inf-Net_DP_Morph,LungInfection,True,psac,8.0,True,both,7,0.0001,24,1.2,,training,6.642011642456055,0.11948462965444415,6.6420 ± 0.1195,331.31448554992676,61.29986274071017,331.3145 ± 61.2999,0.2466,0.005232590180780464,0.2466 ± 0.0052,0.33304999999999996,0.010960155108391496,0.3330 ± 0.0110,0.5899,0.009616652224137085,0.5899 ± 0.0096,1.0,0.0,1.0000 ± 0.0000,0.5392999999999999,0.0164048773235279,0.5393 ± 0.0164,0.96515,0.006010407640085699,0.9651 ± 0.0060,0.4246,0.011455129855222065,0.4246 ± 0.0115,0.39295,0.008838834764831853,0.3930 ± 0.0088,0.6808,0.025738686835190323,0.6808 ± 0.0257,0.4257,0.014283556979968257,0.4257 ± 0.0143
Inf-Net_DP_Morph,LungInfection,True,psac,8.0,True,close,3,0.0001,24,1.2,,training,6.554210424423218,0.0469660877570237,6.5542 ± 0.0470,310.50913989543915,62.44894514620451,310.5091 ± 62.4489,0.28585,0.006434671708797581,0.2858 ± 0.0064,0.37175,0.02665792565073285,0.3718 ± 0.0267,0.63785,0.015768481220460002,0.6379 ± 0.0158,1.0,0.0,1.0000 ± 0.0000,0.5690999999999999,0.005091168824543131,0.5691 ± 0.0051,0.98485,0.015768481220460002,0.9849 ± 0.0158,0.4462,0.019233304448274095,0.4462 ± 0.0192,0.41235,0.0021920310216782916,0.4123 ± 0.0022,0.6975,0.00777817459305203,0.6975 ± 0.0078,0.41090000000000004,0.010323759005323596,0.4109 ± 0.0103
Inf-Net_DP_Morph,LungInfection,True,psac,8.0,True,close,5,0.0001,24,1.2,,training,6.654472351074219,0.15557784202002145,6.6545 ± 0.1556,313.5265049934387,63.48723393938214,313.5265 ± 63.4872,0.2374,0.0016970562748477233,0.2374 ± 0.0017,0.32875,0.006434671708797581,0.3287 ± 0.0064,0.5964499999999999,0.023688077169749324,0.5964 ± 0.0237,1.0,0.0,1.0000 ± 0.0000,0.51515,0.02241528496361356,0.5151 ± 0.0224,0.97095,0.0026162950903902515,0.9709 ± 0.0026,0.41955,0.012798632739476514,0.4195 ± 0.0128,0.3729,0.014849242404917511,0.3729 ± 0.0148,0.66425,0.004879036790187112,0.6643 ± 0.0049,0.44435,0.02001112190757929,0.4444 ± 0.0200
Inf-Net_DP_Morph,LungInfection,True,psac,8.0,True,close,7,0.0001,24,1.2,,training,6.742842435836792,0.02882945590581578,6.7428 ± 0.0288,318.5117326974869,58.490214060024314,318.5117 ± 58.4902,0.25739999999999996,0.0011313708498984691,0.2574 ± 0.0011,0.33594999999999997,0.00799030662740801,0.3359 ± 0.0080,0.6315,0.01598061325481602,0.6315 ± 0.0160,1.0,0.0,1.0000 ± 0.0000,0.52485,0.012091525958289965,0.5249 ± 0.0121,0.99035,0.0013435028842544493,0.9903 ± 0.0013,0.41855,0.007707463914933344,0.4185 ± 0.0077,0.37925,0.009828784258492988,0.3792 ± 0.0098,0.66795,0.00841457069611993,0.6680 ± 0.0084,0.44430000000000003,0.00311126983722082,0.4443 ± 0.0031
Inf-Net_DP_Morph,LungInfection,True,psac,8.0,True,close,9,0.0001,24,1.2,,training,6.603933334350586,0.006231664433426748,6.6039 ± 0.0062,321.6111786365509,64.20125954722023,321.6112 ± 64.2013,0.27435,0.028779245994292494,0.2743 ± 0.0288,0.3507,0.01131370849898477,0.3507 ± 0.0113,0.62825,0.00685893577750954,0.6282 ± 0.0069,1.0,0.0,1.0000 ± 0.0000,0.54915,0.018172644276494312,0.5492 ± 0.0182,0.9904999999999999,0.00028284271247466634,0.9905 ± 0.0003,0.42925,0.0009192388155425283,0.4293 ± 0.0009,0.39665,0.02976919548795367,0.3967 ± 0.0298,0.7050000000000001,0.023617366491630678,0.7050 ± 0.0236,0.42885,0.009121677477306479,0.4289 ± 0.0091
Inf-Net_DP_Morph,LungInfection,True,psac,8.0,True,open,3,0.0001,24,1.2,,training,6.61262321472168,0.043460481485281574,6.6126 ± 0.0435,310.8680127859116,61.76422171332513,310.8680 ± 61.7642,0.25234999999999996,0.019586857838867367,0.2523 ± 0.0196,0.34219999999999995,0.021071782079359114,0.3422 ± 0.0211,0.6040000000000001,0.04610336213336292,0.6040 ± 0.0461,1.0,0.0,1.0000 ± 0.0000,0.53945,0.00487903679018719,0.5394 ± 0.0049,0.97115,0.03372899346259829,0.9711 ± 0.0337,0.42895,0.005020458146424484,0.4289 ± 0.0050,0.384,0.005515432893255091,0.3840 ± 0.0055,0.6691,0.011030865786510104,0.6691 ± 0.0110,0.43089999999999995,0.00466690475583121,0.4309 ± 0.0047
Inf-Net_DP_Morph,LungInfection,True,psac,8.0,True,open,5,0.0001,24,1.2,,training,6.5331501960754395,0.038435902793206835,6.5332 ± 0.0384,315.8723329305649,57.14477201612863,315.8723 ± 57.1448,0.2835,0.019657568516986013,0.2835 ± 0.0197,0.37429999999999997,0.03082985565973349,0.3743 ± 0.0308,0.6292,0.02800142853498726,0.6292 ± 0.0280,1.0,0.0,1.0000 ± 0.0000,0.57795,0.016758430714121135,0.5779 ± 0.0168,0.99415,0.003889087296526054,0.9941 ± 0.0039,0.45485,0.018738329701443526,0.4548 ± 0.0187,0.41415,0.012091525958289965,0.4142 ± 0.0121,0.70255,0.01774838020778235,0.7026 ± 0.0177,0.40585000000000004,0.014495689014324237,0.4059 ± 0.0145
Inf-Net_DP_Morph,LungInfection,True,psac,8.0,True,open,7,0.0001,24,1.2,,training,6.55648946762085,0.0508790011727751,6.5565 ± 0.0509,317.9646419286728,57.02118801540062,317.9646 ± 57.0212,0.28485,0.0034648232278140937,0.2848 ± 0.0035,0.3783,0.0014142135623730963,0.3783 ± 0.0014,0.6536,0.009050966799187833,0.6536 ± 0.0091,1.0,0.0,1.0000 ± 0.0000,0.5480499999999999,0.029203510063004413,0.5480 ± 0.0292,0.9892,0.005515432893255091,0.9892 ± 0.0055,0.44175,0.006434671708797581,0.4417 ± 0.0064,0.4021,0.018101933598375627,0.4021 ± 0.0181,0.7021999999999999,0.006363961030678934,0.7022 ± 0.0064,0.4243,0.019940411229460643,0.4243 ± 0.0199
Inf-Net_DP_Morph,LungInfection,True,psac,8.0,True,open,9,0.0001,24,1.2,,training,6.556280136108398,0.03950204947313841,6.5563 ± 0.0395,325.56430172920227,60.5148072176641,325.5643 ± 60.5148,0.2644,0.030829855659733472,0.2644 ± 0.0308,0.35905,0.038537319574666835,0.3590 ± 0.0385,0.6064,0.06038691911333118,0.6064 ± 0.0604,1.0,0.0,1.0000 ± 0.0000,0.5575,0.016970562748477157,0.5575 ± 0.0170,0.9795499999999999,0.013930003589374943,0.9795 ± 0.0139,0.44430000000000003,0.02220315292925762,0.4443 ± 0.0222,0.40005,0.011242997820866085,0.4001 ± 0.0112,0.6973,0.003676955262170035,0.6973 ± 0.0037,0.41459999999999997,0.009475230867899753,0.4146 ± 0.0095
Inf-Net_DP_Morph,LungInfection,True,automatic,8.0,True,both,3,0.0001,24,1.5,,training,6.608432769775391,0.045188165099440146,6.6084 ± 0.0452,307.97067880630493,57.628528991477026,307.9707 ± 57.6285,0.25139999999999996,0.03181980515339463,0.2514 ± 0.0318,0.3366,0.042426406871192854,0.3366 ± 0.0424,0.6087,0.041860721446243636,0.6087 ± 0.0419,1.0,0.0,1.0000 ± 0.0000,0.5269999999999999,0.037618080759124345,0.5270 ± 0.0376,0.9823,0.021354624791833737,0.9823 ± 0.0214,0.42215,0.02778929650063132,0.4222 ± 0.0278,0.3738,0.028991378028648436,0.3738 ± 0.0290,0.67545,0.028496403281817868,0.6754 ± 0.0285,0.4434,0.02644579361637687,0.4434 ± 0.0264
Inf-Net_DP_Morph,LungInfection,True,automatic,8.0,True,both,5,0.0001,24,1.5,,training,6.482342720031738,0.051535143310392696,6.4823 ± 0.0515,314.9287325143814,55.90066819196732,314.9287 ± 55.9007,0.2676,0.02262741699796954,0.2676 ± 0.0226,0.35465,0.011950104602052631,0.3547 ± 0.0120,0.6164499999999999,0.031041987694089394,0.6164 ± 0.0310,1.0,0.0,1.0000 ± 0.0000,0.5534,0.024324473272817223,0.5534 ± 0.0243,0.98795,0.00021213203435594088,0.9879 ± 0.0002,0.4403,0.013293607486307082,0.4403 ± 0.0133,0.39975,0.0197282791951047,0.3997 ± 0.0197,0.6893,0.012020815280171319,0.6893 ± 0.0120,0.4171,0.014142135623730925,0.4171 ± 0.0141
Inf-Net_DP_Morph,LungInfection,True,automatic,8.0,True,both,7,0.0001,24,1.5,,training,6.632153511047363,0.025654280926399067,6.6322 ± 0.0257,328.81535255908966,55.66616380120228,328.8154 ± 55.6662,0.2591,0.029274220741123062,0.2591 ± 0.0293,0.3454,0.037193816690412385,0.3454 ± 0.0372,0.61175,0.06653874810965417,0.6118 ± 0.0665,1.0,0.0,1.0000 ± 0.0000,0.5404,0.008909545442950459,0.5404 ± 0.0089,0.9763999999999999,0.025173001410241064,0.9764 ± 0.0252,0.4327,0.01895046173579947,0.4327 ± 0.0190,0.3923,0.005656854249492385,0.3923 ± 0.0057,0.66835,0.012091525958289887,0.6683 ± 0.0121,0.4302,0.004525483399593916,0.4302 ± 0.0045
Inf-Net_DP_Morph,LungInfection,True,automatic,8.0,True,close,3,0.0001,24,1.5,,training,6.558955192565918,0.12403851234234922,6.5590 ± 0.1240,311.6124070882797,69.72472289868566,311.6124 ± 69.7247,0.25845,0.02552655480083438,0.2585 ± 0.0255,0.34505,0.03132483040656406,0.3451 ± 0.0313,0.6153,0.021354624791833737,0.6153 ± 0.0214,1.0,0.0,1.0000 ± 0.0000,0.5419,0.04369919907732861,0.5419 ± 0.0437,0.9846999999999999,0.009050966799187833,0.9847 ± 0.0091,0.42969999999999997,0.03082985565973349,0.4297 ± 0.0308,0.38505,0.03839589821842954,0.3851 ± 0.0384,0.68825,0.007566042558696089,0.6883 ± 0.0076,0.43015000000000003,0.03245620125646253,0.4302 ± 0.0325
Inf-Net_DP_Morph,LungInfection,True,automatic,8.0,True,close,5,0.0001,24,1.5,,training,6.630159616470337,0.046229023670265185,6.6302 ± 0.0462,310.19864571094513,60.846596818623276,310.1986 ± 60.8466,0.27715,0.04348706704297267,0.2772 ± 0.0435,0.3688,0.04567909806465096,0.3688 ± 0.0457,0.6366,0.06307392488184009,0.6366 ± 0.0631,1.0,0.0,1.0000 ± 0.0000,0.54765,0.04334564568673538,0.5476 ± 0.0433,0.9831,0.017253405460951745,0.9831 ± 0.0173,0.4449,0.02489015869776648,0.4449 ± 0.0249,0.3962,0.03068843430349616,0.3962 ± 0.0307,0.70335,0.011667261889578005,0.7034 ± 0.0117,0.42125,0.026233661582020926,0.4213 ± 0.0262
Inf-Net_DP_Morph,LungInfection,True,automatic,8.0,True,close,7,0.0001,24,1.5,,training,6.569019079208374,0.09119802515744868,6.5690 ± 0.0912,313.53369140625,64.18165047306945,313.5337 ± 64.1817,0.2671,0.03592102448427661,0.2671 ± 0.0359,0.35065,0.03712310601229374,0.3507 ± 0.0371,0.6194,0.036769552621700424,0.6194 ± 0.0368,1.0,0.0,1.0000 ± 0.0000,0.55315,0.03981011178080264,0.5532 ± 0.0398,0.9828,0.016970562748477157,0.9828 ± 0.0170,0.4364,0.028284271247461888,0.4364 ± 0.0283,0.39865,0.03415325753131025,0.3987 ± 0.0342,0.6738500000000001,0.04320422433049808,0.6739 ± 0.0432,0.41985,0.028072139213105907,0.4199 ± 0.0281
Inf-Net_DP_Morph,LungInfection,True,automatic,8.0,True,close,9,0.0001,24,1.5,,training,6.568966865539551,0.04013256632686139,6.5690 ± 0.0401,312.88566076755524,64.07459730926439,312.8857 ± 64.0746,0.2625,0.01796051224213831,0.2625 ± 0.0180,0.34725,0.00841457069611993,0.3473 ± 0.0084,0.62615,0.015202795795510824,0.6261 ± 0.0152,1.0,0.0,1.0000 ± 0.0000,0.53715,0.004171930009000642,0.5372 ± 0.0042,0.9882500000000001,0.0036062445840513878,0.9883 ± 0.0036,0.4316,0.0015556349186103902,0.4316 ± 0.0016,0.38415,0.01265721138323922,0.3841 ± 0.0127,0.6828000000000001,0.00777817459305203,0.6828 ± 0.0078,0.4323,0.0025455844122715655,0.4323 ± 0.0025
Inf-Net_DP_Morph,LungInfection,True,automatic,8.0,True,open,3,0.0001,24,1.5,,training,6.617533922195435,0.15081929423574747,6.6175 ± 0.1508,306.76224529743195,59.146784409622775,306.7622 ± 59.1468,0.24195,0.015627059864222706,0.2419 ± 0.0156,0.33145,0.012091525958289965,0.3315 ± 0.0121,0.5937,0.02248599564173225,0.5937 ± 0.0225,1.0,0.0,1.0000 ± 0.0000,0.51755,0.01887975105768086,0.5175 ± 0.0189,0.9458500000000001,0.006434671708797581,0.9459 ± 0.0064,0.4235,0.008626702730475872,0.4235 ± 0.0086,0.37895,0.005444722215136405,0.3790 ± 0.0054,0.6656500000000001,0.012515790027001846,0.6657 ± 0.0125,0.4362,0.006363961030678933,0.4362 ± 0.0064
Inf-Net_DP_Morph,LungInfection,True,automatic,8.0,True,open,5,0.0001,24,1.5,,training,6.6577513217926025,0.07427387384420216,6.6578 ± 0.0743,306.00549697875977,55.59865348501971,306.0055 ± 55.5987,0.2661,0.0004242640687119603,0.2661 ± 0.0004,0.35040000000000004,0.007495331880577403,0.3504 ± 0.0075,0.622,0.01131370849898477,0.6220 ± 0.0113,1.0,0.0,1.0000 ± 0.0000,0.5452999999999999,0.010748023074035516,0.5453 ± 0.0107,0.9601999999999999,0.011313708498984693,0.9602 ± 0.0113,0.43179999999999996,0.008343860018001244,0.4318 ± 0.0083,0.39535,0.004879036790187151,0.3953 ± 0.0049,0.68665,0.008838834764831813,0.6866 ± 0.0088,0.42555,0.008555992052357225,0.4255 ± 0.0086
Inf-Net_DP_Morph,LungInfection,True,automatic,8.0,True,open,7,0.0001,24,1.5,,training,6.5557637214660645,0.07875121785521146,6.5558 ± 0.0788,311.0259747505188,53.7563250481149,311.0260 ± 53.7563,0.2749,0.0035355339059327407,0.2749 ± 0.0035,0.3655,0.011455129855222065,0.3655 ± 0.0115,0.63365,0.00021213203435601938,0.6337 ± 0.0002,1.0,0.0,1.0000 ± 0.0000,0.5555,0.015697770542341352,0.5555 ± 0.0157,0.99165,0.0014849242404917434,0.9917 ± 0.0015,0.44145,0.005868986283848326,0.4415 ± 0.0059,0.39795,0.011242997820866085,0.3980 ± 0.0112,0.69235,0.011808683245815299,0.6924 ± 0.0118,0.42269999999999996,0.01400071426749363,0.4227 ± 0.0140
Inf-Net_DP_Morph,LungInfection,True,automatic,8.0,True,open,9,0.0001,24,1.5,,training,6.557492017745972,0.17176661512044988,6.5575 ± 0.1718,319.8932195901871,61.63790693398844,319.8932 ± 61.6379,0.2885,0.014707821048680177,0.2885 ± 0.0147,0.37515,0.0060104076400856596,0.3751 ± 0.0060,0.6548499999999999,0.04758828637385467,0.6548 ± 0.0476,1.0,0.0,1.0000 ± 0.0000,0.56185,0.026516504294495515,0.5618 ± 0.0265,0.9857,0.0035355339059327407,0.9857 ± 0.0035,0.44915,0.011242997820866124,0.4491 ± 0.0112,0.40590000000000004,0.012586500705120532,0.4059 ± 0.0126,0.7056,0.00777817459305203,0.7056 ± 0.0078,0.41535,0.021001071401240464,0.4153 ± 0.0210
Inf-Net_DP_Morph,LungInfection,True,base,8.0,True,both,3,0.0001,24,1.5,,training,6.715914726257324,0.17258089223368037,6.7159 ± 0.1726,303.0836043357849,61.05682209583512,303.0836 ± 61.0568,0.29905000000000004,0.01463711037056153,0.2991 ± 0.0146,0.38580000000000003,0.02022325394193527,0.3858 ± 0.0202,0.68955,0.00954594154601844,0.6895 ± 0.0095,1.0,0.0,1.0000 ± 0.0000,0.5451,0.04270924958366747,0.5451 ± 0.0427,0.9903500000000001,0.005586143571373659,0.9904 ± 0.0056,0.44375,0.024536605307173203,0.4437 ± 0.0245,0.40435,0.026233661582020926,0.4043 ± 0.0262,0.70845,0.008697413408594519,0.7085 ± 0.0087,0.42515000000000003,0.031324830406564017,0.4252 ± 0.0313
Inf-Net_DP_Morph,LungInfection,True,base,8.0,True,both,5,0.0001,24,1.5,,training,6.638362169265747,0.0765693598014995,6.6384 ± 0.0766,311.3324364423752,59.78256220156428,311.3324 ± 59.7826,0.25725,0.015202795795510786,0.2572 ± 0.0152,0.3442,0.029415642097360355,0.3442 ± 0.0294,0.6085499999999999,0.015061374439273452,0.6085 ± 0.0151,1.0,0.0,1.0000 ± 0.0000,0.53725,0.012515790027001926,0.5373 ± 0.0125,0.96175,0.01887975105768078,0.9617 ± 0.0189,0.43315000000000003,0.01887975105768082,0.4332 ± 0.0189,0.38634999999999997,0.010394469683442242,0.3863 ± 0.0104,0.6828000000000001,0.03889087296526015,0.6828 ± 0.0389,0.43084999999999996,0.01534421715174808,0.4308 ± 0.0153
Inf-Net_DP_Morph,LungInfection,True,base,8.0,True,both,7,0.0001,24,1.5,,training,6.556194543838501,0.022542494807142738,6.5562 ± 0.0225,323.46711814403534,64.16242156349225,323.4671 ± 64.1624,0.27275,0.008697413408594519,0.2727 ± 0.0087,0.35835,0.006717514421272168,0.3584 ± 0.0067,0.62495,0.014354267658086905,0.6250 ± 0.0144,1.0,0.0,1.0000 ± 0.0000,0.5573,0.0026870057685088986,0.5573 ± 0.0027,0.98845,0.0014849242404917434,0.9885 ± 0.0015,0.4405,0.00014142135623729392,0.4405 ± 0.0001,0.4023,0.0024041630560342714,0.4023 ± 0.0024,0.6937,0.018809040379562134,0.6937 ± 0.0188,0.4196,0.0059396969619670125,0.4196 ± 0.0059
Inf-Net_DP_Morph,LungInfection,True,base,8.0,True,close,3,0.0001,24,1.5,,training,6.662835597991943,0.004695496098901682,6.6628 ± 0.0047,306.60935378074646,61.39626539589653,306.6094 ± 61.3963,0.27315,0.043628488399209985,0.2732 ± 0.0436,0.36719999999999997,0.04129503602129434,0.3672 ± 0.0413,0.6407499999999999,0.07389265863399416,0.6407 ± 0.0739,1.0,0.0,1.0000 ± 0.0000,0.5481,0.014990663761154805,0.5481 ± 0.0150,0.9915,0.00622253967444164,0.9915 ± 0.0062,0.44005,0.015485638507985412,0.4400 ± 0.0155,0.39764999999999995,0.017465537495307725,0.3976 ± 0.0175,0.6891,0.014990663761154805,0.6891 ± 0.0150,0.42425,0.008697413408594519,0.4243 ± 0.0087
Inf-Net_DP_Morph,LungInfection,True,base,8.0,True,close,5,0.0001,24,1.5,,training,6.542151689529419,0.006899607688627397,6.5422 ± 0.0069,313.7192873954773,58.84066628550415,313.7193 ± 58.8407,0.32115,0.019445436482630033,0.3211 ± 0.0194,0.40700000000000003,0.024607315985291853,0.4070 ± 0.0246,0.6966,0.02503158005400385,0.6966 ± 0.0250,1.0,0.0,1.0000 ± 0.0000,0.57895,0.011525840533340711,0.5789 ± 0.0115,0.98475,0.0184554869889689,0.9848 ± 0.0185,0.46194999999999997,0.01619274528917192,0.4619 ± 0.0162,0.4288,0.008485281374238578,0.4288 ± 0.0085,0.71835,0.00982878425849295,0.7184 ± 0.0098,0.4013,0.0072124891681027755,0.4013 ± 0.0072
Inf-Net_DP_Morph,LungInfection,True,base,8.0,True,close,7,0.0001,24,1.5,,training,6.657381772994995,0.022663877730854112,6.6574 ± 0.0227,312.3346771001816,58.31557673875809,312.3347 ± 58.3156,0.2806,0.004384062043356583,0.2806 ± 0.0044,0.36685,0.015627059864222706,0.3669 ± 0.0156,0.6467,0.0011313708498984299,0.6467 ± 0.0011,1.0,0.0,1.0000 ± 0.0000,0.55975,0.014778531726798863,0.5597 ± 0.0148,0.9869,0.0005656854249491757,0.9869 ± 0.0006,0.446,0.011172287142747477,0.4460 ± 0.0112,0.40354999999999996,0.004030508652763309,0.4035 ± 0.0040,0.6913499999999999,0.0023334523779155853,0.6913 ± 0.0023,0.4185,0.010323759005323596,0.4185 ± 0.0103
Inf-Net_DP_Morph,LungInfection,True,base,8.0,True,close,9,0.0001,24,1.5,,training,6.596007347106934,0.11350247456420189,6.5960 ± 0.1135,315.2138092517853,57.49170683421914,315.2138 ± 57.4917,0.27205,0.013647160876900355,0.2721 ± 0.0136,0.36895,0.0026162950903902515,0.3690 ± 0.0026,0.61765,0.016051323932934666,0.6177 ± 0.0161,1.0,0.0,1.0000 ± 0.0000,0.56815,0.009970205614730322,0.5682 ± 0.0100,0.9794,0.0022627416997969383,0.9794 ± 0.0023,0.4499,0.010040916292848968,0.4499 ± 0.0100,0.40859999999999996,0.00014142135623733317,0.4086 ± 0.0001,0.6917,0.025738686835190323,0.6917 ± 0.0257,0.40775,0.013930003589375023,0.4078 ± 0.0139
Inf-Net_DP_Morph,LungInfection,True,base,8.0,True,open,3,0.0001,24,1.5,,training,6.53585410118103,0.03999061574107669,6.5359 ± 0.0400,309.9276031255722,61.72831833036525,309.9276 ± 61.7283,0.2642,0.02177888886054568,0.2642 ± 0.0218,0.3434,0.014849242404917511,0.3434 ± 0.0148,0.61595,0.02863782463805516,0.6159 ± 0.0286,1.0,0.0,1.0000 ± 0.0000,0.55185,0.022273863607376227,0.5518 ± 0.0223,0.9846,0.014000714267493669,0.9846 ± 0.0140,0.43445,0.010535891039679576,0.4345 ± 0.0105,0.39465,0.01619274528917196,0.3947 ± 0.0162,0.6846,0.0012727922061358025,0.6846 ± 0.0013,0.4232,0.010182337649086302,0.4232 ± 0.0102
Inf-Net_DP_Morph,LungInfection,True,base,8.0,True,open,5,0.0001,24,1.5,,training,6.569777727127075,0.16924252465682946,6.5698 ± 0.1692,303.857235789299,69.50771585637366,303.8572 ± 69.5077,0.26444999999999996,0.011667261889578045,0.2644 ± 0.0117,0.3508,0.030971277015970747,0.3508 ± 0.0310,0.61375,0.0028991378028648397,0.6138 ± 0.0029,1.0,0.0,1.0000 ± 0.0000,0.54315,0.031041987694089473,0.5432 ± 0.0310,0.98875,0.002192031021678291,0.9888 ± 0.0022,0.42979999999999996,0.025880108191427654,0.4298 ± 0.0259,0.38655,0.02043538597629125,0.3866 ± 0.0204,0.69955,0.012232947314527337,0.6996 ± 0.0122,0.4312,0.024607315985291853,0.4312 ± 0.0246
Inf-Net_DP_Morph,LungInfection,True,base,8.0,True,open,7,0.0001,24,1.5,,training,6.712031602859497,0.012374651897587203,6.7120 ± 0.0124,308.47848904132843,71.49818540817245,308.4785 ± 71.4982,0.255,0.005374011537017758,0.2550 ± 0.0054,0.34114999999999995,0.004737615433949857,0.3411 ± 0.0047,0.6292,0.012162236636408613,0.6292 ± 0.0122,1.0,0.0,1.0000 ± 0.0000,0.51295,0.0010606601717798615,0.5130 ± 0.0011,0.9826999999999999,0.010748023074035516,0.9827 ± 0.0107,0.41695000000000004,0.0009192388155425283,0.4170 ± 0.0009,0.37035,0.004313351365237936,0.3704 ± 0.0043,0.6798500000000001,0.007848885271170676,0.6799 ± 0.0078,0.45230000000000004,0.00664680374315356,0.4523 ± 0.0066
Inf-Net_DP_Morph,LungInfection,True,base,8.0,True,open,9,0.0001,24,1.5,,training,6.576613903045654,0.01903284243794357,6.5766 ± 0.0190,316.529389500618,49.94863966904065,316.5294 ± 49.9486,0.252,0.006363961030678933,0.2520 ± 0.0064,0.33509999999999995,0.0016970562748477233,0.3351 ± 0.0017,0.596,0.008909545442950459,0.5960 ± 0.0089,1.0,0.0,1.0000 ± 0.0000,0.54225,0.011808683245815299,0.5423 ± 0.0118,0.9733,0.017677669529663705,0.9733 ± 0.0177,0.4331,0.005091168824543131,0.4331 ± 0.0051,0.39285000000000003,0.007283199846221462,0.3929 ± 0.0073,0.6795,0.013152186130069748,0.6795 ± 0.0132,0.42745,0.007848885271170676,0.4274 ± 0.0078
Inf-Net_DP_Morph,LungInfection,True,nsgd,8.0,True,both,3,0.0001,24,1.5,,training,6.744746923446655,0.07277816648424755,6.7447 ± 0.0728,309.0583875179291,66.97097880938905,309.0584 ± 66.9710,0.26680000000000004,0.012303657992645945,0.2668 ± 0.0123,0.34545000000000003,0.010818733752154202,0.3455 ± 0.0108,0.6487499999999999,0.03457752160002221,0.6487 ± 0.0346,1.0,0.0,1.0000 ± 0.0000,0.5165500000000001,0.011525840533340789,0.5166 ± 0.0115,0.9821500000000001,0.005161879502661778,0.9822 ± 0.0052,0.41785,0.004171930009000642,0.4178 ± 0.0042,0.37224999999999997,0.006293250352560247,0.3722 ± 0.0063,0.68425,0.017889801564019644,0.6843 ± 0.0179,0.4525,0.0012727922061358025,0.4525 ± 0.0013
Inf-Net_DP_Morph,LungInfection,True,nsgd,8.0,True,both,5,0.0001,24,1.5,,training,6.652776718139648,0.06977495064675529,6.6528 ± 0.0698,315.45526337623596,63.38321484290768,315.4553 ± 63.3832,0.2472,0.025173001410241105,0.2472 ± 0.0252,0.32635000000000003,0.028213560569343238,0.3264 ± 0.0282,0.6013,0.03153696244092008,0.6013 ± 0.0315,1.0,0.0,1.0000 ± 0.0000,0.5222,0.03238549057834388,0.5222 ± 0.0324,0.9768,0.021496046148071032,0.9768 ± 0.0215,0.41165,0.02199102089490164,0.4117 ± 0.0220,0.37215,0.021849599538664305,0.3721 ± 0.0218,0.68415,0.005020458146424484,0.6842 ± 0.0050,0.4476,0.019516147160748683,0.4476 ± 0.0195
Inf-Net_DP_Morph,LungInfection,True,nsgd,8.0,True,both,7,0.0001,24,1.5,,training,6.694854259490967,0.0051135928361297515,6.6949 ± 0.0051,322.3139616250992,64.5317233769127,322.3140 ± 64.5317,0.2665,0.035638181771802016,0.2665 ± 0.0356,0.3466,0.04539625535217634,0.3466 ± 0.0454,0.6296999999999999,0.06448813844421318,0.6297 ± 0.0645,1.0,0.0,1.0000 ± 0.0000,0.5351999999999999,0.010748023074035516,0.5352 ± 0.0107,0.97845,0.022273863607376227,0.9785 ± 0.0223,0.42425,0.019445436482630075,0.4243 ± 0.0194,0.38739999999999997,0.01244507934888324,0.3874 ± 0.0124,0.68865,0.03387041481883566,0.6886 ± 0.0339,0.43579999999999997,0.009475230867899753,0.4358 ± 0.0095
Inf-Net_DP_Morph,LungInfection,True,nsgd,8.0,True,close,3,0.0001,24,1.5,,training,6.774224281311035,0.14024110960908923,6.7742 ± 0.1402,307.3101125955582,67.66112687884657,307.3101 ± 67.6611,0.25095,0.038113055505954896,0.2510 ± 0.0381,0.3336,0.03733523804664972,0.3336 ± 0.0373,0.61595,0.04376990975544734,0.6159 ± 0.0438,1.0,0.0,1.0000 ± 0.0000,0.5184,0.04992173875177025,0.5184 ± 0.0499,0.95485,0.027647875144394023,0.9548 ± 0.0276,0.4152,0.027011479041326125,0.4152 ± 0.0270,0.38405,0.035001785668734096,0.3841 ± 0.0350,0.6584,0.02658721497261424,0.6584 ± 0.0266,0.44145,0.029486352775479042,0.4415 ± 0.0295
Inf-Net_DP_Morph,LungInfection,True,nsgd,8.0,True,close,5,0.0001,24,1.5,,training,6.663140535354614,0.012051638450599082,6.6631 ± 0.0121,308.8589425086975,58.66031115418151,308.8589 ± 58.6603,0.2649,0.021213203435596406,0.2649 ± 0.0212,0.34540000000000004,0.03889087296526011,0.3454 ± 0.0389,0.6395500000000001,0.03910300499961609,0.6396 ± 0.0391,1.0,0.0,1.0000 ± 0.0000,0.5276,0.004242640687119289,0.5276 ± 0.0042,0.9776499999999999,0.0036062445840513878,0.9776 ± 0.0036,0.4223,0.01866761902332484,0.4223 ± 0.0187,0.38480000000000003,0.010748023074035556,0.3848 ± 0.0107,0.67935,0.023263813101037364,0.6794 ± 0.0233,0.4416,0.007919595949289324,0.4416 ± 0.0079
Inf-Net_DP_Morph,LungInfection,True,nsgd,8.0,True,close,7,0.0001,24,1.5,,training,6.78530478477478,0.01209209942516954,6.7853 ± 0.0121,317.7006491422653,66.53033030504713,317.7006 ± 66.5303,0.27154999999999996,0.011808683245815339,0.2715 ± 0.0118,0.35019999999999996,0.0025455844122715655,0.3502 ± 0.0025,0.6516,0.005656854249492385,0.6516 ± 0.0057,1.0,0.0,1.0000 ± 0.0000,0.5345500000000001,0.009263098833543773,0.5346 ± 0.0093,0.9782500000000001,0.007566042558696089,0.9783 ± 0.0076,0.4299,0.0026870057685088986,0.4299 ± 0.0027,0.38739999999999997,0.013010764773832494,0.3874 ± 0.0130,0.6726000000000001,0.0008485281374238421,0.6726 ± 0.0008,0.43415000000000004,0.004737615433949857,0.4342 ± 0.0047
Inf-Net_DP_Morph,LungInfection,True,nsgd,8.0,True,close,9,0.0001,24,1.5,,training,6.813800811767578,0.1738918278097632,6.8138 ± 0.1739,317.86512649059296,55.67452506159731,317.8651 ± 55.6745,0.23835,0.009687362902255693,0.2384 ± 0.0097,0.314,0.019657568516986055,0.3140 ± 0.0197,0.59165,0.023405234457274736,0.5917 ± 0.0234,1.0,0.0,1.0000 ± 0.0000,0.5141,0.03040559159102153,0.5141 ± 0.0304,0.9621,0.016829141392239785,0.9621 ± 0.0168,0.4076,0.024324473272817223,0.4076 ± 0.0243,0.37534999999999996,0.02312239174480011,0.3753 ± 0.0231,0.65785,0.002192031021678291,0.6579 ± 0.0022,0.44895,0.030759144981614805,0.4490 ± 0.0308
Inf-Net_DP_Morph,LungInfection,True,nsgd,8.0,True,open,3,0.0001,24,1.5,,training,6.782712936401367,0.11934571364175224,6.7827 ± 0.1193,303.677329659462,65.27761200222503,303.6773 ± 65.2776,0.23365,0.014495689014324237,0.2336 ± 0.0145,0.32105,0.008980256121069185,0.3211 ± 0.0090,0.5943,0.02064751801064719,0.5943 ± 0.0206,1.0,0.0,1.0000 ± 0.0000,0.5045999999999999,0.0019798989873223505,0.5046 ± 0.0020,0.9769,0.018384776310850254,0.9769 ± 0.0184,0.41305000000000003,0.0071417784899841675,0.4131 ± 0.0071,0.3675,0.007636753236814736,0.3675 ± 0.0076,0.6648000000000001,0.02800142853498726,0.6648 ± 0.0280,0.4538,0.001979898987322311,0.4538 ± 0.0020
Inf-Net_DP_Morph,LungInfection,True,nsgd,8.0,True,open,5,0.0001,24,1.5,,training,6.742349624633789,0.12314971960095149,6.7423 ± 0.1231,305.7092411518097,61.18249523155012,305.7092 ± 61.1825,0.24735000000000001,0.016334166645409254,0.2474 ± 0.0163,0.3261,0.010040916292848968,0.3261 ± 0.0100,0.60985,0.029627774131716376,0.6099 ± 0.0296,1.0,0.0,1.0000 ± 0.0000,0.5224500000000001,0.0034648232278140937,0.5225 ± 0.0035,0.97065,0.028496403281817868,0.9707 ± 0.0285,0.4164,0.0009899494936611753,0.4164 ± 0.0010,0.37625,0.006434671708797619,0.3762 ± 0.0064,0.67065,0.01463711037056157,0.6706 ± 0.0146,0.4441,0.0008485281374238421,0.4441 ± 0.0008
Inf-Net_DP_Morph,LungInfection,True,nsgd,8.0,True,open,7,0.0001,24,1.5,,training,6.63646388053894,0.06318082331613485,6.6365 ± 0.0632,307.5951439142227,64.33182997814481,307.5951 ± 64.3318,0.25415,0.05112382027978739,0.2541 ± 0.0511,0.34595,0.06257895013500944,0.3459 ± 0.0626,0.6097,0.07735748186180826,0.6097 ± 0.0774,1.0,0.0,1.0000 ± 0.0000,0.5318499999999999,0.026233661582020926,0.5318 ± 0.0262,0.97805,0.021425335469952386,0.9780 ± 0.0214,0.41905,0.029203510063004416,0.4190 ± 0.0292,0.384,0.02446589462905452,0.3840 ± 0.0245,0.6774,0.04016366517139587,0.6774 ± 0.0402,0.43810000000000004,0.016829141392239823,0.4381 ± 0.0168
Inf-Net_DP_Morph,LungInfection,True,nsgd,8.0,True,open,9,0.0001,24,1.5,,training,6.723539352416992,0.008560193519956622,6.7235 ± 0.0086,318.08144211769104,55.43841925917621,318.0814 ± 55.4384,0.24659999999999999,0.004808326112068524,0.2466 ± 0.0048,0.32489999999999997,0.005232590180780464,0.3249 ± 0.0052,0.61275,0.0030405591591021333,0.6128 ± 0.0030,1.0,0.0,1.0000 ± 0.0000,0.5091,0.01951614716074872,0.5091 ± 0.0195,0.97095,0.010394469683442204,0.9709 ± 0.0104,0.41159999999999997,0.010465180361560888,0.4116 ± 0.0105,0.36934999999999996,0.014495689014324237,0.3693 ± 0.0145,0.6758500000000001,0.006434671708797581,0.6759 ± 0.0064,0.4494,0.014142135623730925,0.4494 ± 0.0141
Inf-Net_DP_Morph,LungInfection,True,psac,8.0,True,both,3,0.0001,24,1.5,,training,6.50239372253418,0.05605868026736993,6.5024 ± 0.0561,310.9298037290573,55.91815036755485,310.9298 ± 55.9182,0.26739999999999997,0.027718585822512652,0.2674 ± 0.0277,0.3708,0.03889087296526011,0.3708 ± 0.0389,0.6205499999999999,0.024536605307173245,0.6205 ± 0.0245,1.0,0.0,1.0000 ± 0.0000,0.54775,0.04150716805565032,0.5477 ± 0.0415,0.9808,0.010040916292848968,0.9808 ± 0.0100,0.44845,0.02510229073212242,0.4485 ± 0.0251,0.39895,0.027930717856868653,0.3990 ± 0.0279,0.6850499999999999,0.02170817818242705,0.6850 ± 0.0217,0.4135,0.024041630560342597,0.4135 ± 0.0240
Inf-Net_DP_Morph,LungInfection,True,psac,8.0,True,both,5,0.0001,24,1.5,,training,6.519176721572876,0.09686660769476989,6.5192 ± 0.0969,321.9345806837082,53.90364901990994,321.9346 ± 53.9036,0.2706,0.016970562748477157,0.2706 ± 0.0170,0.36605,0.003889087296526015,0.3660 ± 0.0039,0.61865,0.03684026329981915,0.6187 ± 0.0368,1.0,0.0,1.0000 ± 0.0000,0.5668,0.007071067811865481,0.5668 ± 0.0071,0.98265,0.013505739520663062,0.9827 ± 0.0135,0.44935,0.003889087296526015,0.4494 ± 0.0039,0.40045,0.0060104076400856596,0.4004 ± 0.0060,0.6940500000000001,0.0017677669529664096,0.6941 ± 0.0018,0.4088,0.004949747468305837,0.4088 ± 0.0049
Inf-Net_DP_Morph,LungInfection,True,psac,8.0,True,both,7,0.0001,24,1.5,,training,6.643290758132935,0.11055860148941296,6.6433 ± 0.1106,326.77160811424255,62.453926397936314,326.7716 ± 62.4539,0.26765,0.032739043968937155,0.2676 ± 0.0327,0.3526,0.015839191898578686,0.3526 ± 0.0158,0.6234,0.057417070632347696,0.6234 ± 0.0574,1.0,0.0,1.0000 ± 0.0000,0.54615,0.003889087296526054,0.5462 ± 0.0039,0.9748,0.011455129855222065,0.9748 ± 0.0115,0.43545,0.0010606601717798223,0.4355 ± 0.0011,0.39754999999999996,0.012515790027001886,0.3975 ± 0.0125,0.69325,0.028779245994292456,0.6933 ± 0.0288,0.42184999999999995,0.0010606601717798223,0.4218 ± 0.0011
Inf-Net_DP_Morph,LungInfection,True,psac,8.0,True,both,9,0.0001,24,1.5,,training,6.568805694580078,0.15688877759610428,6.5688 ± 0.1569,341.9344335794449,66.67035056517003,341.9344 ± 66.6704,0.28685,0.03203193718775061,0.2868 ± 0.0320,0.36315,0.05027529214236352,0.3631 ± 0.0503,0.65195,0.03952726906832797,0.6520 ± 0.0395,1.0,0.0,1.0000 ± 0.0000,0.5503,0.027011479041326125,0.5503 ± 0.0270,0.985,0.01046518036156085,0.9850 ± 0.0105,0.433,0.0329511760032931,0.4330 ± 0.0330,0.39964999999999995,0.024536605307173203,0.3996 ± 0.0245,0.7049000000000001,0.027860007178749965,0.7049 ± 0.0279,0.4282,0.02489015869776644,0.4282 ± 0.0249
Inf-Net_DP_Morph,LungInfection,True,psac,8.0,True,close,3,0.0001,24,1.5,,training,6.651930332183838,0.04071587871025216,6.6519 ± 0.0407,309.1207056045532,60.38361554219244,309.1207 ± 60.3836,0.2747,0.0021213203435596446,0.2747 ± 0.0021,0.36595,0.0004949747468306073,0.3659 ± 0.0005,0.6529,0.0217788888605457,0.6529 ± 0.0218,1.0,0.0,1.0000 ± 0.0000,0.5287,0.01711198410471445,0.5287 ± 0.0171,0.9854,0.0059396969619670515,0.9854 ± 0.0059,0.4325,0.0072124891681027755,0.4325 ± 0.0072,0.3812,0.011879393923933985,0.3812 ± 0.0119,0.71135,0.012940054095713808,0.7114 ± 0.0129,0.4402,0.0164048773235279,0.4402 ± 0.0164
Inf-Net_DP_Morph,LungInfection,True,psac,8.0,True,close,5,0.0001,24,1.5,,training,6.5739030838012695,0.05227625349460826,6.5739 ± 0.0523,312.91492307186127,59.96223286806707,312.9149 ± 59.9622,0.27185000000000004,0.007000357133746795,0.2719 ± 0.0070,0.36065,0.011242997820866085,0.3607 ± 0.0112,0.6304,0.011596551211459359,0.6304 ± 0.0116,1.0,0.0,1.0000 ± 0.0000,0.56,0.0024041630560342323,0.5600 ± 0.0024,0.9834,0.01598061325481602,0.9834 ± 0.0160,0.44655,0.0072831998462214225,0.4466 ± 0.0073,0.4028,0.004242640687119289,0.4028 ± 0.0042,0.6816,0.009616652224137085,0.6816 ± 0.0096,0.41395,0.0028991378028648397,0.4139 ± 0.0029
Inf-Net_DP_Morph,LungInfection,True,psac,8.0,True,close,7,0.0001,24,1.5,,training,6.738965034484863,0.018502803671070565,6.7390 ± 0.0185,322.70914137363434,58.83818956809826,322.7091 ± 58.8382,0.25695,0.03358757210636102,0.2570 ± 0.0336,0.33525,0.04546696603029502,0.3352 ± 0.0455,0.6146499999999999,0.05225519112968584,0.6146 ± 0.0523,1.0,0.0,1.0000 ± 0.0000,0.5350999999999999,0.016546298679765196,0.5351 ± 0.0165,0.98905,0.011950104602052673,0.9890 ± 0.0120,0.419,0.02644579361637687,0.4190 ± 0.0264,0.38149999999999995,0.01753624817342637,0.3815 ± 0.0175,0.6808,0.039880822458921286,0.6808 ± 0.0399,0.4376,0.008343860018001284,0.4376 ± 0.0083
Inf-Net_DP_Morph,LungInfection,True,psac,8.0,True,close,9,0.0001,24,1.5,,training,6.51726508140564,0.023741488353580652,6.5173 ± 0.0237,325.1096954345703,61.26513104013889,325.1097 ± 61.2651,0.2864,0.022061731573020285,0.2864 ± 0.0221,0.37445,0.0361331565186326,0.3745 ± 0.0361,0.6408,0.02503158005400377,0.6408 ± 0.0250,1.0,0.0,1.0000 ± 0.0000,0.56705,0.014212846301849531,0.5671 ± 0.0142,0.98645,0.012657211383239142,0.9865 ± 0.0127,0.4481,0.02022325394193523,0.4481 ± 0.0202,0.4085,0.014424978336205591,0.4085 ± 0.0144,0.70295,0.026516504294495515,0.7029 ± 0.0265,0.4142,0.013435028842544414,0.4142 ± 0.0134
Inf-Net_DP_Morph,LungInfection,True,psac,8.0,True,open,3,0.0001,24,1.5,,training,6.622475862503052,0.04059820470920974,6.6225 ± 0.0406,313.563480257988,65.63915778399513,313.5635 ± 65.6392,0.26744999999999997,0.04094148263070111,0.2674 ± 0.0409,0.35724999999999996,0.0410829039869384,0.3572 ± 0.0411,0.6327,0.05713422791987303,0.6327 ± 0.0571,1.0,0.0,1.0000 ± 0.0000,0.5513,0.02375878784786805,0.5513 ± 0.0238,0.9922,0.006788225099390815,0.9922 ± 0.0068,0.4386,0.019940411229460643,0.4386 ± 0.0199,0.39065,0.024395183950935873,0.3906 ± 0.0244,0.6816500000000001,0.02510229073212242,0.6817 ± 0.0251,0.42345,0.015485638507985412,0.4234 ± 0.0155
Inf-Net_DP_Morph,LungInfection,True,psac,8.0,True,open,5,0.0001,24,1.5,,training,6.661151647567749,0.023665286851472955,6.6612 ± 0.0237,315.5556389093399,71.67644836993496,315.5556 ± 71.6764,0.2604,0.035638181771802016,0.2604 ± 0.0356,0.33899999999999997,0.03747665940288701,0.3390 ± 0.0375,0.61145,0.05918483758531403,0.6115 ± 0.0592,1.0,0.0,1.0000 ± 0.0000,0.5422,0.017819090885900998,0.5422 ± 0.0178,0.98225,0.012940054095713808,0.9822 ± 0.0129,0.42585,0.022273863607376227,0.4259 ± 0.0223,0.3909,0.01202081528017128,0.3909 ± 0.0120,0.6860999999999999,0.02503158005400377,0.6861 ± 0.0250,0.42979999999999996,0.009758073580374341,0.4298 ± 0.0098
Inf-Net_DP_Morph,LungInfection,True,psac,8.0,True,open,7,0.0001,24,1.5,,training,6.611459732055664,0.0863187687990395,6.6115 ± 0.0863,316.5375665426254,61.33511992818868,316.5376 ± 61.3351,0.25725,0.012798632739476495,0.2572 ± 0.0128,0.34875,0.00685893577750954,0.3488 ± 0.0069,0.6129,0.0016970562748476843,0.6129 ± 0.0017,1.0,0.0,1.0000 ± 0.0000,0.5391999999999999,0.030547012947258863,0.5392 ± 0.0305,0.96915,0.018314065632731524,0.9691 ± 0.0183,0.43295,0.013505739520663062,0.4330 ± 0.0135,0.38925,0.017606958851545017,0.3892 ± 0.0176,0.6836500000000001,0.0023334523779155853,0.6837 ± 0.0023,0.42915000000000003,0.019869700551341955,0.4292 ± 0.0199
Inf-Net_DP_Morph,LungInfection,True,psac,8.0,True,open,9,0.0001,24,1.5,,training,6.680345296859741,0.06400959894525307,6.6803 ± 0.0640,321.71726965904236,54.29159305877635,321.7173 ± 54.2916,0.26695,0.008273149339882598,0.2670 ± 0.0083,0.35114999999999996,0.005161879502661817,0.3511 ± 0.0052,0.64595,0.019869700551341997,0.6460 ± 0.0199,1.0,0.0,1.0000 ± 0.0000,0.5266500000000001,0.0016263455967291157,0.5267 ± 0.0016,0.97865,0.00530330085889915,0.9787 ± 0.0053,0.4275,0.0024041630560342714,0.4275 ± 0.0024,0.3875,0.0012727922061358025,0.3875 ± 0.0013,0.68615,0.004171930009000642,0.6862 ± 0.0042,0.44025000000000003,0.0017677669529663704,0.4403 ± 0.0018
Inf-Net_DP_Morph,LungInfection,True,automatic,8.0,True,both,3,0.0001,24,2.0,,training,6.682952642440796,0.09105236564899503,6.6830 ± 0.0911,305.8836233615875,60.814594042199374,305.8836 ± 60.8146,0.25525,0.005020458146424484,0.2552 ± 0.0050,0.3297,0.013576450198781708,0.3297 ± 0.0136,0.6148,0.01668772003600257,0.6148 ± 0.0167,1.0,0.0,1.0000 ± 0.0000,0.5306,0.022203152929257577,0.5306 ± 0.0222,0.9698,0.0015556349186103902,0.9698 ± 0.0016,0.41615,0.011242997820866085,0.4162 ± 0.0112,0.38085,0.01265721138323918,0.3809 ± 0.0127,0.67345,0.025950818869546262,0.6734 ± 0.0260,0.4417,0.019374725804511425,0.4417 ± 0.0194
Inf-Net_DP_Morph,LungInfection,True,automatic,8.0,True,both,5,0.0001,24,2.0,,training,6.589945316314697,0.010351940343851748,6.5899 ± 0.0104,313.6940975189209,57.409365716395165,313.6941 ± 57.4094,0.25515,0.030334880912902904,0.2551 ± 0.0303,0.35295,0.02425376259469858,0.3529 ± 0.0243,0.6107,0.05868986283848342,0.6107 ± 0.0587,1.0,0.0,1.0000 ± 0.0000,0.53725,0.0026162950903902515,0.5373 ± 0.0026,0.9714,0.0072124891681027755,0.9714 ± 0.0072,0.43300000000000005,0.003959797974644662,0.4330 ± 0.0040,0.39115,0.0021920310216782916,0.3911 ± 0.0022,0.6736,0.021354624791833737,0.6736 ± 0.0214,0.42665,0.006293250352560247,0.4266 ± 0.0063
Inf-Net_DP_Morph,LungInfection,True,automatic,8.0,True,both,7,0.0001,24,2.0,,training,6.574844837188721,0.06301864224306493,6.5748 ± 0.0630,321.26696944236755,60.658554945069255,321.2670 ± 60.6586,0.30100000000000005,0.042426406871192854,0.3010 ± 0.0424,0.38715,0.05593214639185591,0.3871 ± 0.0559,0.6655,0.04228498551495551,0.6655 ± 0.0423,1.0,0.0,1.0000 ± 0.0000,0.57325,0.03995153313703993,0.5733 ± 0.0400,0.9850000000000001,0.017677669529663705,0.9850 ± 0.0177,0.45275,0.03316330803764908,0.4527 ± 0.0332,0.4161,0.030264170234784237,0.4161 ± 0.0303,0.7034,0.019516147160748683,0.7034 ± 0.0195,0.4091,0.03125411972844541,0.4091 ± 0.0313
Inf-Net_DP_Morph,LungInfection,True,automatic,8.0,True,both,9,0.0001,24,2.0,,training,6.597135066986084,0.13369317522443674,6.5971 ± 0.1337,338.1488468647003,62.403085834689385,338.1488 ± 62.4031,0.27,0.014424978336205591,0.2700 ± 0.0144,0.35919999999999996,0.026162950903902242,0.3592 ± 0.0262,0.62935,0.011384419177103419,0.6293 ± 0.0114,1.0,0.0,1.0000 ± 0.0000,0.5414,0.02022325394193523,0.5414 ± 0.0202,0.98595,0.0044547727214752295,0.9859 ± 0.0045,0.43625,0.021566756826189717,0.4363 ± 0.0216,0.38815,0.01534421715174808,0.3881 ± 0.0153,0.7011000000000001,0.013859292911256297,0.7011 ± 0.0139,0.43245,0.021849599538664347,0.4325 ± 0.0218
Inf-Net_DP_Morph,LungInfection,True,automatic,8.0,True,close,3,0.0001,24,2.0,,training,6.616761684417725,0.02632997920172572,6.6168 ± 0.0263,309.03056168556213,60.329977102553954,309.0306 ± 60.3300,0.26444999999999996,0.006858935777509501,0.2644 ± 0.0069,0.3673,0.007919595949289324,0.3673 ± 0.0079,0.6376,0.004666904755831249,0.6376 ± 0.0047,1.0,0.0,1.0000 ± 0.0000,0.5304,0.017253405460951745,0.5304 ± 0.0173,0.9892000000000001,0.0019798989873223505,0.9892 ± 0.0020,0.43674999999999997,0.008697413408594559,0.4367 ± 0.0087,0.3846,0.013435028842544414,0.3846 ± 0.0134,0.68605,0.00487903679018719,0.6861 ± 0.0049,0.4365,0.01088944443027281,0.4365 ± 0.0109
Inf-Net_DP_Morph,LungInfection,True,automatic,8.0,True,close,5,0.0001,24,2.0,,training,6.711349725723267,0.08829022978498507,6.7113 ± 0.0883,311.14859187602997,60.37409355758947,311.1486 ± 60.3741,0.26185,0.017465537495307725,0.2619 ± 0.0175,0.34035000000000004,0.006151828996322954,0.3404 ± 0.0062,0.6301000000000001,0.0035355339059327407,0.6301 ± 0.0035,1.0,0.0,1.0000 ± 0.0000,0.52845,0.031041987694089473,0.5284 ± 0.0310,0.97995,0.01265721138323922,0.9799 ± 0.0127,0.42245,0.015627059864222706,0.4224 ± 0.0156,0.37995,0.027223611075682063,0.3800 ± 0.0272,0.6811,0.004949747468305837,0.6811 ± 0.0049,0.4438,0.023193102422918756,0.4438 ± 0.0232
Inf-Net_DP_Morph,LungInfection,True,automatic,8.0,True,close,7,0.0001,24,2.0,,training,6.609755992889404,0.00039584320121431674,6.6098 ± 0.0004,311.0358134508133,51.65574044826044,311.0358 ± 51.6557,0.2591,0.00622253967444164,0.2591 ± 0.0062,0.33799999999999997,0.001979898987322311,0.3380 ± 0.0020,0.62325,0.0014849242404917434,0.6232 ± 0.0015,1.0,0.0,1.0000 ± 0.0000,0.52625,0.009828784258493027,0.5262 ± 0.0098,0.97895,0.008980256121069107,0.9789 ± 0.0090,0.4239,0.0,0.4239 ± 0.0000,0.379,0.00975807358037438,0.3790 ± 0.0098,0.6798,0.012869343417595162,0.6798 ± 0.0129,0.43955,0.005161879502661778,0.4395 ± 0.0052
Inf-Net_DP_Morph,LungInfection,True,automatic,8.0,True,close,9,0.0001,24,2.0,,training,6.500118017196655,0.0065030901378369055,6.5001 ± 0.0065,317.29396641254425,48.77782955161458,317.2940 ± 48.7778,0.25215,0.010818733752154164,0.2521 ± 0.0108,0.3462,0.012586500705120572,0.3462 ± 0.0126,0.599,0.022203152929257577,0.5990 ± 0.0222,1.0,0.0,1.0000 ± 0.0000,0.5558000000000001,0.007636753236814736,0.5558 ± 0.0076,0.98485,0.008697413408594519,0.9849 ± 0.0087,0.43755,0.0003535533905932741,0.4375 ± 0.0004,0.39535,0.006717514421272207,0.3953 ± 0.0067,0.68145,0.015202795795510824,0.6815 ± 0.0152,0.41805000000000003,0.0009192388155425283,0.4181 ± 0.0009
Inf-Net_DP_Morph,LungInfection,True,automatic,8.0,True,open,3,0.0001,24,2.0,,training,6.739836692810059,0.01713117663313203,6.7398 ± 0.0171,307.9724407196045,60.09961456688578,307.9724 ± 60.0996,0.2531,0.012727922061357847,0.2531 ± 0.0127,0.32685,0.0014849242404917826,0.3268 ± 0.0015,0.6177999999999999,0.00933380951166242,0.6178 ± 0.0093,1.0,0.0,1.0000 ± 0.0000,0.51525,0.00021213203435594088,0.5152 ± 0.0002,0.97595,0.01732411613907039,0.9759 ± 0.0173,0.41275,0.0020506096654409976,0.4128 ± 0.0021,0.37475,0.011525840533340749,0.3748 ± 0.0115,0.68825,0.03684026329981915,0.6883 ± 0.0368,0.4496,0.0,0.4496 ± 0.0000
Inf-Net_DP_Morph,LungInfection,True,automatic,8.0,True,open,5,0.0001,24,2.0,,training,6.435253858566284,0.07704005580566915,6.4353 ± 0.0770,309.22681856155396,61.760770223606876,309.2268 ± 61.7608,0.28025,0.005868986283848326,0.2802 ± 0.0059,0.3736,0.013576450198781708,0.3736 ± 0.0136,0.6335500000000001,0.007707463914933382,0.6336 ± 0.0077,1.0,0.0,1.0000 ± 0.0000,0.56575,0.00685893577750954,0.5657 ± 0.0069,0.9783999999999999,0.004384062043356661,0.9784 ± 0.0044,0.4478,0.0007071067811865482,0.4478 ± 0.0007,0.40815,0.0044547727214752295,0.4082 ± 0.0045,0.7001,0.0072124891681028536,0.7001 ± 0.0072,0.4092,0.00466690475583121,0.4092 ± 0.0047
Inf-Net_DP_Morph,LungInfection,True,automatic,8.0,True,open,7,0.0001,24,2.0,,training,6.6292760372161865,0.12766752458653124,6.6293 ± 0.1277,312.6735694408417,59.89803091090517,312.6736 ± 59.8980,0.25555,0.013364318164425749,0.2555 ± 0.0134,0.33025000000000004,0.0019091883092036642,0.3303 ± 0.0019,0.608,0.0029698484809834867,0.6080 ± 0.0030,1.0,0.0,1.0000 ± 0.0000,0.526,0.02616295090390228,0.5260 ± 0.0262,0.9617,0.02870853531617381,0.9617 ± 0.0287,0.4196,0.00014142135623733317,0.4196 ± 0.0001,0.3856,0.015697770542341352,0.3856 ± 0.0157,0.68305,0.034294678887547544,0.6831 ± 0.0343,0.4394,0.008768124086713205,0.4394 ± 0.0088
Inf-Net_DP_Morph,LungInfection,True,automatic,8.0,True,open,9,0.0001,24,2.0,,training,6.583428621292114,0.03679082700212962,6.5834 ± 0.0368,326.5543917417526,65.48838535705497,326.5544 ± 65.4884,0.27635,0.011950104602052631,0.2763 ± 0.0120,0.35414999999999996,0.010394469683442242,0.3541 ± 0.0104,0.6475,0.014566399692442923,0.6475 ± 0.0146,1.0,0.0,1.0000 ± 0.0000,0.5473,0.0028284271247461927,0.5473 ± 0.0028,0.98395,0.014637110370561491,0.9839 ± 0.0146,0.4324,0.0028284271247461927,0.4324 ± 0.0028,0.39395,0.010960155108391496,0.3940 ± 0.0110,0.6930499999999999,0.00883883476483189,0.6930 ± 0.0088,0.42845,0.0047376154339498966,0.4284 ± 0.0047
Inf-Net_DP_Morph,LungInfection,True,base,8.0,True,both,3,0.0001,24,2.0,,training,6.530574798583984,0.0018976197073544928,6.5306 ± 0.0019,311.74924075603485,63.14689156274831,311.7492 ± 63.1469,0.2835,0.003959797974644662,0.2835 ± 0.0040,0.3663,0.0015556349186103902,0.3663 ± 0.0016,0.6427,0.021637467504308405,0.6427 ± 0.0216,1.0,0.0,1.0000 ± 0.0000,0.5755,0.010889444430272888,0.5755 ± 0.0109,0.98755,0.005586143571373738,0.9876 ± 0.0056,0.4468,0.0025455844122715655,0.4468 ± 0.0025,0.41405000000000003,0.010535891039679536,0.4141 ± 0.0105,0.67525,0.00530330085889915,0.6753 ± 0.0053,0.40865,0.00487903679018719,0.4087 ± 0.0049
Inf-Net_DP_Morph,LungInfection,True,base,8.0,True,both,5,0.0001,24,2.0,,training,6.593974828720093,0.1226584559347085,6.5940 ± 0.1227,324.34908735752106,64.53092224961617,324.3491 ± 64.5309,0.26155,0.026516504294495535,0.2616 ± 0.0265,0.3462,0.03846660889654819,0.3462 ± 0.0385,0.6123000000000001,0.03733523804664976,0.6123 ± 0.0373,1.0,0.0,1.0000 ± 0.0000,0.5459499999999999,0.0023334523779155853,0.5459 ± 0.0023,0.985,0.00014142135623729392,0.9850 ± 0.0001,0.43045,0.020718228688765838,0.4304 ± 0.0207,0.39185000000000003,0.007283199846221462,0.3919 ± 0.0073,0.6789499999999999,0.02665792565073281,0.6789 ± 0.0267,0.43095,0.006717514421272168,0.4309 ± 0.0067
Inf-Net_DP_Morph,LungInfection,True,base,8.0,True,both,7,0.0001,24,2.0,,training,6.599936246871948,0.03098063105381181,6.5999 ± 0.0310,328.7934113740921,57.23946114904192,328.7934 ± 57.2395,0.2561,0.0038183766184073284,0.2561 ± 0.0038,0.3366,0.0014142135623730963,0.3366 ± 0.0014,0.6097,0.008343860018001284,0.6097 ± 0.0083,1.0,0.0,1.0000 ± 0.0000,0.53425,0.0027577164466275456,0.5343 ± 0.0028,0.97255,0.008555992052357225,0.9726 ± 0.0086,0.42595000000000005,0.007424621202458756,0.4260 ± 0.0074,0.3912,0.0015556349186103902,0.3912 ± 0.0016,0.6819500000000001,0.009970205614730243,0.6820 ± 0.0100,0.43335,0.006293250352560286,0.4334 ± 0.0063
Inf-Net_DP_Morph,LungInfection,True,base,8.0,True,close,3,0.0001,24,2.0,,training,6.68993353843689,0.1485143673843837,6.6899 ± 0.1485,301.95307433605194,72.86939772112163,301.9531 ± 72.8694,0.29975,0.05282087655463509,0.2998 ± 0.0528,0.37965,0.06201326471006022,0.3796 ± 0.0620,0.66455,0.04928534264870235,0.6645 ± 0.0493,1.0,0.0,1.0000 ± 0.0000,0.562,0.05176021638285531,0.5620 ± 0.0518,0.9912,0.0014142135623730963,0.9912 ± 0.0014,0.4478,0.038325187540310855,0.4478 ± 0.0383,0.4132,0.04666904755831214,0.4132 ± 0.0467,0.70485,0.031183409050326766,0.7048 ± 0.0312,0.41664999999999996,0.03867874093090417,0.4166 ± 0.0387
Inf-Net_DP_Morph,LungInfection,True,base,8.0,True,close,5,0.0001,24,2.0,,training,6.572458267211914,0.10269062780939926,6.5725 ± 0.1027,313.19164657592773,55.98374114766884,313.1916 ± 55.9837,0.29285,0.0007778174593051951,0.2928 ± 0.0008,0.37805,0.011384419177103419,0.3780 ± 0.0114,0.66125,0.008838834764831813,0.6613 ± 0.0088,1.0,0.0,1.0000 ± 0.0000,0.5707500000000001,0.003747665940288682,0.5708 ± 0.0037,0.988,0.0045254833995938765,0.9880 ± 0.0045,0.4507,0.00311126983722082,0.4507 ± 0.0031,0.41515,0.00021213203435598016,0.4152 ± 0.0002,0.6939,0.0011313708498984299,0.6939 ± 0.0011,0.4092,0.0007071067811865482,0.4092 ± 0.0007
Inf-Net_DP_Morph,LungInfection,True,base,8.0,True,close,7,0.0001,24,2.0,,training,6.629263401031494,0.10492677100399325,6.6293 ± 0.1049,317.2411502599716,58.045457249476975,317.2412 ± 58.0455,0.25465,0.005161879502661778,0.2546 ± 0.0052,0.34885,0.009828784258493027,0.3488 ± 0.0098,0.59985,0.0037476659402887603,0.5998 ± 0.0037,1.0,0.0,1.0000 ± 0.0000,0.5470999999999999,0.00622253967444164,0.5471 ± 0.0062,0.9833,0.0072124891681027755,0.9833 ± 0.0072,0.43394999999999995,0.0017677669529663704,0.4339 ± 0.0018,0.3849,0.0028284271247461927,0.3849 ± 0.0028,0.69185,0.010111626970967616,0.6918 ± 0.0101,0.42825,0.0014849242404917434,0.4283 ± 0.0015
Inf-Net_DP_Morph,LungInfection,True,base,8.0,True,close,9,0.0001,24,2.0,,training,6.574078559875488,0.04811484226003663,6.5741 ± 0.0481,318.98838770389557,64.80443135704195,318.9884 ± 64.8044,0.25595,0.0027577164466275456,0.2560 ± 0.0028,0.3361,0.007071067811865481,0.3361 ± 0.0071,0.59335,0.0006363961030679012,0.5934 ± 0.0006,1.0,0.0,1.0000 ± 0.0000,0.54755,0.008273149339882636,0.5475 ± 0.0083,0.9670000000000001,0.020930360723121776,0.9670 ± 0.0209,0.4284,0.0033941125496954466,0.4284 ± 0.0034,0.39549999999999996,0.0011313708498984691,0.3955 ± 0.0011,0.68895,0.0030405591591022123,0.6889 ± 0.0030,0.42395,0.004171930009000642,0.4239 ± 0.0042
Inf-Net_DP_Morph,LungInfection,True,base,8.0,True,open,3,0.0001,24,2.0,,training,6.624086141586304,0.06659438087072918,6.6241 ± 0.0666,304.2477248907089,64.56242381571761,304.2477 ± 64.5624,0.2762,0.010323759005323596,0.2762 ± 0.0103,0.36124999999999996,0.011101576464628789,0.3612 ± 0.0111,0.6576,0.01753624817342641,0.6576 ± 0.0175,1.0,0.0,1.0000 ± 0.0000,0.52275,0.013222896808188474,0.5228 ± 0.0132,0.97835,0.0023334523779155853,0.9784 ± 0.0023,0.43035,0.005586143571373738,0.4304 ± 0.0056,0.388,0.010606601717798222,0.3880 ± 0.0106,0.68485,0.02425376259469858,0.6848 ± 0.0243,0.44095,0.013364318164425768,0.4410 ± 0.0134
Inf-Net_DP_Morph,LungInfection,True,base,8.0,True,open,5,0.0001,24,2.0,,training,6.59157395362854,0.014624282083704055,6.5916 ± 0.0146,309.596865773201,59.69460442612034,309.5969 ± 59.6946,0.2569,0.0018384776310850174,0.2569 ± 0.0018,0.33204999999999996,0.006151828996322954,0.3320 ± 0.0062,0.5972500000000001,0.00982878425849295,0.5973 ± 0.0098,1.0,0.0,1.0000 ± 0.0000,0.54665,0.0012020815280171554,0.5466 ± 0.0012,0.9773499999999999,0.008414570696119852,0.9773 ± 0.0084,0.4213,0.0025455844122715655,0.4213 ± 0.0025,0.39765,0.00021213203435594088,0.3977 ± 0.0002,0.67515,0.0014849242404917434,0.6752 ± 0.0015,0.428,0.0014142135623730963,0.4280 ± 0.0014
Inf-Net_DP_Morph,LungInfection,True,base,8.0,True,open,7,0.0001,24,2.0,,training,6.588536500930786,0.02960360921926388,6.5885 ± 0.0296,318.5676795244217,53.74272223705171,318.5677 ± 53.7427,0.2597,0.03266833329081849,0.2597 ± 0.0327,0.35834999999999995,0.03669884194358181,0.3583 ± 0.0367,0.62395,0.028072139213105984,0.6240 ± 0.0281,1.0,0.0,1.0000 ± 0.0000,0.5286500000000001,0.04164858941188769,0.5287 ± 0.0416,0.9896499999999999,0.007566042558696089,0.9896 ± 0.0076,0.43305,0.024112341238461284,0.4330 ± 0.0241,0.3796,0.02418305191657993,0.3796 ± 0.0242,0.6852499999999999,0.030900566337852098,0.6852 ± 0.0309,0.43735,0.02439518395093591,0.4374 ± 0.0244
Inf-Net_DP_Morph,LungInfection,True,base,8.0,True,open,9,0.0001,24,2.0,,training,6.621942758560181,0.014293850791378645,6.6219 ± 0.0143,315.5551300048828,65.82416407293199,315.5551 ± 65.8242,0.26280000000000003,0.011030865786510143,0.2628 ± 0.0110,0.3438,0.000989949493661136,0.3438 ± 0.0010,0.62395,0.014637110370561491,0.6240 ± 0.0146,1.0,0.0,1.0000 ± 0.0000,0.5301,0.005798275605729679,0.5301 ± 0.0058,0.9709,0.004384062043356583,0.9709 ± 0.0044,0.4238,0.0012727922061358025,0.4238 ± 0.0013,0.38475,7.071067811864696e-05,0.3847 ± 0.0001,0.68365,0.00035355339059323483,0.6836 ± 0.0004,0.44020000000000004,0.0012727922061357632,0.4402 ± 0.0013
Inf-Net_DP_Morph,LungInfection,True,nsgd,8.0,True,both,3,0.0001,24,2.0,,training,6.864275932312012,0.1768104127754456,6.8643 ± 0.1768,308.03812420368195,60.33827244527787,308.0381 ± 60.3383,0.24130000000000001,0.050770266889194116,0.2413 ± 0.0508,0.3246,0.05416437943888954,0.3246 ± 0.0542,0.5922000000000001,0.05755849198858499,0.5922 ± 0.0576,1.0,0.0,1.0000 ± 0.0000,0.51505,0.049851028073651604,0.5151 ± 0.0499,0.9765999999999999,0.01626345596729061,0.9766 ± 0.0163,0.40959999999999996,0.03804234482783627,0.4096 ± 0.0380,0.3729,0.029274220741123062,0.3729 ± 0.0293,0.67715,0.0526794551983978,0.6772 ± 0.0527,0.4508,0.03040559159102153,0.4508 ± 0.0304
Inf-Net_DP_Morph,LungInfection,True,nsgd,8.0,True,both,5,0.0001,24,2.0,,training,6.807922840118408,0.0487453591137596,6.8079 ± 0.0487,317.0794657468796,59.063127635775686,317.0795 ± 59.0631,0.22644999999999998,0.0006363961030678816,0.2264 ± 0.0006,0.3005,0.0008485281374238421,0.3005 ± 0.0008,0.5726,0.007071067811865481,0.5726 ± 0.0071,1.0,0.0,1.0000 ± 0.0000,0.5037,0.017253405460951783,0.5037 ± 0.0173,0.9581,0.012727922061357788,0.9581 ± 0.0127,0.40285,0.0036062445840513878,0.4028 ± 0.0036,0.3638,0.012162236636408611,0.3638 ± 0.0122,0.66525,0.019869700551341997,0.6653 ± 0.0199,0.45394999999999996,0.011525840533340749,0.4539 ± 0.0115
Inf-Net_DP_Morph,LungInfection,True,nsgd,8.0,True,both,7,0.0001,24,2.0,,training,6.770186901092529,0.005363102179314244,6.7702 ± 0.0054,327.1115391254425,54.91959222835668,327.1115 ± 54.9196,0.2243,0.04780041840821061,0.2243 ± 0.0478,0.3003,0.046951890270786764,0.3003 ± 0.0470,0.56195,0.09581296885077722,0.5619 ± 0.0958,1.0,0.0,1.0000 ± 0.0000,0.5068,0.010040916292849008,0.5068 ± 0.0100,0.93555,0.02736503243191936,0.9355 ± 0.0274,0.38649999999999995,0.04157787873376901,0.3865 ± 0.0416,0.37065000000000003,0.0026162950903902125,0.3707 ± 0.0026,0.6563,0.0329511760032931,0.6563 ± 0.0330,0.45755,0.01378858223313769,0.4576 ± 0.0138
Inf-Net_DP_Morph,LungInfection,True,nsgd,8.0,True,close,3,0.0001,24,2.0,,training,6.695972204208374,0.015263565481917296,6.6960 ± 0.0153,303.5230107307434,66.86112861212942,303.5230 ± 66.8611,0.24465,0.01308147545195114,0.2447 ± 0.0131,0.31775,0.004879036790187151,0.3177 ± 0.0049,0.5923499999999999,0.019445436482630033,0.5923 ± 0.0194,1.0,0.0,1.0000 ± 0.0000,0.5226999999999999,0.00028284271247466634,0.5227 ± 0.0003,0.9672499999999999,0.005161879502661778,0.9672 ± 0.0052,0.4091,0.008626702730475872,0.4091 ± 0.0086,0.378,0.0016970562748476843,0.3780 ± 0.0017,0.6734,0.023617366491630758,0.6734 ± 0.0236,0.4433,0.010323759005323596,0.4433 ± 0.0103
Inf-Net_DP_Morph,LungInfection,True,nsgd,8.0,True,close,5,0.0001,24,2.0,,training,6.860714435577393,0.11520385854488965,6.8607 ± 0.1152,312.59081423282623,58.300115926025136,312.5908 ± 58.3001,0.22065,0.01930401512639276,0.2207 ± 0.0193,0.2949,0.007636753236814736,0.2949 ± 0.0076,0.5783499999999999,0.05055813485483815,0.5783 ± 0.0506,1.0,0.0,1.0000 ± 0.0000,0.47850000000000004,0.01796051224213833,0.4785 ± 0.0180,0.96875,0.019869700551341997,0.9688 ± 0.0199,0.38845,0.0028991378028648397,0.3885 ± 0.0029,0.35225,0.012798632739476514,0.3523 ± 0.0128,0.6576,0.013717871555019003,0.6576 ± 0.0137,0.4699,0.01951614716074872,0.4699 ± 0.0195
Inf-Net_DP_Morph,LungInfection,True,nsgd,8.0,True,close,7,0.0001,24,2.0,,training,6.841765642166138,0.09309766791353169,6.8418 ± 0.0931,317.7018060684204,62.2781696563736,317.7018 ± 62.2782,0.2397,0.043982041789803236,0.2397 ± 0.0440,0.31679999999999997,0.04737615433949868,0.3168 ± 0.0474,0.591,0.09149961748553923,0.5910 ± 0.0915,1.0,0.0,1.0000 ± 0.0000,0.51345,0.0024748737341528794,0.5134 ± 0.0025,0.9687,0.03606244584051388,0.9687 ± 0.0361,0.39595,0.02778929650063132,0.3960 ± 0.0278,0.37134999999999996,0.0060104076400856596,0.3713 ± 0.0060,0.6741,0.037193816690412385,0.6741 ± 0.0372,0.4577,0.005515432893255091,0.4577 ± 0.0055
Inf-Net_DP_Morph,LungInfection,True,nsgd,8.0,True,close,9,0.0001,24,2.0,,training,6.78367018699646,0.01638770622539986,6.7837 ± 0.0164,326.8031276464462,52.557706608628735,326.8031 ± 52.5577,0.25255,0.011242997820866104,0.2525 ± 0.0112,0.3215,0.004808326112068543,0.3215 ± 0.0048,0.6169,0.012727922061357866,0.6169 ± 0.0127,1.0,0.0,1.0000 ± 0.0000,0.5148999999999999,0.014707821048680217,0.5149 ± 0.0147,0.95485,0.011950104602052673,0.9548 ± 0.0120,0.4078,0.0038183766184073284,0.4078 ± 0.0038,0.3772,0.01202081528017128,0.3772 ± 0.0120,0.6612,0.017253405460951745,0.6612 ± 0.0173,0.45085,0.011667261889578045,0.4508 ± 0.0117
Inf-Net_DP_Morph,LungInfection,True,nsgd,8.0,True,open,3,0.0001,24,2.0,,training,6.775719404220581,0.11308471500176191,6.7757 ± 0.1131,304.6815274953842,66.53247541104898,304.6815 ± 66.5325,0.2584,0.06151828996322963,0.2584 ± 0.0615,0.3297,0.05642712113868648,0.3297 ± 0.0564,0.63845,0.07417550134646883,0.6384 ± 0.0742,1.0,0.0,1.0000 ± 0.0000,0.498,0.047658997051973274,0.4980 ± 0.0477,0.9825,0.008626702730475872,0.9825 ± 0.0086,0.4036,0.028567113959936514,0.4036 ± 0.0286,0.36435,0.03768879143724299,0.3644 ± 0.0377,0.6865,0.0408707719525825,0.6865 ± 0.0409,0.4644,0.032102647865869256,0.4644 ± 0.0321
Inf-Net_DP_Morph,LungInfection,True,nsgd,8.0,True,open,5,0.0001,24,2.0,,training,6.826420068740845,0.011898561096807515,6.8264 ± 0.0119,308.360413312912,68.61028587701689,308.3604 ± 68.6103,0.24615,0.015202795795510786,0.2462 ± 0.0152,0.31665,0.0023334523779156243,0.3166 ± 0.0023,0.6112,0.011737972567696731,0.6112 ± 0.0117,1.0,0.0,1.0000 ± 0.0000,0.5033,0.005656854249492346,0.5033 ± 0.0057,0.97785,0.0184554869889689,0.9778 ± 0.0185,0.39990000000000003,0.003676955262170074,0.3999 ± 0.0037,0.36795,0.0071417784899841285,0.3679 ± 0.0071,0.6793499999999999,0.017889801564019644,0.6793 ± 0.0179,0.45975,0.0009192388155424891,0.4597 ± 0.0009
Inf-Net_DP_Morph,LungInfection,True,nsgd,8.0,True,open,7,0.0001,24,2.0,,training,6.841148138046265,0.13091316909665818,6.8411 ± 0.1309,313.3267991542816,61.536586078755604,313.3268 ± 61.5366,0.25329999999999997,0.028991378028648436,0.2533 ± 0.0290,0.32225000000000004,0.047871129086329296,0.3223 ± 0.0479,0.63115,0.04023437584951452,0.6311 ± 0.0402,1.0,0.0,1.0000 ± 0.0000,0.50405,0.03924442635585342,0.5040 ± 0.0392,0.9779,0.013435028842544414,0.9779 ± 0.0134,0.3956,0.0369109739779378,0.3956 ± 0.0369,0.3675,0.029415642097360355,0.3675 ± 0.0294,0.6612499999999999,0.022132442251138935,0.6612 ± 0.0221,0.4626,0.03125411972844541,0.4626 ± 0.0313
Inf-Net_DP_Morph,LungInfection,True,nsgd,8.0,True,open,9,0.0001,24,2.0,,training,6.817248344421387,0.12724976502409127,6.8172 ± 0.1272,321.12189531326294,62.464127621149935,321.1219 ± 62.4641,0.2546,0.019657568516986034,0.2546 ± 0.0197,0.32465,0.015768481220460002,0.3246 ± 0.0158,0.6453,0.03733523804664968,0.6453 ± 0.0373,1.0,0.0,1.0000 ± 0.0000,0.4971,0.004384062043356583,0.4971 ± 0.0044,0.9678,0.004666904755831171,0.9678 ± 0.0047,0.40195000000000003,0.005020458146424523,0.4020 ± 0.0050,0.3661,0.007636753236814696,0.3661 ± 0.0076,0.667,0.006081118318204346,0.6670 ± 0.0061,0.46495,0.0026162950903902125,0.4649 ± 0.0026
Inf-Net_DP_Morph,LungInfection,True,psac,8.0,True,both,3,0.0001,24,2.0,,training,6.694204807281494,0.10650744641054583,6.6942 ± 0.1065,311.20921516418457,66.01157660974405,311.2092 ± 66.0116,0.2747,0.003676955262170035,0.2747 ± 0.0037,0.34525,0.01689985207035851,0.3453 ± 0.0169,0.6298999999999999,0.004808326112068543,0.6299 ± 0.0048,1.0,0.0,1.0000 ± 0.0000,0.5478000000000001,0.011596551211459437,0.5478 ± 0.0116,0.9728,0.010606601717798144,0.9728 ± 0.0106,0.43065,0.01308147545195114,0.4306 ± 0.0131,0.40245,0.007283199846221462,0.4024 ± 0.0073,0.6820999999999999,0.008061017305526618,0.6821 ± 0.0081,0.4275,0.01244507934888324,0.4275 ± 0.0124
Inf-Net_DP_Morph,LungInfection,True,psac,8.0,True,both,5,0.0001,24,2.0,,training,6.566318511962891,0.05560012255557141,6.5663 ± 0.0556,317.823229432106,62.148729098163955,317.8232 ± 62.1487,0.28275,0.01803122292025694,0.2828 ± 0.0180,0.3752,0.02220315292925762,0.3752 ± 0.0222,0.6497999999999999,0.027435743110038085,0.6498 ± 0.0274,1.0,0.0,1.0000 ± 0.0000,0.5541,0.014142135623730963,0.5541 ± 0.0141,0.9937,0.0024041630560342323,0.9937 ± 0.0024,0.44595,0.015061374439273452,0.4460 ± 0.0151,0.39785000000000004,0.01308147545195114,0.3979 ± 0.0131,0.69665,0.005868986283848326,0.6966 ± 0.0059,0.4225,0.011455129855222065,0.4225 ± 0.0115
Inf-Net_DP_Morph,LungInfection,True,psac,8.0,True,both,7,0.0001,24,2.0,,training,6.639883995056152,0.017498022802570852,6.6399 ± 0.0175,329.06458032131195,56.24610814563489,329.0646 ± 56.2461,0.27775,0.023688077169749324,0.2777 ± 0.0237,0.36955000000000005,0.023829498525986655,0.3696 ± 0.0238,0.6376,0.03295117600329318,0.6376 ± 0.0330,1.0,0.0,1.0000 ± 0.0000,0.55575,0.01025304832720491,0.5557 ± 0.0103,0.9949,0.0033941125496953686,0.9949 ± 0.0034,0.4423,0.004384062043356622,0.4423 ± 0.0044,0.39815,0.008838834764831813,0.3982 ± 0.0088,0.69485,0.01534421715174804,0.6948 ± 0.0153,0.42200000000000004,0.006222539674441601,0.4220 ± 0.0062
Inf-Net_DP_Morph,LungInfection,True,psac,8.0,True,close,3,0.0001,24,2.0,,training,6.623122453689575,0.04379394735069977,6.6231 ± 0.0438,309.194846868515,65.90249213642815,309.1948 ± 65.9025,0.25665,0.018596908345206192,0.2566 ± 0.0186,0.34545000000000003,0.01817264427649427,0.3455 ± 0.0182,0.6267,0.03648670990922584,0.6267 ± 0.0365,1.0,0.0,1.0000 ± 0.0000,0.5267999999999999,0.01088944443027281,0.5268 ± 0.0109,0.99325,0.003747665940288682,0.9932 ± 0.0037,0.4269,0.012303657992645906,0.4269 ± 0.0123,0.37729999999999997,0.003959797974644662,0.3773 ± 0.0040,0.6713,0.0007071067811865482,0.6713 ± 0.0007,0.4394,0.004808326112068543,0.4394 ± 0.0048
Inf-Net_DP_Morph,LungInfection,True,psac,8.0,True,close,5,0.0001,24,2.0,,training,6.5817224979400635,0.036528505016997816,6.5817 ± 0.0365,316.7647683620453,58.53755862648096,316.7648 ± 58.5376,0.24795,0.024960869375885125,0.2480 ± 0.0250,0.33065,0.012374368670764553,0.3306 ± 0.0124,0.59755,0.03019345955666555,0.5976 ± 0.0302,1.0,0.0,1.0000 ± 0.0000,0.53125,0.00841457069611993,0.5312 ± 0.0084,0.9843500000000001,0.0034648232278140937,0.9844 ± 0.0035,0.4213,0.0005656854249492542,0.4213 ± 0.0006,0.3786,0.0059396969619669735,0.3786 ± 0.0059,0.6596,0.011455129855222065,0.6596 ± 0.0115,0.438,0.0011313708498985084,0.4380 ± 0.0011
Inf-Net_DP_Morph,LungInfection,True,psac,8.0,True,close,7,0.0001,24,2.0,,training,6.511187553405762,0.008107030604767489,6.5112 ± 0.0081,322.8544864654541,58.956853345731105,322.8545 ± 58.9569,0.29069999999999996,0.015273506473629432,0.2907 ± 0.0153,0.39180000000000004,0.008909545442950499,0.3918 ± 0.0089,0.6455500000000001,0.01619274528917196,0.6456 ± 0.0162,1.0,0.0,1.0000 ± 0.0000,0.56475,0.02397091988222399,0.5647 ± 0.0240,0.9881,0.014000714267493669,0.9881 ± 0.0140,0.44905,0.008131727983645264,0.4491 ± 0.0081,0.40725,0.014495689014324197,0.4073 ± 0.0145,0.7230000000000001,0.006646803743153521,0.7230 ± 0.0066,0.41574999999999995,0.012374368670764592,0.4157 ± 0.0124
Inf-Net_DP_Morph,LungInfection,True,psac,8.0,True,close,9,0.0001,24,2.0,,training,6.706362009048462,0.02151343735390075,6.7064 ± 0.0215,329.4598436355591,58.90018741367042,329.4598 ± 58.9002,0.2272,0.022344574285494894,0.2272 ± 0.0223,0.3198,0.015697770542341394,0.3198 ± 0.0157,0.5715,0.02418305191657993,0.5715 ± 0.0242,1.0,0.0,1.0000 ± 0.0000,0.5089,0.027152900397563417,0.5089 ± 0.0272,0.9789,0.005798275605729679,0.9789 ± 0.0058,0.4141,0.008061017305526656,0.4141 ± 0.0081,0.36834999999999996,0.012515790027001886,0.3683 ± 0.0125,0.67215,0.01774838020778235,0.6722 ± 0.0177,0.44525,0.01421284630184961,0.4452 ± 0.0142
Inf-Net_DP_Morph,LungInfection,True,psac,8.0,True,open,3,0.0001,24,2.0,,training,6.555912494659424,0.02471154021890739,6.5559 ± 0.0247,308.27190482616425,69.93675458982473,308.2719 ± 69.9368,0.27305,0.005020458146424484,0.2731 ± 0.0050,0.363,0.007071067811865481,0.3630 ± 0.0071,0.618,0.010040916292848968,0.6180 ± 0.0100,1.0,0.0,1.0000 ± 0.0000,0.56445,0.007990306627408048,0.5645 ± 0.0080,0.97945,0.0027577164466275456,0.9795 ± 0.0028,0.44530000000000003,0.0072124891681028145,0.4453 ± 0.0072,0.40805,0.004737615433949857,0.4081 ± 0.0047,0.6961999999999999,0.011879393923934025,0.6962 ± 0.0119,0.4107,0.008768124086713167,0.4107 ± 0.0088
Inf-Net_DP_Morph,LungInfection,True,psac,8.0,True,open,5,0.0001,24,2.0,,training,6.701526165008545,0.05261477698184713,6.7015 ± 0.0526,312.7639182806015,55.40655236419191,312.7639 ± 55.4066,0.2731,0.016122034611053274,0.2731 ± 0.0161,0.34814999999999996,0.003747665940288721,0.3481 ± 0.0037,0.64335,0.02397091988222399,0.6433 ± 0.0240,1.0,0.0,1.0000 ± 0.0000,0.5313,0.021213203435596444,0.5313 ± 0.0212,0.9843999999999999,0.010323759005323634,0.9844 ± 0.0103,0.42669999999999997,0.006788225099390855,0.4267 ± 0.0068,0.38805,0.017465537495307725,0.3881 ± 0.0175,0.6891,0.003676955262170035,0.6891 ± 0.0037,0.43715000000000004,0.013222896808188436,0.4372 ± 0.0132
Inf-Net_DP_Morph,LungInfection,True,psac,8.0,True,open,7,0.0001,24,2.0,,training,6.697320222854614,0.036949299152530576,6.6973 ± 0.0369,312.0717296600342,65.3250664876626,312.0717 ± 65.3251,0.2784,0.02687005768508879,0.2784 ± 0.0269,0.35509999999999997,0.02022325394193527,0.3551 ± 0.0202,0.65525,0.028920667350529748,0.6552 ± 0.0289,1.0,0.0,1.0000 ± 0.0000,0.52915,0.021142492757477798,0.5292 ± 0.0211,0.9820500000000001,0.012091525958289965,0.9821 ± 0.0121,0.43065,0.008838834764831853,0.4306 ± 0.0088,0.3933,0.015697770542341352,0.3933 ± 0.0157,0.6946,0.027435743110038005,0.6946 ± 0.0274,0.43365,0.010394469683442242,0.4336 ± 0.0104
Inf-Net_DP_Morph,LungInfection,True,psac,8.0,True,open,9,0.0001,24,2.0,,training,6.575687646865845,0.03699515492371043,6.5757 ± 0.0370,321.6239101886749,59.183244973919976,321.6239 ± 59.1832,0.25134999999999996,0.01265721138323918,0.2513 ± 0.0127,0.33515,0.007707463914933383,0.3352 ± 0.0077,0.6076,0.003959797974644701,0.6076 ± 0.0040,1.0,0.0,1.0000 ± 0.0000,0.5278,0.018667619023324918,0.5278 ± 0.0187,0.9865999999999999,0.0035355339059327407,0.9866 ± 0.0035,0.42125,0.008555992052357225,0.4213 ± 0.0086,0.38245,0.014919953083036157,0.3825 ± 0.0149,0.6763,0.013010764773832454,0.6763 ± 0.0130,0.44005,0.011525840533340711,0.4400 ± 0.0115
Inf-Net_DP_Morph,LungInfection,True,automatic,200.0,True,both,3,0.0001,24,1.2,,training,5.434628963470459,0.023165930990315883,5.4346 ± 0.0232,485.85480201244354,54.77250866218559,485.8548 ± 54.7725,0.45925,0.006576093065034874,0.4592 ± 0.0066,0.5648,0.01682914139223986,0.5648 ± 0.0168,0.6535,0.010748023074035516,0.6535 ± 0.0107,1.0,0.0,1.0000 ± 0.0000,0.8109,0.003111269837220859,0.8109 ± 0.0031,0.9925999999999999,0.004808326112068543,0.9926 ± 0.0048,0.60305,0.0016263455967290372,0.6030 ± 0.0016,0.61235,0.0007778174593051951,0.6123 ± 0.0008,0.79945,0.00685893577750954,0.7994 ± 0.0069,0.2197,0.0035355339059327407,0.2197 ± 0.0035
Inf-Net_DP_Morph,LungInfection,True,automatic,200.0,True,both,5,0.0001,24,1.2,,training,5.413776636123657,0.06674476082621605,5.4138 ± 0.0667,491.65567338466644,50.441431411423245,491.6557 ± 50.4414,0.43984999999999996,0.01689985207035847,0.4398 ± 0.0169,0.5564,0.014000714267493669,0.5564 ± 0.0140,0.6474,0.0059396969619669735,0.6474 ± 0.0059,1.0,0.0,1.0000 ± 0.0000,0.7979,0.014566399692442923,0.7979 ± 0.0146,0.9979,0.0021213203435596446,0.9979 ± 0.0021,0.59625,0.010960155108391456,0.5962 ± 0.0110,0.5905499999999999,0.01930401512639274,0.5905 ± 0.0193,0.81465,0.013222896808188396,0.8146 ± 0.0132,0.2304,0.013717871555019022,0.2304 ± 0.0137
Inf-Net_DP_Morph,LungInfection,True,automatic,200.0,True,both,7,0.0001,24,1.2,,training,5.561461925506592,0.06841343885245936,5.5615 ± 0.0684,504.0881426334381,80.74862815002301,504.0881 ± 80.7486,0.4174,0.0035355339059327407,0.4174 ± 0.0035,0.52945,0.0023334523779155853,0.5294 ± 0.0023,0.65535,0.0016263455967290372,0.6553 ± 0.0016,1.0,0.0,1.0000 ± 0.0000,0.76885,0.006717514421272168,0.7689 ± 0.0067,0.99685,0.0020506096654409976,0.9969 ± 0.0021,0.5767,0.0012727922061358025,0.5767 ± 0.0013,0.5649,0.0025455844122715264,0.5649 ± 0.0025,0.7964,0.0032526911934580745,0.7964 ± 0.0033,0.2521,0.0007071067811865482,0.2521 ± 0.0007
Inf-Net_DP_Morph,LungInfection,True,automatic,200.0,True,close,3,0.0001,24,1.2,,training,5.511894702911377,0.1326654664703471,5.5119 ± 0.1327,525.7864806652069,1.7847352741768547,525.7865 ± 1.7847,0.43725,0.03613315651863257,0.4373 ± 0.0361,0.54585,0.031607673119038726,0.5458 ± 0.0316,0.64465,0.031324830406563975,0.6446 ± 0.0313,1.0,0.0,1.0000 ± 0.0000,0.7968999999999999,0.020081832585698015,0.7969 ± 0.0201,0.9972,0.00028284271247458785,0.9972 ± 0.0003,0.5869,0.02248599564173225,0.5869 ± 0.0225,0.59065,0.03542604973744606,0.5907 ± 0.0354,0.8074,0.014000714267493669,0.8074 ± 0.0140,0.2331,0.02107178207935911,0.2331 ± 0.0211
Inf-Net_DP_Morph,LungInfection,True,automatic,200.0,True,close,5,0.0001,24,1.2,,training,5.482528209686279,0.03882365379950706,5.4825 ± 0.0388,533.83118724823,7.697762789365482,533.8312 ± 7.6978,0.43820000000000003,0.03394112549695427,0.4382 ± 0.0339,0.5478000000000001,0.03068843430349616,0.5478 ± 0.0307,0.64785,0.025950818869546338,0.6479 ± 0.0260,1.0,0.0,1.0000 ± 0.0000,0.794,0.02064751801064719,0.7940 ± 0.0206,0.99755,0.0013435028842544493,0.9976 ± 0.0013,0.5922000000000001,0.01725340546095182,0.5922 ± 0.0173,0.5905499999999999,0.030476302269140217,0.5905 ± 0.0305,0.8002,0.011596551211459359,0.8002 ± 0.0116,0.2333,0.01909188309203678,0.2333 ± 0.0191
Inf-Net_DP_Morph,LungInfection,True,automatic,200.0,True,close,7,0.0001,24,1.2,,training,5.476132392883301,0.18810374512763667,5.4761 ± 0.1881,488.38640582561493,64.55903082582509,488.3864 ± 64.5590,0.43055,0.02510229073212242,0.4305 ± 0.0251,0.54305,0.022698127676088187,0.5431 ± 0.0227,0.6254,0.005091168824543131,0.6254 ± 0.0051,1.0,0.0,1.0000 ± 0.0000,0.8041,0.023900209204105263,0.8041 ± 0.0239,0.9975499999999999,0.0019091883092037035,0.9975 ± 0.0019,0.59125,0.018314065632731524,0.5913 ± 0.0183,0.5909500000000001,0.026516504294495515,0.5910 ± 0.0265,0.8115,0.0015556349186103902,0.8115 ± 0.0016,0.2277,0.019657568516986034,0.2277 ± 0.0197
Inf-Net_DP_Morph,LungInfection,True,automatic,200.0,True,close,9,0.0001,24,1.2,,training,5.4631524085998535,0.02428400258761288,5.4632 ± 0.0243,546.6285365819931,15.692207529230185,546.6285 ± 15.6922,0.44265,0.020152543263816585,0.4426 ± 0.0202,0.55525,0.01958685783886741,0.5553 ± 0.0196,0.631,0.030971277015970824,0.6310 ± 0.0310,1.0,0.0,1.0000 ± 0.0000,0.81035,0.0012020815280171554,0.8104 ± 0.0012,0.99715,0.002192031021678291,0.9971 ± 0.0022,0.5993999999999999,0.007353910524340148,0.5994 ± 0.0074,0.59965,0.011950104602052673,0.5997 ± 0.0120,0.80645,0.009687362902255733,0.8065 ± 0.0097,0.223,0.003818376618407368,0.2230 ± 0.0038
Inf-Net_DP_Morph,LungInfection,True,automatic,200.0,True,open,3,0.0001,24,1.2,,training,5.535580396652222,0.09154801258748314,5.5356 ± 0.0915,489.09793400764465,60.241177401664174,489.0979 ± 60.2412,0.4252,0.0059396969619670125,0.4252 ± 0.0059,0.53775,0.009687362902255655,0.5377 ± 0.0097,0.6501,0.016546298679765273,0.6501 ± 0.0165,1.0,0.0,1.0000 ± 0.0000,0.77625,0.016475588001646627,0.7762 ± 0.0165,0.9979,0.0008485281374239206,0.9979 ± 0.0008,0.57865,0.007707463914933304,0.5786 ± 0.0077,0.57545,0.0044547727214752295,0.5755 ± 0.0045,0.80765,0.010111626970967616,0.8076 ± 0.0101,0.24785000000000001,0.01378858223313767,0.2479 ± 0.0138
Inf-Net_DP_Morph,LungInfection,True,automatic,200.0,True,open,5,0.0001,24,1.2,,training,5.4812211990356445,0.03807647446910593,5.4812 ± 0.0381,480.9906086921692,62.77828416080391,480.9906 ± 62.7783,0.43320000000000003,0.004384062043356622,0.4332 ± 0.0044,0.54335,0.01732411613907039,0.5433 ± 0.0173,0.65655,0.009263098833543773,0.6565 ± 0.0093,1.0,0.0,1.0000 ± 0.0000,0.78455,0.004171930009000642,0.7845 ± 0.0042,0.997,0.00014142135623729392,0.9970 ± 0.0001,0.58165,0.0071417784899841285,0.5817 ± 0.0071,0.5829500000000001,0.00035355339059331333,0.5830 ± 0.0004,0.80055,0.017041273426595803,0.8005 ± 0.0170,0.2415,0.0014142135623730963,0.2415 ± 0.0014
Inf-Net_DP_Morph,LungInfection,True,automatic,200.0,True,open,7,0.0001,24,1.2,,training,5.418445348739624,0.14334547788300764,5.4184 ± 0.1433,555.728480219841,20.186427812732816,555.7285 ± 20.1864,0.45015,0.01421284630184961,0.4501 ± 0.0142,0.5618,0.013010764773832454,0.5618 ± 0.0130,0.65645,0.013647160876900355,0.6564 ± 0.0136,1.0,0.0,1.0000 ± 0.0000,0.7929,0.008626702730475872,0.7929 ± 0.0086,0.98585,0.011667261889578005,0.9859 ± 0.0117,0.5972999999999999,0.010040916292849046,0.5973 ± 0.0100,0.60075,0.010111626970967616,0.6008 ± 0.0101,0.8227,0.0016970562748476843,0.8227 ± 0.0017,0.22935,0.006576093065034894,0.2293 ± 0.0066
Inf-Net_DP_Morph,LungInfection,True,automatic,200.0,True,open,9,0.0001,24,1.2,,training,5.57428240776062,0.10933533135823215,5.5743 ± 0.1093,558.3614504337311,13.433032767798927,558.3615 ± 13.4330,0.414,0.025738686835190323,0.4140 ± 0.0257,0.5201,0.031536962440920004,0.5201 ± 0.0315,0.6348,0.003252691193458153,0.6348 ± 0.0033,1.0,0.0,1.0000 ± 0.0000,0.7824,0.023900209204105342,0.7824 ± 0.0239,0.9982,0.0011313708498985084,0.9982 ± 0.0011,0.5730999999999999,0.023475945135393382,0.5731 ± 0.0235,0.5713,0.024324473272817223,0.5713 ± 0.0243,0.7809,0.02291025971044413,0.7809 ± 0.0229,0.24680000000000002,0.021637467504308346,0.2468 ± 0.0216
Inf-Net_DP_Morph,LungInfection,True,base,200.0,True,both,3,0.0001,24,1.2,,training,5.3483452796936035,0.023457250007223183,5.3483 ± 0.0235,517.9036787748337,34.08463635907084,517.9037 ± 34.0846,0.4663,0.0008485281374238421,0.4663 ± 0.0008,0.57595,0.005868986283848326,0.5759 ± 0.0059,0.65425,0.011667261889578005,0.6542 ± 0.0117,1.0,0.0,1.0000 ± 0.0000,0.8214,0.014000714267493669,0.8214 ± 0.0140,0.99675,0.001767766952966331,0.9968 ± 0.0018,0.6100000000000001,0.0033941125496954466,0.6100 ± 0.0034,0.62035,0.0027577164466275456,0.6203 ± 0.0028,0.8147500000000001,0.006434671708797581,0.8148 ± 0.0064,0.211,0.009192388155425127,0.2110 ± 0.0092
Inf-Net_DP_Morph,LungInfection,True,base,200.0,True,both,5,0.0001,24,1.2,,training,5.4726011753082275,0.09199578070606289,5.4726 ± 0.0920,523.2703275680542,23.758896013540014,523.2703 ± 23.7589,0.441,0.03181980515339467,0.4410 ± 0.0318,0.5491999999999999,0.01626345596729061,0.5492 ± 0.0163,0.65215,0.010677312395916868,0.6522 ± 0.0107,1.0,0.0,1.0000 ± 0.0000,0.79355,0.02580939751330897,0.7935 ± 0.0258,0.9902500000000001,0.00883883476483189,0.9903 ± 0.0088,0.5892999999999999,0.015273506473629392,0.5893 ± 0.0153,0.59545,0.036981684656056446,0.5955 ± 0.0370,0.8075,0.004242640687119289,0.8075 ± 0.0042,0.23149999999999998,0.022061731573020268,0.2315 ± 0.0221
Inf-Net_DP_Morph,LungInfection,True,base,200.0,True,both,7,0.0001,24,1.2,,training,5.509647369384766,0.05423658771254696,5.5096 ± 0.0542,514.6020605564117,59.56307540727321,514.6021 ± 59.5631,0.43535,0.03245620125646253,0.4354 ± 0.0325,0.53835,0.04051721856198911,0.5383 ± 0.0405,0.6531,0.00735391052434007,0.6531 ± 0.0074,1.0,0.0,1.0000 ± 0.0000,0.7943,0.03521391770309011,0.7943 ± 0.0352,0.9986,0.0,0.9986 ± 0.0000,0.5851999999999999,0.023900209204105263,0.5852 ± 0.0239,0.58955,0.03896158364337871,0.5896 ± 0.0390,0.79535,0.024536605307173165,0.7954 ± 0.0245,0.23515,0.029486352775479042,0.2351 ± 0.0295
Inf-Net_DP_Morph,LungInfection,True,base,200.0,True,both,9,0.0001,24,1.2,,training,5.499786615371704,0.08345379462466233,5.4998 ± 0.0835,565.0206106901169,16.79323561533895,565.0206 ± 16.7932,0.44745,0.010253048327204948,0.4475 ± 0.0103,0.5528500000000001,0.010111626970967694,0.5529 ± 0.0101,0.6669499999999999,0.007707463914933382,0.6669 ± 0.0077,1.0,0.0,1.0000 ± 0.0000,0.7861,0.0032526911934580745,0.7861 ± 0.0033,0.9959,0.0007071067811865482,0.9959 ± 0.0007,0.5899,0.00028284271247458785,0.5899 ± 0.0003,0.59585,0.005444722215136444,0.5958 ± 0.0054,0.80745,0.013505739520662982,0.8075 ± 0.0135,0.2387,0.0018384776310850174,0.2387 ± 0.0018
Inf-Net_DP_Morph,LungInfection,True,base,200.0,True,close,3,0.0001,24,1.2,,training,5.394136190414429,0.18983850941234506,5.3941 ± 0.1898,536.5704275369644,8.204274342462734,536.5704 ± 8.2043,0.4475,0.023475945135393382,0.4475 ± 0.0235,0.5520499999999999,0.026799347006970103,0.5520 ± 0.0268,0.6419,0.0012727922061358025,0.6419 ± 0.0013,1.0,0.0,1.0000 ± 0.0000,0.80935,0.019021172413918076,0.8094 ± 0.0190,0.99465,0.0044547727214752295,0.9947 ± 0.0045,0.5963499999999999,0.013222896808188474,0.5963 ± 0.0132,0.6059,0.02687005768508883,0.6059 ± 0.0269,0.8031999999999999,0.020364675298172603,0.8032 ± 0.0204,0.22215000000000001,0.018172644276494253,0.2222 ± 0.0182
Inf-Net_DP_Morph,LungInfection,True,base,200.0,True,close,5,0.0001,24,1.2,,training,5.537866115570068,0.05934748315037202,5.5379 ± 0.0593,483.8550007343292,72.7452595736294,483.8550 ± 72.7453,0.44279999999999997,0.0002828427124746271,0.4428 ± 0.0003,0.54955,0.001909188309203625,0.5495 ± 0.0019,0.65995,0.0009192388155424891,0.6600 ± 0.0009,1.0,0.0,1.0000 ± 0.0000,0.79455,0.0014849242404917434,0.7945 ± 0.0015,0.9984999999999999,0.0011313708498984299,0.9985 ± 0.0011,0.5915,0.0031112698372207804,0.5915 ± 0.0031,0.5941,0.0028284271247461927,0.5941 ± 0.0028,0.8059000000000001,0.0004242640687119603,0.8059 ± 0.0004,0.23265,0.0026162950903902125,0.2326 ± 0.0026
Inf-Net_DP_Morph,LungInfection,True,base,200.0,True,close,7,0.0001,24,1.2,,training,5.415666103363037,0.09178639516266077,5.4157 ± 0.0918,491.8680362701416,73.06904110478415,491.8680 ± 73.0690,0.45499999999999996,0.0059396969619670125,0.4550 ± 0.0059,0.5562,0.00014142135623729392,0.5562 ± 0.0001,0.64825,0.008131727983645342,0.6482 ± 0.0081,1.0,0.0,1.0000 ± 0.0000,0.8168,0.00975807358037438,0.8168 ± 0.0098,0.99315,0.005161879502661778,0.9931 ± 0.0052,0.6026,0.004666904755831171,0.6026 ± 0.0047,0.6137,0.008626702730475872,0.6137 ± 0.0086,0.80445,0.010960155108391536,0.8044 ± 0.0110,0.21575,0.0037476659402887014,0.2157 ± 0.0037
Inf-Net_DP_Morph,LungInfection,True,base,200.0,True,close,9,0.0001,24,1.2,,training,5.407046556472778,0.04368267967063101,5.4070 ± 0.0437,545.918491601944,6.414108025386765,545.9185 ± 6.4141,0.4577,0.013010764773832454,0.4577 ± 0.0130,0.55885,0.011242997820866124,0.5588 ± 0.0112,0.64815,0.017182694782833095,0.6482 ± 0.0172,1.0,0.0,1.0000 ± 0.0000,0.8118000000000001,0.004808326112068543,0.8118 ± 0.0048,0.98535,0.006717514421272168,0.9853 ± 0.0067,0.6029,0.00042426406871188177,0.6029 ± 0.0004,0.61655,0.0071417784899841285,0.6166 ± 0.0071,0.8103,0.004949747468305837,0.8103 ± 0.0049,0.21665,0.0028991378028648397,0.2167 ± 0.0029
Inf-Net_DP_Morph,LungInfection,True,base,200.0,True,open,3,0.0001,24,1.2,,training,5.45792818069458,0.059149898724552945,5.4579 ± 0.0591,524.0024178028107,5.413398205278416,524.0024 ± 5.4134,0.45640000000000003,0.008485281374238538,0.4564 ± 0.0085,0.5680000000000001,0.009192388155425127,0.5680 ± 0.0092,0.65415,0.003889087296526054,0.6542 ± 0.0039,1.0,0.0,1.0000 ± 0.0000,0.80315,0.012940054095713808,0.8032 ± 0.0129,0.9926999999999999,0.0007071067811865482,0.9927 ± 0.0007,0.5996,0.008343860018001284,0.5996 ± 0.0083,0.60825,0.007707463914933382,0.6082 ± 0.0077,0.81855,0.0016263455967290372,0.8185 ± 0.0016,0.22365000000000002,0.009828784258493007,0.2237 ± 0.0098
Inf-Net_DP_Morph,LungInfection,True,base,200.0,True,open,5,0.0001,24,1.2,,training,5.54863166809082,0.12393196510931369,5.5486 ± 0.1239,527.4574989080429,4.328071168939109,527.4575 ± 4.3281,0.4249,0.04511341263970171,0.4249 ± 0.0451,0.54205,0.03726452736853103,0.5421 ± 0.0373,0.63595,0.02283954903232548,0.6360 ± 0.0228,1.0,0.0,1.0000 ± 0.0000,0.7832,0.04242640687119289,0.7832 ± 0.0424,0.9944999999999999,0.006788225099390815,0.9945 ± 0.0068,0.5859000000000001,0.024748737341529183,0.5859 ± 0.0247,0.5767,0.04624478348960022,0.5767 ± 0.0462,0.8061,0.01131370849898477,0.8061 ± 0.0113,0.24054999999999999,0.029203510063004395,0.2405 ± 0.0292
Inf-Net_DP_Morph,LungInfection,True,base,200.0,True,open,7,0.0001,24,1.2,,training,5.366266489028931,0.1585493634274335,5.3663 ± 0.1585,502.56098675727844,59.951606636033105,502.5610 ± 59.9516,0.452,0.02418305191657993,0.4520 ± 0.0242,0.5609999999999999,0.02983990616607224,0.5610 ± 0.0298,0.66115,0.02580939751330897,0.6612 ± 0.0258,1.0,0.0,1.0000 ± 0.0000,0.8028500000000001,0.011667261889578083,0.8029 ± 0.0117,0.99815,0.0012020815280171554,0.9981 ± 0.0012,0.6002000000000001,0.014707821048680217,0.6002 ± 0.0147,0.6054999999999999,0.017819090885900998,0.6055 ± 0.0178,0.8118,0.008626702730475872,0.8118 ± 0.0086,0.2249,0.011737972567696691,0.2249 ± 0.0117
Inf-Net_DP_Morph,LungInfection,True,base,200.0,True,open,9,0.0001,24,1.2,,training,5.481530666351318,0.01426721398311976,5.4815 ± 0.0143,505.02461552619934,53.950578187027716,505.0246 ± 53.9506,0.43165,0.017465537495307725,0.4316 ± 0.0175,0.5383,0.012162236636408691,0.5383 ± 0.0122,0.65905,0.0031819805153394274,0.6591 ± 0.0032,1.0,0.0,1.0000 ± 0.0000,0.78735,0.019021172413918076,0.7873 ± 0.0190,0.9984,0.0015556349186104687,0.9984 ± 0.0016,0.5885,0.011596551211459359,0.5885 ± 0.0116,0.58345,0.020152543263816585,0.5835 ± 0.0202,0.7979,0.00268700576850882,0.7979 ± 0.0027,0.23845,0.015485638507985393,0.2384 ± 0.0155
Inf-Net_DP_Morph,LungInfection,True,nsgd,200.0,True,both,3,0.0001,24,1.2,,training,5.543263912200928,0.11396845012133833,5.5433 ± 0.1140,510.6809502840042,37.91065612300952,510.6810 ± 37.9107,0.4259,0.016970562748477157,0.4259 ± 0.0170,0.53535,0.004171930009000642,0.5353 ± 0.0042,0.6394,0.013859292911256297,0.6394 ± 0.0139,1.0,0.0,1.0000 ± 0.0000,0.7877000000000001,0.015273506473629392,0.7877 ± 0.0153,0.9954000000000001,0.004525483399593955,0.9954 ± 0.0045,0.5839000000000001,0.004808326112068543,0.5839 ± 0.0048,0.58065,0.017465537495307683,0.5806 ± 0.0175,0.7934,0.00735391052434007,0.7934 ± 0.0074,0.23965,0.008838834764831853,0.2397 ± 0.0088
Inf-Net_DP_Morph,LungInfection,True,nsgd,200.0,True,both,5,0.0001,24,1.2,,training,5.627288103103638,0.0002808665984765978,5.6273 ± 0.0003,521.4229673147202,16.80089116890251,521.4230 ± 16.8009,0.4252,0.008061017305526656,0.4252 ± 0.0081,0.54455,0.0071417784899841285,0.5445 ± 0.0071,0.6607000000000001,0.0015556349186104687,0.6607 ± 0.0016,1.0,0.0,1.0000 ± 0.0000,0.76825,0.00601040764008562,0.7682 ± 0.0060,0.99815,0.00021213203435594088,0.9981 ± 0.0002,0.57945,0.003889087296526054,0.5795 ± 0.0039,0.5675,0.010040916292848968,0.5675 ± 0.0100,0.79575,0.0024748737341528794,0.7957 ± 0.0025,0.25465000000000004,0.005303300858899111,0.2547 ± 0.0053
Inf-Net_DP_Morph,LungInfection,True,nsgd,200.0,True,both,7,0.0001,24,1.2,,training,5.580061435699463,0.03621459528928867,5.5801 ± 0.0362,544.4091845750809,14.893452594544092,544.4092 ± 14.8935,0.436,0.017677669529663705,0.4360 ± 0.0177,0.5516,0.018243354954612958,0.5516 ± 0.0182,0.6677500000000001,0.025950818869546338,0.6678 ± 0.0260,1.0,0.0,1.0000 ± 0.0000,0.76955,0.0024748737341528794,0.7695 ± 0.0025,0.9963,0.0024041630560342323,0.9963 ± 0.0024,0.58065,0.01110157646462883,0.5806 ± 0.0111,0.5783,0.013010764773832454,0.5783 ± 0.0130,0.80905,0.005020458146424484,0.8091 ± 0.0050,0.2518,0.006081118318204307,0.2518 ± 0.0061
Inf-Net_DP_Morph,LungInfection,True,nsgd,200.0,True,close,3,0.0001,24,1.2,,training,5.576269626617432,0.0996425677250914,5.5763 ± 0.0996,500.23530626296997,58.77386251908998,500.2353 ± 58.7739,0.43435,0.020152543263816623,0.4344 ± 0.0202,0.5405500000000001,0.02510229073212242,0.5406 ± 0.0251,0.64895,0.005868986283848326,0.6490 ± 0.0059,1.0,0.0,1.0000 ± 0.0000,0.7837,0.014283556979968257,0.7837 ± 0.0143,0.9935499999999999,0.0007778174593051951,0.9935 ± 0.0008,0.5856,0.012869343417595162,0.5856 ± 0.0129,0.5875,0.01668772003600257,0.5875 ± 0.0167,0.8027500000000001,0.010960155108391456,0.8028 ± 0.0110,0.24054999999999999,0.012374368670764573,0.2405 ± 0.0124
Inf-Net_DP_Morph,LungInfection,True,nsgd,200.0,True,close,5,0.0001,24,1.2,,training,5.544500112533569,0.004291223527985187,5.5445 ± 0.0043,500.3519856929779,58.02239972018099,500.3520 ± 58.0224,0.43125,0.00134350288425441,0.4313 ± 0.0013,0.5467,0.007919595949289324,0.5467 ± 0.0079,0.6547499999999999,0.006434671708797581,0.6547 ± 0.0064,1.0,0.0,1.0000 ± 0.0000,0.78015,0.00685893577750954,0.7802 ± 0.0069,0.9987,0.00014142135623729392,0.9987 ± 0.0001,0.5819000000000001,0.003252691193458153,0.5819 ± 0.0033,0.5781000000000001,0.0008485281374238421,0.5781 ± 0.0008,0.81145,0.004171930009000642,0.8115 ± 0.0042,0.24455,0.005444722215136425,0.2445 ± 0.0054
Inf-Net_DP_Morph,LungInfection,True,nsgd,200.0,True,close,7,0.0001,24,1.2,,training,5.561749696731567,0.11391888542748953,5.5617 ± 0.1139,484.5548243522644,86.85306068868944,484.5548 ± 86.8531,0.4367,0.02998132752230961,0.4367 ± 0.0300,0.5408999999999999,0.025880108191427696,0.5409 ± 0.0259,0.6514500000000001,0.02326381310103744,0.6515 ± 0.0233,1.0,0.0,1.0000 ± 0.0000,0.78755,0.02001112190757929,0.7875 ± 0.0200,0.9974000000000001,0.00014142135623737242,0.9974 ± 0.0001,0.5842,0.020364675298172603,0.5842 ± 0.0204,0.58735,0.024112341238461284,0.5874 ± 0.0241,0.78755,7.071067811864696e-05,0.7875 ± 0.0001,0.24095,0.01774838020778235,0.2409 ± 0.0177
Inf-Net_DP_Morph,LungInfection,True,nsgd,200.0,True,close,9,0.0001,24,1.2,,training,5.57577919960022,0.07148543834672141,5.5758 ± 0.0715,537.4853563308716,4.703333052501192,537.4854 ± 4.7033,0.42415,0.010394469683442242,0.4242 ± 0.0104,0.53885,0.008697413408594597,0.5389 ± 0.0087,0.63695,0.00841457069611993,0.6370 ± 0.0084,1.0,0.0,1.0000 ± 0.0000,0.78215,0.0236880771697494,0.7822 ± 0.0237,0.99575,0.001767766952966331,0.9958 ± 0.0018,0.57975,0.008697413408594519,0.5797 ± 0.0087,0.5759000000000001,0.020506096654409896,0.5759 ± 0.0205,0.7961499999999999,0.006576093065034874,0.7961 ± 0.0066,0.24414999999999998,0.018596908345206175,0.2441 ± 0.0186
Inf-Net_DP_Morph,LungInfection,True,nsgd,200.0,True,open,3,0.0001,24,1.2,,training,5.562414646148682,0.036504565607043626,5.5624 ± 0.0365,483.95146238803864,48.25380632013584,483.9515 ± 48.2538,0.44,0.004666904755831249,0.4400 ± 0.0047,0.53925,0.007000357133746834,0.5393 ± 0.0070,0.67455,0.00954594154601844,0.6745 ± 0.0095,1.0,0.0,1.0000 ± 0.0000,0.7745500000000001,0.0038890872965259755,0.7746 ± 0.0039,0.99425,7.071067811864696e-05,0.9942 ± 0.0001,0.5806,0.0008485281374239206,0.5806 ± 0.0008,0.58575,0.004879036790187112,0.5857 ± 0.0049,0.7988,0.009758073580374301,0.7988 ± 0.0098,0.2477,0.004525483399593916,0.2477 ± 0.0045
Inf-Net_DP_Morph,LungInfection,True,nsgd,200.0,True,open,5,0.0001,24,1.2,,training,5.65864109992981,0.13897501827982198,5.6586 ± 0.1390,495.1228506565094,61.070446991846985,495.1229 ± 61.0704,0.40745,0.010535891039679536,0.4074 ± 0.0105,0.5238,0.011030865786510104,0.5238 ± 0.0110,0.6501,0.006929646455628187,0.6501 ± 0.0069,1.0,0.0,1.0000 ± 0.0000,0.759,0.019940411229460643,0.7590 ± 0.0199,0.9975,0.0019798989873223505,0.9975 ± 0.0020,0.5687,0.010748023074035516,0.5687 ± 0.0107,0.55185,0.017465537495307763,0.5518 ± 0.0175,0.78515,0.011384419177103419,0.7852 ± 0.0114,0.2626,0.015697770542341352,0.2626 ± 0.0157
Inf-Net_DP_Morph,LungInfection,True,nsgd,200.0,True,open,7,0.0001,24,1.2,,training,5.463779926300049,0.10394222062277877,5.4638 ± 0.1039,481.37474954128265,81.84242164529118,481.3747 ± 81.8424,0.43165,0.012940054095713848,0.4316 ± 0.0129,0.5533,0.005656854249492385,0.5533 ± 0.0057,0.6453500000000001,0.019162593770155445,0.6454 ± 0.0192,1.0,0.0,1.0000 ± 0.0000,0.7882,0.02729432175380071,0.7882 ± 0.0273,0.99775,0.0013435028842544493,0.9978 ± 0.0013,0.5866,0.012869343417595162,0.5866 ± 0.0129,0.5806,0.026021529547664908,0.5806 ± 0.0260,0.8122,0.009050966799187833,0.8122 ± 0.0091,0.239,0.021354624791833737,0.2390 ± 0.0214
Inf-Net_DP_Morph,LungInfection,True,nsgd,200.0,True,open,9,0.0001,24,1.2,,training,5.654857397079468,0.09865902886824118,5.6549 ± 0.0987,539.6853222846985,22.512406677752992,539.6853 ± 22.5124,0.42185,0.005586143571373738,0.4219 ± 0.0056,0.5312,0.015414927829866766,0.5312 ± 0.0154,0.6623,0.009192388155425047,0.6623 ± 0.0092,1.0,0.0,1.0000 ± 0.0000,0.7612000000000001,0.0022627416997969383,0.7612 ± 0.0023,0.99495,0.0037476659402887603,0.9950 ± 0.0037,0.5721499999999999,0.005444722215136366,0.5721 ± 0.0054,0.563,0.0004242640687119603,0.5630 ± 0.0004,0.7946,0.006929646455628187,0.7946 ± 0.0069,0.25995,0.004030508652763309,0.2600 ± 0.0040
Inf-Net_DP_Morph,LungInfection,True,psac,200.0,True,both,3,0.0001,24,1.2,,training,5.426731109619141,0.0018274873514323652,5.4267 ± 0.0018,520.1274431943893,39.02687561919555,520.1274 ± 39.0269,0.4507,0.006788225099390855,0.4507 ± 0.0068,0.5497000000000001,0.0021213203435596446,0.5497 ± 0.0021,0.6552,0.007636753236814657,0.6552 ± 0.0076,1.0,0.0,1.0000 ± 0.0000,0.806,0.009475230867899713,0.8060 ± 0.0095,0.99875,0.0009192388155424891,0.9988 ± 0.0009,0.594,0.0029698484809834867,0.5940 ± 0.0030,0.60475,0.013788582233137728,0.6048 ± 0.0138,0.8020499999999999,0.002616295090390173,0.8020 ± 0.0026,0.22649999999999998,0.006929646455628168,0.2265 ± 0.0069
Inf-Net_DP_Morph,LungInfection,True,psac,200.0,True,both,5,0.0001,24,1.2,,training,5.3441948890686035,0.04316848811879748,5.3442 ± 0.0432,519.4067614078522,26.47206937787264,519.4068 ± 26.4721,0.46875,0.0004949747468306073,0.4688 ± 0.0005,0.5749,0.005798275605729679,0.5749 ± 0.0058,0.66175,0.0028991378028648397,0.6617 ± 0.0029,1.0,0.0,1.0000 ± 0.0000,0.8187,0.0008485281374238421,0.8187 ± 0.0008,0.99665,0.0007778174593051951,0.9967 ± 0.0008,0.6104,0.0004242640687119603,0.6104 ± 0.0004,0.61895,0.001909188309203625,0.6190 ± 0.0019,0.8072999999999999,0.009192388155425127,0.8073 ± 0.0092,0.2132,0.0014142135623730963,0.2132 ± 0.0014
Inf-Net_DP_Morph,LungInfection,True,psac,200.0,True,both,7,0.0001,24,1.2,,training,5.493057012557983,0.24035740791144308,5.4931 ± 0.2404,541.7872611284256,20.577539777320695,541.7873 ± 20.5775,0.43574999999999997,0.02552655480083434,0.4357 ± 0.0255,0.5417000000000001,0.026728636328851457,0.5417 ± 0.0267,0.6513500000000001,0.0034648232278140937,0.6514 ± 0.0035,1.0,0.0,1.0000 ± 0.0000,0.7886,0.0354967604155647,0.7886 ± 0.0355,0.99145,0.011384419177103419,0.9915 ± 0.0114,0.5869500000000001,0.02382949852598662,0.5870 ± 0.0238,0.59115,0.03288046532517445,0.5911 ± 0.0329,0.8141499999999999,0.011950104602052673,0.8141 ± 0.0120,0.23595,0.03203193718775061,0.2359 ± 0.0320
Inf-Net_DP_Morph,LungInfection,True,psac,200.0,True,both,9,0.0001,24,1.2,,training,5.436920404434204,0.006631890906885569,5.4369 ± 0.0066,523.2602159976959,49.03888831140281,523.2602 ± 49.0389,0.44375,0.0010606601717798223,0.4437 ± 0.0011,0.55815,0.0028991378028648397,0.5582 ± 0.0029,0.66475,0.0034648232278140937,0.6647 ± 0.0035,1.0,0.0,1.0000 ± 0.0000,0.78495,0.0019091883092037035,0.7850 ± 0.0019,0.9947999999999999,0.004949747468305837,0.9948 ± 0.0049,0.5909,0.002545584412271605,0.5909 ± 0.0025,0.5913999999999999,0.0033941125496954466,0.5914 ± 0.0034,0.82365,0.005586143571373738,0.8236 ± 0.0056,0.2371,0.0011313708498984691,0.2371 ± 0.0011
Inf-Net_DP_Morph,LungInfection,True,psac,200.0,True,close,3,0.0001,24,1.2,,training,5.400104761123657,0.024786730196650824,5.4001 ± 0.0248,483.4761345386505,88.46361585061271,483.4761 ± 88.4636,0.45389999999999997,0.015414927829866726,0.4539 ± 0.0154,0.56735,0.008697413408594519,0.5674 ± 0.0087,0.65815,0.0020506096654409976,0.6582 ± 0.0021,1.0,0.0,1.0000 ± 0.0000,0.8104,0.009475230867899793,0.8104 ± 0.0095,0.9975,0.0011313708498984299,0.9975 ± 0.0011,0.60165,0.006576093065034874,0.6017 ± 0.0066,0.604,0.01682914139223986,0.6040 ± 0.0168,0.81175,0.001767766952966331,0.8117 ± 0.0018,0.22055000000000002,0.007990306627407991,0.2206 ± 0.0080
Inf-Net_DP_Morph,LungInfection,True,psac,200.0,True,close,5,0.0001,24,1.2,,training,5.486031770706177,0.013124528626292402,5.4860 ± 0.0131,509.2298492193222,64.0715347506642,509.2298 ± 64.0715,0.43535,0.011242997820866124,0.4354 ± 0.0112,0.5461,0.008626702730475872,0.5461 ± 0.0086,0.6386499999999999,0.007424621202458795,0.6386 ± 0.0074,1.0,0.0,1.0000 ± 0.0000,0.79765,0.006151828996322992,0.7976 ± 0.0062,0.99655,0.0009192388155424891,0.9966 ± 0.0009,0.59075,0.002474873734152958,0.5907 ± 0.0025,0.59045,0.011384419177103419,0.5905 ± 0.0114,0.8067,0.000989949493661136,0.8067 ± 0.0010,0.23099999999999998,0.004949747468305818,0.2310 ± 0.0049
Inf-Net_DP_Morph,LungInfection,True,psac,200.0,True,close,7,0.0001,24,1.2,,training,5.537430763244629,0.07962180315805248,5.5374 ± 0.0796,508.71988344192505,59.74828450684515,508.7199 ± 59.7483,0.4341,0.005656854249492385,0.4341 ± 0.0057,0.5494,0.012303657992645985,0.5494 ± 0.0123,0.6428,0.004101219330881995,0.6428 ± 0.0041,1.0,0.0,1.0000 ± 0.0000,0.79545,0.013081475451951102,0.7954 ± 0.0131,0.9938,0.00820243866176399,0.9938 ± 0.0082,0.59015,0.012515790027001846,0.5901 ± 0.0125,0.58805,0.00799030662740797,0.5880 ± 0.0080,0.8039000000000001,0.014566399692442923,0.8039 ± 0.0146,0.2339,0.011737972567696691,0.2339 ± 0.0117
Inf-Net_DP_Morph,LungInfection,True,psac,200.0,True,close,9,0.0001,24,1.2,,training,5.474589824676514,0.021131418318998008,5.4746 ± 0.0211,548.7281634807587,15.749821091032818,548.7282 ± 15.7498,0.41925,0.0033234018715767605,0.4193 ± 0.0033,0.53105,0.010960155108391456,0.5311 ± 0.0110,0.63585,0.002192031021678291,0.6359 ± 0.0022,1.0,0.0,1.0000 ± 0.0000,0.79175,0.007848885271170676,0.7917 ± 0.0078,0.9991,0.00014142135623729392,0.9991 ± 0.0001,0.5841000000000001,0.003959797974644622,0.5841 ± 0.0040,0.5778,0.0,0.5778 ± 0.0000,0.8036,0.005515432893255091,0.8036 ± 0.0055,0.2371,0.004949747468305837,0.2371 ± 0.0049
Inf-Net_DP_Morph,LungInfection,True,psac,200.0,True,open,3,0.0001,24,1.2,,training,5.473099231719971,0.05376926345625817,5.4731 ± 0.0538,494.94672536849976,66.75817296493653,494.9467 ± 66.7582,0.4414,0.016829141392239823,0.4414 ± 0.0168,0.5505500000000001,0.01647558800164655,0.5506 ± 0.0165,0.64625,0.01491995308303616,0.6462 ± 0.0149,1.0,0.0,1.0000 ± 0.0000,0.7999499999999999,0.010960155108391456,0.7999 ± 0.0110,0.9984,0.0004242640687119603,0.9984 ± 0.0004,0.59135,0.01378858223313765,0.5914 ± 0.0138,0.59545,0.015627059864222706,0.5955 ± 0.0156,0.8089,0.009899494936611674,0.8089 ± 0.0099,0.2298,0.013152186130069788,0.2298 ± 0.0132
Inf-Net_DP_Morph,LungInfection,True,psac,200.0,True,open,5,0.0001,24,1.2,,training,5.595390558242798,0.09226484618695643,5.5954 ± 0.0923,484.0427203178406,85.42156017493112,484.0427 ± 85.4216,0.41859999999999997,0.01866761902332488,0.4186 ± 0.0187,0.5365,0.018526197667087546,0.5365 ± 0.0185,0.64495,7.071067811864696e-05,0.6450 ± 0.0001,1.0,0.0,1.0000 ± 0.0000,0.7777000000000001,0.023617366491630678,0.7777 ± 0.0236,0.99715,0.0009192388155424891,0.9971 ± 0.0009,0.5826,0.021071782079359152,0.5826 ± 0.0211,0.5680499999999999,0.02283954903232556,0.5680 ± 0.0228,0.7858,0.012020815280171319,0.7858 ± 0.0120,0.247,0.020788939366884484,0.2470 ± 0.0208
Inf-Net_DP_Morph,LungInfection,True,psac,200.0,True,open,7,0.0001,24,1.2,,training,5.420628786087036,0.13366721276575402,5.4206 ± 0.1337,536.800345659256,22.0005554561242,536.8003 ± 22.0006,0.43984999999999996,0.03174909447527598,0.4398 ± 0.0317,0.55,0.02248599564173217,0.5500 ± 0.0225,0.6507000000000001,0.019940411229460563,0.6507 ± 0.0199,1.0,0.0,1.0000 ± 0.0000,0.798,0.019798989873223347,0.7980 ± 0.0198,0.9981,0.0016970562748476843,0.9981 ± 0.0017,0.5906499999999999,0.01491995308303616,0.5906 ± 0.0149,0.5905,0.030122748878546903,0.5905 ± 0.0301,0.8009999999999999,0.00014142135623737242,0.8010 ± 0.0001,0.23175,0.016475588001646568,0.2318 ± 0.0165
Inf-Net_DP_Morph,LungInfection,True,psac,200.0,True,open,9,0.0001,24,1.2,,training,5.510815143585205,0.1461018817756201,5.5108 ± 0.1461,542.8637728691101,17.185672845431405,542.8638 ± 17.1857,0.4208,0.030547012947258863,0.4208 ± 0.0305,0.52275,0.04433559518039655,0.5228 ± 0.0443,0.64715,0.018172644276494312,0.6472 ± 0.0182,1.0,0.0,1.0000 ± 0.0000,0.7764,0.03535533905932741,0.7764 ± 0.0354,0.98775,0.015202795795510824,0.9878 ± 0.0152,0.57945,0.026799347006970183,0.5795 ± 0.0268,0.5743,0.02446589462905452,0.5743 ± 0.0245,0.79385,0.00982878425849295,0.7938 ± 0.0098,0.24569999999999997,0.026304372260139555,0.2457 ± 0.0263
Inf-Net_DP_Morph,LungInfection,True,automatic,200.0,True,both,3,0.0001,24,1.5,,training,5.52192759513855,0.1299515466010336,5.5219 ± 0.1300,534.4773105382919,15.878943356242551,534.4773 ± 15.8789,0.4392,0.04624478348960022,0.4392 ± 0.0462,0.5517000000000001,0.052325901807804484,0.5517 ± 0.0523,0.65465,0.03712310601229374,0.6546 ± 0.0371,1.0,0.0,1.0000 ± 0.0000,0.7872,0.021496046148071032,0.7872 ± 0.0215,0.99495,0.0027577164466275456,0.9950 ± 0.0028,0.5897,0.029415642097360434,0.5897 ± 0.0294,0.59195,0.0361331565186326,0.5919 ± 0.0361,0.8194,0.012586500705120572,0.8194 ± 0.0126,0.2351,0.020788939366884484,0.2351 ± 0.0208
Inf-Net_DP_Morph,LungInfection,True,automatic,200.0,True,both,5,0.0001,24,1.5,,training,5.427807092666626,0.12554332342158217,5.4278 ± 0.1255,548.0983419418335,2.269768287510773,548.0983 ± 2.2698,0.45430000000000004,0.023900209204105304,0.4543 ± 0.0239,0.56975,0.02736503243191936,0.5697 ± 0.0274,0.65835,0.01421284630184961,0.6583 ± 0.0142,1.0,0.0,1.0000 ± 0.0000,0.80465,0.009970205614730322,0.8046 ± 0.0100,0.99795,0.0012020815280171554,0.9980 ± 0.0012,0.60145,0.01265721138323922,0.6015 ± 0.0127,0.6032,0.019091883092036802,0.6032 ± 0.0191,0.8145,0.01046518036156085,0.8145 ± 0.0105,0.2236,0.010606601717798222,0.2236 ± 0.0106
Inf-Net_DP_Morph,LungInfection,True,automatic,200.0,True,both,9,0.0001,24,1.5,,training,5.429439067840576,0.033150350815152635,5.4294 ± 0.0332,567.3642566204071,3.550596515240955,567.3643 ± 3.5506,0.44484999999999997,0.003040559159102173,0.4448 ± 0.0030,0.55975,0.0012020815280171554,0.5597 ± 0.0012,0.65385,0.0013435028842544493,0.6539 ± 0.0013,1.0,0.0,1.0000 ± 0.0000,0.79725,0.0030405591591021333,0.7973 ± 0.0030,0.9971,0.0009899494936612145,0.9971 ± 0.0010,0.5924499999999999,0.0024748737341528794,0.5924 ± 0.0025,0.597,0.004242640687119289,0.5970 ± 0.0042,0.8157,0.0018384776310849781,0.8157 ± 0.0018,0.2307,0.0035355339059327407,0.2307 ± 0.0035
Inf-Net_DP_Morph,LungInfection,True,automatic,200.0,True,close,3,0.0001,24,1.5,,training,5.5387961864471436,0.049493549968524994,5.5388 ± 0.0495,489.0378073453903,75.40683996917551,489.0378 ± 75.4068,0.43355,0.011384419177103419,0.4335 ± 0.0114,0.5467500000000001,0.01463711037056157,0.5468 ± 0.0146,0.6607000000000001,0.019091883092036802,0.6607 ± 0.0191,1.0,0.0,1.0000 ± 0.0000,0.7781,0.03082985565973353,0.7781 ± 0.0308,0.9945999999999999,0.006081118318204346,0.9946 ± 0.0061,0.5868,0.011596551211459359,0.5868 ± 0.0116,0.5819,0.019940411229460643,0.5819 ± 0.0199,0.80995,0.01491995308303616,0.8099 ± 0.0149,0.24359999999999998,0.02107178207935913,0.2436 ± 0.0211
Inf-Net_DP_Morph,LungInfection,True,automatic,200.0,True,close,5,0.0001,24,1.5,,training,5.499526500701904,0.08052273419182135,5.4995 ± 0.0805,493.3015468120575,73.23245117995666,493.3015 ± 73.2325,0.44075,0.014354267658086945,0.4407 ± 0.0144,0.55185,0.009687362902255655,0.5518 ± 0.0097,0.6462,0.0045254833995938765,0.6462 ± 0.0045,1.0,0.0,1.0000 ± 0.0000,0.79695,0.026092240225783634,0.7970 ± 0.0261,0.9958,0.004808326112068543,0.9958 ± 0.0048,0.5941000000000001,0.013717871555019003,0.5941 ± 0.0137,0.59365,0.0224152849636136,0.5937 ± 0.0224,0.8048,0.01598061325481602,0.8048 ± 0.0160,0.2316,0.020364675298172562,0.2316 ± 0.0204
Inf-Net_DP_Morph,LungInfection,True,automatic,200.0,True,close,7,0.0001,24,1.5,,training,5.440822601318359,0.15803921797305764,5.4408 ± 0.1580,501.41898584365845,76.6886927024993,501.4190 ± 76.6887,0.44489999999999996,0.006222539674441601,0.4449 ± 0.0062,0.5588,0.015697770542341352,0.5588 ± 0.0157,0.66105,0.013930003589375023,0.6611 ± 0.0139,1.0,0.0,1.0000 ± 0.0000,0.7971,0.0028284271247461927,0.7971 ± 0.0028,0.9973,0.0028284271247461927,0.9973 ± 0.0028,0.59585,0.005444722215136444,0.5958 ± 0.0054,0.5938000000000001,0.0007071067811865482,0.5938 ± 0.0007,0.8066500000000001,0.0034648232278140937,0.8067 ± 0.0035,0.23005,0.004171930009000642,0.2301 ± 0.0042
Inf-Net_DP_Morph,LungInfection,True,automatic,200.0,True,close,9,0.0001,24,1.5,,training,5.520344018936157,0.07441683595435111,5.5203 ± 0.0744,544.144245505333,7.241675388651876,544.1442 ± 7.2417,0.42765,0.01845548698896886,0.4276 ± 0.0185,0.5399499999999999,0.012515790027001846,0.5399 ± 0.0125,0.62645,0.00021213203435601938,0.6264 ± 0.0002,1.0,0.0,1.0000 ± 0.0000,0.8039000000000001,0.013859292911256297,0.8039 ± 0.0139,0.9933000000000001,0.007919595949289324,0.9933 ± 0.0079,0.5851,0.008768124086713245,0.5851 ± 0.0088,0.59005,0.02001112190757929,0.5900 ± 0.0200,0.8015,0.012869343417595162,0.8015 ± 0.0129,0.22895,0.008131727983645285,0.2289 ± 0.0081
Inf-Net_DP_Morph,LungInfection,True,automatic,200.0,True,open,3,0.0001,24,1.5,,training,5.5527403354644775,0.010184364474172434,5.5527 ± 0.0102,491.2602585554123,51.79160772651846,491.2603 ± 51.7916,0.431,0.009192388155425127,0.4310 ± 0.0092,0.5425,0.024324473272817223,0.5425 ± 0.0243,0.6591,0.010606601717798222,0.6591 ± 0.0106,1.0,0.0,1.0000 ± 0.0000,0.7776000000000001,0.005232590180780425,0.7776 ± 0.0052,0.99685,0.004313351365237936,0.9969 ± 0.0043,0.5847,0.009475230867899793,0.5847 ± 0.0095,0.5749500000000001,0.0034648232278140937,0.5750 ± 0.0035,0.7948999999999999,0.009899494936611596,0.7949 ± 0.0099,0.24675,0.003889087296526015,0.2467 ± 0.0039
Inf-Net_DP_Morph,LungInfection,True,automatic,200.0,True,open,5,0.0001,24,1.5,,training,5.50725531578064,0.04999256865489398,5.5073 ± 0.0500,512.4885063171387,67.24052510153038,512.4885 ± 67.2405,0.4494,0.018809040379562172,0.4494 ± 0.0188,0.5519000000000001,0.016829141392239785,0.5519 ± 0.0168,0.647,0.0022627416997969383,0.6470 ± 0.0023,1.0,0.0,1.0000 ± 0.0000,0.80725,0.02326381310103744,0.8073 ± 0.0233,0.9968,0.0,0.9968 ± 0.0000,0.5961000000000001,0.013859292911256297,0.5961 ± 0.0139,0.6085,0.021071782079359072,0.6085 ± 0.0211,0.81195,0.005161879502661778,0.8119 ± 0.0052,0.223,0.01711198410471445,0.2230 ± 0.0171
Inf-Net_DP_Morph,LungInfection,True,automatic,200.0,True,open,7,0.0001,24,1.5,,training,5.5211145877838135,0.0944935715362125,5.5211 ± 0.0945,504.932839512825,43.30449650470494,504.9328 ± 43.3045,0.43765,0.028779245994292494,0.4376 ± 0.0288,0.54145,0.018172644276494312,0.5414 ± 0.0182,0.65615,0.02736503243191936,0.6562 ± 0.0274,1.0,0.0,1.0000 ± 0.0000,0.79245,0.016617009357883922,0.7924 ± 0.0166,0.9964,0.0025455844122715264,0.9964 ± 0.0025,0.58795,0.011667261889578005,0.5879 ± 0.0117,0.5896,0.02658721497261424,0.5896 ± 0.0266,0.7983,0.003959797974644701,0.7983 ± 0.0040,0.23505,0.01421284630184961,0.2351 ± 0.0142
Inf-Net_DP_Morph,LungInfection,True,automatic,200.0,True,open,9,0.0001,24,1.5,,training,5.53204870223999,0.09237712539138945,5.5320 ± 0.0924,517.1671681404114,57.90022983051426,517.1672 ± 57.9002,0.43235,0.012515790027001886,0.4324 ± 0.0125,0.5441,0.0024041630560342323,0.5441 ± 0.0024,0.66785,0.003181980515339506,0.6679 ± 0.0032,1.0,0.0,1.0000 ± 0.0000,0.7712,0.022344574285494953,0.7712 ± 0.0223,0.99455,0.007000357133746834,0.9946 ± 0.0070,0.58145,0.00841457069611993,0.5815 ± 0.0084,0.5762499999999999,0.02085965004500313,0.5762 ± 0.0209,0.79955,0.0007778174593051951,0.7995 ± 0.0008,0.2501,0.020081832585697935,0.2501 ± 0.0201
Inf-Net_DP_Morph,LungInfection,True,base,200.0,True,both,3,0.0001,24,1.5,,training,5.515041351318359,0.0011787630591526843,5.5150 ± 0.0012,537.7371590137482,7.88661371382352,537.7372 ± 7.8866,0.4361,0.00777817459305203,0.4361 ± 0.0078,0.5367999999999999,0.006646803743153521,0.5368 ± 0.0066,0.65195,0.007848885271170676,0.6520 ± 0.0078,1.0,0.0,1.0000 ± 0.0000,0.78895,0.00021213203435601938,0.7890 ± 0.0002,0.9903500000000001,0.008131727983645264,0.9904 ± 0.0081,0.5881000000000001,0.005232590180780425,0.5881 ± 0.0052,0.5885,0.004949747468305837,0.5885 ± 0.0049,0.78835,0.0013435028842544493,0.7883 ± 0.0013,0.23705,0.0031819805153394665,0.2371 ± 0.0032
Inf-Net_DP_Morph,LungInfection,True,base,200.0,True,both,5,0.0001,24,1.5,,training,5.489801406860352,0.011962961481332163,5.4898 ± 0.0120,506.6720516681671,59.881223084893854,506.6721 ± 59.8812,0.42945,0.004030508652763348,0.4294 ± 0.0040,0.5366,0.005091168824543131,0.5366 ± 0.0051,0.6455,0.005374011537017719,0.6455 ± 0.0054,1.0,0.0,1.0000 ± 0.0000,0.788,0.0029698484809834867,0.7880 ± 0.0030,0.99875,0.0007778174593051951,0.9988 ± 0.0008,0.58385,0.0028991378028648397,0.5838 ± 0.0029,0.5822,0.004101219330881916,0.5822 ± 0.0041,0.8073,0.0031112698372207804,0.8073 ± 0.0031,0.2394,0.003818376618407368,0.2394 ± 0.0038
Inf-Net_DP_Morph,LungInfection,True,base,200.0,True,both,7,0.0001,24,1.5,,training,5.48137640953064,0.07789108497080113,5.4814 ± 0.0779,506.91260600090027,80.6037741521381,506.9126 ± 80.6038,0.44325000000000003,0.029062088706767082,0.4433 ± 0.0291,0.5524,0.028142849891224633,0.5524 ± 0.0281,0.63775,0.007848885271170676,0.6378 ± 0.0078,1.0,0.0,1.0000 ± 0.0000,0.80105,0.03443610024378492,0.8011 ± 0.0344,0.99315,0.0023334523779155853,0.9931 ± 0.0023,0.5922499999999999,0.019869700551341917,0.5922 ± 0.0199,0.60175,0.03471894295625943,0.6018 ± 0.0347,0.815,0.013435028842544414,0.8150 ± 0.0134,0.22815000000000002,0.026657925650732828,0.2282 ± 0.0267
Inf-Net_DP_Morph,LungInfection,True,base,200.0,True,both,9,0.0001,24,1.5,,training,5.490602493286133,0.18061509308422102,5.4906 ± 0.1806,560.404069185257,8.787141486545838,560.4041 ± 8.7871,0.4405,0.04002224381515858,0.4405 ± 0.0400,0.5468999999999999,0.04723473298326143,0.5469 ± 0.0472,0.65635,0.02708218971944477,0.6563 ± 0.0271,1.0,0.0,1.0000 ± 0.0000,0.7836000000000001,0.026587214972614164,0.7836 ± 0.0266,0.9964500000000001,0.004454772721475308,0.9965 ± 0.0045,0.5854999999999999,0.02800142853498726,0.5855 ± 0.0280,0.5908,0.037193816690412385,0.5908 ± 0.0372,0.806,0.021920310216782993,0.8060 ± 0.0219,0.24175000000000002,0.02849640328181789,0.2418 ± 0.0285
Inf-Net_DP_Morph,LungInfection,True,base,200.0,True,close,3,0.0001,24,1.5,,training,5.410668849945068,0.09451683659659052,5.4107 ± 0.0945,488.4212404489517,83.32999162891005,488.4212 ± 83.3300,0.4518,0.007071067811865481,0.4518 ± 0.0071,0.562,0.010040916292849046,0.5620 ± 0.0100,0.64725,0.011950104602052593,0.6472 ± 0.0120,1.0,0.0,1.0000 ± 0.0000,0.81305,0.019445436482630033,0.8131 ± 0.0194,0.99675,0.0026162950903902515,0.9968 ± 0.0026,0.6023499999999999,0.007566042558696089,0.6023 ± 0.0076,0.6073999999999999,0.010323759005323634,0.6074 ± 0.0103,0.8101499999999999,0.012091525958289965,0.8101 ± 0.0121,0.21835,0.013364318164425749,0.2183 ± 0.0134
Inf-Net_DP_Morph,LungInfection,True,base,200.0,True,close,5,0.0001,24,1.5,,training,5.422744512557983,0.10353794805186228,5.4227 ± 0.1035,484.6235717535019,66.91756003912502,484.6236 ± 66.9176,0.43665,0.04419417382415922,0.4366 ± 0.0442,0.5499,0.04285067093990485,0.5499 ± 0.0429,0.6473,0.031536962440920004,0.6473 ± 0.0315,1.0,0.0,1.0000 ± 0.0000,0.7979499999999999,0.016051323932934666,0.7979 ± 0.0161,0.99915,0.0004949747468306073,0.9991 ± 0.0005,0.5897,0.018950461735799427,0.5897 ± 0.0190,0.5904,0.03634528855298854,0.5904 ± 0.0363,0.80165,0.03443610024378484,0.8016 ± 0.0344,0.23105,0.015627059864222706,0.2311 ± 0.0156
Inf-Net_DP_Morph,LungInfection,True,base,200.0,True,close,7,0.0001,24,1.5,,training,5.556376695632935,0.2175171877664194,5.5564 ± 0.2175,533.5741844177246,1.3832056201614482,533.5742 ± 1.3832,0.4205,0.03818376618407356,0.4205 ± 0.0382,0.536,0.02460731598529189,0.5360 ± 0.0246,0.6416999999999999,0.0217788888605457,0.6417 ± 0.0218,1.0,0.0,1.0000 ± 0.0000,0.78085,0.03684026329981907,0.7809 ± 0.0368,0.9979,0.0022627416997970167,0.9979 ± 0.0023,0.58005,0.025243712088359713,0.5800 ± 0.0252,0.57485,0.040092954493277225,0.5748 ± 0.0401,0.8049999999999999,0.017677669529663705,0.8050 ± 0.0177,0.24525,0.03174909447527598,0.2452 ± 0.0317
Inf-Net_DP_Morph,LungInfection,True,base,200.0,True,close,9,0.0001,24,1.5,,training,5.3618364334106445,0.054139481373577866,5.3618 ± 0.0541,550.2545169591904,7.799452513816445,550.2545 ± 7.7995,0.46140000000000003,0.026587214972614202,0.4614 ± 0.0266,0.57745,0.02934493141924171,0.5775 ± 0.0293,0.6479,0.0045254833995938765,0.6479 ± 0.0045,1.0,0.0,1.0000 ± 0.0000,0.81385,0.022132442251138935,0.8138 ± 0.0221,0.9901500000000001,0.0033234018715768,0.9902 ± 0.0033,0.60705,0.016051323932934587,0.6070 ± 0.0161,0.61595,0.024819448019647753,0.6159 ± 0.0248,0.8209500000000001,0.01378858223313765,0.8210 ± 0.0138,0.21465,0.015627059864222706,0.2147 ± 0.0156
Inf-Net_DP_Morph,LungInfection,True,base,200.0,True,open,3,0.0001,24,1.5,,training,5.4469709396362305,0.11786079587501642,5.4470 ± 0.1179,520.8973633050919,20.80781768211702,520.8974 ± 20.8078,0.45055,0.016617009357883843,0.4506 ± 0.0166,0.55575,0.01223294731452726,0.5557 ± 0.0122,0.6467,0.0029698484809835652,0.6467 ± 0.0030,1.0,0.0,1.0000 ± 0.0000,0.812,0.011030865786510104,0.8120 ± 0.0110,0.9985999999999999,0.000989949493661136,0.9986 ± 0.0010,0.5984,0.00777817459305203,0.5984 ± 0.0078,0.6072500000000001,0.016051323932934666,0.6073 ± 0.0161,0.8027,0.00028284271247458785,0.8027 ± 0.0003,0.22144999999999998,0.007990306627407991,0.2214 ± 0.0080
Inf-Net_DP_Morph,LungInfection,True,base,200.0,True,open,5,0.0001,24,1.5,,training,5.480806589126587,0.03208926175704237,5.4808 ± 0.0321,490.23159205913544,43.518431547522724,490.2316 ± 43.5184,0.4364,0.0,0.4364 ± 0.0000,0.5471,0.005515432893255091,0.5471 ± 0.0055,0.6606000000000001,0.005374011537017719,0.6606 ± 0.0054,1.0,0.0,1.0000 ± 0.0000,0.78095,0.006293250352560286,0.7810 ± 0.0063,0.9892000000000001,0.006788225099390815,0.9892 ± 0.0068,0.58665,0.005727564927611032,0.5867 ± 0.0057,0.58465,0.0006363961030678226,0.5847 ± 0.0006,0.80245,0.005868986283848326,0.8024 ± 0.0059,0.24125000000000002,0.003464823227814074,0.2413 ± 0.0035
Inf-Net_DP_Morph,LungInfection,True,base,200.0,True,open,7,0.0001,24,1.5,,training,5.3569557666778564,0.11954498394151175,5.3570 ± 0.1195,509.7060376405716,58.57540733938072,509.7060 ± 58.5754,0.4561,0.0,0.4561 ± 0.0000,0.5617,0.005374011537017797,0.5617 ± 0.0054,0.6558999999999999,0.0018384776310850566,0.6559 ± 0.0018,1.0,0.0,1.0000 ± 0.0000,0.8091,0.007071067811865481,0.8091 ± 0.0071,0.9988,0.0014142135623730963,0.9988 ± 0.0014,0.59825,0.0047376154339498966,0.5982 ± 0.0047,0.6112,0.0011313708498984299,0.6112 ± 0.0011,0.81925,7.071067811864696e-05,0.8193 ± 0.0001,0.2208,0.006363961030678933,0.2208 ± 0.0064
Inf-Net_DP_Morph,LungInfection,True,base,200.0,True,open,9,0.0001,24,1.5,,training,5.434354305267334,0.0449164022202419,5.4344 ± 0.0449,513.4137691259384,52.44028852325048,513.4138 ± 52.4403,0.44599999999999995,0.006081118318204307,0.4460 ± 0.0061,0.55025,0.0071417784899841285,0.5503 ± 0.0071,0.66295,0.0014849242404917434,0.6630 ± 0.0015,1.0,0.0,1.0000 ± 0.0000,0.79695,0.010818733752154164,0.7970 ± 0.0108,0.996,0.0036769552621701133,0.9960 ± 0.0037,0.5945,0.004666904755831249,0.5945 ± 0.0047,0.5959,0.008768124086713167,0.5959 ± 0.0088,0.7923,0.0012727922061358025,0.7923 ± 0.0013,0.23075,0.0058689862838483455,0.2308 ± 0.0059
Inf-Net_DP_Morph,LungInfection,True,nsgd,200.0,True,both,3,0.0001,24,1.5,,training,5.876922607421875,0.08100084804132894,5.8769 ± 0.0810,536.8945509195328,11.062839498467307,536.8946 ± 11.0628,0.38935,0.015627059864222668,0.3893 ± 0.0156,0.5016,0.01357645019878171,0.5016 ± 0.0136,0.66785,0.004030508652763269,0.6679 ± 0.0040,1.0,0.0,1.0000 ± 0.0000,0.7142999999999999,0.017819090885900998,0.7143 ± 0.0178,0.9978,0.0016970562748476843,0.9978 ± 0.0017,0.5465,0.008485281374238578,0.5465 ± 0.0085,0.5217,0.015839191898578724,0.5217 ± 0.0158,0.7697,0.011313708498984693,0.7697 ± 0.0113,0.2982,0.01131370849898477,0.2982 ± 0.0113
Inf-Net_DP_Morph,LungInfection,True,nsgd,200.0,True,both,5,0.0001,24,1.5,,training,5.811690330505371,0.1420921991956877,5.8117 ± 0.1421,540.262045621872,17.10604429877759,540.2620 ± 17.1060,0.3958,0.013435028842544414,0.3958 ± 0.0134,0.5155,0.009899494936611674,0.5155 ± 0.0099,0.6685000000000001,0.005091168824543131,0.6685 ± 0.0051,1.0,0.0,1.0000 ± 0.0000,0.7253499999999999,0.0255265548008343,0.7253 ± 0.0255,0.99865,0.0014849242404917434,0.9987 ± 0.0015,0.5545,0.015414927829866766,0.5545 ± 0.0154,0.52925,0.021142492757477798,0.5292 ± 0.0211,0.78325,0.005444722215136444,0.7833 ± 0.0054,0.28755,0.0219910208949016,0.2875 ± 0.0220
Inf-Net_DP_Morph,LungInfection,True,nsgd,200.0,True,both,7,0.0001,24,1.5,,training,5.735344171524048,0.12190992790515504,5.7353 ± 0.1219,550.8410614728928,15.000427365210927,550.8411 ± 15.0004,0.40735,0.02001112190757929,0.4073 ± 0.0200,0.522,0.021071782079359152,0.5220 ± 0.0211,0.6517,0.006646803743153521,0.6517 ± 0.0066,1.0,0.0,1.0000 ± 0.0000,0.7477,0.03747665940288705,0.7477 ± 0.0375,0.9976499999999999,0.0004949747468306073,0.9976 ± 0.0005,0.56055,0.018031222920257016,0.5605 ± 0.0180,0.5504,0.030547012947258787,0.5504 ± 0.0305,0.7945500000000001,0.006434671708797581,0.7946 ± 0.0064,0.27285000000000004,0.02934493141924175,0.2729 ± 0.0293
Inf-Net_DP_Morph,LungInfection,True,nsgd,200.0,True,close,3,0.0001,24,1.5,,training,5.807567596435547,0.010625051922202342,5.8076 ± 0.0106,470.3668464422226,75.17634054054338,470.3668 ± 75.1763,0.39525,0.012091525958289965,0.3952 ± 0.0121,0.5055000000000001,0.0072124891681028536,0.5055 ± 0.0072,0.66455,0.026799347006970183,0.6645 ± 0.0268,1.0,0.0,1.0000 ± 0.0000,0.72095,0.0010606601717798615,0.7209 ± 0.0011,0.9926,0.004101219330881995,0.9926 ± 0.0041,0.547,0.005798275605729679,0.5470 ± 0.0058,0.531,0.005374011537017797,0.5310 ± 0.0054,0.7768999999999999,0.003252691193458153,0.7769 ± 0.0033,0.2928,0.0028284271247461927,0.2928 ± 0.0028
Inf-Net_DP_Morph,LungInfection,True,nsgd,200.0,True,close,5,0.0001,24,1.5,,training,5.773508310317993,0.017698641801482708,5.7735 ± 0.0177,531.0601785182953,16.415384566579146,531.0602 ± 16.4154,0.3983,0.017394826817189075,0.3983 ± 0.0174,0.5088,0.015697770542341394,0.5088 ± 0.0157,0.66635,0.00601040764008562,0.6663 ± 0.0060,1.0,0.0,1.0000 ± 0.0000,0.7333,0.0072124891681027755,0.7333 ± 0.0072,0.99415,0.004030508652763348,0.9941 ± 0.0040,0.5549999999999999,0.0035355339059327407,0.5550 ± 0.0035,0.5371,0.014142135623730963,0.5371 ± 0.0141,0.7775,0.00014142135623729392,0.7775 ± 0.0001,0.28075,0.0036062445840513878,0.2807 ± 0.0036
Inf-Net_DP_Morph,LungInfection,True,nsgd,200.0,True,close,7,0.0001,24,1.5,,training,5.77370023727417,0.03658009275957515,5.7737 ± 0.0366,503.8374170064926,38.73888721484498,503.8374 ± 38.7389,0.40435,0.022980970388562776,0.4043 ± 0.0230,0.51395,0.021001071401240502,0.5140 ± 0.0210,0.6596,0.003959797974644622,0.6596 ± 0.0040,1.0,0.0,1.0000 ± 0.0000,0.7448,0.020364675298172524,0.7448 ± 0.0204,0.9982,0.0024041630560342323,0.9982 ± 0.0024,0.56105,0.007424621202458795,0.5611 ± 0.0074,0.546,0.025597265478953028,0.5460 ± 0.0256,0.77695,0.021001071401240426,0.7770 ± 0.0210,0.2751,0.013576450198781708,0.2751 ± 0.0136
Inf-Net_DP_Morph,LungInfection,True,nsgd,200.0,True,close,9,0.0001,24,1.5,,training,5.756865501403809,0.048133724048169506,5.7569 ± 0.0481,512.7989053726196,47.82430279123938,512.7989 ± 47.8243,0.38315,0.03019345955666559,0.3831 ± 0.0302,0.49305,0.041790010768124906,0.4930 ± 0.0418,0.6364,0.03436538956566619,0.6364 ± 0.0344,1.0,0.0,1.0000 ± 0.0000,0.73765,0.004030508652763348,0.7377 ± 0.0040,0.9958,0.003959797974644701,0.9958 ± 0.0040,0.55205,0.011384419177103419,0.5521 ± 0.0114,0.53145,0.013930003589375023,0.5314 ± 0.0139,0.7671,0.02418305191657993,0.7671 ± 0.0242,0.28095000000000003,0.000636396103067862,0.2810 ± 0.0006
Inf-Net_DP_Morph,LungInfection,True,nsgd,200.0,True,open,3,0.0001,24,1.5,,training,5.791605472564697,0.034387782287432486,5.7916 ± 0.0344,486.4397529363632,98.13470639413802,486.4398 ± 98.1347,0.41035,0.009121677477306479,0.4103 ± 0.0091,0.5262,0.006081118318204267,0.5262 ± 0.0061,0.6711499999999999,0.006576093065034874,0.6711 ± 0.0066,1.0,0.0,1.0000 ± 0.0000,0.7335,0.010040916292848968,0.7335 ± 0.0100,0.9964500000000001,0.0007778174593051951,0.9965 ± 0.0008,0.55825,0.005444722215136444,0.5583 ± 0.0054,0.5463,0.008343860018001284,0.5463 ± 0.0083,0.8038000000000001,0.000989949493661136,0.8038 ± 0.0010,0.27995000000000003,0.005161879502661817,0.2800 ± 0.0052
Inf-Net_DP_Morph,LungInfection,True,nsgd,200.0,True,open,5,0.0001,24,1.5,,training,5.660324335098267,0.06009095355810419,5.6603 ± 0.0601,537.494127035141,26.600997936166657,537.4941 ± 26.6010,0.43374999999999997,0.0003535533905932741,0.4337 ± 0.0004,0.5429,0.012869343417595162,0.5429 ± 0.0129,0.66155,0.00685893577750954,0.6615 ± 0.0069,1.0,0.0,1.0000 ± 0.0000,0.7784,0.011596551211459359,0.7784 ± 0.0116,0.9981,0.0022627416997969383,0.9981 ± 0.0023,0.5810500000000001,0.008697413408594597,0.5811 ± 0.0087,0.5803,0.004666904755831249,0.5803 ± 0.0047,0.79315,0.00487903679018719,0.7932 ± 0.0049,0.24755000000000002,0.011667261889578045,0.2476 ± 0.0117
Inf-Net_DP_Morph,LungInfection,True,nsgd,200.0,True,open,7,0.0001,24,1.5,,training,5.6643359661102295,0.10985255748315846,5.6643 ± 0.1099,499.26143169403076,42.45105670842554,499.2614 ± 42.4511,0.4249,0.010040916292848968,0.4249 ± 0.0100,0.5378000000000001,0.007353910524340148,0.5378 ± 0.0074,0.68425,0.0036062445840513878,0.6843 ± 0.0036,1.0,0.0,1.0000 ± 0.0000,0.74815,0.016051323932934587,0.7481 ± 0.0161,0.9984999999999999,0.001272792206135724,0.9985 ± 0.0013,0.5679000000000001,0.005232590180780425,0.5679 ± 0.0052,0.56065,0.011242997820866124,0.5606 ± 0.0112,0.7902,0.0009899494936612145,0.7902 ± 0.0010,0.26875,0.010111626970967616,0.2687 ± 0.0101
Inf-Net_DP_Morph,LungInfection,True,nsgd,200.0,True,open,9,0.0001,24,1.5,,training,5.83629584312439,0.12076285927608253,5.8363 ± 0.1208,509.1175775527954,55.64505986262851,509.1176 ± 55.6451,0.38475000000000004,0.009687362902255693,0.3848 ± 0.0097,0.5008,0.007778174593051991,0.5008 ± 0.0078,0.6678,0.0038183766184073284,0.6678 ± 0.0038,1.0,0.0,1.0000 ± 0.0000,0.7073499999999999,0.01930401512639274,0.7073 ± 0.0193,0.99425,0.005727564927611032,0.9942 ± 0.0057,0.5437000000000001,0.004949747468305837,0.5437 ± 0.0049,0.51975,0.015768481220460002,0.5198 ± 0.0158,0.7899,0.02064751801064719,0.7899 ± 0.0206,0.30035,0.01378858223313765,0.3004 ± 0.0138
Inf-Net_DP_Morph,LungInfection,True,psac,200.0,True,both,3,0.0001,24,1.5,,training,5.467387676239014,0.07194433323330865,5.4674 ± 0.0719,531.9256533384323,10.595706420283358,531.9257 ± 10.5957,0.4417,0.006788225099390855,0.4417 ± 0.0068,0.55505,0.016334166645409254,0.5551 ± 0.0163,0.65905,0.009828784258493027,0.6591 ± 0.0098,1.0,0.0,1.0000 ± 0.0000,0.78685,0.006576093065034874,0.7869 ± 0.0066,0.9944500000000001,0.001202081528017077,0.9945 ± 0.0012,0.5889,0.00975807358037438,0.5889 ± 0.0098,0.5900000000000001,0.005091168824543131,0.5900 ± 0.0051,0.81105,0.009404520189781067,0.8111 ± 0.0094,0.2363,0.0057982756057296985,0.2363 ± 0.0058
Inf-Net_DP_Morph,LungInfection,True,psac,200.0,True,both,5,0.0001,24,1.5,,training,5.389520168304443,0.0819934906174575,5.3895 ± 0.0820,533.9596152305603,2.8172592214151675,533.9596 ± 2.8173,0.46225,0.006151828996322993,0.4622 ± 0.0062,0.578,0.0015556349186103902,0.5780 ± 0.0016,0.6683,0.014142135623730963,0.6683 ± 0.0141,1.0,0.0,1.0000 ± 0.0000,0.8055,0.01244507934888328,0.8055 ± 0.0124,0.99205,0.004030508652763348,0.9920 ± 0.0040,0.608,0.007495331880577363,0.6080 ± 0.0075,0.6104499999999999,0.013364318164425768,0.6104 ± 0.0134,0.8223,0.0011313708498985084,0.8223 ± 0.0011,0.21975,0.010677312395916868,0.2198 ± 0.0107
Inf-Net_DP_Morph,LungInfection,True,psac,200.0,True,both,7,0.0001,24,1.5,,training,5.465689182281494,0.10619454820720095,5.4657 ± 0.1062,540.8777035474777,7.20799668494379,540.8777 ± 7.2080,0.45055,0.013364318164425768,0.4506 ± 0.0134,0.5607,0.00777817459305203,0.5607 ± 0.0078,0.6649,0.0024041630560342323,0.6649 ± 0.0024,1.0,0.0,1.0000 ± 0.0000,0.7917000000000001,0.01880904037956221,0.7917 ± 0.0188,0.9976,0.0015556349186103902,0.9976 ± 0.0016,0.592,0.004101219330881995,0.5920 ± 0.0041,0.5983499999999999,0.018314065632731524,0.5983 ± 0.0183,0.81285,0.005727564927611032,0.8128 ± 0.0057,0.23504999999999998,0.013647160876900375,0.2350 ± 0.0136
Inf-Net_DP_Morph,LungInfection,True,psac,200.0,True,both,9,0.0001,24,1.5,,training,5.384518146514893,0.097133987301723,5.3845 ± 0.0971,561.0973440408707,17.18880536780013,561.0973 ± 17.1888,0.44875,0.009970205614730322,0.4487 ± 0.0100,0.5549999999999999,0.010323759005323634,0.5550 ± 0.0103,0.66,0.018243354954612958,0.6600 ± 0.0182,1.0,0.0,1.0000 ± 0.0000,0.8036,0.00014142135623729392,0.8036 ± 0.0001,0.9977,0.0022627416997969383,0.9977 ± 0.0023,0.5966,0.005091168824543131,0.5966 ± 0.0051,0.60375,0.0009192388155425676,0.6038 ± 0.0009,0.8085500000000001,0.009263098833543773,0.8086 ± 0.0093,0.22375,0.0010606601717798223,0.2238 ± 0.0011
Inf-Net_DP_Morph,LungInfection,True,psac,200.0,True,close,3,0.0001,24,1.5,,training,5.479284286499023,0.019163666255721384,5.4793 ± 0.0192,474.6218411922455,72.66770397757271,474.6218 ± 72.6677,0.4541,0.013717871555019003,0.4541 ± 0.0137,0.55755,0.014637110370561491,0.5575 ± 0.0146,0.6657,0.004949747468305837,0.6657 ± 0.0049,1.0,0.0,1.0000 ± 0.0000,0.8020499999999999,0.00487903679018719,0.8020 ± 0.0049,0.9984,0.000989949493661136,0.9984 ± 0.0010,0.59735,0.005727564927611032,0.5974 ± 0.0057,0.6053,0.013859292911256297,0.6053 ± 0.0139,0.80985,0.020718228688765838,0.8098 ± 0.0207,0.22599999999999998,0.005232590180780444,0.2260 ± 0.0052
Inf-Net_DP_Morph,LungInfection,True,psac,200.0,True,close,5,0.0001,24,1.5,,training,5.530831575393677,0.03484735152359527,5.5308 ± 0.0348,537.5976052284241,13.381315887277756,537.5976 ± 13.3813,0.4224,0.005515432893255091,0.4224 ± 0.0055,0.5305,0.007495331880577442,0.5305 ± 0.0075,0.63165,0.012798632739476514,0.6317 ± 0.0128,1.0,0.0,1.0000 ± 0.0000,0.79045,0.011808683245815299,0.7904 ± 0.0118,0.9934000000000001,0.000989949493661136,0.9934 ± 0.0010,0.58145,0.003889087296526054,0.5815 ± 0.0039,0.5826,0.008343860018001284,0.5826 ± 0.0083,0.8003,0.0033941125496953686,0.8003 ± 0.0034,0.23695,0.009404520189781086,0.2369 ± 0.0094
Inf-Net_DP_Morph,LungInfection,True,psac,200.0,True,close,7,0.0001,24,1.5,,training,5.495869874954224,0.05559101883629368,5.4959 ± 0.0556,541.8591237068176,8.429403756832404,541.8591 ± 8.4294,0.43385,0.023405234457274736,0.4339 ± 0.0234,0.5379499999999999,0.0320319371877506,0.5379 ± 0.0320,0.6348,0.008061017305526618,0.6348 ± 0.0081,1.0,0.0,1.0000 ± 0.0000,0.7942,0.013152186130069748,0.7942 ± 0.0132,0.9919,0.002545584412271605,0.9919 ± 0.0025,0.5885,0.010606601717798222,0.5885 ± 0.0106,0.5943,0.016546298679765196,0.5943 ± 0.0165,0.7968500000000001,0.021425335469952466,0.7969 ± 0.0214,0.23245,0.00912167747730646,0.2324 ± 0.0091
Inf-Net_DP_Morph,LungInfection,True,psac,200.0,True,close,9,0.0001,24,1.5,,training,5.451519966125488,0.13195133026917852,5.4515 ± 0.1320,519.2428123950958,56.28496467397619,519.2428 ± 56.2850,0.44420000000000004,0.026587214972614202,0.4442 ± 0.0266,0.5488999999999999,0.035213917703090035,0.5489 ± 0.0352,0.6513,0.008343860018001284,0.6513 ± 0.0083,1.0,0.0,1.0000 ± 0.0000,0.8027500000000001,0.023405234457274736,0.8028 ± 0.0234,0.9968,0.0016970562748476843,0.9968 ± 0.0017,0.59465,0.022698127676088187,0.5947 ± 0.0227,0.5985,0.02489015869776648,0.5985 ± 0.0249,0.80625,0.02694076836320748,0.8063 ± 0.0269,0.2263,0.021496046148071032,0.2263 ± 0.0215
Inf-Net_DP_Morph,LungInfection,True,psac,200.0,True,open,3,0.0001,24,1.5,,training,5.509679079055786,0.19799004708914006,5.5097 ± 0.1980,482.4385269880295,92.81902346549599,482.4385 ± 92.8190,0.44284999999999997,0.03768879143724295,0.4428 ± 0.0377,0.5520499999999999,0.025950818869546338,0.5520 ± 0.0260,0.65465,0.00021213203435601938,0.6546 ± 0.0002,1.0,0.0,1.0000 ± 0.0000,0.7950999999999999,0.03931513703397203,0.7951 ± 0.0393,0.9936499999999999,0.0017677669529664096,0.9936 ± 0.0018,0.59195,0.023546655813512028,0.5919 ± 0.0235,0.5942000000000001,0.04327493500861673,0.5942 ± 0.0433,0.80455,7.071067811864696e-05,0.8045 ± 0.0001,0.232,0.02955706345359769,0.2320 ± 0.0296
Inf-Net_DP_Morph,LungInfection,True,psac,200.0,True,open,5,0.0001,24,1.5,,training,5.488192319869995,0.03008307176792381,5.4882 ± 0.0301,536.3477463722229,13.90907535258329,536.3477 ± 13.9091,0.43820000000000003,0.017253405460951783,0.4382 ± 0.0173,0.54545,0.012091525958289965,0.5454 ± 0.0121,0.6442,0.009475230867899793,0.6442 ± 0.0095,1.0,0.0,1.0000 ± 0.0000,0.8009,0.020930360723121776,0.8009 ± 0.0209,0.9981500000000001,0.002192031021678291,0.9982 ± 0.0022,0.59135,0.006151828996322992,0.5914 ± 0.0062,0.593,0.019657568516986055,0.5930 ± 0.0197,0.80855,0.0016263455967290372,0.8085 ± 0.0016,0.22985,0.01223294731452726,0.2298 ± 0.0122
Inf-Net_DP_Morph,LungInfection,True,psac,200.0,True,open,7,0.0001,24,1.5,,training,5.525079727172852,0.01534482460584567,5.5251 ± 0.0153,505.0178961753845,69.53845085559435,505.0179 ± 69.5385,0.4424,0.004808326112068504,0.4424 ± 0.0048,0.55025,0.0016263455967290372,0.5503 ± 0.0016,0.65675,0.012515790027001846,0.6567 ± 0.0125,1.0,0.0,1.0000 ± 0.0000,0.7960499999999999,0.009545941546018361,0.7960 ± 0.0095,0.9946,0.004101219330881995,0.9946 ± 0.0041,0.59435,0.005586143571373738,0.5944 ± 0.0056,0.5939000000000001,0.0007071067811865482,0.5939 ± 0.0007,0.80445,0.006717514421272247,0.8044 ± 0.0067,0.2309,0.007495331880577403,0.2309 ± 0.0075
Inf-Net_DP_Morph,LungInfection,True,automatic,200.0,True,both,3,0.0001,24,2.0,,training,5.474139213562012,0.0706772303796765,5.4741 ± 0.0707,534.6438219547272,12.291151235666367,534.6438 ± 12.2912,0.4273,0.03040559159102153,0.4273 ± 0.0304,0.53,0.029415642097360355,0.5300 ± 0.0294,0.6346,0.03167838379715737,0.6346 ± 0.0317,1.0,0.0,1.0000 ± 0.0000,0.79335,0.015202795795510824,0.7933 ± 0.0152,0.9981,0.0009899494936612145,0.9981 ± 0.0010,0.5828,0.017394826817189037,0.5828 ± 0.0174,0.58465,0.02425376259469858,0.5847 ± 0.0243,0.8027500000000001,0.016617009357883843,0.8028 ± 0.0166,0.2367,0.015273506473629432,0.2367 ± 0.0153
Inf-Net_DP_Morph,LungInfection,True,automatic,200.0,True,both,5,0.0001,24,2.0,,training,5.455617189407349,0.07820600622287453,5.4556 ± 0.0782,543.2663493156433,10.138998280784884,543.2663 ± 10.1390,0.4461,0.022344574285494873,0.4461 ± 0.0223,0.55375,0.006010407640085699,0.5537 ± 0.0060,0.6596500000000001,0.0034648232278140937,0.6597 ± 0.0035,1.0,0.0,1.0000 ± 0.0000,0.7924,0.02064751801064719,0.7924 ± 0.0206,0.995,0.0029698484809834867,0.9950 ± 0.0030,0.59465,0.00841457069611993,0.5947 ± 0.0084,0.59725,0.02708218971944477,0.5972 ± 0.0271,0.8049,0.003676955262170035,0.8049 ± 0.0037,0.23155,0.01647558800164655,0.2316 ± 0.0165
Inf-Net_DP_Morph,LungInfection,True,automatic,200.0,True,close,3,0.0001,24,2.0,,training,5.513735294342041,0.10200346559127765,5.5137 ± 0.1020,531.070049405098,21.4494616410217,531.0700 ± 21.4495,0.44375,0.010535891039679536,0.4437 ± 0.0105,0.5557,0.007071067811865481,0.5557 ± 0.0071,0.6593500000000001,0.015061374439273452,0.6594 ± 0.0151,1.0,0.0,1.0000 ± 0.0000,0.7884,0.02064751801064719,0.7884 ± 0.0206,0.995,0.0016970562748476843,0.9950 ± 0.0017,0.5917,0.007919595949289402,0.5917 ± 0.0079,0.5887,0.013293607486307042,0.5887 ± 0.0133,0.7975000000000001,0.0008485281374238421,0.7975 ± 0.0008,0.2372,0.012162236636408611,0.2372 ± 0.0122
Inf-Net_DP_Morph,LungInfection,True,automatic,200.0,True,close,5,0.0001,24,2.0,,training,5.418962240219116,0.02225454753811631,5.4190 ± 0.0223,477.55891263484955,70.74894964873873,477.5589 ± 70.7489,0.4522,0.004242640687119289,0.4522 ± 0.0042,0.5600499999999999,0.006434671708797581,0.5600 ± 0.0064,0.6523,0.0028284271247461927,0.6523 ± 0.0028,1.0,0.0,1.0000 ± 0.0000,0.80575,0.004030508652763348,0.8057 ± 0.0040,0.996,0.0032526911934580745,0.9960 ± 0.0033,0.59585,0.00685893577750954,0.5958 ± 0.0069,0.60485,0.0037476659402887603,0.6048 ± 0.0037,0.80635,0.008273149339882636,0.8064 ± 0.0083,0.2247,0.002687005768508879,0.2247 ± 0.0027
Inf-Net_DP_Morph,LungInfection,True,automatic,200.0,True,close,7,0.0001,24,2.0,,training,5.374121427536011,0.01290806241234045,5.3741 ± 0.0129,529.2590752840042,34.668878670527164,529.2591 ± 34.6689,0.43975,0.010818733752154202,0.4397 ± 0.0108,0.5450999999999999,0.007495331880577442,0.5451 ± 0.0075,0.65105,0.008273149339882636,0.6511 ± 0.0083,1.0,0.0,1.0000 ± 0.0000,0.79895,0.0006363961030679012,0.7990 ± 0.0006,0.9957,0.004949747468305837,0.9957 ± 0.0049,0.5928500000000001,0.007848885271170676,0.5929 ± 0.0078,0.59625,0.006010407640085699,0.5962 ± 0.0060,0.8085,0.008909545442950459,0.8085 ± 0.0089,0.22855,0.0006363961030679012,0.2286 ± 0.0006
Inf-Net_DP_Morph,LungInfection,True,automatic,200.0,True,open,3,0.0001,24,2.0,,training,5.3903913497924805,0.0781132831561512,5.3904 ± 0.0781,536.5938649177551,13.478648470529661,536.5939 ± 13.4786,0.47345,0.012940054095713808,0.4734 ± 0.0129,0.5853999999999999,0.012020815280171319,0.5854 ± 0.0120,0.6639999999999999,0.0033941125496954466,0.6640 ± 0.0034,1.0,0.0,1.0000 ± 0.0000,0.8222499999999999,0.0009192388155424891,0.8222 ± 0.0009,0.99335,0.009263098833543773,0.9933 ± 0.0093,0.6138,0.008343860018001284,0.6138 ± 0.0083,0.6252,0.012162236636408613,0.6252 ± 0.0122,0.82455,0.0044547727214752295,0.8246 ± 0.0045,0.2081,0.004949747468305837,0.2081 ± 0.0049
Inf-Net_DP_Morph,LungInfection,True,automatic,200.0,True,open,5,0.0001,24,2.0,,training,5.44598913192749,0.011556328686899056,5.4460 ± 0.0116,537.3721675872803,14.758163739635032,537.3722 ± 14.7582,0.44089999999999996,0.0002828427124746271,0.4409 ± 0.0003,0.54955,0.0030405591591021333,0.5495 ± 0.0030,0.6486000000000001,0.00268700576850882,0.6486 ± 0.0027,1.0,0.0,1.0000 ± 0.0000,0.7984,0.008061017305526696,0.7984 ± 0.0081,0.99855,0.00021213203435601938,0.9986 ± 0.0002,0.59125,0.005727564927611032,0.5913 ± 0.0057,0.5943,0.00014142135623737242,0.5943 ± 0.0001,0.80235,0.0004949747468305288,0.8024 ± 0.0005,0.23154999999999998,0.006293250352560266,0.2315 ± 0.0063
Inf-Net_DP_Morph,LungInfection,True,automatic,200.0,True,open,7,0.0001,24,2.0,,training,5.45362401008606,0.03936616803353929,5.4536 ± 0.0394,527.2105475664139,0.2258172509373668,527.2105 ± 0.2258,0.4515,0.011455129855222065,0.4515 ± 0.0115,0.5650999999999999,0.008061017305526618,0.5651 ± 0.0081,0.653,0.008909545442950459,0.6530 ± 0.0089,1.0,0.0,1.0000 ± 0.0000,0.80415,0.005868986283848326,0.8042 ± 0.0059,0.99835,0.0014849242404917434,0.9983 ± 0.0015,0.5989500000000001,0.0023334523779155853,0.5990 ± 0.0023,0.60375,0.01265721138323922,0.6038 ± 0.0127,0.8160000000000001,0.004666904755831249,0.8160 ± 0.0047,0.2252,0.0033941125496954275,0.2252 ± 0.0034
Inf-Net_DP_Morph,LungInfection,True,automatic,200.0,True,open,9,0.0001,24,2.0,,training,5.563385009765625,0.1593717327355781,5.5634 ± 0.1594,490.90252470970154,57.97202007486941,490.9025 ± 57.9720,0.4347,0.032102647865869256,0.4347 ± 0.0321,0.54155,0.032314779900225195,0.5415 ± 0.0323,0.663,0.0022627416997969383,0.6630 ± 0.0023,1.0,0.0,1.0000 ± 0.0000,0.7806,0.0329511760032931,0.7806 ± 0.0330,0.9994000000000001,0.0005656854249492542,0.9994 ± 0.0006,0.5851,0.023475945135393382,0.5851 ± 0.0235,0.5831500000000001,0.033870414818835584,0.5832 ± 0.0339,0.7946500000000001,0.013505739520663062,0.7947 ± 0.0135,0.24434999999999998,0.026799347006970144,0.2443 ± 0.0268
Inf-Net_DP_Morph,LungInfection,True,base,200.0,True,both,3,0.0001,24,2.0,,training,5.478033781051636,0.07137079891877178,5.4780 ± 0.0714,540.5051845312119,12.329732629380635,540.5052 ± 12.3297,0.43305000000000005,0.006858935777509501,0.4331 ± 0.0069,0.5505,0.005374011537017797,0.5505 ± 0.0054,0.64245,0.02580939751330897,0.6424 ± 0.0258,1.0,0.0,1.0000 ± 0.0000,0.7871999999999999,0.027860007178749965,0.7872 ± 0.0279,0.9956,0.0007071067811865482,0.9956 ± 0.0007,0.5889,0.010748023074035516,0.5889 ± 0.0107,0.58275,0.016617009357883922,0.5827 ± 0.0166,0.80745,0.012232947314527337,0.8075 ± 0.0122,0.2389,0.020506096654409896,0.2389 ± 0.0205
Inf-Net_DP_Morph,LungInfection,True,base,200.0,True,both,5,0.0001,24,2.0,,training,5.5272581577301025,0.022891133538024855,5.5273 ± 0.0229,539.442126750946,6.85762167249042,539.4421 ± 6.8576,0.445,0.00933380951166242,0.4450 ± 0.0093,0.5603,0.012303657992645907,0.5603 ± 0.0123,0.6693,0.013435028842544336,0.6693 ± 0.0134,1.0,0.0,1.0000 ± 0.0000,0.7818499999999999,0.0047376154339498966,0.7818 ± 0.0047,0.99045,0.012657211383239142,0.9905 ± 0.0127,0.5892,0.002828427124746114,0.5892 ± 0.0028,0.58935,0.0071417784899841285,0.5894 ± 0.0071,0.81425,0.015909902576697294,0.8143 ± 0.0159,0.2404,0.00311126983722082,0.2404 ± 0.0031
Inf-Net_DP_Morph,LungInfection,True,base,200.0,True,both,7,0.0001,24,2.0,,training,5.492347478866577,0.023008470364279183,5.4923 ± 0.0230,517.8075250387192,59.82930609113599,517.8075 ± 59.8293,0.4326,0.014849242404917511,0.4326 ± 0.0148,0.54535,0.010535891039679496,0.5454 ± 0.0105,0.6467499999999999,0.008273149339882558,0.6467 ± 0.0083,1.0,0.0,1.0000 ± 0.0000,0.79145,0.005727564927611032,0.7914 ± 0.0057,0.9982,0.0015556349186103902,0.9982 ± 0.0016,0.58785,0.00799030662740797,0.5878 ± 0.0080,0.586,0.012586500705120572,0.5860 ± 0.0126,0.80365,0.0004949747468306073,0.8036 ± 0.0005,0.23704999999999998,0.005586143571373719,0.2370 ± 0.0056
Inf-Net_DP_Morph,LungInfection,True,base,200.0,True,close,3,0.0001,24,2.0,,training,5.423305988311768,0.04148531157666704,5.4233 ± 0.0415,505.8819445371628,45.30759898428898,505.8819 ± 45.3076,0.4447,0.014990663761154805,0.4447 ± 0.0150,0.5619000000000001,0.0005656854249492542,0.5619 ± 0.0006,0.662,0.011172287142747477,0.6620 ± 0.0112,1.0,0.0,1.0000 ± 0.0000,0.78775,0.02750645378815673,0.7877 ± 0.0275,0.99515,0.005020458146424484,0.9951 ± 0.0050,0.5903,0.0072124891681027755,0.5903 ± 0.0072,0.5897,0.027011479041326125,0.5897 ± 0.0270,0.81345,0.0009192388155425676,0.8135 ± 0.0009,0.2375,0.017536248173426392,0.2375 ± 0.0175
Inf-Net_DP_Morph,LungInfection,True,base,200.0,True,close,5,0.0001,24,2.0,,training,5.484014511108398,0.040594495786540785,5.4840 ± 0.0406,479.5664314031601,63.617419653873505,479.5664 ± 63.6174,0.44425000000000003,0.004879036790187151,0.4443 ± 0.0049,0.55915,0.006293250352560286,0.5592 ± 0.0063,0.6475500000000001,0.007566042558696089,0.6476 ± 0.0076,1.0,0.0,1.0000 ± 0.0000,0.7993,0.009616652224137085,0.7993 ± 0.0096,0.99715,0.0012020815280171554,0.9971 ± 0.0012,0.5961000000000001,0.000989949493661136,0.5961 ± 0.0010,0.5962000000000001,0.0018384776310850566,0.5962 ± 0.0018,0.8128,0.0072124891681027755,0.8128 ± 0.0072,0.2283,0.004808326112068524,0.2283 ± 0.0048
Inf-Net_DP_Morph,LungInfection,True,base,200.0,True,close,7,0.0001,24,2.0,,training,5.43730092048645,0.08442350931520162,5.4373 ± 0.0844,498.80571031570435,75.44242657642198,498.8057 ± 75.4424,0.44094999999999995,0.006858935777509501,0.4409 ± 0.0069,0.55095,0.009970205614730322,0.5510 ± 0.0100,0.64945,0.01025304832720491,0.6494 ± 0.0103,1.0,0.0,1.0000 ± 0.0000,0.7989999999999999,0.007919595949289324,0.7990 ± 0.0079,0.9942500000000001,0.00487903679018719,0.9943 ± 0.0049,0.5937,0.0066468037431536,0.5937 ± 0.0066,0.59765,0.0028991378028648397,0.5977 ± 0.0029,0.8146,0.0026870057685088986,0.8146 ± 0.0027,0.22744999999999999,0.007141778489984148,0.2274 ± 0.0071
Inf-Net_DP_Morph,LungInfection,True,base,200.0,True,close,9,0.0001,24,2.0,,training,5.319180727005005,0.04066159356937012,5.3192 ± 0.0407,504.7219488620758,68.02017368967476,504.7219 ± 68.0202,0.4518,0.005798275605729718,0.4518 ± 0.0058,0.5581,0.0005656854249492542,0.5581 ± 0.0006,0.62955,0.012657211383239142,0.6296 ± 0.0127,1.0,0.0,1.0000 ± 0.0000,0.8250500000000001,0.016051323932934666,0.8251 ± 0.0161,0.99365,0.0072831998462214225,0.9937 ± 0.0073,0.60365,0.0027577164466275456,0.6037 ± 0.0028,0.6152,0.014849242404917511,0.6152 ± 0.0148,0.8030999999999999,0.0005656854249492542,0.8031 ± 0.0006,0.211,0.008909545442950499,0.2110 ± 0.0089
Inf-Net_DP_Morph,LungInfection,True,base,200.0,True,open,3,0.0001,24,2.0,,training,5.458595037460327,0.026112501463409505,5.4586 ± 0.0261,538.503192782402,20.080915369121914,538.5032 ± 20.0809,0.4329,0.015697770542341352,0.4329 ± 0.0157,0.54365,0.01689985207035851,0.5436 ± 0.0169,0.6493,0.004949747468305837,0.6493 ± 0.0049,1.0,0.0,1.0000 ± 0.0000,0.7926500000000001,0.02043538597629125,0.7927 ± 0.0204,0.99525,0.005868986283848326,0.9952 ± 0.0059,0.58955,0.014637110370561491,0.5896 ± 0.0146,0.58755,0.01265721138323922,0.5876 ± 0.0127,0.7992999999999999,0.007919595949289324,0.7993 ± 0.0079,0.2321,0.012586500705120534,0.2321 ± 0.0126
Inf-Net_DP_Morph,LungInfection,True,base,200.0,True,open,5,0.0001,24,2.0,,training,5.469365119934082,0.0875521541738623,5.4694 ± 0.0876,538.5483533143997,18.834152921756544,538.5484 ± 18.8342,0.4349,0.004101219330881995,0.4349 ± 0.0041,0.5474,0.014142135623730963,0.5474 ± 0.0141,0.63975,0.006151828996322992,0.6398 ± 0.0062,1.0,0.0,1.0000 ± 0.0000,0.8018,0.011455129855222065,0.8018 ± 0.0115,0.99695,0.0016263455967290372,0.9970 ± 0.0016,0.5948,0.010748023074035516,0.5948 ± 0.0107,0.5922499999999999,0.0023334523779155853,0.5922 ± 0.0023,0.8006,0.010182337649086262,0.8006 ± 0.0102,0.22749999999999998,0.008768124086713186,0.2275 ± 0.0088
Inf-Net_DP_Morph,LungInfection,True,base,200.0,True,open,7,0.0001,24,2.0,,training,5.480520248413086,0.15162885090194472,5.4805 ± 0.1516,497.6226997375488,76.86270018126142,497.6227 ± 76.8627,0.44765,0.005303300858899111,0.4476 ± 0.0053,0.5605,0.00509116882454321,0.5605 ± 0.0051,0.6616,0.019657568516985975,0.6616 ± 0.0197,1.0,0.0,1.0000 ± 0.0000,0.7919,0.019374725804511387,0.7919 ± 0.0194,0.9943,0.000989949493661136,0.9943 ± 0.0010,0.5932999999999999,0.005515432893255012,0.5933 ± 0.0055,0.5968500000000001,0.005020458146424484,0.5969 ± 0.0050,0.8123,0.00028284271247458785,0.8123 ± 0.0003,0.2329,0.014566399692442885,0.2329 ± 0.0146
Inf-Net_DP_Morph,LungInfection,True,base,200.0,True,open,9,0.0001,24,2.0,,training,5.541890859603882,0.2312820113152893,5.5419 ± 0.2313,523.1122926473618,47.41331319278201,523.1123 ± 47.4133,0.43420000000000003,0.032526911934581175,0.4342 ± 0.0325,0.5467500000000001,0.029486352775479004,0.5468 ± 0.0295,0.66845,0.0071417784899841285,0.6684 ± 0.0071,1.0,0.0,1.0000 ± 0.0000,0.77205,0.05183092706097388,0.7721 ± 0.0518,0.9991000000000001,0.0005656854249492542,0.9991 ± 0.0006,0.58205,0.031041987694089394,0.5820 ± 0.0310,0.5785,0.043416356364854025,0.5785 ± 0.0434,0.80915,0.011384419177103419,0.8092 ± 0.0114,0.2495,0.042426406871192875,0.2495 ± 0.0424
Inf-Net_DP_Morph,LungInfection,True,nsgd,200.0,True,both,3,0.0001,24,2.0,,training,5.9412267208099365,0.08131610646819042,5.9412 ± 0.0813,526.9299479722977,12.028354677020332,526.9299 ± 12.0284,0.3903,0.006505382386916227,0.3903 ± 0.0065,0.49865000000000004,0.02312239174480011,0.4987 ± 0.0231,0.67225,0.0071417784899841285,0.6723 ± 0.0071,1.0,0.0,1.0000 ± 0.0000,0.7091000000000001,0.014849242404917511,0.7091 ± 0.0148,0.9978,0.0009899494936612145,0.9978 ± 0.0010,0.541,0.011455129855222065,0.5410 ± 0.0115,0.5238,0.007636753236814736,0.5238 ± 0.0076,0.7825,0.013859292911256297,0.7825 ± 0.0139,0.30235,0.010394469683442242,0.3024 ± 0.0104
Inf-Net_DP_Morph,LungInfection,True,nsgd,200.0,True,both,5,0.0001,24,2.0,,training,6.071292161941528,0.05243506281979731,6.0713 ± 0.0524,534.2017403841019,19.498840080028632,534.2017 ± 19.4988,0.32504999999999995,0.013222896808188436,0.3250 ± 0.0132,0.43185,0.00841457069611993,0.4319 ± 0.0084,0.6255,0.022344574285494877,0.6255 ± 0.0223,1.0,0.0,1.0000 ± 0.0000,0.65555,0.04122432534317573,0.6555 ± 0.0412,0.9908,0.005656854249492385,0.9908 ± 0.0057,0.5036499999999999,0.01265721138323918,0.5036 ± 0.0127,0.4677,0.022768838354206837,0.4677 ± 0.0228,0.74225,0.0072831998462214225,0.7422 ± 0.0073,0.34114999999999995,0.02397091988222395,0.3411 ± 0.0240
Inf-Net_DP_Morph,LungInfection,True,nsgd,200.0,True,both,7,0.0001,24,2.0,,training,5.996647596359253,0.03523712557862402,5.9966 ± 0.0352,547.3518755435944,9.232274584156675,547.3519 ± 9.2323,0.37345,0.007000357133746834,0.3735 ± 0.0070,0.4969,0.011596551211459359,0.4969 ± 0.0116,0.6725,0.004384062043356583,0.6725 ± 0.0044,1.0,0.0,1.0000 ± 0.0000,0.6877500000000001,0.01378858223313765,0.6878 ± 0.0138,0.9965999999999999,0.0035355339059327407,0.9966 ± 0.0035,0.5309999999999999,0.009050966799187833,0.5310 ± 0.0091,0.4993,0.007636753236814736,0.4993 ± 0.0076,0.7758,0.005232590180780425,0.7758 ± 0.0052,0.3187,0.01088944443027285,0.3187 ± 0.0109
Inf-Net_DP_Morph,LungInfection,True,nsgd,200.0,True,both,9,0.0001,24,2.0,,training,5.933984279632568,0.025014997528185826,5.9340 ± 0.0250,561.3894678354263,10.194724675298593,561.3895 ± 10.1947,0.36785,0.005868986283848326,0.3679 ± 0.0059,0.475,0.005656854249492385,0.4750 ± 0.0057,0.6508,0.016122034611053312,0.6508 ± 0.0161,1.0,0.0,1.0000 ± 0.0000,0.70015,0.0006363961030679012,0.7002 ± 0.0006,0.9964500000000001,0.0024748737341528794,0.9965 ± 0.0025,0.5296000000000001,0.0024041630560342323,0.5296 ± 0.0024,0.5035499999999999,0.0004949747468306073,0.5035 ± 0.0005,0.7597499999999999,0.011667261889578083,0.7597 ± 0.0117,0.31205,0.0012020815280171554,0.3120 ± 0.0012
Inf-Net_DP_Morph,LungInfection,True,nsgd,200.0,True,close,3,0.0001,24,2.0,,training,6.0222930908203125,0.10885755468351328,6.0223 ± 0.1089,492.4019169807434,75.3353907771185,492.4019 ± 75.3354,0.3651,0.011455129855222065,0.3651 ± 0.0115,0.4782,0.01711198410471445,0.4782 ± 0.0171,0.66965,0.011667261889578005,0.6696 ± 0.0117,1.0,0.0,1.0000 ± 0.0000,0.6738999999999999,0.014283556979968335,0.6739 ± 0.0143,0.99455,0.0045961940777126025,0.9946 ± 0.0046,0.5214000000000001,0.00777817459305203,0.5214 ± 0.0078,0.4924,0.008343860018001284,0.4924 ± 0.0083,0.7669999999999999,0.012162236636408613,0.7670 ± 0.0122,0.32804999999999995,0.00756604255869605,0.3280 ± 0.0076
Inf-Net_DP_Morph,LungInfection,True,nsgd,200.0,True,close,5,0.0001,24,2.0,,training,6.056290626525879,0.1759101560912529,6.0563 ± 0.1759,498.29648065567017,71.56480929183712,498.2965 ± 71.5648,0.37435,0.005020458146424484,0.3744 ± 0.0050,0.49360000000000004,0.014707821048680177,0.4936 ± 0.0147,0.6635,0.035638181771801995,0.6635 ± 0.0356,1.0,0.0,1.0000 ± 0.0000,0.68845,0.04504270196158314,0.6885 ± 0.0450,0.99675,0.0019091883092037035,0.9968 ± 0.0019,0.5253,0.021920310216782913,0.5253 ± 0.0219,0.5024500000000001,0.019021172413918153,0.5025 ± 0.0190,0.77745,0.004171930009000642,0.7774 ± 0.0042,0.31989999999999996,0.032951176003293135,0.3199 ± 0.0330
Inf-Net_DP_Morph,LungInfection,True,nsgd,200.0,True,close,7,0.0001,24,2.0,,training,5.865350246429443,0.06984171125479655,5.8654 ± 0.0698,495.258185505867,53.50109671476227,495.2582 ± 53.5011,0.37770000000000004,0.006788225099390855,0.3777 ± 0.0068,0.487,0.0015556349186103902,0.4870 ± 0.0016,0.65285,0.011242997820866124,0.6529 ± 0.0112,1.0,0.0,1.0000 ± 0.0000,0.7099,0.00622253967444164,0.7099 ± 0.0062,0.9976499999999999,0.0020506096654409976,0.9976 ± 0.0021,0.53805,0.0026162950903902515,0.5381 ± 0.0026,0.5128999999999999,0.009050966799187833,0.5129 ± 0.0091,0.76935,0.005727564927611032,0.7693 ± 0.0057,0.30345,0.003889087296526015,0.3034 ± 0.0039
Inf-Net_DP_Morph,LungInfection,True,nsgd,200.0,True,close,9,0.0001,24,2.0,,training,5.987501621246338,0.08377377349855768,5.9875 ± 0.0838,506.9517638683319,75.97526928883276,506.9518 ± 75.9753,0.36305,0.0007778174593051951,0.3630 ± 0.0008,0.4747,0.005798275605729679,0.4747 ± 0.0058,0.6454,0.0045254833995938765,0.6454 ± 0.0045,1.0,0.0,1.0000 ± 0.0000,0.69165,0.001767766952966331,0.6916 ± 0.0018,0.9964999999999999,0.003959797974644622,0.9965 ± 0.0040,0.5229999999999999,0.0035355339059327407,0.5230 ± 0.0035,0.50105,0.005303300858899111,0.5010 ± 0.0053,0.7697499999999999,0.0017677669529664096,0.7697 ± 0.0018,0.318,0.004242640687119289,0.3180 ± 0.0042
Inf-Net_DP_Morph,LungInfection,True,nsgd,200.0,True,open,3,0.0001,24,2.0,,training,5.8505659103393555,0.03200058478777545,5.8506 ± 0.0320,528.2825645208359,19.6876137914602,528.2826 ± 19.6876,0.3721,0.005374011537017758,0.3721 ± 0.0054,0.48355000000000004,0.006151828996322954,0.4836 ± 0.0062,0.64235,0.010818733752154164,0.6423 ± 0.0108,1.0,0.0,1.0000 ± 0.0000,0.7117,0.0008485281374239206,0.7117 ± 0.0008,0.9956499999999999,0.0019091883092037035,0.9956 ± 0.0019,0.5341,0.006788225099390893,0.5341 ± 0.0068,0.5134000000000001,0.0022627416997969383,0.5134 ± 0.0023,0.7662,0.010889444430272888,0.7662 ± 0.0109,0.3011,0.004242640687119289,0.3011 ± 0.0042
Inf-Net_DP_Morph,LungInfection,True,nsgd,200.0,True,open,5,0.0001,24,2.0,,training,5.98893666267395,0.028165895922860264,5.9889 ± 0.0282,515.8693528175354,5.060012727729609,515.8694 ± 5.0600,0.37634999999999996,0.03372899346259833,0.3763 ± 0.0337,0.4958,0.03521391770309011,0.4958 ± 0.0352,0.6737,0.02687005768508883,0.6737 ± 0.0269,1.0,0.0,1.0000 ± 0.0000,0.6887,0.0059396969619669735,0.6887 ± 0.0059,0.99815,0.0014849242404917434,0.9981 ± 0.0015,0.5320499999999999,0.011950104602052673,0.5320 ± 0.0120,0.5024,0.02489015869776648,0.5024 ± 0.0249,0.76845,0.015909902576697294,0.7684 ± 0.0159,0.3183,0.008485281374238538,0.3183 ± 0.0085
Inf-Net_DP_Morph,LungInfection,True,nsgd,200.0,True,open,7,0.0001,24,2.0,,training,5.922805309295654,0.007201379123965398,5.9228 ± 0.0072,483.9483621120453,83.64634840264382,483.9484 ± 83.6463,0.3796,0.005798275605729679,0.3796 ± 0.0058,0.50195,0.006434671708797542,0.5020 ± 0.0064,0.6781,0.008485281374238578,0.6781 ± 0.0085,1.0,0.0,1.0000 ± 0.0000,0.6818500000000001,0.006576093065034874,0.6819 ± 0.0066,0.98175,0.0004949747468305288,0.9818 ± 0.0005,0.5298499999999999,0.002192031021678291,0.5298 ± 0.0022,0.50565,0.005727564927611032,0.5057 ± 0.0057,0.7906,0.008343860018001284,0.7906 ± 0.0083,0.31835,0.007424621202458756,0.3184 ± 0.0074
Inf-Net_DP_Morph,LungInfection,True,nsgd,200.0,True,open,9,0.0001,24,2.0,,training,6.0324225425720215,0.07214933550446502,6.0324 ± 0.0721,491.2242999076843,87.68008975240537,491.2243 ± 87.6801,0.35355000000000003,0.0058689862838483655,0.3536 ± 0.0059,0.45655,0.0010606601717798223,0.4566 ± 0.0011,0.6537,0.014142135623730885,0.6537 ± 0.0141,1.0,0.0,1.0000 ± 0.0000,0.6697500000000001,0.00883883476483189,0.6698 ± 0.0088,0.9941,0.0045254833995938765,0.9941 ± 0.0045,0.5121,0.0026870057685088986,0.5121 ± 0.0027,0.48414999999999997,0.004171930009000603,0.4841 ± 0.0042,0.75665,0.010535891039679576,0.7567 ± 0.0105,0.3346,0.004101219330881995,0.3346 ± 0.0041
Inf-Net_DP_Morph,LungInfection,True,psac,200.0,True,both,3,0.0001,24,2.0,,training,5.4478676319122314,0.03911126389374477,5.4479 ± 0.0391,507.63875246047974,59.39786212133406,507.6388 ± 59.3979,0.45225,0.01223294731452726,0.4522 ± 0.0122,0.5491999999999999,0.0033941125496954466,0.5492 ± 0.0034,0.6448499999999999,0.006576093065034874,0.6448 ± 0.0066,1.0,0.0,1.0000 ± 0.0000,0.8146,0.00975807358037438,0.8146 ± 0.0098,0.9956499999999999,0.001060660171779783,0.9956 ± 0.0011,0.5970500000000001,0.008131727983645264,0.5971 ± 0.0081,0.61185,0.010818733752154242,0.6119 ± 0.0108,0.79695,0.0033234018715768,0.7970 ± 0.0033,0.21985,0.007424621202458736,0.2198 ± 0.0074
Inf-Net_DP_Morph,LungInfection,True,psac,200.0,True,both,5,0.0001,24,2.0,,training,5.514404535293579,0.02320538044052208,5.5144 ± 0.0232,517.971794128418,56.302197340220545,517.9718 ± 56.3022,0.4366,0.01753624817342637,0.4366 ± 0.0175,0.54535,0.015909902576697294,0.5454 ± 0.0159,0.65875,0.0019091883092037035,0.6587 ± 0.0019,1.0,0.0,1.0000 ± 0.0000,0.78615,0.016051323932934587,0.7862 ± 0.0161,0.996,0.00014142135623729392,0.9960 ± 0.0001,0.58725,0.012374368670764553,0.5873 ± 0.0124,0.5891,0.01866761902332484,0.5891 ± 0.0187,0.80775,0.01463711037056157,0.8077 ± 0.0146,0.2384,0.013293607486307082,0.2384 ± 0.0133
Inf-Net_DP_Morph,LungInfection,True,psac,200.0,True,both,7,0.0001,24,2.0,,training,5.477540969848633,0.07022811356194442,5.4775 ± 0.0702,546.960009098053,3.8898088505725177,546.9600 ± 3.8898,0.4417,0.0024041630560342714,0.4417 ± 0.0024,0.5442,0.0018384776310849781,0.5442 ± 0.0018,0.65055,0.008697413408594519,0.6505 ± 0.0087,1.0,0.0,1.0000 ± 0.0000,0.8034,0.0033941125496953686,0.8034 ± 0.0034,0.99875,0.0012020815280171554,0.9988 ± 0.0012,0.59075,0.005444722215136444,0.5907 ± 0.0054,0.599,0.00622253967444164,0.5990 ± 0.0062,0.7923,0.0022627416997970167,0.7923 ± 0.0023,0.22870000000000001,0.0005656854249492346,0.2287 ± 0.0006
Inf-Net_DP_Morph,LungInfection,True,psac,200.0,True,both,9,0.0001,24,2.0,,training,5.500892400741577,0.10096125832130026,5.5009 ± 0.1010,568.7616184949875,18.742587713254867,568.7616 ± 18.7426,0.43475,0.007848885271170676,0.4348 ± 0.0078,0.5382499999999999,0.0006363961030679012,0.5382 ± 0.0006,0.65185,0.0047376154339498966,0.6519 ± 0.0047,1.0,0.0,1.0000 ± 0.0000,0.78555,0.0024748737341528794,0.7855 ± 0.0025,0.99205,0.00841457069611993,0.9920 ± 0.0084,0.5836,0.0032526911934580745,0.5836 ± 0.0033,0.58925,0.010394469683442282,0.5893 ± 0.0104,0.80795,0.006434671708797581,0.8079 ± 0.0064,0.23875000000000002,0.003464823227814074,0.2388 ± 0.0035
Inf-Net_DP_Morph,LungInfection,True,psac,200.0,True,close,3,0.0001,24,2.0,,training,5.431341171264648,0.02990200890672101,5.4313 ± 0.0299,484.4873195886612,84.88092349870635,484.4873 ± 84.8809,0.4458,0.004242640687119249,0.4458 ± 0.0042,0.55255,0.0014849242404917434,0.5525 ± 0.0015,0.64575,0.004313351365237936,0.6458 ± 0.0043,1.0,0.0,1.0000 ± 0.0000,0.80935,0.004313351365237936,0.8094 ± 0.0043,0.9974000000000001,0.0011313708498984299,0.9974 ± 0.0011,0.5977,0.0011313708498985084,0.5977 ± 0.0011,0.60385,0.0012020815280171554,0.6038 ± 0.0012,0.8069500000000001,0.012657211383239142,0.8070 ± 0.0127,0.22194999999999998,0.0006363961030678816,0.2219 ± 0.0006
Inf-Net_DP_Morph,LungInfection,True,psac,200.0,True,close,5,0.0001,24,2.0,,training,5.436126708984375,0.11170061249666415,5.4361 ± 0.1117,494.0684051513672,77.98408553237569,494.0684 ± 77.9841,0.45215,0.017606958851545056,0.4521 ± 0.0176,0.5597,0.015697770542341352,0.5597 ± 0.0157,0.649,0.01244507934888328,0.6490 ± 0.0124,1.0,0.0,1.0000 ± 0.0000,0.8149500000000001,0.01223294731452726,0.8150 ± 0.0122,0.9943500000000001,0.0058689862838484045,0.9944 ± 0.0059,0.5998,0.006363961030678855,0.5998 ± 0.0064,0.6072500000000001,0.01534421715174804,0.6073 ± 0.0153,0.8041,0.000989949493661136,0.8041 ± 0.0010,0.2173,0.0072124891681027755,0.2173 ± 0.0072
Inf-Net_DP_Morph,LungInfection,True,psac,200.0,True,close,7,0.0001,24,2.0,,training,5.437867879867554,0.015039681422627427,5.4379 ± 0.0150,518.6234163045883,46.90244011521346,518.6234 ± 46.9024,0.45315000000000005,0.003181980515339467,0.4532 ± 0.0032,0.5641499999999999,0.0033234018715768,0.5641 ± 0.0033,0.6421,0.003959797974644701,0.6421 ± 0.0040,1.0,0.0,1.0000 ± 0.0000,0.81025,0.0013435028842544493,0.8103 ± 0.0013,0.996,0.003959797974644701,0.9960 ± 0.0040,0.5983499999999999,0.0017677669529664096,0.5983 ± 0.0018,0.6086499999999999,0.002192031021678291,0.6086 ± 0.0022,0.80985,0.010394469683442282,0.8098 ± 0.0104,0.22275,0.0019091883092036642,0.2228 ± 0.0019
Inf-Net_DP_Morph,LungInfection,True,psac,200.0,True,close,9,0.0001,24,2.0,,training,5.430392742156982,0.02085291194403802,5.4304 ± 0.0209,502.6325250864029,77.53013379676983,502.6325 ± 77.5301,0.4435,0.0016970562748476843,0.4435 ± 0.0017,0.55725,0.005020458146424484,0.5573 ± 0.0050,0.6416999999999999,0.004666904755831249,0.6417 ± 0.0047,1.0,0.0,1.0000 ± 0.0000,0.80415,0.010111626970967616,0.8042 ± 0.0101,0.9923500000000001,0.0030405591591022123,0.9924 ± 0.0030,0.593,0.005798275605729679,0.5930 ± 0.0058,0.5998,0.006788225099390893,0.5998 ± 0.0068,0.80995,0.01110157646462875,0.8099 ± 0.0111,0.2259,0.009899494936611655,0.2259 ± 0.0099
Inf-Net_DP_Morph,LungInfection,True,psac,200.0,True,open,3,0.0001,24,2.0,,training,5.4037086963653564,0.012161557431515495,5.4037 ± 0.0122,533.0067000389099,20.57327906811103,533.0067 ± 20.5733,0.44999999999999996,0.0059396969619670125,0.4500 ± 0.0059,0.56065,0.0072831998462214225,0.5606 ± 0.0073,0.6596500000000001,0.005161879502661778,0.6597 ± 0.0052,1.0,0.0,1.0000 ± 0.0000,0.79635,0.004313351365237936,0.7964 ± 0.0043,0.99205,0.00954594154601844,0.9920 ± 0.0095,0.5964,0.0019798989873223505,0.5964 ± 0.0020,0.5998,0.0029698484809834867,0.5998 ± 0.0030,0.81425,0.011525840533340711,0.8143 ± 0.0115,0.22949999999999998,0.0012727922061357827,0.2295 ± 0.0013
Inf-Net_DP_Morph,LungInfection,True,psac,200.0,True,open,5,0.0001,24,2.0,,training,5.4817726612091064,0.039494294453012405,5.4818 ± 0.0395,484.8846871852875,90.0690068434816,484.8847 ± 90.0690,0.4394,0.011030865786510143,0.4394 ± 0.0110,0.55035,0.003889087296526054,0.5504 ± 0.0039,0.6586000000000001,0.010465180361560928,0.6586 ± 0.0105,1.0,0.0,1.0000 ± 0.0000,0.78915,0.009263098833543773,0.7892 ± 0.0093,0.9934000000000001,0.006363961030678934,0.9934 ± 0.0064,0.58895,0.00685893577750954,0.5889 ± 0.0069,0.58895,0.009970205614730322,0.5889 ± 0.0100,0.8057,0.003959797974644701,0.8057 ± 0.0040,0.2365,0.006929646455628168,0.2365 ± 0.0069
Inf-Net_DP_Morph,LungInfection,True,psac,200.0,True,open,7,0.0001,24,2.0,,training,5.4621241092681885,0.12711658098279682,5.4621 ± 0.1271,524.0999624729156,33.857521996723705,524.1000 ± 33.8575,0.4365,0.014990663761154805,0.4365 ± 0.0150,0.5467500000000001,0.013930003589374943,0.5468 ± 0.0139,0.6565000000000001,0.018950461735799506,0.6565 ± 0.0190,1.0,0.0,1.0000 ± 0.0000,0.7919,0.012303657992645907,0.7919 ± 0.0123,0.99615,0.00035355339059323483,0.9961 ± 0.0004,0.5904499999999999,0.010394469683442282,0.5904 ± 0.0104,0.58805,0.015485638507985412,0.5880 ± 0.0155,0.8030999999999999,0.010323759005323634,0.8031 ± 0.0103,0.23385,0.013505739520663062,0.2339 ± 0.0135
Inf-Net_DP_Morph,LungInfection,True,psac,200.0,True,open,9,0.0001,24,2.0,,training,5.517076730728149,0.01805132662982187,5.5171 ± 0.0181,522.1282805204391,17.91643631551233,522.1283 ± 17.9164,0.433,0.0045254833995938765,0.4330 ± 0.0045,0.5418499999999999,0.007566042558696089,0.5418 ± 0.0076,0.66185,0.006151828996322992,0.6619 ± 0.0062,1.0,0.0,1.0000 ± 0.0000,0.7773000000000001,0.0007071067811865482,0.7773 ± 0.0007,0.99655,0.00035355339059331333,0.9966 ± 0.0004,0.5833999999999999,0.006081118318204346,0.5834 ± 0.0061,0.5796,0.0016970562748476843,0.5796 ± 0.0017,0.7984,0.012303657992645985,0.7984 ± 0.0123,0.24565,7.071067811864696e-05,0.2457 ± 0.0001
Inf-Net_DP_Morph,LungInfection,True,automatic,8.0,True,both,5,0.0001,48,1.2,,training,6.710035085678101,0.029063455208748264,6.7100 ± 0.0291,320.96881318092346,10.39367853651948,320.9688 ± 10.3937,0.26315,0.0044547727214752295,0.2631 ± 0.0045,0.35675,0.009263098833543773,0.3568 ± 0.0093,0.6379,0.002545584412271605,0.6379 ± 0.0025,1.0,0.0,1.0000 ± 0.0000,0.5172,0.00509116882454321,0.5172 ± 0.0051,0.99375,0.005444722215136444,0.9938 ± 0.0054,0.426,0.005091168824543131,0.4260 ± 0.0051,0.3724,0.004101219330881995,0.3724 ± 0.0041,0.6887000000000001,0.019233304448274095,0.6887 ± 0.0192,0.44805,0.00487903679018719,0.4481 ± 0.0049
Inf-Net_DP_Morph,LungInfection,True,automatic,8.0,True,both,7,0.0001,48,1.2,,training,6.604322910308838,0.007106970183300995,6.6043 ± 0.0071,332.80272686481476,1.8871411578777144,332.8027 ± 1.8871,0.2507,0.006929646455628168,0.2507 ± 0.0069,0.3308,0.005798275605729679,0.3308 ± 0.0058,0.59365,0.01223294731452726,0.5937 ± 0.0122,1.0,0.0,1.0000 ± 0.0000,0.5434,0.011596551211459359,0.5434 ± 0.0116,0.9735,0.0033941125496954466,0.9735 ± 0.0034,0.42300000000000004,0.003959797974644662,0.4230 ± 0.0040,0.3901,0.006929646455628187,0.3901 ± 0.0069,0.6801999999999999,0.019091883092036802,0.6802 ± 0.0191,0.42715000000000003,0.003181980515339467,0.4272 ± 0.0032
Inf-Net_DP_Morph,LungInfection,True,automatic,8.0,True,both,9,0.0001,48,1.2,,training,6.643579959869385,0.07205762396210531,6.6436 ± 0.0721,338.2118829488754,7.421103963656858,338.2119 ± 7.4211,0.25295,0.030052038200428278,0.2530 ± 0.0301,0.34445000000000003,0.05310371926710972,0.3445 ± 0.0531,0.6254500000000001,0.06682159082212868,0.6255 ± 0.0668,1.0,0.0,1.0000 ± 0.0000,0.5187999999999999,0.009475230867899713,0.5188 ± 0.0095,0.9821,0.01668772003600249,0.9821 ± 0.0167,0.41664999999999996,0.01732411613907043,0.4166 ± 0.0173,0.37329999999999997,0.0009899494936611753,0.3733 ± 0.0010,0.6793499999999999,0.02934493141924171,0.6793 ± 0.0293,0.44795,0.00487903679018719,0.4480 ± 0.0049
Inf-Net_DP_Morph,LungInfection,True,automatic,8.0,True,close,3,0.0001,48,1.2,,training,6.5325026512146,0.03925995797529183,6.5325 ± 0.0393,275.41176533699036,50.033539437744025,275.4118 ± 50.0335,0.28955,0.024536605307173203,0.2895 ± 0.0245,0.3839,0.03337544007200502,0.3839 ± 0.0334,0.6603,0.03181980515339459,0.6603 ± 0.0318,1.0,0.0,1.0000 ± 0.0000,0.5669500000000001,0.004454772721475308,0.5670 ± 0.0045,0.9926,0.0026870057685088986,0.9926 ± 0.0027,0.44930000000000003,0.009192388155425087,0.4493 ± 0.0092,0.40915,0.007424621202458756,0.4092 ± 0.0074,0.69875,0.03599173516239523,0.6987 ± 0.0360,0.4105,0.003676955262170074,0.4105 ± 0.0037
Inf-Net_DP_Morph,LungInfection,True,automatic,8.0,True,close,9,0.0001,48,1.2,,training,6.651170492172241,0.047267522017573615,6.6512 ± 0.0473,321.4468536376953,1.9035998393960065,321.4469 ± 1.9036,0.27025,0.04702260094890542,0.2702 ± 0.0470,0.359,0.04978031739553296,0.3590 ± 0.0498,0.6327499999999999,0.06455884912233183,0.6327 ± 0.0646,1.0,0.0,1.0000 ± 0.0000,0.53765,0.024819448019647833,0.5376 ± 0.0248,0.9866,0.006929646455628187,0.9866 ± 0.0069,0.42755,0.02397091988222395,0.4275 ± 0.0240,0.3919,0.024748737341529145,0.3919 ± 0.0247,0.68865,0.023829498525986696,0.6886 ± 0.0238,0.4338,0.013576450198781708,0.4338 ± 0.0136
Inf-Net_DP_Morph,LungInfection,True,automatic,8.0,True,open,3,0.0001,48,1.2,,training,6.580975532531738,0.015700206832490158,6.5810 ± 0.0157,275.06931126117706,49.04285196962419,275.0693 ± 49.0429,0.24035,0.007566042558696069,0.2404 ± 0.0076,0.3338,0.010748023074035516,0.3338 ± 0.0107,0.5784,0.008061017305526618,0.5784 ± 0.0081,1.0,0.0,1.0000 ± 0.0000,0.52305,0.026516504294495515,0.5231 ± 0.0265,0.95675,0.0072831998462214225,0.9567 ± 0.0073,0.4289,0.005656854249492385,0.4289 ± 0.0057,0.38280000000000003,0.006788225099390855,0.3828 ± 0.0068,0.6730499999999999,0.007707463914933382,0.6730 ± 0.0077,0.4297,0.0007071067811865482,0.4297 ± 0.0007
Inf-Net_DP_Morph,LungInfection,True,automatic,8.0,True,open,5,0.0001,48,1.2,,training,6.6399054527282715,0.0013588143959912236,6.6399 ± 0.0014,280.661945104599,49.58338547036378,280.6619 ± 49.5834,0.26045,0.005020458146424484,0.2605 ± 0.0050,0.34135,0.005727564927611032,0.3413 ± 0.0057,0.6318,0.015697770542341352,0.6318 ± 0.0157,1.0,0.0,1.0000 ± 0.0000,0.5356,0.012727922061357866,0.5356 ± 0.0127,0.9894499999999999,0.0033234018715768,0.9894 ± 0.0033,0.4263,0.0072124891681027755,0.4263 ± 0.0072,0.37965000000000004,0.006858935777509501,0.3797 ± 0.0069,0.66755,0.014495689014324197,0.6675 ± 0.0145,0.43715000000000004,0.008697413408594559,0.4372 ± 0.0087
Inf-Net_DP_Morph,LungInfection,True,automatic,8.0,True,open,7,0.0001,48,1.2,,training,6.592960357666016,0.009697146905386499,6.5930 ± 0.0097,315.18986880779266,6.345814452171472,315.1899 ± 6.3458,0.27165,0.012798632739476514,0.2717 ± 0.0128,0.3507,0.02333452377915609,0.3507 ± 0.0233,0.63915,0.012515790027001926,0.6391 ± 0.0125,1.0,0.0,1.0000 ± 0.0000,0.53315,0.005444722215136444,0.5332 ± 0.0054,0.9732000000000001,0.017677669529663705,0.9732 ± 0.0177,0.42385,0.0044547727214752295,0.4239 ± 0.0045,0.38639999999999997,0.0018384776310850174,0.3864 ± 0.0018,0.69295,0.02510229073212242,0.6929 ± 0.0251,0.4387,0.0016970562748477233,0.4387 ± 0.0017
Inf-Net_DP_Morph,LungInfection,True,automatic,8.0,True,open,9,0.0001,48,1.2,,training,6.548242807388306,0.09717613415023389,6.5482 ± 0.0972,326.85858285427094,2.2543814846438504,326.8586 ± 2.2544,0.28855,0.010818733752154202,0.2885 ± 0.0108,0.3771,0.0033941125496954466,0.3771 ± 0.0034,0.65035,0.012091525958289965,0.6503 ± 0.0121,1.0,0.0,1.0000 ± 0.0000,0.565,0.010465180361560928,0.5650 ± 0.0105,0.98795,0.00601040764008562,0.9879 ± 0.0060,0.45189999999999997,0.0022627416997969777,0.4519 ± 0.0023,0.40455,0.016334166645409254,0.4046 ± 0.0163,0.71585,0.0009192388155425676,0.7158 ± 0.0009,0.41505000000000003,0.008414570696119892,0.4151 ± 0.0084
Inf-Net_DP_Morph,LungInfection,True,base,8.0,True,both,3,0.0001,48,1.2,,training,6.599766731262207,0.049185709387000794,6.5998 ± 0.0492,278.51367831230164,46.53022089693909,278.5137 ± 46.5302,0.27685000000000004,0.0060104076400856596,0.2769 ± 0.0060,0.37415,0.0034648232278140937,0.3741 ± 0.0035,0.6357999999999999,0.019233304448274095,0.6358 ± 0.0192,1.0,0.0,1.0000 ± 0.0000,0.5595,0.0005656854249491757,0.5595 ± 0.0006,0.98785,0.010535891039679496,0.9879 ± 0.0105,0.44575,0.0009192388155425283,0.4457 ± 0.0009,0.3992,0.0008485281374238421,0.3992 ± 0.0008,0.6992,0.014566399692442923,0.6992 ± 0.0146,0.4181,0.005515432893255052,0.4181 ± 0.0055
Inf-Net_DP_Morph,LungInfection,True,base,8.0,True,both,5,0.0001,48,1.2,,training,6.542978763580322,0.02195884524896388,6.5430 ± 0.0220,318.20874440670013,10.867193827679737,318.2087 ± 10.8672,0.25525,0.025809397513309008,0.2552 ± 0.0258,0.34340000000000004,0.022627416997969503,0.3434 ± 0.0226,0.6204000000000001,0.030971277015970747,0.6204 ± 0.0310,1.0,0.0,1.0000 ± 0.0000,0.5321,0.022203152929257577,0.5321 ± 0.0222,0.98365,0.007000357133746834,0.9837 ± 0.0070,0.42855,0.01619274528917192,0.4285 ± 0.0162,0.37934999999999997,0.015909902576697336,0.3793 ± 0.0159,0.6729,0.025455844122715655,0.6729 ± 0.0255,0.43665,0.015485638507985374,0.4366 ± 0.0155
Inf-Net_DP_Morph,LungInfection,True,base,8.0,True,both,7,0.0001,48,1.2,,training,6.726064443588257,0.08660300714539697,6.7261 ± 0.0866,331.1701601743698,3.43660193407354,331.1702 ± 3.4366,0.23965,0.021708178182427013,0.2397 ± 0.0217,0.32489999999999997,0.03606244584051392,0.3249 ± 0.0361,0.5929500000000001,0.024678026663410537,0.5930 ± 0.0247,1.0,0.0,1.0000 ± 0.0000,0.526,0.028567113959936514,0.5260 ± 0.0286,0.9843500000000001,0.0072831998462215015,0.9844 ± 0.0073,0.41725,0.03570889244992064,0.4173 ± 0.0357,0.3787,0.022061731573020285,0.3787 ± 0.0221,0.6617999999999999,0.0022627416997969383,0.6618 ± 0.0023,0.43725,0.03061772362537747,0.4373 ± 0.0306
Inf-Net_DP_Morph,LungInfection,True,base,8.0,True,both,9,0.0001,48,1.2,,training,6.588404178619385,0.03865304335673496,6.5884 ± 0.0387,339.7136033773422,10.91737487704113,339.7136 ± 10.9174,0.2953,0.0024041630560342323,0.2953 ± 0.0024,0.38715,0.01265721138323922,0.3871 ± 0.0127,0.6728000000000001,0.010323759005323634,0.6728 ± 0.0103,1.0,0.0,1.0000 ± 0.0000,0.5516,0.01682914139223986,0.5516 ± 0.0168,0.99,0.003818376618407407,0.9900 ± 0.0038,0.44845,0.0019091883092036642,0.4485 ± 0.0019,0.40569999999999995,0.019657568516986013,0.4057 ± 0.0197,0.7074,0.0018384776310850566,0.7074 ± 0.0018,0.42225,0.013930003589374983,0.4223 ± 0.0139
Inf-Net_DP_Morph,LungInfection,True,base,8.0,True,close,3,0.0001,48,1.2,,training,6.638351202011108,0.0062043532755916885,6.6384 ± 0.0062,282.16094422340393,47.271037739088996,282.1609 ± 47.2710,0.2774,0.03224406922210659,0.2774 ± 0.0322,0.36175,0.011667261889578045,0.3618 ± 0.0117,0.64775,0.038113055505954875,0.6478 ± 0.0381,1.0,0.0,1.0000 ± 0.0000,0.54385,0.027223611075682143,0.5438 ± 0.0272,0.9673499999999999,0.022273863607376227,0.9673 ± 0.0223,0.43665,0.00487903679018719,0.4366 ± 0.0049,0.40075,0.021849599538664347,0.4007 ± 0.0218,0.6773499999999999,0.020718228688765838,0.6773 ± 0.0207,0.4242,0.009475230867899753,0.4242 ± 0.0095
Inf-Net_DP_Morph,LungInfection,True,base,8.0,True,close,5,0.0001,48,1.2,,training,6.644444704055786,0.021212003093350834,6.6444 ± 0.0212,284.6092138290405,41.17234762423846,284.6092 ± 41.1723,0.2502,0.0025455844122715655,0.2502 ± 0.0025,0.3298,0.015273506473629432,0.3298 ± 0.0153,0.5992,0.01880904037956221,0.5992 ± 0.0188,1.0,0.0,1.0000 ± 0.0000,0.5246999999999999,0.0014142135623730178,0.5247 ± 0.0014,0.9640500000000001,0.031041987694089394,0.9641 ± 0.0310,0.41885,0.009263098833543773,0.4189 ± 0.0093,0.3811,0.0011313708498984691,0.3811 ± 0.0011,0.6811,0.014849242404917511,0.6811 ± 0.0148,0.44179999999999997,0.003959797974644662,0.4418 ± 0.0040
Inf-Net_DP_Morph,LungInfection,True,base,8.0,True,close,7,0.0001,48,1.2,,training,6.691562175750732,0.03277810984910442,6.6916 ± 0.0328,284.2749435901642,47.86130839858153,284.2749 ± 47.8613,0.247,0.0028284271247461927,0.2470 ± 0.0028,0.33235000000000003,0.000494974746830568,0.3324 ± 0.0005,0.60845,0.0071417784899841285,0.6085 ± 0.0071,1.0,0.0,1.0000 ± 0.0000,0.5225,0.003111269837220859,0.5225 ± 0.0031,0.9815499999999999,0.008980256121069185,0.9815 ± 0.0090,0.41835,0.0037476659402886814,0.4183 ± 0.0037,0.37915,0.0010606601717798223,0.3791 ± 0.0011,0.6663,0.01244507934888328,0.6663 ± 0.0124,0.4433,0.005515432893255052,0.4433 ± 0.0055
Inf-Net_DP_Morph,LungInfection,True,base,8.0,True,close,9,0.0001,48,1.2,,training,6.679405689239502,0.03020614056557625,6.6794 ± 0.0302,328.7739633321762,4.355995310538911,328.7740 ± 4.3560,0.2676,0.00975807358037438,0.2676 ± 0.0098,0.35185,0.010535891039679576,0.3518 ± 0.0105,0.63045,0.03783021279348029,0.6304 ± 0.0378,1.0,0.0,1.0000 ± 0.0000,0.53285,0.017465537495307763,0.5329 ± 0.0175,0.97965,0.01110157646462883,0.9797 ± 0.0111,0.43385,0.0013435028842544493,0.4339 ± 0.0013,0.38905,0.008131727983645304,0.3891 ± 0.0081,0.67595,0.0045961940777126025,0.6760 ± 0.0046,0.4337,0.013293607486307082,0.4337 ± 0.0133
Inf-Net_DP_Morph,LungInfection,True,base,8.0,True,open,3,0.0001,48,1.2,,training,6.663488864898682,0.013608374447197464,6.6635 ± 0.0136,279.67559003829956,42.48212635362341,279.6756 ± 42.4821,0.26165,0.012091525958289965,0.2616 ± 0.0121,0.34099999999999997,0.008768124086713205,0.3410 ± 0.0088,0.62585,0.014495689014324197,0.6259 ± 0.0145,1.0,0.0,1.0000 ± 0.0000,0.53105,0.017465537495307683,0.5311 ± 0.0175,0.9708,0.015697770542341352,0.9708 ± 0.0157,0.42695,0.006576093065034874,0.4269 ± 0.0066,0.3857,0.008626702730475872,0.3857 ± 0.0086,0.6775,0.01371787155501908,0.6775 ± 0.0137,0.4386,0.007919595949289324,0.4386 ± 0.0079
Inf-Net_DP_Morph,LungInfection,True,base,8.0,True,open,5,0.0001,48,1.2,,training,6.589352130889893,0.01307361523329124,6.5894 ± 0.0131,281.79643070697784,40.40788151103952,281.7964 ± 40.4079,0.25725,0.01619274528917194,0.2572 ± 0.0162,0.34625,0.0038890872965259755,0.3463 ± 0.0039,0.59845,0.018596908345206192,0.5985 ± 0.0186,1.0,0.0,1.0000 ± 0.0000,0.55865,0.004313351365237936,0.5586 ± 0.0043,0.9847,0.006929646455628187,0.9847 ± 0.0069,0.43515,0.008555992052357225,0.4351 ± 0.0086,0.39744999999999997,0.006151828996322954,0.3974 ± 0.0062,0.67635,0.011525840533340711,0.6764 ± 0.0115,0.4192,0.004384062043356583,0.4192 ± 0.0044
Inf-Net_DP_Morph,LungInfection,True,base,8.0,True,open,7,0.0001,48,1.2,,training,6.63034725189209,0.12295887867089417,6.6303 ± 0.1230,314.5637820959091,7.634088173572193,314.5638 ± 7.6341,0.2825,0.0029698484809835258,0.2825 ± 0.0030,0.36519999999999997,0.011030865786510143,0.3652 ± 0.0110,0.65865,0.0184554869889689,0.6586 ± 0.0185,1.0,0.0,1.0000 ± 0.0000,0.5425,0.022768838354206837,0.5425 ± 0.0228,0.9883500000000001,0.010818733752154164,0.9884 ± 0.0108,0.43735,0.014919953083036157,0.4374 ± 0.0149,0.3953,0.013435028842544414,0.3953 ± 0.0134,0.69615,0.010111626970967694,0.6962 ± 0.0101,0.42805,0.024395183950935873,0.4280 ± 0.0244
Inf-Net_DP_Morph,LungInfection,True,base,8.0,True,open,9,0.0001,48,1.2,,training,6.72542667388916,0.015445302692696271,6.7254 ± 0.0154,326.3668142557144,0.7918453803412165,326.3668 ± 0.7918,0.26105,0.028072139213105925,0.2611 ± 0.0281,0.34214999999999995,0.01887975105768082,0.3421 ± 0.0189,0.6303,0.03676955262170051,0.6303 ± 0.0368,1.0,0.0,1.0000 ± 0.0000,0.51485,0.01491995308303616,0.5149 ± 0.0149,0.9687,0.0014142135623730963,0.9687 ± 0.0014,0.4243,0.0009899494936611753,0.4243 ± 0.0010,0.37885,0.013222896808188436,0.3789 ± 0.0132,0.6833499999999999,0.034860364312496804,0.6833 ± 0.0349,0.4431,0.0008485281374238421,0.4431 ± 0.0008
Inf-Net_DP_Morph,LungInfection,True,nsgd,8.0,True,both,5,0.0001,48,1.2,,training,6.750753879547119,0.055467275689065065,6.7508 ± 0.0555,324.63244330883026,3.3108795708394836,324.6324 ± 3.3109,0.26045,0.03019345955666557,0.2605 ± 0.0302,0.34495,0.03995153313703993,0.3449 ± 0.0400,0.61595,0.044335595180396516,0.6159 ± 0.0443,1.0,0.0,1.0000 ± 0.0000,0.5403500000000001,0.023546655813512028,0.5404 ± 0.0235,0.9864999999999999,0.014566399692442923,0.9865 ± 0.0146,0.42725,0.03146625176280135,0.4273 ± 0.0315,0.3897,0.010040916292848968,0.3897 ± 0.0100,0.6849000000000001,0.015556349186103982,0.6849 ± 0.0156,0.43455,0.021425335469952386,0.4345 ± 0.0214
Inf-Net_DP_Morph,LungInfection,True,nsgd,8.0,True,both,7,0.0001,48,1.2,,training,6.672138452529907,0.016507740449958886,6.6721 ± 0.0165,323.8314814567566,8.005077041044848,323.8315 ± 8.0051,0.25075000000000003,0.021001071401240464,0.2508 ± 0.0210,0.34885,0.028496403281817868,0.3488 ± 0.0285,0.6285000000000001,0.04723473298326143,0.6285 ± 0.0472,1.0,0.0,1.0000 ± 0.0000,0.5011,0.00028284271247458785,0.5011 ± 0.0003,0.9806999999999999,0.019374725804511387,0.9807 ± 0.0194,0.42010000000000003,0.005798275605729718,0.4201 ± 0.0058,0.36495,0.0045961940777125634,0.3649 ± 0.0046,0.6774500000000001,0.013505739520663062,0.6775 ± 0.0135,0.45085,0.005444722215136405,0.4508 ± 0.0054
Inf-Net_DP_Morph,LungInfection,True,nsgd,8.0,True,both,9,0.0001,48,1.2,,training,6.6678595542907715,0.06682197385268801,6.6679 ± 0.0668,340.2140556573868,3.084131211724814,340.2141 ± 3.0841,0.2723,0.04369919907732865,0.2723 ± 0.0437,0.3534,0.05628569978244918,0.3534 ± 0.0563,0.6371,0.05826559876977154,0.6371 ± 0.0583,1.0,0.0,1.0000 ± 0.0000,0.5343,0.03860803025278548,0.5343 ± 0.0386,0.98455,0.01378858223313765,0.9846 ± 0.0138,0.42569999999999997,0.03379970414071698,0.4257 ± 0.0338,0.3915,0.03224406922210655,0.3915 ± 0.0322,0.68325,0.04023437584951452,0.6833 ± 0.0402,0.43489999999999995,0.026728636328851498,0.4349 ± 0.0267
Inf-Net_DP_Morph,LungInfection,True,nsgd,8.0,True,close,3,0.0001,48,1.2,,training,6.689064025878906,0.06093287900395781,6.6891 ± 0.0609,281.42080521583557,48.039704207210555,281.4208 ± 48.0397,0.26034999999999997,0.016051323932934625,0.2603 ± 0.0161,0.34345000000000003,0.005303300858899111,0.3435 ± 0.0053,0.618,0.03266833329081851,0.6180 ± 0.0327,1.0,0.0,1.0000 ± 0.0000,0.5347500000000001,0.011667261889578083,0.5348 ± 0.0117,0.9782500000000001,0.0058689862838484045,0.9783 ± 0.0059,0.4274,0.0011313708498985084,0.4274 ± 0.0011,0.39144999999999996,0.00912167747730644,0.3914 ± 0.0091,0.69375,0.0010606601717798615,0.6937 ± 0.0011,0.43479999999999996,0.004525483399593916,0.4348 ± 0.0045
Inf-Net_DP_Morph,LungInfection,True,nsgd,8.0,True,close,5,0.0001,48,1.2,,training,6.637244462966919,0.0771122112103198,6.6372 ± 0.0771,284.31879591941833,46.137899149211556,284.3188 ± 46.1379,0.2732,0.044971991283464414,0.2732 ± 0.0450,0.3627,0.06151828996322965,0.3627 ± 0.0615,0.6305,0.052750165876516444,0.6305 ± 0.0528,1.0,0.0,1.0000 ± 0.0000,0.54025,0.03259762261269986,0.5403 ± 0.0326,0.9903,0.010182337649086342,0.9903 ± 0.0102,0.43010000000000004,0.030971277015970786,0.4301 ± 0.0310,0.3973,0.022061731573020285,0.3973 ± 0.0221,0.6914,0.0519016377390926,0.6914 ± 0.0519,0.43525,0.02227386360737627,0.4353 ± 0.0223
Inf-Net_DP_Morph,LungInfection,True,nsgd,8.0,True,close,9,0.0001,48,1.2,,training,6.708214521408081,0.22040475265159779,6.7082 ± 0.2204,322.3489489555359,1.4393769168080393,322.3489 ± 1.4394,0.239,0.021920310216782975,0.2390 ± 0.0219,0.32645,0.04730544366138004,0.3265 ± 0.0473,0.5728,0.020930360723121776,0.5728 ± 0.0209,1.0,0.0,1.0000 ± 0.0000,0.5433,0.038183766184073605,0.5433 ± 0.0382,0.98005,0.013222896808188396,0.9800 ± 0.0132,0.42225,0.03825447686219221,0.4223 ± 0.0383,0.38805,0.031041987694089432,0.3881 ± 0.0310,0.6661,0.005515432893255091,0.6661 ± 0.0055,0.42885,0.03514320702497139,0.4289 ± 0.0351
Inf-Net_DP_Morph,LungInfection,True,nsgd,8.0,True,open,3,0.0001,48,1.2,,training,6.701172113418579,0.0007117759776526064,6.7012 ± 0.0007,281.0095878839493,45.7032331371347,281.0096 ± 45.7032,0.25129999999999997,0.011737972567696691,0.2513 ± 0.0117,0.34225,0.01110157646462883,0.3422 ± 0.0111,0.62015,0.005444722215136444,0.6201 ± 0.0054,1.0,0.0,1.0000 ± 0.0000,0.51915,0.019869700551341997,0.5192 ± 0.0199,0.9671,0.021354624791833737,0.9671 ± 0.0214,0.42445,0.013505739520663062,0.4244 ± 0.0135,0.37835,0.023546655813512028,0.3784 ± 0.0235,0.6671,0.003252691193458153,0.6671 ± 0.0033,0.4419,0.019091883092036802,0.4419 ± 0.0191
Inf-Net_DP_Morph,LungInfection,True,nsgd,8.0,True,open,5,0.0001,48,1.2,,training,6.701048135757446,0.003029515470963063,6.7010 ± 0.0030,283.6998414993286,41.20546526909919,283.6998 ± 41.2055,0.2541,0.029415642097360355,0.2541 ± 0.0294,0.3373,0.02262741699796954,0.3373 ± 0.0226,0.6224000000000001,0.041719300090006343,0.6224 ± 0.0417,1.0,0.0,1.0000 ± 0.0000,0.525,0.014566399692442845,0.5250 ± 0.0146,0.9847,0.00014142135623729392,0.9847 ± 0.0001,0.4214,0.01682914139223986,0.4214 ± 0.0168,0.3792,0.011030865786510143,0.3792 ± 0.0110,0.66785,0.02199102089490164,0.6679 ± 0.0220,0.4427,0.011596551211459397,0.4427 ± 0.0116
Inf-Net_DP_Morph,LungInfection,True,nsgd,8.0,True,open,7,0.0001,48,1.2,,training,6.63600754737854,0.16325160302209693,6.6360 ± 0.1633,322.9436937570572,3.9779842723421592,322.9437 ± 3.9780,0.2722,0.00777817459305203,0.2722 ± 0.0078,0.3564,0.017253405460951745,0.3564 ± 0.0173,0.63485,0.013081475451951102,0.6349 ± 0.0131,1.0,0.0,1.0000 ± 0.0000,0.55445,0.008697413408594519,0.5544 ± 0.0087,0.9899,0.010040916292848968,0.9899 ± 0.0100,0.439,0.006363961030678933,0.4390 ± 0.0064,0.39525,0.0023334523779155853,0.3952 ± 0.0023,0.68045,0.013930003589375023,0.6804 ± 0.0139,0.4233,0.0,0.4233 ± 0.0000
Inf-Net_DP_Morph,LungInfection,True,nsgd,8.0,True,open,9,0.0001,48,1.2,,training,6.681790351867676,0.1575786372125306,6.6818 ± 0.1576,324.08519411087036,3.81051410695891,324.0852 ± 3.8105,0.22845,0.01972827919510468,0.2284 ± 0.0197,0.31325000000000003,0.011101576464628789,0.3133 ± 0.0111,0.59275,0.04688117959266812,0.5927 ± 0.0469,1.0,0.0,1.0000 ± 0.0000,0.48935,0.007848885271170676,0.4894 ± 0.0078,0.9718,0.013859292911256375,0.9718 ± 0.0139,0.40264999999999995,0.0003535533905932741,0.4026 ± 0.0004,0.3583,0.0028284271247461927,0.3583 ± 0.0028,0.6545,0.006929646455628187,0.6545 ± 0.0069,0.46025000000000005,0.011101576464628789,0.4603 ± 0.0111
Inf-Net_DP_Morph,LungInfection,True,psac,8.0,True,both,5,0.0001,48,1.2,,training,6.625725984573364,0.20743161550515588,6.6257 ± 0.2074,320.4788272380829,6.973465825957928,320.4788 ± 6.9735,0.29395,0.027223611075682063,0.2939 ± 0.0272,0.38825,0.01647558800164655,0.3882 ± 0.0165,0.6665,0.04115361466505709,0.6665 ± 0.0412,1.0,0.0,1.0000 ± 0.0000,0.5518000000000001,0.009050966799187833,0.5518 ± 0.0091,0.9779,0.020930360723121856,0.9779 ± 0.0209,0.45030000000000003,0.0016970562748477233,0.4503 ± 0.0017,0.41085,0.0044547727214752295,0.4108 ± 0.0045,0.7041999999999999,0.027718585822512673,0.7042 ± 0.0277,0.41905000000000003,0.0017677669529663704,0.4191 ± 0.0018
Inf-Net_DP_Morph,LungInfection,True,psac,8.0,True,both,7,0.0001,48,1.2,,training,6.72963809967041,0.07083637687965365,6.7296 ± 0.0708,329.43887662887573,8.246688739167976,329.4389 ± 8.2467,0.22975,0.02425376259469858,0.2298 ± 0.0243,0.3088,0.018526197667087546,0.3088 ± 0.0185,0.5749500000000001,0.056639253173042414,0.5750 ± 0.0566,1.0,0.0,1.0000 ± 0.0000,0.50625,0.00841457069611993,0.5062 ± 0.0084,0.96255,0.001909188309203625,0.9626 ± 0.0019,0.40249999999999997,0.009616652224137047,0.4025 ± 0.0096,0.37255000000000005,0.0010606601717798223,0.3726 ± 0.0011,0.665,0.003676955262170035,0.6650 ± 0.0037,0.4525,0.0012727922061358025,0.4525 ± 0.0013
Inf-Net_DP_Morph,LungInfection,True,psac,8.0,True,both,9,0.0001,48,1.2,,training,6.60601806640625,0.001417482809118388,6.6060 ± 0.0014,346.4485864639282,1.605216336328665,346.4486 ± 1.6052,0.26985000000000003,0.008273149339882598,0.2699 ± 0.0083,0.3525,0.0072124891681027755,0.3525 ± 0.0072,0.6287499999999999,0.003747665940288682,0.6287 ± 0.0037,1.0,0.0,1.0000 ± 0.0000,0.54895,0.011950104602052673,0.5490 ± 0.0120,0.968,0.006081118318204346,0.9680 ± 0.0061,0.43775,0.002899137802864879,0.4377 ± 0.0029,0.39505,0.00799030662740797,0.3951 ± 0.0080,0.6900999999999999,0.004808326112068543,0.6901 ± 0.0048,0.426,0.0028284271247461927,0.4260 ± 0.0028
Inf-Net_DP_Morph,LungInfection,True,psac,8.0,True,close,3,0.0001,48,1.2,,training,6.5842201709747314,0.14766805866628493,6.5842 ± 0.1477,283.06338000297546,44.165783032652705,283.0634 ± 44.1658,0.25965,0.0007778174593051951,0.2596 ± 0.0008,0.34635000000000005,0.0024748737341529184,0.3464 ± 0.0025,0.61175,0.017041273426595803,0.6118 ± 0.0170,1.0,0.0,1.0000 ± 0.0000,0.54595,0.018596908345206192,0.5460 ± 0.0186,0.97925,0.004454772721475308,0.9792 ± 0.0045,0.44105,0.008555992052357225,0.4410 ± 0.0086,0.39065,0.016334166645409254,0.3906 ± 0.0163,0.6768000000000001,0.00622253967444164,0.6768 ± 0.0062,0.4272,0.01824335495461292,0.4272 ± 0.0182
Inf-Net_DP_Morph,LungInfection,True,psac,8.0,True,close,5,0.0001,48,1.2,,training,6.824742317199707,0.09464361431691129,6.8247 ± 0.0946,287.6554365158081,46.85277410034081,287.6554 ± 46.8528,0.26365,0.049426764004939665,0.2636 ± 0.0494,0.3403,0.06038691911333118,0.3403 ± 0.0604,0.63995,0.07445834405894342,0.6400 ± 0.0745,1.0,0.0,1.0000 ± 0.0000,0.5194000000000001,0.04327493500861673,0.5194 ± 0.0433,0.97655,0.02085965004500313,0.9766 ± 0.0209,0.41475,0.04136574669941303,0.4148 ± 0.0414,0.382,0.0329511760032931,0.3820 ± 0.0330,0.6700999999999999,0.016122034611053312,0.6701 ± 0.0161,0.44825000000000004,0.03174909447527598,0.4483 ± 0.0317
Inf-Net_DP_Morph,LungInfection,True,psac,8.0,True,close,7,0.0001,48,1.2,,training,6.7431721687316895,0.033095728499482516,6.7432 ± 0.0331,326.60859167575836,4.077064095345933,326.6086 ± 4.0771,0.31395,0.0019091883092037035,0.3140 ± 0.0019,0.39525,0.00841457069611993,0.3952 ± 0.0084,0.6918,0.00028284271247458785,0.6918 ± 0.0003,1.0,0.0,1.0000 ± 0.0000,0.56515,0.006717514421272168,0.5652 ± 0.0067,0.9899,0.006788225099390893,0.9899 ± 0.0068,0.44735,0.0023334523779156243,0.4474 ± 0.0023,0.4192,0.003676955262170035,0.4192 ± 0.0037,0.7254499999999999,0.010818733752154164,0.7254 ± 0.0108,0.41625,0.006293250352560286,0.4163 ± 0.0063
Inf-Net_DP_Morph,LungInfection,True,psac,8.0,True,close,9,0.0001,48,1.2,,training,6.780807018280029,0.10687968737659405,6.7808 ± 0.1069,329.668191075325,0.19472467785391004,329.6682 ± 0.1947,0.23809999999999998,0.016970562748477136,0.2381 ± 0.0170,0.3065,0.0038183766184073284,0.3065 ± 0.0038,0.59405,0.021849599538664347,0.5940 ± 0.0218,1.0,0.0,1.0000 ± 0.0000,0.5048,0.0045254833995938765,0.5048 ± 0.0045,0.96385,0.00021213203435594088,0.9638 ± 0.0002,0.39625,0.009263098833543773,0.3962 ± 0.0093,0.36625,0.006434671708797581,0.3663 ± 0.0064,0.6756,0.026445793616376872,0.6756 ± 0.0264,0.45705,0.0071417784899841285,0.4571 ± 0.0071
Inf-Net_DP_Morph,LungInfection,True,psac,8.0,True,open,5,0.0001,48,1.2,,training,6.771743297576904,0.04325480486454841,6.7717 ± 0.0433,293.82527136802673,42.54111744302277,293.8253 ± 42.5411,0.2416,0.02814284989122459,0.2416 ± 0.0281,0.31520000000000004,0.02814284989122459,0.3152 ± 0.0281,0.6048,0.034082546853191606,0.6048 ± 0.0341,1.0,0.0,1.0000 ± 0.0000,0.5066999999999999,0.02800142853498726,0.5067 ± 0.0280,0.9609,0.027435743110038005,0.9609 ± 0.0274,0.40745,0.020576807332528504,0.4074 ± 0.0206,0.3659,0.030547012947258863,0.3659 ± 0.0305,0.66925,0.03867874093090413,0.6693 ± 0.0387,0.45730000000000004,0.02729432175380075,0.4573 ± 0.0273
Inf-Net_DP_Morph,LungInfection,True,psac,8.0,True,open,7,0.0001,48,1.2,,training,6.593705892562866,0.15343105014427055,6.5937 ± 0.1534,321.800435423851,5.777196820395112,321.8004 ± 5.7772,0.25039999999999996,0.003959797974644662,0.2504 ± 0.0040,0.33409999999999995,0.015414927829866726,0.3341 ± 0.0154,0.6175999999999999,0.01088944443027281,0.6176 ± 0.0109,1.0,0.0,1.0000 ± 0.0000,0.51775,7.071067811864696e-05,0.5178 ± 0.0001,0.987,0.00028284271247458785,0.9870 ± 0.0003,0.4183,0.006788225099390855,0.4183 ± 0.0068,0.37439999999999996,0.005232590180780464,0.3744 ± 0.0052,0.67825,0.0020506096654409976,0.6783 ± 0.0021,0.4468,0.0009899494936611753,0.4468 ± 0.0010
Inf-Net_DP_Morph,LungInfection,True,psac,8.0,True,open,9,0.0001,48,1.2,,training,6.626530647277832,0.07764191280240472,6.6265 ± 0.0776,331.1249692440033,10.32957520298314,331.1250 ± 10.3296,0.2579,0.030971277015970786,0.2579 ± 0.0310,0.33805,0.04122432534317573,0.3381 ± 0.0412,0.61355,0.042072853480599574,0.6136 ± 0.0421,1.0,0.0,1.0000 ± 0.0000,0.531,0.027152900397563417,0.5310 ± 0.0272,0.9739,0.0,0.9739 ± 0.0000,0.41869999999999996,0.02814284989122459,0.4187 ± 0.0281,0.38655,0.02510229073212242,0.3866 ± 0.0251,0.6856,0.012586500705120572,0.6856 ± 0.0126,0.43725,0.021849599538664305,0.4373 ± 0.0218
Inf-Net_DP_Morph,LungInfection,True,automatic,8.0,True,both,3,0.0001,48,1.5,,training,6.733504056930542,0.042738590263986985,6.7335 ± 0.0427,274.6872752904892,46.96156506300373,274.6873 ± 46.9616,0.2505,0.00975807358037436,0.2505 ± 0.0098,0.3135,0.007636753236814736,0.3135 ± 0.0076,0.60745,0.01378858223313765,0.6075 ± 0.0138,1.0,0.0,1.0000 ± 0.0000,0.5197499999999999,0.013930003589374943,0.5197 ± 0.0139,0.97645,0.005727564927611032,0.9765 ± 0.0057,0.4057,0.006505382386916227,0.4057 ± 0.0065,0.3748,0.011596551211459397,0.3748 ± 0.0116,0.6686000000000001,0.0035355339059327407,0.6686 ± 0.0035,0.4511,0.011172287142747477,0.4511 ± 0.0112
Inf-Net_DP_Morph,LungInfection,True,automatic,8.0,True,close,3,0.0001,48,1.5,,training,6.745299339294434,0.03992554100697587,6.7453 ± 0.0399,278.8244137763977,54.46511466866879,278.8244 ± 54.4651,0.26575,0.00799030662740797,0.2657 ± 0.0080,0.33089999999999997,0.014849242404917471,0.3309 ± 0.0148,0.6315500000000001,0.00021213203435601938,0.6316 ± 0.0002,1.0,0.0,1.0000 ± 0.0000,0.5265500000000001,0.021001071401240426,0.5266 ± 0.0210,0.96655,0.027223611075682063,0.9666 ± 0.0272,0.4164,0.01555634918610406,0.4164 ± 0.0156,0.38754999999999995,0.011808683245815339,0.3875 ± 0.0118,0.6768,0.021496046148071032,0.6768 ± 0.0215,0.44299999999999995,0.015273506473629432,0.4430 ± 0.0153
Inf-Net_DP_Morph,LungInfection,True,automatic,8.0,True,close,5,0.0001,48,1.5,,training,6.7508225440979,0.10893510488477333,6.7508 ± 0.1089,277.07223904132843,48.765847033995534,277.0722 ± 48.7658,0.25970000000000004,0.011172287142747438,0.2597 ± 0.0112,0.33885,0.020293964620053916,0.3388 ± 0.0203,0.63215,0.01336431816442569,0.6321 ± 0.0134,1.0,0.0,1.0000 ± 0.0000,0.5228999999999999,0.01357645019878171,0.5229 ± 0.0136,0.9734,0.0028284271247461927,0.9734 ± 0.0028,0.4238,0.012303657992645906,0.4238 ± 0.0123,0.38,0.0059396969619669735,0.3800 ± 0.0059,0.6749,0.0072124891681028536,0.6749 ± 0.0072,0.4423,0.011596551211459397,0.4423 ± 0.0116
Inf-Net_DP_Morph,LungInfection,True,automatic,8.0,True,close,7,0.0001,48,1.5,,training,6.722111463546753,0.12609898747234982,6.7221 ± 0.1261,284.94005930423737,50.13955680060008,284.9401 ± 50.1396,0.25405,0.01378858223313767,0.2540 ± 0.0138,0.3352,0.00014142135623729392,0.3352 ± 0.0001,0.6196,0.04129503602129438,0.6196 ± 0.0413,1.0,0.0,1.0000 ± 0.0000,0.5261,0.027152900397563417,0.5261 ± 0.0272,0.9914000000000001,0.0029698484809835652,0.9914 ± 0.0030,0.41925,0.009545941546018401,0.4193 ± 0.0095,0.3755,0.016122034611053316,0.3755 ± 0.0161,0.6839,0.014849242404917511,0.6839 ± 0.0148,0.44435,0.02001112190757929,0.4444 ± 0.0200
Inf-Net_DP_Morph,LungInfection,True,automatic,8.0,True,open,3,0.0001,48,1.5,,training,6.568872690200806,0.14289770976442792,6.5689 ± 0.1429,280.38957488536835,49.58179552265057,280.3896 ± 49.5818,0.27044999999999997,0.03471894295625946,0.2704 ± 0.0347,0.3648,0.021920310216782993,0.3648 ± 0.0219,0.63825,0.061447579285110965,0.6382 ± 0.0614,1.0,0.0,1.0000 ± 0.0000,0.5542499999999999,0.0033234018715768,0.5542 ± 0.0033,0.9874,0.0029698484809835652,0.9874 ± 0.0030,0.4425,0.0004242640687119603,0.4425 ± 0.0004,0.3987,0.008485281374238578,0.3987 ± 0.0085,0.68295,0.03429467888754763,0.6829 ± 0.0343,0.4163,0.005798275605729679,0.4163 ± 0.0058
Inf-Net_DP_Morph,LungInfection,True,automatic,8.0,True,open,5,0.0001,48,1.5,,training,6.621187686920166,0.039104857572771747,6.6212 ± 0.0391,284.79428362846375,47.67092198013856,284.7943 ± 47.6709,0.2541,0.022485995641732228,0.2541 ± 0.0225,0.34545,0.021425335469952386,0.3454 ± 0.0214,0.61965,0.029910616844190965,0.6197 ± 0.0299,1.0,0.0,1.0000 ± 0.0000,0.52845,0.014637110370561491,0.5284 ± 0.0146,0.99075,7.071067811864696e-05,0.9908 ± 0.0001,0.42655,0.009828784258493027,0.4265 ± 0.0098,0.3755,0.00933380951166242,0.3755 ± 0.0093,0.68635,0.021849599538664267,0.6864 ± 0.0218,0.43820000000000003,0.008768124086713205,0.4382 ± 0.0088
Inf-Net_DP_Morph,LungInfection,True,base,8.0,True,both,3,0.0001,48,1.5,,training,6.654230117797852,0.10512705282811703,6.6542 ± 0.1051,284.49686563014984,42.794457597562115,284.4969 ± 42.7945,0.26135,0.026516504294495535,0.2614 ± 0.0265,0.3439,0.015132085117392138,0.3439 ± 0.0151,0.6141,0.021496046148071032,0.6141 ± 0.0215,1.0,0.0,1.0000 ± 0.0000,0.54515,0.025667976157071674,0.5452 ± 0.0257,0.98135,0.0004949747468306073,0.9813 ± 0.0005,0.43010000000000004,0.013010764773832494,0.4301 ± 0.0130,0.39080000000000004,0.018384776310850212,0.3908 ± 0.0184,0.6863999999999999,0.0164048773235279,0.6864 ± 0.0164,0.43025,0.016051323932934625,0.4303 ± 0.0161
Inf-Net_DP_Morph,LungInfection,True,base,8.0,True,close,3,0.0001,48,1.5,,training,6.775387763977051,0.04989175339325592,6.7754 ± 0.0499,279.62131345272064,51.904114523933465,279.6213 ± 51.9041,0.26544999999999996,0.01534421715174808,0.2654 ± 0.0153,0.34675,0.011667261889578005,0.3468 ± 0.0117,0.64505,0.004171930009000642,0.6451 ± 0.0042,1.0,0.0,1.0000 ± 0.0000,0.515,0.03125411972844541,0.5150 ± 0.0313,0.98325,0.015627059864222706,0.9832 ± 0.0156,0.42125,0.013930003589374983,0.4213 ± 0.0139,0.3774,0.016546298679765196,0.3774 ± 0.0165,0.6751499999999999,0.003747665940288682,0.6751 ± 0.0037,0.4475,0.0151320851173921,0.4475 ± 0.0151
Inf-Net_DP_Morph,LungInfection,True,base,8.0,True,close,5,0.0001,48,1.5,,training,6.664783000946045,0.2026892521107107,6.6648 ± 0.2027,281.86767733097076,47.826030643440916,281.8677 ± 47.8260,0.22785,0.015768481220460002,0.2278 ± 0.0158,0.32594999999999996,0.033870414818835626,0.3259 ± 0.0339,0.5652999999999999,0.027860007178749965,0.5653 ± 0.0279,1.0,0.0,1.0000 ± 0.0000,0.5263500000000001,0.009263098833543773,0.5264 ± 0.0093,0.9821500000000001,0.003747665940288682,0.9822 ± 0.0037,0.4193,0.021071782079359114,0.4193 ± 0.0211,0.382,0.008909545442950499,0.3820 ± 0.0089,0.6590499999999999,0.017889801564019644,0.6590 ± 0.0179,0.435,0.015414927829866766,0.4350 ± 0.0154
Inf-Net_DP_Morph,LungInfection,True,base,8.0,True,close,7,0.0001,48,1.5,,training,6.731626510620117,0.01219763513384082,6.7316 ± 0.0122,282.6384001970291,48.99411267965664,282.6384 ± 48.9941,0.26325,0.003747665940288721,0.2632 ± 0.0037,0.34430000000000005,0.0025455844122715655,0.3443 ± 0.0025,0.6227,0.022203152929257577,0.6227 ± 0.0222,1.0,0.0,1.0000 ± 0.0000,0.5413,0.016546298679765273,0.5413 ± 0.0165,0.97805,0.014071424945612317,0.9780 ± 0.0141,0.4265,0.00622253967444164,0.4265 ± 0.0062,0.39005,0.019445436482630033,0.3901 ± 0.0194,0.6810499999999999,0.00982878425849295,0.6810 ± 0.0098,0.43365,0.01463711037056153,0.4336 ± 0.0146
Inf-Net_DP_Morph,LungInfection,True,base,8.0,True,open,3,0.0001,48,1.5,,training,6.716624021530151,0.042776353840252745,6.7166 ± 0.0428,277.5264356136322,48.11835831872678,277.5264 ± 48.1184,0.2688,0.014990663761154805,0.2688 ± 0.0150,0.34865,0.003040559159102173,0.3487 ± 0.0030,0.6396,0.01598061325481602,0.6396 ± 0.0160,1.0,0.0,1.0000 ± 0.0000,0.53325,7.071067811864696e-05,0.5333 ± 0.0001,0.9761,0.02064751801064719,0.9761 ± 0.0206,0.42779999999999996,0.003818376618407368,0.4278 ± 0.0038,0.38925,0.0072831998462214225,0.3892 ± 0.0073,0.6877,0.00777817459305203,0.6877 ± 0.0078,0.43715000000000004,0.0017677669529663704,0.4372 ± 0.0018
Inf-Net_DP_Morph,LungInfection,True,base,8.0,True,open,5,0.0001,48,1.5,,training,6.5461413860321045,0.018844361731402852,6.5461 ± 0.0188,281.11698615550995,55.54587264945473,281.1170 ± 55.5459,0.26815,0.021001071401240426,0.2681 ± 0.0210,0.3588,0.037618080759124345,0.3588 ± 0.0376,0.63255,0.033587572106361,0.6325 ± 0.0336,1.0,0.0,1.0000 ± 0.0000,0.5365,0.014707821048680217,0.5365 ± 0.0147,0.9843,0.0015556349186104687,0.9843 ± 0.0016,0.4295,0.016687720036002527,0.4295 ± 0.0167,0.3901,0.00777817459305203,0.3901 ± 0.0078,0.6976,0.009192388155425047,0.6976 ± 0.0092,0.43345,0.01223294731452726,0.4335 ± 0.0122
Inf-Net_DP_Morph,LungInfection,True,nsgd,8.0,True,both,3,0.0001,48,1.5,,training,6.781983137130737,0.07210111950976855,6.7820 ± 0.0721,282.87488317489624,49.442850007164694,282.8749 ± 49.4429,0.24609999999999999,0.005515432893255071,0.2461 ± 0.0055,0.3337,0.0012727922061358025,0.3337 ± 0.0013,0.6024499999999999,0.006576093065034874,0.6024 ± 0.0066,1.0,0.0,1.0000 ± 0.0000,0.5287,0.009192388155425127,0.5287 ± 0.0092,0.97055,0.021849599538664347,0.9706 ± 0.0218,0.4216,0.0005656854249492149,0.4216 ± 0.0006,0.3823,0.015414927829866726,0.3823 ± 0.0154,0.6685,0.0031112698372207804,0.6685 ± 0.0031,0.43685,0.00841457069611993,0.4369 ± 0.0084
Inf-Net_DP_Morph,LungInfection,True,nsgd,8.0,True,close,3,0.0001,48,1.5,,training,6.69567608833313,0.10318863497140399,6.6957 ± 0.1032,275.2712559700012,50.0563358251666,275.2713 ± 50.0563,0.27765,0.05112382027978741,0.2777 ± 0.0511,0.35814999999999997,0.06441742776609449,0.3581 ± 0.0644,0.6468499999999999,0.08746910883277595,0.6468 ± 0.0875,1.0,0.0,1.0000 ± 0.0000,0.5396,0.005656854249492385,0.5396 ± 0.0057,0.9903500000000001,0.012374368670764553,0.9904 ± 0.0124,0.42195,0.019021172413918153,0.4219 ± 0.0190,0.39344999999999997,0.00912167747730644,0.3934 ± 0.0091,0.7033,0.04412346314604057,0.7033 ± 0.0441,0.4366,0.003818376618407368,0.4366 ± 0.0038
Inf-Net_DP_Morph,LungInfection,True,nsgd,8.0,True,close,5,0.0001,48,1.5,,training,6.736460208892822,0.037621288505188276,6.7365 ± 0.0376,281.2821968793869,45.60264277108026,281.2822 ± 45.6026,0.2439,0.012303657992645926,0.2439 ± 0.0123,0.3227,0.012020815280171319,0.3227 ± 0.0120,0.6049,0.021354624791833737,0.6049 ± 0.0214,1.0,0.0,1.0000 ± 0.0000,0.5171,0.009333809511662497,0.5171 ± 0.0093,0.97205,0.0016263455967290372,0.9720 ± 0.0016,0.41255,0.0044547727214752685,0.4125 ± 0.0045,0.37755000000000005,0.0024748737341529184,0.3776 ± 0.0025,0.6699999999999999,0.007636753236814736,0.6700 ± 0.0076,0.4471,0.0019798989873223505,0.4471 ± 0.0020
Inf-Net_DP_Morph,LungInfection,True,nsgd,8.0,True,open,3,0.0001,48,1.5,,training,6.8122804164886475,0.07243357385082248,6.8123 ± 0.0724,273.67225778102875,54.67048665198092,273.6723 ± 54.6705,0.26435,0.011384419177103419,0.2643 ± 0.0114,0.3355,0.0059396969619670125,0.3355 ± 0.0059,0.65,0.028567113959936514,0.6500 ± 0.0286,1.0,0.0,1.0000 ± 0.0000,0.5142,0.00933380951166242,0.5142 ± 0.0093,0.97655,0.013081475451951102,0.9766 ± 0.0131,0.41195,7.071067811864696e-05,0.4119 ± 0.0001,0.3771,0.005374011537017758,0.3771 ± 0.0054,0.6746,0.01131370849898477,0.6746 ± 0.0113,0.45289999999999997,0.008909545442950499,0.4529 ± 0.0089
Inf-Net_DP_Morph,LungInfection,True,nsgd,8.0,True,open,5,0.0001,48,1.5,,training,6.800078392028809,0.008732827011457243,6.8001 ± 0.0087,279.62242662906647,55.10363723197272,279.6224 ± 55.1036,0.24165,0.031041987694089432,0.2417 ± 0.0310,0.31845,0.04136574669941303,0.3185 ± 0.0414,0.5970500000000001,0.059326258941551316,0.5971 ± 0.0593,1.0,0.0,1.0000 ± 0.0000,0.51945,0.012798632739476514,0.5194 ± 0.0128,0.9621500000000001,0.014778531726798863,0.9622 ± 0.0148,0.4067,0.021920310216782993,0.4067 ± 0.0219,0.379,0.014283556979968257,0.3790 ± 0.0143,0.65215,0.01774838020778235,0.6522 ± 0.0177,0.44775,0.01223294731452726,0.4477 ± 0.0122
Inf-Net_DP_Morph,LungInfection,True,psac,8.0,True,both,3,0.0001,48,1.5,,training,6.759027004241943,0.010422072699773877,6.7590 ± 0.0104,286.6058006286621,46.79024200131691,286.6058 ± 46.7902,0.2331,0.01555634918610406,0.2331 ± 0.0156,0.3153,0.023900209204105304,0.3153 ± 0.0239,0.5857,0.023193102422918718,0.5857 ± 0.0232,1.0,0.0,1.0000 ± 0.0000,0.5133,0.0009899494936612145,0.5133 ± 0.0010,0.97645,0.02001112190757929,0.9765 ± 0.0200,0.4094,0.01866761902332484,0.4094 ± 0.0187,0.37215,0.010535891039679536,0.3721 ± 0.0105,0.66385,0.013930003589374943,0.6639 ± 0.0139,0.45,0.012020815280171319,0.4500 ± 0.0120
Inf-Net_DP_Morph,LungInfection,True,psac,8.0,True,close,3,0.0001,48,1.5,,training,6.61349630355835,0.19036281620782058,6.6135 ± 0.1904,283.15289783477783,50.470858846815744,283.1529 ± 50.4709,0.2802,0.03224406922210655,0.2802 ± 0.0322,0.36360000000000003,0.042284985514955555,0.3636 ± 0.0423,0.6426499999999999,0.0269407683632074,0.6426 ± 0.0269,1.0,0.0,1.0000 ± 0.0000,0.5493,0.04567909806465096,0.5493 ± 0.0457,0.9924,0.005515432893255012,0.9924 ± 0.0055,0.4391,0.02729432175380071,0.4391 ± 0.0273,0.39295,0.02439518395093591,0.3930 ± 0.0244,0.7065,0.02248599564173225,0.7065 ± 0.0225,0.427,0.03224406922210655,0.4270 ± 0.0322
Inf-Net_DP_Morph,LungInfection,True,psac,8.0,True,close,5,0.0001,48,1.5,,training,6.662266254425049,0.02106465771095675,6.6623 ± 0.0211,285.03638339042664,49.365265076901494,285.0364 ± 49.3653,0.23495,0.015485638507985393,0.2349 ± 0.0155,0.3145,0.013152186130069748,0.3145 ± 0.0132,0.5937,0.02545584412271573,0.5937 ± 0.0255,1.0,0.0,1.0000 ± 0.0000,0.4986,0.013435028842544414,0.4986 ± 0.0134,0.95495,0.00883883476483189,0.9549 ± 0.0088,0.40549999999999997,0.011455129855222103,0.4055 ± 0.0115,0.36229999999999996,0.008061017305526656,0.3623 ± 0.0081,0.67765,0.01025304832720491,0.6776 ± 0.0103,0.45499999999999996,0.006788225099390855,0.4550 ± 0.0068
Inf-Net_DP_Morph,LungInfection,True,psac,8.0,True,open,3,0.0001,48,1.5,,training,6.563496351242065,0.026571059175208033,6.5635 ± 0.0266,277.5424908399582,57.13292639147357,277.5425 ± 57.1329,0.2435,0.003818376618407368,0.2435 ± 0.0038,0.3189,0.003676955262170035,0.3189 ± 0.0037,0.5787,0.00820243866176399,0.5787 ± 0.0082,1.0,0.0,1.0000 ± 0.0000,0.54535,0.006717514421272247,0.5454 ± 0.0067,0.9763,0.013152186130069826,0.9763 ± 0.0132,0.417,0.0,0.4170 ± 0.0000,0.3823,0.007071067811865442,0.3823 ± 0.0071,0.68225,0.020152543263816585,0.6823 ± 0.0202,0.4331,0.005656854249492385,0.4331 ± 0.0057
Inf-Net_DP_Morph,LungInfection,True,psac,8.0,True,open,5,0.0001,48,1.5,,training,6.668766975402832,0.1456352318689075,6.6688 ± 0.1456,282.4104075431824,54.666935021350604,282.4104 ± 54.6669,0.27285,0.05112382027978739,0.2728 ± 0.0511,0.36905,0.05593214639185591,0.3690 ± 0.0559,0.64335,0.05847773080412748,0.6433 ± 0.0585,1.0,0.0,1.0000 ± 0.0000,0.5251,0.038749451609022816,0.5251 ± 0.0387,0.9730000000000001,0.026587214972614164,0.9730 ± 0.0266,0.42675,0.018596908345206192,0.4268 ± 0.0186,0.38380000000000003,0.022627416997969503,0.3838 ± 0.0226,0.6991499999999999,0.060174787078975236,0.6991 ± 0.0602,0.44155,0.018596908345206192,0.4415 ± 0.0186
Inf-Net_DP_Morph,LungInfection,True,automatic,8.0,True,both,3,0.0001,48,2.0,,training,6.617284774780273,0.005254531897550181,6.6173 ± 0.0053,284.04783165454865,47.14031389363585,284.0478 ± 47.1403,0.27959999999999996,0.004808326112068504,0.2796 ± 0.0048,0.3794,0.012727922061357866,0.3794 ± 0.0127,0.62965,0.004454772721475308,0.6297 ± 0.0045,1.0,0.0,1.0000 ± 0.0000,0.57135,0.0023334523779155853,0.5714 ± 0.0023,0.99415,0.005444722215136444,0.9941 ± 0.0054,0.45294999999999996,0.0009192388155425283,0.4529 ± 0.0009,0.40545,0.0033234018715767605,0.4054 ± 0.0033,0.6992,0.01824335495461288,0.6992 ± 0.0182,0.41295,0.0028991378028648397,0.4129 ± 0.0029
Inf-Net_DP_Morph,LungInfection,True,automatic,8.0,True,close,3,0.0001,48,2.0,,training,6.638602018356323,0.16031481061785785,6.6386 ± 0.1603,273.26832151412964,47.77990428949364,273.2683 ± 47.7799,0.2707,0.07269057710597708,0.2707 ± 0.0727,0.36605,0.08195367593952085,0.3660 ± 0.0820,0.63615,0.09369164850721759,0.6361 ± 0.0937,1.0,0.0,1.0000 ± 0.0000,0.53085,0.058619152160364806,0.5309 ± 0.0586,0.97675,0.02736503243191936,0.9768 ± 0.0274,0.4317,0.048083261120685235,0.4317 ± 0.0481,0.39135,0.03556747109368331,0.3913 ± 0.0356,0.687,0.04369919907732861,0.6870 ± 0.0437,0.4313,0.034506810921903525,0.4313 ± 0.0345
Inf-Net_DP_Morph,LungInfection,True,automatic,8.0,True,close,5,0.0001,48,2.0,,training,6.6453328132629395,0.03644387414518794,6.6453 ± 0.0364,282.7447966337204,53.309849151910505,282.7448 ± 53.3098,0.27290000000000003,0.01824335495461292,0.2729 ± 0.0182,0.35609999999999997,0.00820243866176395,0.3561 ± 0.0082,0.6414500000000001,0.02665792565073281,0.6415 ± 0.0267,1.0,0.0,1.0000 ± 0.0000,0.54085,0.0071417784899841285,0.5409 ± 0.0071,0.9794,0.00028284271247466634,0.9794 ± 0.0003,0.4344,0.0018384776310850174,0.4344 ± 0.0018,0.39095,0.0028991378028648397,0.3910 ± 0.0029,0.69135,0.00954594154601844,0.6914 ± 0.0095,0.42975,0.0006363961030679012,0.4298 ± 0.0006
Inf-Net_DP_Morph,LungInfection,True,automatic,8.0,True,open,3,0.0001,48,2.0,,training,6.781761884689331,0.007285335646199099,6.7818 ± 0.0073,278.7032700777054,43.88663619418275,278.7033 ± 43.8866,0.26545,0.01647558800164655,0.2655 ± 0.0165,0.33745,0.01859690834520623,0.3375 ± 0.0186,0.6203000000000001,0.014707821048680217,0.6203 ± 0.0147,1.0,0.0,1.0000 ± 0.0000,0.53525,0.017182694782833095,0.5353 ± 0.0172,0.969,0.011172287142747477,0.9690 ± 0.0112,0.4193,0.017394826817189075,0.4193 ± 0.0174,0.39025,0.012515790027001886,0.3902 ± 0.0125,0.6814,0.0026870057685088986,0.6814 ± 0.0027,0.4398,0.012869343417595162,0.4398 ± 0.0129
Inf-Net_DP_Morph,LungInfection,True,automatic,8.0,True,open,5,0.0001,48,2.0,,training,6.637753963470459,0.010059946977368275,6.6378 ± 0.0101,281.91255164146423,45.198703497441805,281.9126 ± 45.1987,0.2627,0.014990663761154805,0.2627 ± 0.0150,0.3486,0.016829141392239823,0.3486 ± 0.0168,0.6315500000000001,0.01647558800164655,0.6316 ± 0.0165,1.0,0.0,1.0000 ± 0.0000,0.52745,0.019869700551341997,0.5274 ± 0.0199,0.99125,0.00021213203435594088,0.9912 ± 0.0002,0.4257,0.012162236636408611,0.4257 ± 0.0122,0.37815,0.014071424945612277,0.3781 ± 0.0141,0.6949000000000001,0.011172287142747398,0.6949 ± 0.0112,0.44065,0.017041273426595803,0.4406 ± 0.0170
Inf-Net_DP_Morph,LungInfection,True,base,8.0,True,both,3,0.0001,48,2.0,,training,6.764910936355591,0.20647403910698836,6.7649 ± 0.2065,282.3297446966171,49.901271668936246,282.3297 ± 49.9013,0.2826,0.019940411229460643,0.2826 ± 0.0199,0.36085,0.006717514421272168,0.3609 ± 0.0067,0.6611,0.05020458146424484,0.6611 ± 0.0502,1.0,0.0,1.0000 ± 0.0000,0.5324500000000001,0.01223294731452726,0.5325 ± 0.0122,0.9657,0.025597265478953028,0.9657 ± 0.0256,0.42879999999999996,0.021637467504308366,0.4288 ± 0.0216,0.39154999999999995,0.0033234018715767605,0.3915 ± 0.0033,0.69535,0.005586143571373738,0.6954 ± 0.0056,0.43365,0.012940054095713848,0.4336 ± 0.0129
Inf-Net_DP_Morph,LungInfection,True,base,8.0,True,close,3,0.0001,48,2.0,,training,6.634361028671265,0.018827502991998493,6.6344 ± 0.0188,275.60960698127747,44.77411412249433,275.6096 ± 44.7741,0.25735,0.005020458146424484,0.2574 ± 0.0050,0.3449,0.011596551211459397,0.3449 ± 0.0116,0.6214500000000001,0.006576093065034874,0.6215 ± 0.0066,1.0,0.0,1.0000 ± 0.0000,0.53285,0.012515790027001846,0.5329 ± 0.0125,0.9842,0.00820243866176391,0.9842 ± 0.0082,0.4318,0.007071067811865481,0.4318 ± 0.0071,0.38434999999999997,0.002757716446627506,0.3843 ± 0.0028,0.681,0.0,0.6810 ± 0.0000,0.4326,0.006081118318204307,0.4326 ± 0.0061
Inf-Net_DP_Morph,LungInfection,True,base,8.0,True,open,3,0.0001,48,2.0,,training,6.599275588989258,0.06407669672808242,6.5993 ± 0.0641,278.165673494339,45.53234907702203,278.1657 ± 45.5323,0.26905,0.03641599923110721,0.2691 ± 0.0364,0.36005,0.037405948724768365,0.3600 ± 0.0374,0.62775,0.050416713498600864,0.6278 ± 0.0504,1.0,0.0,1.0000 ± 0.0000,0.54495,0.02001112190757929,0.5450 ± 0.0200,0.99285,0.0031819805153394274,0.9929 ± 0.0032,0.4333,0.013859292911256337,0.4333 ± 0.0139,0.38839999999999997,0.024324473272817265,0.3884 ± 0.0243,0.7124,0.019798989873223347,0.7124 ± 0.0198,0.42955,0.012515790027001886,0.4295 ± 0.0125
Inf-Net_DP_Morph,LungInfection,True,base,8.0,True,open,5,0.0001,48,2.0,,training,6.7164552211761475,0.03760274389184348,6.7165 ± 0.0376,280.2593905925751,50.732989991017476,280.2594 ± 50.7330,0.23325,0.015485638507985393,0.2333 ± 0.0155,0.31625000000000003,0.036981684656056404,0.3163 ± 0.0370,0.59,0.010182337649086262,0.5900 ± 0.0102,1.0,0.0,1.0000 ± 0.0000,0.5089,0.02305168106668146,0.5089 ± 0.0231,0.9635,0.00777817459305203,0.9635 ± 0.0078,0.4047,0.03068843430349616,0.4047 ± 0.0307,0.373,0.02489015869776648,0.3730 ± 0.0249,0.6494,0.006646803743153521,0.6494 ± 0.0066,0.4496,0.026304372260139576,0.4496 ± 0.0263
Inf-Net_DP_Morph,LungInfection,True,nsgd,8.0,True,close,3,0.0001,48,2.0,,training,6.788164377212524,0.09240039045176747,6.7882 ± 0.0924,285.507187128067,46.05724930012459,285.5072 ± 46.0572,0.23654999999999998,0.016475588001646568,0.2365 ± 0.0165,0.3048,0.009192388155425127,0.3048 ± 0.0092,0.58585,0.02156675682618968,0.5858 ± 0.0216,1.0,0.0,1.0000 ± 0.0000,0.5025,0.01668772003600249,0.5025 ± 0.0167,0.94875,0.023688077169749324,0.9487 ± 0.0237,0.39405,0.008273149339882598,0.3941 ± 0.0083,0.36970000000000003,0.012303657992645945,0.3697 ± 0.0123,0.6636500000000001,0.0007778174593051951,0.6637 ± 0.0008,0.45865,0.006151828996322993,0.4587 ± 0.0062
Inf-Net_DP_Morph,LungInfection,True,nsgd,8.0,True,close,5,0.0001,48,2.0,,training,6.873777866363525,0.02559089206623868,6.8738 ± 0.0256,284.4941757917404,52.337131245534344,284.4942 ± 52.3371,0.24265,0.020293964620053916,0.2427 ± 0.0203,0.3167,0.01400071426749363,0.3167 ± 0.0140,0.61915,0.04574980874276961,0.6191 ± 0.0457,1.0,0.0,1.0000 ± 0.0000,0.4934,0.0014142135623730963,0.4934 ± 0.0014,0.9734499999999999,0.016617009357883843,0.9734 ± 0.0166,0.4041,0.0009899494936611753,0.4041 ± 0.0010,0.3583,0.0007071067811865482,0.3583 ± 0.0007,0.65945,0.0010606601717798615,0.6594 ± 0.0011,0.46655,0.0010606601717798223,0.4666 ± 0.0011
Inf-Net_DP_Morph,LungInfection,True,nsgd,8.0,True,close,7,0.0001,48,2.0,,training,7.052578449249268,0.04005569047517751,7.0526 ± 0.0401,285.9019333124161,52.91258138721654,285.9019 ± 52.9126,0.27044999999999997,0.009545941546018401,0.2704 ± 0.0095,0.32994999999999997,0.0023334523779156243,0.3299 ± 0.0023,0.6569,0.004808326112068543,0.6569 ± 0.0048,1.0,0.0,1.0000 ± 0.0000,0.51125,0.0023334523779155853,0.5112 ± 0.0023,0.96575,0.00954594154601844,0.9657 ± 0.0095,0.4064,0.0029698484809834867,0.4064 ± 0.0030,0.3799,0.0032526911934581135,0.3799 ± 0.0033,0.6717,0.006505382386916227,0.6717 ± 0.0065,0.45704999999999996,0.003181980515339467,0.4570 ± 0.0032
Inf-Net_DP_Morph,LungInfection,True,nsgd,8.0,True,open,3,0.0001,48,2.0,,training,6.796194791793823,0.04308183419825971,6.7962 ± 0.0431,278.33113074302673,47.97025159566121,278.3311 ± 47.9703,0.2767,0.0072124891681027755,0.2767 ± 0.0072,0.35555000000000003,0.01265721138323918,0.3556 ± 0.0127,0.6566000000000001,0.0024041630560342323,0.6566 ± 0.0024,1.0,0.0,1.0000 ± 0.0000,0.5318,0.01088944443027281,0.5318 ± 0.0109,0.9711000000000001,0.005091168824543131,0.9711 ± 0.0051,0.42705,0.007848885271170676,0.4270 ± 0.0078,0.39115,0.011950104602052671,0.3911 ± 0.0120,0.69055,0.006434671708797581,0.6905 ± 0.0064,0.43625,0.00756604255869605,0.4363 ± 0.0076
Inf-Net_DP_Morph,LungInfection,True,nsgd,8.0,True,open,5,0.0001,48,2.0,,training,6.851020336151123,0.038055569632244525,6.8510 ± 0.0381,282.43064057826996,43.88208871781581,282.4306 ± 43.8821,0.24370000000000003,0.011455129855222084,0.2437 ± 0.0115,0.3154,0.007495331880577403,0.3154 ± 0.0075,0.59745,0.009545941546018361,0.5975 ± 0.0095,1.0,0.0,1.0000 ± 0.0000,0.5156499999999999,0.006010407640085699,0.5156 ± 0.0060,0.95945,0.00685893577750954,0.9595 ± 0.0069,0.40525,0.0031819805153394274,0.4052 ± 0.0032,0.37150000000000005,0.009616652224137047,0.3715 ± 0.0096,0.6536,0.020364675298172603,0.6536 ± 0.0204,0.45185,0.0044547727214752685,0.4518 ± 0.0045
Inf-Net_DP_Morph,LungInfection,True,psac,8.0,True,both,3,0.0001,48,2.0,,training,6.72326135635376,0.04537765733034513,6.7233 ± 0.0454,285.7248054742813,52.918625582467776,285.7248 ± 52.9186,0.2482,0.00820243866176395,0.2482 ± 0.0082,0.3261,0.00028284271247458785,0.3261 ± 0.0003,0.6113,0.016829141392239785,0.6113 ± 0.0168,1.0,0.0,1.0000 ± 0.0000,0.5116499999999999,0.002616295090390173,0.5116 ± 0.0026,0.9515,0.02375878784786805,0.9515 ± 0.0238,0.41645,0.0009192388155425283,0.4164 ± 0.0009,0.3725,0.0038183766184073284,0.3725 ± 0.0038,0.66275,0.0007778174593051951,0.6627 ± 0.0008,0.45085,0.00134350288425441,0.4508 ± 0.0013
Inf-Net_DP_Morph,LungInfection,True,psac,8.0,True,close,3,0.0001,48,2.0,,training,6.678849935531616,0.05986437210050962,6.6788 ± 0.0599,285.7215300798416,55.248529667783465,285.7215 ± 55.2485,0.24735,0.012657211383239182,0.2473 ± 0.0127,0.32520000000000004,0.0025455844122715655,0.3252 ± 0.0025,0.594,0.007071067811865481,0.5940 ± 0.0071,1.0,0.0,1.0000 ± 0.0000,0.52815,0.0197282791951047,0.5282 ± 0.0197,0.9731000000000001,0.027718585822512673,0.9731 ± 0.0277,0.4162,0.005515432893255052,0.4162 ± 0.0055,0.37915,0.017041273426595803,0.3791 ± 0.0170,0.6751,0.013717871555019003,0.6751 ± 0.0137,0.43995,0.01265721138323922,0.4400 ± 0.0127
Inf-Net_DP_Morph,LungInfection,True,psac,8.0,True,close,5,0.0001,48,2.0,,training,6.667687892913818,0.18702815755363802,6.6677 ± 0.1870,283.4972196817398,49.647293411110404,283.4972 ± 49.6473,0.28315,0.0584777308041275,0.2832 ± 0.0585,0.36235,0.05861915216036477,0.3624 ± 0.0586,0.65725,0.06569021997223025,0.6573 ± 0.0657,1.0,0.0,1.0000 ± 0.0000,0.53715,0.06314463555995868,0.5372 ± 0.0631,0.9875499999999999,0.013505739520663062,0.9875 ± 0.0135,0.43445,0.04292138161802342,0.4345 ± 0.0429,0.3956,0.04624478348960022,0.3956 ± 0.0462,0.69185,0.03726452736853103,0.6918 ± 0.0373,0.43145,0.04080006127446377,0.4315 ± 0.0408
Inf-Net_DP_Morph,LungInfection,True,psac,8.0,True,open,3,0.0001,48,2.0,,training,6.605500936508179,0.05361045413106912,6.6055 ± 0.0536,281.3219095468521,54.075739660001766,281.3219 ± 54.0757,0.30535,0.01930401512639274,0.3054 ± 0.0193,0.40065,0.026233661582020926,0.4007 ± 0.0262,0.6864,0.0012727922061358025,0.6864 ± 0.0013,1.0,0.0,1.0000 ± 0.0000,0.55835,0.028496403281817868,0.5584 ± 0.0285,0.99685,0.002474873734152958,0.9969 ± 0.0025,0.45255,0.01378858223313765,0.4526 ± 0.0138,0.40795000000000003,0.021001071401240464,0.4080 ± 0.0210,0.7076,0.0275771644662753,0.7076 ± 0.0276,0.42025,0.01647558800164655,0.4203 ± 0.0165
Inf-Net_DP_Morph,LungInfection,True,psac,8.0,True,open,5,0.0001,48,2.0,,training,6.628273010253906,0.08754810807640526,6.6283 ± 0.0875,287.2389656305313,54.17972874792007,287.2390 ± 54.1797,0.28800000000000003,0.01131370849898473,0.2880 ± 0.0113,0.37115,0.006576093065034913,0.3711 ± 0.0066,0.65535,0.0236880771697494,0.6553 ± 0.0237,1.0,0.0,1.0000 ± 0.0000,0.55535,0.0031819805153394274,0.5554 ± 0.0032,0.9841,0.01682914139223986,0.9841 ± 0.0168,0.44279999999999997,0.0009899494936611753,0.4428 ± 0.0010,0.40385000000000004,0.0009192388155425283,0.4039 ± 0.0009,0.6980999999999999,0.009192388155425127,0.6981 ± 0.0092,0.4203,0.0018384776310850174,0.4203 ± 0.0018
Inf-Net_DP_Morph,LungInfection,True,automatic,200.0,True,both,3,0.0001,48,1.2,,training,5.497728109359741,0.16662604830127317,5.4977 ± 0.1666,413.1106779575348,53.77692170721999,413.1107 ± 53.7769,0.4374,0.03224406922210655,0.4374 ± 0.0322,0.53375,0.023546655813512028,0.5337 ± 0.0235,0.626,0.005656854249492385,0.6260 ± 0.0057,1.0,0.0,1.0000 ± 0.0000,0.80505,0.034011836175072876,0.8051 ± 0.0340,0.9972000000000001,0.0008485281374238421,0.9972 ± 0.0008,0.5851500000000001,0.01774838020778235,0.5852 ± 0.0177,0.60195,0.043204224330498,0.6019 ± 0.0432,0.79895,0.022415284963613523,0.7990 ± 0.0224,0.22835,0.02778929650063132,0.2283 ± 0.0278
Inf-Net_DP_Morph,LungInfection,True,automatic,200.0,True,both,5,0.0001,48,1.2,,training,5.548765182495117,0.08571657462751585,5.5488 ± 0.0857,432.4355492591858,5.914487819195833,432.4355 ± 5.9145,0.42825,0.01732411613907043,0.4283 ± 0.0173,0.54385,0.01958685783886733,0.5438 ± 0.0196,0.6417999999999999,0.007636753236814736,0.6418 ± 0.0076,1.0,0.0,1.0000 ± 0.0000,0.7892,0.019657568516986055,0.7892 ± 0.0197,0.99795,0.0028991378028648397,0.9980 ± 0.0029,0.58875,0.015909902576697294,0.5887 ± 0.0159,0.58205,0.013930003589374943,0.5820 ± 0.0139,0.8005500000000001,0.012091525958289965,0.8006 ± 0.0121,0.2388,0.014990663761154824,0.2388 ± 0.0150
Inf-Net_DP_Morph,LungInfection,True,automatic,200.0,True,both,7,0.0001,48,1.2,,training,5.446951389312744,0.1047103047900413,5.4470 ± 0.1047,474.5187692642212,14.435672913569116,474.5188 ± 14.4357,0.4369,0.010040916292848968,0.4369 ± 0.0100,0.53415,0.015202795795510824,0.5342 ± 0.0152,0.64845,0.010960155108391456,0.6484 ± 0.0110,1.0,0.0,1.0000 ± 0.0000,0.7954,0.019940411229460643,0.7954 ± 0.0199,0.99855,0.0004949747468306073,0.9986 ± 0.0005,0.58415,0.012798632739476514,0.5841 ± 0.0128,0.5946,0.013293607486307042,0.5946 ± 0.0133,0.7959499999999999,0.0036062445840513878,0.7959 ± 0.0036,0.23475000000000001,0.014354267658086924,0.2348 ± 0.0144
Inf-Net_DP_Morph,LungInfection,True,automatic,200.0,True,both,9,0.0001,48,1.2,,training,5.458597660064697,0.10456666833031618,5.4586 ± 0.1046,472.1049402952194,5.037803867375279,472.1049 ± 5.0378,0.4336,0.0002828427124746271,0.4336 ± 0.0003,0.5455,0.00028284271247458785,0.5455 ± 0.0003,0.63785,0.020718228688765838,0.6379 ± 0.0207,1.0,0.0,1.0000 ± 0.0000,0.79965,0.0184554869889689,0.7996 ± 0.0185,0.99665,0.0030405591591021333,0.9967 ± 0.0030,0.591,0.007636753236814736,0.5910 ± 0.0076,0.5902000000000001,0.007919595949289324,0.5902 ± 0.0079,0.80235,0.008980256121069107,0.8024 ± 0.0090,0.23015,0.012091525958289965,0.2301 ± 0.0121
Inf-Net_DP_Morph,LungInfection,True,automatic,200.0,True,close,3,0.0001,48,1.2,,training,5.430221796035767,0.04424171546927951,5.4302 ± 0.0442,405.18549847602844,49.48643456897195,405.1855 ± 49.4864,0.4597,0.004808326112068543,0.4597 ± 0.0048,0.55565,0.012515790027001926,0.5556 ± 0.0125,0.64655,0.015202795795510746,0.6465 ± 0.0152,1.0,0.0,1.0000 ± 0.0000,0.8159000000000001,0.0024041630560342323,0.8159 ± 0.0024,0.98245,0.006576093065034874,0.9825 ± 0.0066,0.6032,0.006081118318204346,0.6032 ± 0.0061,0.6213,0.0004242640687119603,0.6213 ± 0.0004,0.80355,7.071067811864696e-05,0.8035 ± 0.0001,0.21325,0.0024748737341529184,0.2132 ± 0.0025
Inf-Net_DP_Morph,LungInfection,True,automatic,200.0,True,close,5,0.0001,48,1.2,,training,5.5406224727630615,0.04916581607450428,5.5406 ± 0.0492,414.9762760400772,51.95468669604906,414.9763 ± 51.9547,0.43755,0.013222896808188436,0.4375 ± 0.0132,0.53625,0.02156675682618968,0.5363 ± 0.0216,0.6517,0.012020815280171319,0.6517 ± 0.0120,1.0,0.0,1.0000 ± 0.0000,0.79165,0.001060660171779783,0.7916 ± 0.0011,0.9952,0.0029698484809834867,0.9952 ± 0.0030,0.58665,0.003889087296526054,0.5867 ± 0.0039,0.5919,0.00735391052434007,0.5919 ± 0.0074,0.7898499999999999,0.011950104602052673,0.7898 ± 0.0120,0.23704999999999998,0.001909188309203684,0.2370 ± 0.0019
Inf-Net_DP_Morph,LungInfection,True,automatic,200.0,True,close,7,0.0001,48,1.2,,training,5.517630577087402,0.04156151307877474,5.5176 ± 0.0416,450.09704291820526,5.901675008661127,450.0970 ± 5.9017,0.4413,0.0033941125496954076,0.4413 ± 0.0034,0.5497000000000001,0.006505382386916227,0.5497 ± 0.0065,0.6384,0.011172287142747477,0.6384 ± 0.0112,1.0,0.0,1.0000 ± 0.0000,0.79925,0.010394469683442204,0.7993 ± 0.0104,0.99195,0.0009192388155425676,0.9919 ± 0.0009,0.59465,0.0016263455967290372,0.5947 ± 0.0016,0.59495,0.00601040764008562,0.5949 ± 0.0060,0.79725,0.012940054095713808,0.7973 ± 0.0129,0.2272,0.004949747468305818,0.2272 ± 0.0049
Inf-Net_DP_Morph,LungInfection,True,automatic,200.0,True,close,9,0.0001,48,1.2,,training,5.427751064300537,0.0672157940051738,5.4278 ± 0.0672,450.4017131328583,7.660752798751056,450.4017 ± 7.6608,0.4495,0.02262741699796954,0.4495 ± 0.0226,0.54715,0.022273863607376227,0.5472 ± 0.0223,0.6354,0.005232590180780425,0.6354 ± 0.0052,1.0,0.0,1.0000 ± 0.0000,0.8108500000000001,0.01958685783886733,0.8109 ± 0.0196,0.9935,0.00028284271247466634,0.9935 ± 0.0003,0.5952500000000001,0.01534421715174804,0.5953 ± 0.0153,0.61225,0.02085965004500313,0.6122 ± 0.0209,0.79665,0.008838834764831813,0.7966 ± 0.0088,0.2219,0.015414927829866745,0.2219 ± 0.0154
Inf-Net_DP_Morph,LungInfection,True,automatic,200.0,True,open,3,0.0001,48,1.2,,training,5.563307046890259,0.035513608904855484,5.5633 ± 0.0355,432.18233644962316,18.920518557851125,432.1823 ± 18.9205,0.4268,0.0035355339059327407,0.4268 ± 0.0035,0.5347,0.00268700576850882,0.5347 ± 0.0027,0.64615,0.0184554869889689,0.6462 ± 0.0185,1.0,0.0,1.0000 ± 0.0000,0.7795,0.02022325394193523,0.7795 ± 0.0202,0.99275,0.004171930009000642,0.9928 ± 0.0042,0.5775,0.0011313708498985084,0.5775 ± 0.0011,0.5808,0.013152186130069748,0.5808 ± 0.0132,0.7954,0.002545584412271605,0.7954 ± 0.0025,0.24525000000000002,0.013647160876900375,0.2453 ± 0.0136
Inf-Net_DP_Morph,LungInfection,True,automatic,200.0,True,open,5,0.0001,48,1.2,,training,5.521886825561523,0.0051830508424757045,5.5219 ± 0.0052,434.86992502212524,22.014257227987695,434.8699 ± 22.0143,0.44005000000000005,0.0010606601717798223,0.4401 ± 0.0011,0.5463,0.0022627416997970167,0.5463 ± 0.0023,0.6389,0.0012727922061358025,0.6389 ± 0.0013,1.0,0.0,1.0000 ± 0.0000,0.79525,0.006293250352560286,0.7953 ± 0.0063,0.9971,0.0029698484809834867,0.9971 ± 0.0030,0.58775,0.005868986283848326,0.5877 ± 0.0059,0.59565,0.002192031021678291,0.5957 ± 0.0022,0.80665,0.002474873734152958,0.8066 ± 0.0025,0.23495,0.006434671708797581,0.2349 ± 0.0064
Inf-Net_DP_Morph,LungInfection,True,automatic,200.0,True,open,7,0.0001,48,1.2,,training,5.585806608200073,0.08827741714303777,5.5858 ± 0.0883,461.6960951089859,14.298727181751357,461.6961 ± 14.2987,0.44520000000000004,0.030264170234784237,0.4452 ± 0.0303,0.5595,0.026162950903902204,0.5595 ± 0.0262,0.6505000000000001,0.0033941125496954466,0.6505 ± 0.0034,1.0,0.0,1.0000 ± 0.0000,0.8009,0.029698484809834943,0.8009 ± 0.0297,0.99895,0.0007778174593052736,0.9990 ± 0.0008,0.5970500000000001,0.022273863607376227,0.5971 ± 0.0223,0.59865,0.03372899346259837,0.5987 ± 0.0337,0.81315,0.0024748737341528794,0.8132 ± 0.0025,0.22694999999999999,0.022273863607376248,0.2269 ± 0.0223
Inf-Net_DP_Morph,LungInfection,True,automatic,200.0,True,open,9,0.0001,48,1.2,,training,5.326910972595215,0.026554537610591764,5.3269 ± 0.0266,445.7389897108078,18.5479778434163,445.7390 ± 18.5480,0.4413,0.0021213203435596446,0.4413 ± 0.0021,0.5445,0.011172287142747477,0.5445 ± 0.0112,0.6674,0.01796051224213837,0.6674 ± 0.0180,1.0,0.0,1.0000 ± 0.0000,0.78065,0.015627059864222706,0.7806 ± 0.0156,0.9855,0.008768124086713245,0.9855 ± 0.0088,0.5901,0.00014142135623729392,0.5901 ± 0.0001,0.59075,0.007707463914933304,0.5907 ± 0.0077,0.8,0.020364675298172603,0.8000 ± 0.0204,0.23959999999999998,0.010889444430272831,0.2396 ± 0.0109
Inf-Net_DP_Morph,LungInfection,True,base,200.0,True,both,3,0.0001,48,1.2,,training,5.373566627502441,0.0074205427362220465,5.3736 ± 0.0074,400.06415343284607,48.3516751798882,400.0642 ± 48.3517,0.45865,0.022556706319850895,0.4587 ± 0.0226,0.5583,0.025173001410241064,0.5583 ± 0.0252,0.6448499999999999,0.010535891039679576,0.6448 ± 0.0105,1.0,0.0,1.0000 ± 0.0000,0.82145,0.010394469683442204,0.8215 ± 0.0104,0.9968,0.0026870057685088986,0.9968 ± 0.0027,0.6027499999999999,0.019162593770155445,0.6027 ± 0.0192,0.6212500000000001,0.016051323932934666,0.6213 ± 0.0161,0.8183,0.0029698484809834867,0.8183 ± 0.0030,0.21155000000000002,0.010111626970967635,0.2116 ± 0.0101
Inf-Net_DP_Morph,LungInfection,True,base,200.0,True,both,5,0.0001,48,1.2,,training,5.379898309707642,0.03846456265019424,5.3799 ± 0.0385,451.4494811296463,24.920860518987975,451.4495 ± 24.9209,0.4524,0.01244507934888324,0.4524 ± 0.0124,0.55795,0.018738329701443564,0.5579 ± 0.0187,0.6403,0.01131370849898477,0.6403 ± 0.0113,1.0,0.0,1.0000 ± 0.0000,0.8086,0.011455129855222065,0.8086 ± 0.0115,0.9921500000000001,0.009121677477306479,0.9922 ± 0.0091,0.6013999999999999,0.008768124086713245,0.6014 ± 0.0088,0.6108,0.008061017305526696,0.6108 ± 0.0081,0.8065,0.004949747468305837,0.8065 ± 0.0049,0.22075,0.007000357133746834,0.2208 ± 0.0070
Inf-Net_DP_Morph,LungInfection,True,base,200.0,True,both,7,0.0001,48,1.2,,training,5.4832751750946045,0.00862796565236214,5.4833 ± 0.0086,461.4088559150696,2.6179049651334267,461.4089 ± 2.6179,0.45415,0.02665792565073281,0.4541 ± 0.0267,0.55775,0.014495689014324197,0.5577 ± 0.0145,0.64205,0.0013435028842544493,0.6421 ± 0.0013,1.0,0.0,1.0000 ± 0.0000,0.81745,0.024819448019647753,0.8175 ± 0.0248,0.9984,0.0014142135623730963,0.9984 ± 0.0014,0.60155,0.017606958851545056,0.6016 ± 0.0176,0.6105,0.02955706345359765,0.6105 ± 0.0296,0.8041,0.008485281374238578,0.8041 ± 0.0085,0.2183,0.01824335495461292,0.2183 ± 0.0182
Inf-Net_DP_Morph,LungInfection,True,base,200.0,True,both,9,0.0001,48,1.2,,training,5.352794885635376,0.11761094935704385,5.3528 ± 0.1176,490.7157779932022,11.635010952510104,490.7158 ± 11.6350,0.4496,0.013152186130069748,0.4496 ± 0.0132,0.56345,0.015627059864222706,0.5635 ± 0.0156,0.65835,0.005161879502661856,0.6583 ± 0.0052,1.0,0.0,1.0000 ± 0.0000,0.804,0.009616652224137007,0.8040 ± 0.0096,0.9955,0.0029698484809835652,0.9955 ± 0.0030,0.6015999999999999,0.006505382386916227,0.6016 ± 0.0065,0.5999,0.013010764773832454,0.5999 ± 0.0130,0.8156,0.009616652224137085,0.8156 ± 0.0096,0.2232,0.009475230867899734,0.2232 ± 0.0095
Inf-Net_DP_Morph,LungInfection,True,base,200.0,True,close,3,0.0001,48,1.2,,training,5.578970193862915,0.03153899250288413,5.5790 ± 0.0315,409.8502531051636,58.24533024917019,409.8503 ± 58.2453,0.4238,0.0019798989873223505,0.4238 ± 0.0020,0.53515,0.0034648232278140937,0.5352 ± 0.0035,0.62595,0.01110157646462883,0.6260 ± 0.0111,1.0,0.0,1.0000 ± 0.0000,0.7888999999999999,0.0059396969619670515,0.7889 ± 0.0059,0.9919,0.009050966799187753,0.9919 ± 0.0091,0.5828,0.00028284271247458785,0.5828 ± 0.0003,0.5843,0.007919595949289324,0.5843 ± 0.0079,0.80385,0.0027577164466275456,0.8038 ± 0.0028,0.2384,0.006788225099390854,0.2384 ± 0.0068
Inf-Net_DP_Morph,LungInfection,True,base,200.0,True,close,5,0.0001,48,1.2,,training,5.431277751922607,0.02406955942238945,5.4313 ± 0.0241,434.89239275455475,25.45149507371157,434.8924 ± 25.4515,0.44510000000000005,0.006081118318204307,0.4451 ± 0.0061,0.54865,0.008555992052357225,0.5486 ± 0.0086,0.6522,0.00014142135623729392,0.6522 ± 0.0001,1.0,0.0,1.0000 ± 0.0000,0.7972,0.0032526911934580745,0.7972 ± 0.0033,0.9973,0.0012727922061358025,0.9973 ± 0.0013,0.5899,0.0031112698372207804,0.5899 ± 0.0031,0.5983,0.005798275605729758,0.5983 ± 0.0058,0.79925,0.006151828996322914,0.7993 ± 0.0062,0.23185,0.0007778174593051951,0.2319 ± 0.0008
Inf-Net_DP_Morph,LungInfection,True,base,200.0,True,close,7,0.0001,48,1.2,,training,5.593132972717285,0.005706346113586965,5.5931 ± 0.0057,447.54804849624634,3.1647205379372423,447.5480 ± 3.1647,0.4253,0.011030865786510143,0.4253 ± 0.0110,0.52965,0.0034648232278140937,0.5296 ± 0.0035,0.6375,0.00820243866176391,0.6375 ± 0.0082,1.0,0.0,1.0000 ± 0.0000,0.7793,0.0028284271247461927,0.7793 ± 0.0028,0.97965,0.015344217151748118,0.9797 ± 0.0153,0.57565,0.0013435028842544493,0.5756 ± 0.0013,0.5816,0.006081118318204267,0.5816 ± 0.0061,0.7932,0.0072124891681027755,0.7932 ± 0.0072,0.24395,0.0020506096654409976,0.2440 ± 0.0021
Inf-Net_DP_Morph,LungInfection,True,base,200.0,True,close,9,0.0001,48,1.2,,training,5.544338703155518,0.016541120753979514,5.5443 ± 0.0165,465.8659644126892,20.752460831171096,465.8660 ± 20.7525,0.46225,0.015485638507985412,0.4622 ± 0.0155,0.57155,0.017465537495307683,0.5716 ± 0.0175,0.65015,0.007990306627408048,0.6502 ± 0.0080,1.0,0.0,1.0000 ± 0.0000,0.81715,0.018031222920256936,0.8172 ± 0.0180,0.9983,0.0015556349186103902,0.9983 ± 0.0016,0.60715,0.017041273426595803,0.6071 ± 0.0170,0.6168,0.019374725804511387,0.6168 ± 0.0194,0.8126,0.00975807358037438,0.8126 ± 0.0098,0.21575,0.015909902576697336,0.2157 ± 0.0159
Inf-Net_DP_Morph,LungInfection,True,base,200.0,True,open,3,0.0001,48,1.2,,training,5.507081985473633,0.020697137191941127,5.5071 ± 0.0207,405.4802471399307,55.24108956890957,405.4802 ± 55.2411,0.44289999999999996,0.003818376618407368,0.4429 ± 0.0038,0.55635,0.011242997820866124,0.5564 ± 0.0112,0.6591,0.0035355339059327407,0.6591 ± 0.0035,1.0,0.0,1.0000 ± 0.0000,0.7902,0.0018384776310849781,0.7902 ± 0.0018,0.9942500000000001,0.0034648232278140937,0.9943 ± 0.0035,0.59075,0.005161879502661856,0.5907 ± 0.0052,0.5948,0.004949747468305837,0.5948 ± 0.0049,0.81355,0.0004949747468305288,0.8135 ± 0.0005,0.23470000000000002,0.00014142135623731355,0.2347 ± 0.0001
Inf-Net_DP_Morph,LungInfection,True,base,200.0,True,open,5,0.0001,48,1.2,,training,5.534719467163086,0.1803399584571419,5.5347 ± 0.1803,422.04835975170135,18.72749138646784,422.0484 ± 18.7275,0.42155,0.04306280297426075,0.4215 ± 0.0431,0.5368999999999999,0.03691097397793772,0.5369 ± 0.0369,0.64305,0.015344217151748118,0.6431 ± 0.0153,1.0,0.0,1.0000 ± 0.0000,0.78325,0.035143207024971465,0.7833 ± 0.0351,0.99625,0.0026162950903902515,0.9962 ± 0.0026,0.5810500000000001,0.026799347006970103,0.5811 ± 0.0268,0.57515,0.04461843789287118,0.5752 ± 0.0446,0.7942,0.013152186130069748,0.7942 ± 0.0132,0.2428,0.03040559159102153,0.2428 ± 0.0304
Inf-Net_DP_Morph,LungInfection,True,base,200.0,True,open,9,0.0001,48,1.2,,training,5.520317792892456,0.0793193573731383,5.5203 ± 0.0793,457.844473361969,4.728110004628988,457.8445 ± 4.7281,0.43720000000000003,0.01909188309203676,0.4372 ± 0.0191,0.53935,0.01491995308303616,0.5393 ± 0.0149,0.6642,0.01244507934888328,0.6642 ± 0.0124,1.0,0.0,1.0000 ± 0.0000,0.7863,0.026445793616376948,0.7863 ± 0.0264,0.99375,0.00841457069611993,0.9938 ± 0.0084,0.5836,0.018243354954612958,0.5836 ± 0.0182,0.58885,0.025243712088359793,0.5888 ± 0.0252,0.79635,0.00954594154601844,0.7964 ± 0.0095,0.23935,0.022132442251138935,0.2394 ± 0.0221
Inf-Net_DP_Morph,LungInfection,True,nsgd,200.0,True,both,3,0.0001,48,1.2,,training,5.694030523300171,0.04152071492941619,5.6940 ± 0.0415,426.81053030490875,33.29391967133275,426.8105 ± 33.2939,0.412,0.00777817459305203,0.4120 ± 0.0078,0.5278,0.0004242640687119603,0.5278 ± 0.0004,0.6569,0.021637467504308405,0.6569 ± 0.0216,1.0,0.0,1.0000 ± 0.0000,0.7464500000000001,0.0006363961030679012,0.7465 ± 0.0006,0.9909,0.00014142135623729392,0.9909 ± 0.0001,0.56165,0.005727564927611032,0.5616 ± 0.0057,0.5534,0.007071067811865481,0.5534 ± 0.0071,0.8018000000000001,0.00028284271247466634,0.8018 ± 0.0003,0.2716,0.0045254833995938765,0.2716 ± 0.0045
Inf-Net_DP_Morph,LungInfection,True,nsgd,200.0,True,both,5,0.0001,48,1.2,,training,5.754578113555908,0.13578500760972945,5.7546 ± 0.1358,464.72427237033844,8.199323942224039,464.7243 ± 8.1993,0.4117,0.009192388155425127,0.4117 ± 0.0092,0.5225500000000001,0.006858935777509462,0.5226 ± 0.0069,0.65865,0.007424621202458795,0.6586 ± 0.0074,1.0,0.0,1.0000 ± 0.0000,0.7524,0.006788225099390815,0.7524 ± 0.0068,0.9934000000000001,0.0018384776310850566,0.9934 ± 0.0018,0.5652,0.004242640687119289,0.5652 ± 0.0042,0.5547,0.006929646455628187,0.5547 ± 0.0069,0.7784,0.00028284271247458785,0.7784 ± 0.0003,0.2676,0.0033941125496954466,0.2676 ± 0.0034
Inf-Net_DP_Morph,LungInfection,True,nsgd,200.0,True,both,7,0.0001,48,1.2,,training,5.58143424987793,0.017299764027175608,5.5814 ± 0.0173,453.9689815044403,0.05432324163308536,453.9690 ± 0.0543,0.4274,0.012303657992645906,0.4274 ± 0.0123,0.54,0.008485281374238578,0.5400 ± 0.0085,0.66435,0.0033234018715767215,0.6643 ± 0.0033,1.0,0.0,1.0000 ± 0.0000,0.76935,0.007848885271170676,0.7693 ± 0.0078,0.9977,0.0004242640687119603,0.9977 ± 0.0004,0.5772999999999999,0.011030865786510104,0.5773 ± 0.0110,0.5734,0.01244507934888328,0.5734 ± 0.0124,0.8053,0.011030865786510182,0.8053 ± 0.0110,0.2521,0.006081118318204326,0.2521 ± 0.0061
Inf-Net_DP_Morph,LungInfection,True,nsgd,200.0,True,both,9,0.0001,48,1.2,,training,5.760076284408569,0.2814657580750287,5.7601 ± 0.2815,479.55669832229614,16.658600542343994,479.5567 ± 16.6586,0.38795,0.032739043968937155,0.3880 ± 0.0327,0.4974,0.03790092347159893,0.4974 ± 0.0379,0.6431,0.006929646455628187,0.6431 ± 0.0069,1.0,0.0,1.0000 ± 0.0000,0.73325,0.05338656197958435,0.7332 ± 0.0534,0.9957,0.005515432893255091,0.9957 ± 0.0055,0.5516000000000001,0.030547012947258863,0.5516 ± 0.0305,0.5319,0.04072935059634513,0.5319 ± 0.0407,0.77935,0.018031222920257016,0.7793 ± 0.0180,0.2839,0.04214356415871822,0.2839 ± 0.0421
Inf-Net_DP_Morph,LungInfection,True,nsgd,200.0,True,close,3,0.0001,48,1.2,,training,5.635759353637695,0.03342615979180793,5.6358 ± 0.0334,416.9523057937622,62.596556053744216,416.9523 ± 62.5966,0.416,0.0007071067811865482,0.4160 ± 0.0007,0.5266,0.0007071067811865482,0.5266 ± 0.0007,0.6355500000000001,0.003747665940288682,0.6356 ± 0.0037,1.0,0.0,1.0000 ± 0.0000,0.77705,0.00685893577750954,0.7771 ± 0.0069,0.9976,0.0022627416997969383,0.9976 ± 0.0023,0.5706,0.0009899494936612145,0.5706 ± 0.0010,0.5708,0.004384062043356583,0.5708 ± 0.0044,0.7988,0.018667619023324918,0.7988 ± 0.0187,0.25065000000000004,0.00021213203435598016,0.2507 ± 0.0002
Inf-Net_DP_Morph,LungInfection,True,nsgd,200.0,True,close,5,0.0001,48,1.2,,training,5.664780616760254,0.06651312174680017,5.6648 ± 0.0665,410.1966869831085,43.46786460161636,410.1967 ± 43.4679,0.40800000000000003,0.006929646455628148,0.4080 ± 0.0069,0.5171,0.005232590180780503,0.5171 ± 0.0052,0.66065,0.01223294731452726,0.6606 ± 0.0122,1.0,0.0,1.0000 ± 0.0000,0.7478,0.015839191898578648,0.7478 ± 0.0158,0.99595,0.0044547727214752295,0.9960 ± 0.0045,0.55945,0.012374368670764632,0.5595 ± 0.0124,0.5499499999999999,0.011667261889578083,0.5499 ± 0.0117,0.7807999999999999,0.008768124086713245,0.7808 ± 0.0088,0.27154999999999996,0.011808683245815339,0.2715 ± 0.0118
Inf-Net_DP_Morph,LungInfection,True,nsgd,200.0,True,close,9,0.0001,48,1.2,,training,5.581327676773071,0.04617979615120446,5.5813 ± 0.0462,462.80997812747955,2.4447210357912526,462.8100 ± 2.4447,0.4169,0.008343860018001284,0.4169 ± 0.0083,0.531,0.0015556349186103902,0.5310 ± 0.0016,0.6314,0.014566399692442923,0.6314 ± 0.0146,1.0,0.0,1.0000 ± 0.0000,0.77925,0.0028991378028648397,0.7792 ± 0.0029,0.9842500000000001,0.009404520189781067,0.9843 ± 0.0094,0.57855,0.0027577164466275456,0.5786 ± 0.0028,0.5750500000000001,0.004171930009000563,0.5751 ± 0.0042,0.8021,0.009050966799187833,0.8021 ± 0.0091,0.24405,0.001909188309203684,0.2440 ± 0.0019
Inf-Net_DP_Morph,LungInfection,True,nsgd,200.0,True,open,3,0.0001,48,1.2,,training,5.798462152481079,0.04404210799473191,5.7985 ± 0.0440,414.69102692604065,19.87415827178029,414.6910 ± 19.8742,0.38905,0.013930003589374983,0.3891 ± 0.0139,0.5078499999999999,0.0036062445840513878,0.5078 ± 0.0036,0.6563,0.019798989873223347,0.6563 ± 0.0198,1.0,0.0,1.0000 ± 0.0000,0.7324999999999999,0.003959797974644622,0.7325 ± 0.0040,0.9986,0.0,0.9986 ± 0.0000,0.5521,0.009050966799187833,0.5521 ± 0.0091,0.53005,0.008980256121069107,0.5301 ± 0.0090,0.7784500000000001,0.010960155108391456,0.7785 ± 0.0110,0.2832,0.0032526911934581135,0.2832 ± 0.0033
Inf-Net_DP_Morph,LungInfection,True,nsgd,200.0,True,open,5,0.0001,48,1.2,,training,5.619194746017456,0.07043008126000863,5.6192 ± 0.0704,405.07995438575745,63.516416080116336,405.0800 ± 63.5164,0.4439,0.006363961030678933,0.4439 ± 0.0064,0.5517,0.005656854249492385,0.5517 ± 0.0057,0.6729,0.015556349186103982,0.6729 ± 0.0156,1.0,0.0,1.0000 ± 0.0000,0.7757499999999999,0.015909902576697374,0.7757 ± 0.0159,0.9944999999999999,0.0008485281374238421,0.9945 ± 0.0008,0.5802,0.008626702730475872,0.5802 ± 0.0086,0.5868,0.012869343417595162,0.5868 ± 0.0129,0.8004,0.005656854249492385,0.8004 ± 0.0057,0.24830000000000002,0.010889444430272831,0.2483 ± 0.0109
Inf-Net_DP_Morph,LungInfection,True,nsgd,200.0,True,open,7,0.0001,48,1.2,,training,5.675870895385742,0.09678265117253618,5.6759 ± 0.0968,407.83205783367157,64.79390745755622,407.8321 ± 64.7939,0.42655,0.0058689862838483655,0.4265 ± 0.0059,0.53925,0.0014849242404917434,0.5393 ± 0.0015,0.6759999999999999,0.021071782079359072,0.6760 ± 0.0211,1.0,0.0,1.0000 ± 0.0000,0.7541,0.009050966799187753,0.7541 ± 0.0091,0.99735,0.0027577164466275456,0.9973 ± 0.0028,0.5703,0.00028284271247458785,0.5703 ± 0.0003,0.56575,0.0004949747468306073,0.5657 ± 0.0005,0.7981499999999999,0.0033234018715768,0.7981 ± 0.0033,0.26455,0.0072831998462214225,0.2646 ± 0.0073
Inf-Net_DP_Morph,LungInfection,True,nsgd,200.0,True,open,9,0.0001,48,1.2,,training,5.659267902374268,0.002761461514433777,5.6593 ± 0.0028,466.1069976091385,6.2481800974842265,466.1070 ± 6.2482,0.4062,0.006505382386916227,0.4062 ± 0.0065,0.5184,0.00933380951166242,0.5184 ± 0.0093,0.66635,0.008273149339882636,0.6663 ± 0.0083,1.0,0.0,1.0000 ± 0.0000,0.7461500000000001,0.0004949747468306073,0.7462 ± 0.0005,0.99905,0.00021213203435594088,0.9990 ± 0.0002,0.5622,0.004384062043356583,0.5622 ± 0.0044,0.5475,0.0031112698372207804,0.5475 ± 0.0031,0.78705,0.010111626970967616,0.7871 ± 0.0101,0.27225,0.0003535533905932741,0.2722 ± 0.0004
Inf-Net_DP_Morph,LungInfection,True,psac,200.0,True,both,3,0.0001,48,1.2,,training,5.5730202198028564,0.007387162432201419,5.5730 ± 0.0074,405.3761672973633,49.42660458869987,405.3762 ± 49.4266,0.42865,0.01817264427649427,0.4286 ± 0.0182,0.53645,0.013788582233137728,0.5364 ± 0.0138,0.64375,0.0027577164466275456,0.6438 ± 0.0028,1.0,0.0,1.0000 ± 0.0000,0.78755,0.00601040764008562,0.7875 ± 0.0060,0.9984,0.0016970562748477628,0.9984 ± 0.0017,0.58205,0.004454772721475308,0.5820 ± 0.0045,0.58285,0.019869700551341997,0.5828 ± 0.0199,0.8034,0.014000714267493669,0.8034 ± 0.0140,0.24075000000000002,0.005444722215136425,0.2408 ± 0.0054
Inf-Net_DP_Morph,LungInfection,True,psac,200.0,True,both,7,0.0001,48,1.2,,training,5.483967065811157,0.17779327728271965,5.4840 ± 0.1778,483.332111954689,35.024375536598974,483.3321 ± 35.0244,0.4323,0.009192388155425127,0.4323 ± 0.0092,0.5399499999999999,0.010818733752154164,0.5399 ± 0.0108,0.64995,0.0197282791951047,0.6500 ± 0.0197,1.0,0.0,1.0000 ± 0.0000,0.7844,0.0014142135623730963,0.7844 ± 0.0014,0.9957499999999999,0.0006363961030679012,0.9957 ± 0.0006,0.583,0.006505382386916227,0.5830 ± 0.0065,0.5838,0.00735391052434007,0.5838 ± 0.0074,0.7988,0.021354624791833737,0.7988 ± 0.0214,0.2414,0.0028284271247461927,0.2414 ± 0.0028
Inf-Net_DP_Morph,LungInfection,True,psac,200.0,True,both,9,0.0001,48,1.2,,training,5.480215787887573,0.03043575659626297,5.4802 ± 0.0304,474.19521200656897,8.22877447408951,474.1952 ± 8.2288,0.433,0.0005656854249492542,0.4330 ± 0.0006,0.54235,0.0036062445840514662,0.5423 ± 0.0036,0.65385,0.007566042558696089,0.6539 ± 0.0076,1.0,0.0,1.0000 ± 0.0000,0.7842,0.005091168824543131,0.7842 ± 0.0051,0.9975499999999999,0.0007778174593051951,0.9975 ± 0.0008,0.5856,0.00014142135623729392,0.5856 ± 0.0001,0.58455,0.0010606601717798615,0.5846 ± 0.0011,0.7980499999999999,0.0006363961030679012,0.7980 ± 0.0006,0.241,0.0031112698372208003,0.2410 ± 0.0031
Inf-Net_DP_Morph,LungInfection,True,psac,200.0,True,close,3,0.0001,48,1.2,,training,5.408608436584473,0.007955976299704445,5.4086 ± 0.0080,400.2493431568146,69.22067036131797,400.2493 ± 69.2207,0.45265,0.0023334523779155853,0.4526 ± 0.0023,0.55425,0.0014849242404917434,0.5543 ± 0.0015,0.6373,0.014990663761154805,0.6373 ± 0.0150,1.0,0.0,1.0000 ± 0.0000,0.8148,0.012162236636408613,0.8148 ± 0.0122,0.9971000000000001,0.0019798989873223505,0.9971 ± 0.0020,0.5997,0.0009899494936612145,0.5997 ± 0.0010,0.6108,0.009475230867899793,0.6108 ± 0.0095,0.79895,0.005161879502661778,0.7990 ± 0.0052,0.22035,0.007990306627407991,0.2203 ± 0.0080
Inf-Net_DP_Morph,LungInfection,True,psac,200.0,True,close,5,0.0001,48,1.2,,training,5.505690574645996,0.06753206395639955,5.5057 ± 0.0675,404.7299225330353,63.65848737447512,404.7299 ± 63.6585,0.42535,0.019445436482630033,0.4254 ± 0.0194,0.5336000000000001,0.007636753236814736,0.5336 ± 0.0076,0.63985,0.009545941546018361,0.6399 ± 0.0095,1.0,0.0,1.0000 ± 0.0000,0.78575,0.010253048327204988,0.7857 ± 0.0103,0.9941500000000001,0.007707463914933382,0.9942 ± 0.0077,0.57865,0.010960155108391536,0.5786 ± 0.0110,0.5793,0.022768838354206837,0.5793 ± 0.0228,0.7917000000000001,0.004525483399593955,0.7917 ± 0.0045,0.24285,0.012091525958289965,0.2429 ± 0.0121
Inf-Net_DP_Morph,LungInfection,True,psac,200.0,True,close,7,0.0001,48,1.2,,training,5.520193815231323,0.09934484238721045,5.5202 ± 0.0993,423.5580487251282,53.37112207168829,423.5580 ± 53.3711,0.4384,0.007071067811865481,0.4384 ± 0.0071,0.5466,0.004101219330881995,0.5466 ± 0.0041,0.66195,0.0034648232278140937,0.6620 ± 0.0035,1.0,0.0,1.0000 ± 0.0000,0.7837,0.01711198410471445,0.7837 ± 0.0171,0.9973000000000001,0.0016970562748477628,0.9973 ± 0.0017,0.5848,0.005374011537017797,0.5848 ± 0.0054,0.5872999999999999,0.015839191898578724,0.5873 ± 0.0158,0.80825,0.007424621202458717,0.8083 ± 0.0074,0.2399,0.014707821048680198,0.2399 ± 0.0147
Inf-Net_DP_Morph,LungInfection,True,psac,200.0,True,close,9,0.0001,48,1.2,,training,5.477874040603638,0.10905749933284896,5.4779 ± 0.1091,480.32946956157684,26.33262248347693,480.3295 ± 26.3326,0.4325,0.030264170234784237,0.4325 ± 0.0303,0.54755,0.02821356056934328,0.5475 ± 0.0282,0.64415,0.007990306627408048,0.6442 ± 0.0080,1.0,0.0,1.0000 ± 0.0000,0.79355,0.03641599923110719,0.7935 ± 0.0364,0.9991,0.0,0.9991 ± 0.0000,0.5861000000000001,0.026587214972614164,0.5861 ± 0.0266,0.58585,0.035284628381208764,0.5858 ± 0.0353,0.8075,0.013152186130069748,0.8075 ± 0.0132,0.23575000000000002,0.03061772362537751,0.2358 ± 0.0306
Inf-Net_DP_Morph,LungInfection,True,psac,200.0,True,open,3,0.0001,48,1.2,,training,5.489709138870239,0.0852111496201732,5.4897 ± 0.0852,422.42143201828003,37.10328755259956,422.4214 ± 37.1033,0.4384,0.022485995641732207,0.4384 ± 0.0225,0.54545,0.021708178182426974,0.5454 ± 0.0217,0.6502,0.005798275605729679,0.6502 ± 0.0058,1.0,0.0,1.0000 ± 0.0000,0.78755,0.02552655480083438,0.7875 ± 0.0255,0.98295,0.021001071401240502,0.9829 ± 0.0210,0.5876,0.015839191898578648,0.5876 ± 0.0158,0.5905499999999999,0.01930401512639274,0.5905 ± 0.0193,0.79105,0.0024748737341528794,0.7911 ± 0.0025,0.2361,0.013293607486307082,0.2361 ± 0.0133
Inf-Net_DP_Morph,LungInfection,True,psac,200.0,True,open,5,0.0001,48,1.2,,training,5.440532922744751,0.004459136572452589,5.4405 ± 0.0045,428.6850020885468,32.04904961746552,428.6850 ± 32.0490,0.44604999999999995,0.0017677669529663704,0.4460 ± 0.0018,0.5502,0.0,0.5502 ± 0.0000,0.66225,0.00530330085889915,0.6623 ± 0.0053,1.0,0.0,1.0000 ± 0.0000,0.79085,0.005020458146424484,0.7909 ± 0.0050,0.9963,0.00014142135623729392,0.9963 ± 0.0001,0.5901,0.0026870057685088986,0.5901 ± 0.0027,0.59625,0.0023334523779155853,0.5962 ± 0.0023,0.80705,0.0030405591591022123,0.8071 ± 0.0030,0.23465000000000003,0.0030405591591021533,0.2347 ± 0.0030
Inf-Net_DP_Morph,LungInfection,True,psac,200.0,True,open,7,0.0001,48,1.2,,training,5.521287679672241,0.15984816071114522,5.5213 ± 0.1598,460.80168211460114,8.144026602628209,460.8017 ± 8.1440,0.4355,0.012020815280171319,0.4355 ± 0.0120,0.5398000000000001,0.017960512242138293,0.5398 ± 0.0180,0.64255,7.071067811864696e-05,0.6425 ± 0.0001,1.0,0.0,1.0000 ± 0.0000,0.7972,0.018384776310850254,0.7972 ± 0.0184,0.99785,0.002333452377915664,0.9979 ± 0.0023,0.5885,0.012303657992645907,0.5885 ± 0.0123,0.5912,0.013435028842544414,0.5912 ± 0.0134,0.8035,0.00014142135623729392,0.8035 ± 0.0001,0.23299999999999998,0.015132085117392119,0.2330 ± 0.0151
Inf-Net_DP_Morph,LungInfection,True,psac,200.0,True,open,9,0.0001,48,1.2,,training,5.572170734405518,0.014371063817850603,5.5722 ± 0.0144,468.4233785867691,11.093457666623925,468.4234 ± 11.0935,0.42869999999999997,0.006505382386916267,0.4287 ± 0.0065,0.5371,0.011596551211459359,0.5371 ± 0.0116,0.6698999999999999,0.0022627416997969383,0.6699 ± 0.0023,1.0,0.0,1.0000 ± 0.0000,0.7673,0.013293607486307042,0.7673 ± 0.0133,0.9996,0.00014142135623729392,0.9996 ± 0.0001,0.5763,0.006788225099390815,0.5763 ± 0.0068,0.5702499999999999,0.008273149339882558,0.5702 ± 0.0083,0.7939,0.0019798989873223505,0.7939 ± 0.0020,0.2551,0.011172287142747457,0.2551 ± 0.0112
Inf-Net_DP_Morph,LungInfection,True,automatic,200.0,True,both,3,0.0001,48,1.5,,training,5.46752667427063,0.07732463132681472,5.4675 ± 0.0773,426.84691429138184,9.893126379214275,426.8469 ± 9.8931,0.43775,0.008697413408594559,0.4377 ± 0.0087,0.54715,0.011667261889578005,0.5472 ± 0.0117,0.6507000000000001,0.009899494936611596,0.6507 ± 0.0099,1.0,0.0,1.0000 ± 0.0000,0.79295,0.008555992052357225,0.7930 ± 0.0086,0.99,0.0018384776310849781,0.9900 ± 0.0018,0.5906,0.006929646455628187,0.5906 ± 0.0069,0.5889,0.007919595949289324,0.5889 ± 0.0079,0.7991999999999999,0.006646803743153521,0.7992 ± 0.0066,0.23404999999999998,0.008414570696119911,0.2340 ± 0.0084
Inf-Net_DP_Morph,LungInfection,True,automatic,200.0,True,close,3,0.0001,48,1.5,,training,5.47539758682251,0.13408294927946549,5.4754 ± 0.1341,431.3774254322052,23.57406151515767,431.3774 ± 23.5741,0.44005,0.01619274528917196,0.4400 ± 0.0162,0.5465,0.01131370849898477,0.5465 ± 0.0113,0.6622,0.00975807358037438,0.6622 ± 0.0098,1.0,0.0,1.0000 ± 0.0000,0.78735,0.026799347006970183,0.7873 ± 0.0268,0.9901,0.0033941125496954466,0.9901 ± 0.0034,0.5916,0.010889444430272888,0.5916 ± 0.0109,0.5937,0.024041630560342638,0.5937 ± 0.0240,0.8079000000000001,0.006929646455628109,0.8079 ± 0.0069,0.23415,0.02043538597629121,0.2341 ± 0.0204
Inf-Net_DP_Morph,LungInfection,True,automatic,200.0,True,close,5,0.0001,48,1.5,,training,5.491333961486816,0.07959550352458168,5.4913 ± 0.0796,434.8334290981293,27.082833183810315,434.8334 ± 27.0828,0.43784999999999996,0.019586857838867367,0.4378 ± 0.0196,0.55655,0.020152543263816585,0.5565 ± 0.0202,0.6565000000000001,0.019233304448274095,0.6565 ± 0.0192,1.0,0.0,1.0000 ± 0.0000,0.78505,0.017465537495307683,0.7851 ± 0.0175,0.9922,0.010606601717798222,0.9922 ± 0.0106,0.58775,0.010960155108391536,0.5877 ± 0.0110,0.58615,0.01534421715174804,0.5861 ± 0.0153,0.8104,0.0028284271247461927,0.8104 ± 0.0028,0.2382,0.011030865786510143,0.2382 ± 0.0110
Inf-Net_DP_Morph,LungInfection,True,automatic,200.0,True,open,3,0.0001,48,1.5,,training,5.553584337234497,0.03617042539204926,5.5536 ± 0.0362,432.33137452602386,17.693102862651365,432.3314 ± 17.6931,0.44275,0.0003535533905932741,0.4427 ± 0.0004,0.5554,0.011737972567696651,0.5554 ± 0.0117,0.6544,0.0045254833995938765,0.6544 ± 0.0045,1.0,0.0,1.0000 ± 0.0000,0.7891999999999999,0.0008485281374238421,0.7892 ± 0.0008,0.99515,0.00601040764008562,0.9951 ± 0.0060,0.5911500000000001,0.0024748737341528794,0.5912 ± 0.0025,0.5952,0.005232590180780425,0.5952 ± 0.0052,0.8107,0.007919595949289324,0.8107 ± 0.0079,0.23485,0.004737615433949857,0.2349 ± 0.0047
Inf-Net_DP_Morph,LungInfection,True,automatic,200.0,True,open,5,0.0001,48,1.5,,training,5.4375176429748535,0.18661747866174852,5.4375 ± 0.1866,406.4801995754242,63.18266833657526,406.4802 ± 63.1827,0.43284999999999996,0.03174909447527598,0.4328 ± 0.0317,0.53695,0.01958685783886733,0.5370 ± 0.0196,0.6455500000000001,0.0033234018715768,0.6456 ± 0.0033,1.0,0.0,1.0000 ± 0.0000,0.7937,0.03846660889654819,0.7937 ± 0.0385,0.99715,0.0009192388155424891,0.9971 ± 0.0009,0.58485,0.02001112190757929,0.5848 ± 0.0200,0.5891500000000001,0.038113055505954875,0.5892 ± 0.0381,0.7920499999999999,0.008131727983645264,0.7920 ± 0.0081,0.23455,0.030052038200428295,0.2346 ± 0.0301
Inf-Net_DP_Morph,LungInfection,True,base,200.0,True,both,3,0.0001,48,1.5,,training,5.464911460876465,0.04064574635433003,5.4649 ± 0.0406,429.3705585002899,19.498770116260108,429.3706 ± 19.4988,0.43985,0.0036062445840513878,0.4399 ± 0.0036,0.5504,0.007778174593051951,0.5504 ± 0.0078,0.6444000000000001,0.006363961030678934,0.6444 ± 0.0064,1.0,0.0,1.0000 ± 0.0000,0.80235,0.00021213203435594088,0.8024 ± 0.0002,0.9982,0.0011313708498985084,0.9982 ± 0.0011,0.595,0.0018384776310850566,0.5950 ± 0.0018,0.59375,0.004030508652763348,0.5938 ± 0.0040,0.79795,0.0071417784899841285,0.7980 ± 0.0071,0.2288,0.0,0.2288 ± 0.0000
Inf-Net_DP_Morph,LungInfection,True,base,200.0,True,close,3,0.0001,48,1.5,,training,5.507106781005859,0.034442404603102605,5.5071 ± 0.0344,396.92940688133245,42.5320140609192,396.9294 ± 42.5320,0.43210000000000004,0.013717871555019042,0.4321 ± 0.0137,0.5388,0.024324473272817303,0.5388 ± 0.0243,0.65265,0.0028991378028648397,0.6526 ± 0.0029,1.0,0.0,1.0000 ± 0.0000,0.7845500000000001,0.006151828996322992,0.7846 ± 0.0062,0.9923,0.0016970562748477628,0.9923 ± 0.0017,0.58455,0.007424621202458717,0.5846 ± 0.0074,0.5846,0.01131370849898477,0.5846 ± 0.0113,0.7892,0.024041630560342638,0.7892 ± 0.0240,0.24095,0.006576093065034894,0.2409 ± 0.0066
Inf-Net_DP_Morph,LungInfection,True,base,200.0,True,close,5,0.0001,48,1.5,,training,5.49383544921875,0.09047208783869704,5.4938 ± 0.0905,434.90213549137115,19.637499165532017,434.9021 ± 19.6375,0.43695,0.022980970388562776,0.4370 ± 0.0230,0.5564,0.014000714267493669,0.5564 ± 0.0140,0.6627,0.0029698484809834867,0.6627 ± 0.0030,1.0,0.0,1.0000 ± 0.0000,0.7823500000000001,0.024960869375885125,0.7824 ± 0.0250,0.99665,0.0004949747468306073,0.9967 ± 0.0005,0.5903,0.013010764773832534,0.5903 ± 0.0130,0.5835,0.026728636328851536,0.5835 ± 0.0267,0.8078000000000001,0.000989949493661136,0.8078 ± 0.0010,0.23925000000000002,0.0184554869889689,0.2393 ± 0.0185
Inf-Net_DP_Morph,LungInfection,True,base,200.0,True,open,3,0.0001,48,1.5,,training,5.482765197753906,0.010707322570496235,5.4828 ± 0.0107,430.0473721027374,8.268972958087483,430.0474 ± 8.2690,0.44179999999999997,0.005232590180780464,0.4418 ± 0.0052,0.5542,0.009616652224137085,0.5542 ± 0.0096,0.65305,0.01887975105768078,0.6531 ± 0.0189,1.0,0.0,1.0000 ± 0.0000,0.7941,0.012727922061357866,0.7941 ± 0.0127,0.9892,0.014424978336205551,0.9892 ± 0.0144,0.5908,0.0028284271247461927,0.5908 ± 0.0028,0.59395,0.003747665940288682,0.5939 ± 0.0037,0.81195,0.012657211383239142,0.8119 ± 0.0127,0.23245,0.0060104076400856596,0.2324 ± 0.0060
Inf-Net_DP_Morph,LungInfection,True,base,200.0,True,open,5,0.0001,48,1.5,,training,5.513797760009766,0.16195988640893505,5.5138 ± 0.1620,438.87037098407745,18.481706813167346,438.8704 ± 18.4817,0.4434,0.013010764773832494,0.4434 ± 0.0130,0.55545,0.011242997820866124,0.5554 ± 0.0112,0.64665,0.004171930009000563,0.6466 ± 0.0042,1.0,0.0,1.0000 ± 0.0000,0.79765,0.01378858223313765,0.7976 ± 0.0138,0.9932000000000001,0.009050966799187833,0.9932 ± 0.0091,0.5932,0.011313708498984693,0.5932 ± 0.0113,0.59625,0.016758430714121135,0.5962 ± 0.0168,0.8120499999999999,0.00799030662740797,0.8120 ± 0.0080,0.23054999999999998,0.014778531726798844,0.2305 ± 0.0148
Inf-Net_DP_Morph,LungInfection,True,nsgd,200.0,True,both,3,0.0001,48,1.5,,training,5.849333763122559,0.21061151093160643,5.8493 ± 0.2106,422.58659839630127,10.124440084959645,422.5866 ± 10.1244,0.40095000000000003,0.024536605307173203,0.4010 ± 0.0245,0.5288999999999999,0.021637467504308405,0.5289 ± 0.0216,0.6876,0.01598061325481594,0.6876 ± 0.0160,1.0,0.0,1.0000 ± 0.0000,0.71425,0.05706351724175438,0.7143 ± 0.0571,0.9988,0.0009899494936612145,0.9988 ± 0.0010,0.55305,0.032739043968937155,0.5531 ± 0.0327,0.5268,0.04016366517139591,0.5268 ± 0.0402,0.7982,0.0028284271247461927,0.7982 ± 0.0028,0.2942,0.044547727214752496,0.2942 ± 0.0445
Inf-Net_DP_Morph,LungInfection,True,nsgd,200.0,True,close,3,0.0001,48,1.5,,training,5.81543755531311,0.008296185660884381,5.8154 ± 0.0083,430.7449576854706,23.05298654002601,430.7450 ± 23.0530,0.3746,0.004101219330881995,0.3746 ± 0.0041,0.47614999999999996,0.008273149339882598,0.4761 ± 0.0083,0.63995,0.012940054095713808,0.6400 ± 0.0129,1.0,0.0,1.0000 ± 0.0000,0.7187,0.010040916292848968,0.7187 ± 0.0100,0.9935499999999999,0.004454772721475308,0.9935 ± 0.0045,0.5347500000000001,0.0034648232278140937,0.5348 ± 0.0035,0.52145,0.006151828996322992,0.5214 ± 0.0062,0.7624,0.005798275605729679,0.7624 ± 0.0058,0.2966,0.003818376618407368,0.2966 ± 0.0038
Inf-Net_DP_Morph,LungInfection,True,nsgd,200.0,True,close,7,0.0001,48,1.5,,training,5.779067754745483,0.1789147206278975,5.7791 ± 0.1789,428.4575144052506,15.632441612167796,428.4575 ± 15.6324,0.39685000000000004,0.030334880912902883,0.3969 ± 0.0303,0.49645,0.02043538597629125,0.4965 ± 0.0204,0.64625,0.008131727983645342,0.6462 ± 0.0081,1.0,0.0,1.0000 ± 0.0000,0.7437,0.039739401102683994,0.7437 ± 0.0397,0.99685,0.0027577164466275456,0.9969 ± 0.0028,0.5542499999999999,0.02043538597629125,0.5542 ± 0.0204,0.54435,0.035284628381208764,0.5444 ± 0.0353,0.7670999999999999,0.0007071067811865482,0.7671 ± 0.0007,0.27715,0.03174909447527598,0.2772 ± 0.0317
Inf-Net_DP_Morph,LungInfection,True,nsgd,200.0,True,open,3,0.0001,48,1.5,,training,5.719170093536377,0.017315274067427618,5.7192 ± 0.0173,427.44198203086853,23.673310599905065,427.4420 ± 23.6733,0.40875,0.014071424945612317,0.4088 ± 0.0141,0.52895,0.00841457069611993,0.5290 ± 0.0084,0.6711,0.026445793616376872,0.6711 ± 0.0264,1.0,0.0,1.0000 ± 0.0000,0.7373000000000001,0.001272792206135724,0.7373 ± 0.0013,0.9982,0.0022627416997969383,0.9982 ± 0.0023,0.56045,0.001909188309203625,0.5605 ± 0.0019,0.54495,0.00883883476483189,0.5450 ± 0.0088,0.79955,0.00841457069611993,0.7995 ± 0.0084,0.2787,0.0018384776310850566,0.2787 ± 0.0018
Inf-Net_DP_Morph,LungInfection,True,nsgd,200.0,True,open,5,0.0001,48,1.5,,training,5.794610261917114,0.10484146578260721,5.7946 ± 0.1048,415.46078622341156,48.20191309720054,415.4608 ± 48.2019,0.39525,0.023829498525986655,0.3952 ± 0.0238,0.5067,0.017253405460951783,0.5067 ± 0.0173,0.6508,0.00014142135623737242,0.6508 ± 0.0001,1.0,0.0,1.0000 ± 0.0000,0.7333,0.0328097546470558,0.7333 ± 0.0328,0.999,0.0009899494936612145,0.9990 ± 0.0010,0.55045,0.013930003589375023,0.5504 ± 0.0139,0.5338499999999999,0.029769195487953592,0.5338 ± 0.0298,0.7789,0.004242640687119289,0.7789 ± 0.0042,0.28625,0.02326381310103744,0.2863 ± 0.0233
Inf-Net_DP_Morph,LungInfection,True,psac,200.0,True,both,3,0.0001,48,1.5,,training,5.531804323196411,0.03215602236508362,5.5318 ± 0.0322,433.9881384372711,25.883788049629864,433.9881 ± 25.8838,0.43984999999999996,0.007707463914933344,0.4398 ± 0.0077,0.54745,0.0010606601717798615,0.5474 ± 0.0011,0.6549499999999999,0.0007778174593051951,0.6549 ± 0.0008,1.0,0.0,1.0000 ± 0.0000,0.7924500000000001,0.013505739520663062,0.7925 ± 0.0135,0.9976,0.0007071067811865482,0.9976 ± 0.0007,0.5888500000000001,0.005020458146424484,0.5889 ± 0.0050,0.5909500000000001,0.010677312395916868,0.5910 ± 0.0107,0.8069,0.014707821048680217,0.8069 ± 0.0147,0.23545,0.008697413408594538,0.2354 ± 0.0087
Inf-Net_DP_Morph,LungInfection,True,psac,200.0,True,close,3,0.0001,48,1.5,,training,5.478729009628296,0.09627048266943179,5.4787 ± 0.0963,409.8866102695465,41.93636714943063,409.8866 ± 41.9364,0.4373,0.0018384776310850174,0.4373 ± 0.0018,0.54555,7.071067811864696e-05,0.5455 ± 0.0001,0.6436,0.0035355339059327407,0.6436 ± 0.0035,1.0,0.0,1.0000 ± 0.0000,0.7979,0.001272792206135724,0.7979 ± 0.0013,0.99685,0.0009192388155425676,0.9969 ± 0.0009,0.58735,0.002616295090390173,0.5874 ± 0.0026,0.5963,0.0,0.5963 ± 0.0000,0.8087500000000001,0.017606958851545056,0.8088 ± 0.0176,0.23145,0.004879036790187171,0.2314 ± 0.0049
Inf-Net_DP_Morph,LungInfection,True,psac,200.0,True,close,5,0.0001,48,1.5,,training,5.456656455993652,0.020663419713133038,5.4567 ± 0.0207,413.3642917871475,36.56731434086887,413.3643 ± 36.5673,0.43920000000000003,0.0059396969619670125,0.4392 ± 0.0059,0.5521499999999999,0.0033234018715768,0.5521 ± 0.0033,0.64435,0.0184554869889689,0.6443 ± 0.0185,1.0,0.0,1.0000 ± 0.0000,0.79575,0.011525840533340711,0.7957 ± 0.0115,0.99485,7.071067811864696e-05,0.9949 ± 0.0001,0.59185,0.0004949747468305288,0.5918 ± 0.0005,0.59155,0.0016263455967290372,0.5916 ± 0.0016,0.81325,0.004313351365237936,0.8133 ± 0.0043,0.2304,0.005515432893255071,0.2304 ± 0.0055
Inf-Net_DP_Morph,LungInfection,True,automatic,200.0,True,close,3,0.0001,48,2.0,,training,5.501435279846191,0.05748088352352154,5.5014 ± 0.0575,405.8967435359955,52.97943758431016,405.8967 ± 52.9794,0.4441,0.00777817459305203,0.4441 ± 0.0078,0.5619000000000001,0.00268700576850882,0.5619 ± 0.0027,0.6433,0.025880108191427616,0.6433 ± 0.0259,1.0,0.0,1.0000 ± 0.0000,0.8004,0.006363961030678855,0.8004 ± 0.0064,0.9934000000000001,0.008909545442950537,0.9934 ± 0.0089,0.59375,0.0006363961030678226,0.5938 ± 0.0006,0.5961000000000001,0.0025455844122715264,0.5961 ± 0.0025,0.81855,0.0036062445840514662,0.8185 ± 0.0036,0.22895,0.005727564927611051,0.2289 ± 0.0057
Inf-Net_DP_Morph,LungInfection,True,automatic,200.0,True,close,5,0.0001,48,2.0,,training,5.452703952789307,0.08773490290900554,5.4527 ± 0.0877,407.35445618629456,51.70756910222386,407.3545 ± 51.7076,0.456,0.00014142135623729392,0.4560 ± 0.0001,0.56365,0.00021213203435594088,0.5636 ± 0.0002,0.6614,0.0072124891681027755,0.6614 ± 0.0072,1.0,0.0,1.0000 ± 0.0000,0.8049,0.006363961030678934,0.8049 ± 0.0064,0.9981,0.0018384776310849781,0.9981 ± 0.0018,0.59955,0.005020458146424484,0.5996 ± 0.0050,0.60755,0.004030508652763348,0.6076 ± 0.0040,0.80825,0.0012020815280171554,0.8083 ± 0.0012,0.22415000000000002,0.005586143571373719,0.2242 ± 0.0056
Inf-Net_DP_Morph,LungInfection,True,automatic,200.0,True,open,3,0.0001,48,2.0,,training,5.50510048866272,0.022227573555069338,5.5051 ± 0.0222,402.8191945552826,61.40737665386315,402.8192 ± 61.4074,0.44615,0.0027577164466275456,0.4461 ± 0.0028,0.5569500000000001,0.0030405591591022123,0.5570 ± 0.0030,0.6579999999999999,0.026587214972614164,0.6580 ± 0.0266,1.0,0.0,1.0000 ± 0.0000,0.7917000000000001,0.017677669529663705,0.7917 ± 0.0177,0.996,0.0021213203435596446,0.9960 ± 0.0021,0.5924499999999999,0.0004949747468306073,0.5924 ± 0.0005,0.5948,0.01668772003600257,0.5948 ± 0.0167,0.8059000000000001,0.011879393923934025,0.8059 ± 0.0119,0.2351,0.012020815280171319,0.2351 ± 0.0120
Inf-Net_DP_Morph,LungInfection,True,automatic,200.0,True,open,5,0.0001,48,2.0,,training,5.488728046417236,0.07111690630334215,5.4887 ± 0.0711,425.6023842096329,27.92895224109077,425.6024 ± 27.9290,0.43195,0.0036062445840513878,0.4320 ± 0.0036,0.54045,0.013081475451951102,0.5404 ± 0.0131,0.6618999999999999,0.004808326112068543,0.6619 ± 0.0048,1.0,0.0,1.0000 ± 0.0000,0.77965,0.006858935777509462,0.7796 ± 0.0069,0.9936,0.0012727922061358025,0.9936 ± 0.0013,0.58585,0.006717514421272247,0.5858 ± 0.0067,0.5825,0.002545584412271605,0.5825 ± 0.0025,0.80035,0.0006363961030678226,0.8004 ± 0.0006,0.24165,0.006858935777509501,0.2417 ± 0.0069
Inf-Net_DP_Morph,LungInfection,True,base,200.0,True,both,3,0.0001,48,2.0,,training,5.5385918617248535,0.018560123385045382,5.5386 ± 0.0186,414.57363748550415,52.28551433733786,414.5736 ± 52.2855,0.4262,0.01753624817342637,0.4262 ± 0.0175,0.5329999999999999,0.00820243866176391,0.5330 ± 0.0082,0.6375500000000001,0.007000357133746756,0.6376 ± 0.0070,1.0,0.0,1.0000 ± 0.0000,0.7859,0.005798275605729679,0.7859 ± 0.0058,0.9969,0.0016970562748476843,0.9969 ± 0.0017,0.5812999999999999,0.0004242640687119603,0.5813 ± 0.0004,0.5822499999999999,0.016758430714121135,0.5822 ± 0.0168,0.79405,0.00841457069611993,0.7941 ± 0.0084,0.2405,0.002404163056034252,0.2405 ± 0.0024
Inf-Net_DP_Morph,LungInfection,True,base,200.0,True,close,3,0.0001,48,2.0,,training,5.506821632385254,0.06158834679199923,5.5068 ± 0.0616,402.3210686445236,50.5830488685173,402.3211 ± 50.5830,0.45694999999999997,0.006151828996322954,0.4569 ± 0.0062,0.5629500000000001,0.01308147545195118,0.5630 ± 0.0131,0.6715,0.011737972567696651,0.6715 ± 0.0117,1.0,0.0,1.0000 ± 0.0000,0.7947,0.006363961030678934,0.7947 ± 0.0064,0.9899,0.00975807358037438,0.9899 ± 0.0098,0.5972500000000001,0.004454772721475308,0.5973 ± 0.0045,0.603,0.004242640687119289,0.6030 ± 0.0042,0.8075,0.01555634918610406,0.8075 ± 0.0156,0.22925,0.0016263455967290568,0.2293 ± 0.0016
Inf-Net_DP_Morph,LungInfection,True,base,200.0,True,close,5,0.0001,48,2.0,,training,5.505258321762085,0.05548244855452899,5.5053 ± 0.0555,410.71950507164,48.278163321065065,410.7195 ± 48.2782,0.43935,0.007424621202458756,0.4394 ± 0.0074,0.5423,0.005232590180780503,0.5423 ± 0.0052,0.648,0.009899494936611674,0.6480 ± 0.0099,1.0,0.0,1.0000 ± 0.0000,0.7941499999999999,0.005161879502661778,0.7941 ± 0.0052,0.99385,0.0033234018715767215,0.9939 ± 0.0033,0.5857,0.008485281374238578,0.5857 ± 0.0085,0.59555,0.011667261889578005,0.5956 ± 0.0117,0.79945,0.00841457069611993,0.7994 ± 0.0084,0.23425,0.007848885271170697,0.2343 ± 0.0078
Inf-Net_DP_Morph,LungInfection,True,base,200.0,True,open,3,0.0001,48,2.0,,training,5.433351278305054,0.0366364009491857,5.4334 ± 0.0366,427.0212541818619,23.5077994200406,427.0213 ± 23.5078,0.45145,0.005303300858899111,0.4515 ± 0.0053,0.5607,0.009899494936611674,0.5607 ± 0.0099,0.6560999999999999,0.004949747468305837,0.6561 ± 0.0049,1.0,0.0,1.0000 ± 0.0000,0.7935,0.005232590180780503,0.7935 ± 0.0052,0.9922,0.007495331880577442,0.9922 ± 0.0075,0.5912,0.004808326112068543,0.5912 ± 0.0048,0.60175,0.004879036790187112,0.6018 ± 0.0049,0.8116,0.012869343417595162,0.8116 ± 0.0129,0.23235,0.000494974746830568,0.2324 ± 0.0005
Inf-Net_DP_Morph,LungInfection,True,base,200.0,True,open,5,0.0001,48,2.0,,training,5.359178066253662,0.011988586765226785,5.3592 ± 0.0120,435.28074610233307,16.140758230493034,435.2807 ± 16.1408,0.4686,0.014990663761154805,0.4686 ± 0.0150,0.57385,0.012940054095713808,0.5738 ± 0.0129,0.65225,0.0010606601717798615,0.6522 ± 0.0011,1.0,0.0,1.0000 ± 0.0000,0.82095,0.022698127676088187,0.8209 ± 0.0227,0.9944,0.003111269837220859,0.9944 ± 0.0031,0.60825,0.015061374439273452,0.6082 ± 0.0151,0.62585,0.018596908345206192,0.6259 ± 0.0186,0.8166,0.007495331880577363,0.8166 ± 0.0075,0.21084999999999998,0.01689985207035849,0.2108 ± 0.0169
Inf-Net_DP_Morph,LungInfection,True,base,200.0,True,open,7,0.0001,48,2.0,,training,5.566781997680664,0.07365987855509545,5.5668 ± 0.0737,412.36102163791656,42.279943032282176,412.3610 ± 42.2799,0.41505000000000003,0.01308147545195114,0.4151 ± 0.0131,0.5296000000000001,0.016829141392239785,0.5296 ± 0.0168,0.64545,0.0016263455967290372,0.6454 ± 0.0016,1.0,0.0,1.0000 ± 0.0000,0.77815,0.008697413408594519,0.7782 ± 0.0087,0.99915,0.0009192388155424891,0.9991 ± 0.0009,0.57845,0.00954594154601844,0.5785 ± 0.0095,0.5649,0.011030865786510104,0.5649 ± 0.0110,0.78685,0.008555992052357225,0.7869 ± 0.0086,0.24880000000000002,0.007778174593052049,0.2488 ± 0.0078
Inf-Net_DP_Morph,LungInfection,True,nsgd,200.0,True,both,3,0.0001,48,2.0,,training,5.949005365371704,0.05911854146926084,5.9490 ± 0.0591,415.79300332069397,42.66210722093123,415.7930 ± 42.6621,0.36375,0.00799030662740801,0.3638 ± 0.0080,0.48635,0.014354267658086905,0.4864 ± 0.0144,0.66065,0.0047376154339498966,0.6606 ± 0.0047,1.0,0.0,1.0000 ± 0.0000,0.6839,0.007495331880577442,0.6839 ± 0.0075,0.9962,0.003959797974644701,0.9962 ± 0.0040,0.53075,0.002192031021678291,0.5308 ± 0.0022,0.49415,0.009828784258492988,0.4941 ± 0.0098,0.7793,0.02262741699796954,0.7793 ± 0.0226,0.3201,0.004949747468305837,0.3201 ± 0.0049
Inf-Net_DP_Morph,LungInfection,True,nsgd,200.0,True,close,3,0.0001,48,2.0,,training,6.058245420455933,0.14395239250156452,6.0582 ± 0.1440,412.32919895648956,40.06636998082799,412.3292 ± 40.0664,0.3607,0.007353910524340109,0.3607 ± 0.0074,0.471,0.005091168824543171,0.4710 ± 0.0051,0.6780999999999999,0.03818376618407352,0.6781 ± 0.0382,1.0,0.0,1.0000 ± 0.0000,0.66885,0.036274577874869894,0.6688 ± 0.0363,0.9975,0.0004242640687119603,0.9975 ± 0.0004,0.5221,0.013293607486307042,0.5221 ± 0.0133,0.48750000000000004,0.016122034611053274,0.4875 ± 0.0161,0.76105,0.014071424945612317,0.7611 ± 0.0141,0.33130000000000004,0.026728636328851498,0.3313 ± 0.0267
Inf-Net_DP_Morph,LungInfection,True,nsgd,200.0,True,close,5,0.0001,48,2.0,,training,6.1078691482543945,0.0757503622412358,6.1079 ± 0.0758,418.1820088624954,46.99720814702713,418.1820 ± 46.9972,0.3782,0.036203867196751206,0.3782 ± 0.0362,0.5009,0.03238549057834392,0.5009 ± 0.0324,0.7077,0.007919595949289402,0.7077 ± 0.0079,1.0,0.0,1.0000 ± 0.0000,0.66035,0.03556747109368335,0.6603 ± 0.0356,0.9982500000000001,0.001060660171779783,0.9983 ± 0.0011,0.5226999999999999,0.019091883092036802,0.5227 ± 0.0191,0.4909,0.03860803025278548,0.4909 ± 0.0386,0.77615,0.018314065632731604,0.7762 ± 0.0183,0.33665,0.02750645378815673,0.3367 ± 0.0275
Inf-Net_DP_Morph,LungInfection,True,nsgd,200.0,True,open,5,0.0001,48,2.0,,training,6.098641872406006,0.16409015672006969,6.0986 ± 0.1641,427.49011278152466,21.480978211401176,427.4901 ± 21.4810,0.34919999999999995,0.007353910524340109,0.3492 ± 0.0074,0.4609,0.0059396969619670125,0.4609 ± 0.0059,0.65925,0.01689985207035851,0.6593 ± 0.0169,1.0,0.0,1.0000 ± 0.0000,0.6599,0.031395541084682704,0.6599 ± 0.0314,0.9873,0.01555634918610406,0.9873 ± 0.0156,0.50815,0.008980256121069107,0.5081 ± 0.0090,0.4782,0.014424978336205551,0.4782 ± 0.0144,0.7522,0.00820243866176399,0.7522 ± 0.0082,0.34075,0.021001071401240464,0.3407 ± 0.0210
Inf-Net_DP_Morph,LungInfection,True,nsgd,200.0,True,open,7,0.0001,48,2.0,,training,6.0184409618377686,0.01708296063843557,6.0184 ± 0.0171,436.5966693162918,26.652834007975414,436.5967 ± 26.6528,0.39575,0.013505739520663062,0.3957 ± 0.0135,0.50945,0.015909902576697374,0.5094 ± 0.0159,0.69735,0.01887975105768078,0.6974 ± 0.0189,1.0,0.0,1.0000 ± 0.0000,0.68895,0.0034648232278140937,0.6889 ± 0.0035,0.9987999999999999,0.0005656854249492542,0.9988 ± 0.0006,0.53545,0.009828784258493027,0.5354 ± 0.0098,0.515,0.007636753236814657,0.5150 ± 0.0076,0.76805,0.0028991378028648397,0.7681 ± 0.0029,0.3175,0.0005656854249492542,0.3175 ± 0.0006
Inf-Net_DP_Morph,LungInfection,True,psac,200.0,True,both,5,0.0001,48,2.0,,training,5.509265184402466,0.009452020834447138,5.5093 ± 0.0095,427.4511082172394,50.09502831797354,427.4511 ± 50.0950,0.4353,0.01244507934888324,0.4353 ± 0.0124,0.54425,0.022273863607376307,0.5443 ± 0.0223,0.659,0.0004242640687119603,0.6590 ± 0.0004,1.0,0.0,1.0000 ± 0.0000,0.7878499999999999,0.006293250352560286,0.7878 ± 0.0063,0.9953,0.0015556349186103902,0.9953 ± 0.0016,0.58965,0.006576093065034952,0.5897 ± 0.0066,0.58555,0.009828784258493027,0.5856 ± 0.0098,0.8043,0.0275771644662753,0.8043 ± 0.0276,0.23675000000000002,0.005586143571373719,0.2368 ± 0.0056
Inf-Net_DP_Morph,LungInfection,True,psac,200.0,True,close,3,0.0001,48,2.0,,training,5.505333423614502,0.07387027562286184,5.5053 ± 0.0739,391.39325284957886,55.7695218665047,391.3933 ± 55.7695,0.44115,0.005727564927611032,0.4411 ± 0.0057,0.5497,0.0015556349186103902,0.5497 ± 0.0016,0.64715,0.003889087296526054,0.6472 ± 0.0039,1.0,0.0,1.0000 ± 0.0000,0.7985,0.00735391052434007,0.7985 ± 0.0074,0.9968,0.00014142135623729392,0.9968 ± 0.0001,0.5929,0.003676955262170035,0.5929 ± 0.0037,0.5944,0.012020815280171319,0.5944 ± 0.0120,0.80165,0.00035355339059323483,0.8016 ± 0.0004,0.2304,0.004242640687119289,0.2304 ± 0.0042
Inf-Net_DP_Morph,LungInfection,True,psac,200.0,True,close,5,0.0001,48,2.0,,training,5.490631818771362,0.05212216461645243,5.4906 ± 0.0521,435.3618505001068,23.103217828430825,435.3619 ± 23.1032,0.44594999999999996,0.009545941546018401,0.4459 ± 0.0095,0.5523,0.011879393923933947,0.5523 ± 0.0119,0.65865,0.0017677669529664096,0.6586 ± 0.0018,1.0,0.0,1.0000 ± 0.0000,0.7987,0.014566399692442923,0.7987 ± 0.0146,0.9956,0.0014142135623730963,0.9956 ± 0.0014,0.59305,0.011667261889578005,0.5930 ± 0.0117,0.59645,0.011242997820866124,0.5965 ± 0.0112,0.8007,0.013435028842544414,0.8007 ± 0.0134,0.2303,0.012303657992645926,0.2303 ± 0.0123
Inf-Net_DP_Morph,LungInfection,True,psac,200.0,True,open,3,0.0001,48,2.0,,training,5.468132257461548,0.02466534727293945,5.4681 ± 0.0247,429.02712976932526,20.52858705571226,429.0271 ± 20.5286,0.4482,0.005515432893255091,0.4482 ± 0.0055,0.5615,0.0011313708498985084,0.5615 ± 0.0011,0.6548,0.0022627416997969383,0.6548 ± 0.0023,1.0,0.0,1.0000 ± 0.0000,0.79895,0.007566042558696089,0.7990 ± 0.0076,0.9978,0.00028284271247458785,0.9978 ± 0.0003,0.596,0.0012727922061358025,0.5960 ± 0.0013,0.59935,0.005586143571373659,0.5994 ± 0.0056,0.8163,0.0029698484809834867,0.8163 ± 0.0030,0.2283,0.003818376618407368,0.2283 ± 0.0038
Inf-Net_DP_Morph,LungInfection,True,psac,200.0,True,open,5,0.0001,48,2.0,,training,5.563823223114014,0.10622961438516201,5.5638 ± 0.1062,437.38462269306183,26.833826062472678,437.3846 ± 26.8338,0.41455,0.01647558800164659,0.4145 ± 0.0165,0.5347500000000001,0.01110157646462875,0.5348 ± 0.0111,0.6387,0.012727922061357866,0.6387 ± 0.0127,1.0,0.0,1.0000 ± 0.0000,0.7720499999999999,0.020576807332528542,0.7720 ± 0.0206,0.9984,0.0015556349186104687,0.9984 ± 0.0016,0.5758000000000001,0.012162236636408613,0.5758 ± 0.0122,0.56555,0.025243712088359793,0.5655 ± 0.0252,0.8079000000000001,0.015556349186103982,0.8079 ± 0.0156,0.25105,0.017889801564019644,0.2510 ± 0.0179
