Model_Name,Dataset,DPSGD,Clipping_Strategy,Epsilon,Morphology,Operation,Kernel_Size,Learning_Rate,Batch_Size,Max_Grad_Norm,Noise_Multiplier,Stage,Training_Loss_mean,Training_Loss_std,Training_Loss_mean_std,Training_Time_Seconds_mean,Training_Time_Seconds_std,Training_Time_Seconds_mean_std,Mean_Dice_mean,Mean_Dice_std,Mean_Dice_mean_std,Max_Dice_mean,Max_Dice_std,Max_Dice_mean_std,Mean_Sensitivity_mean,Mean_Sensitivity_std,Mean_Sensitivity_mean_std,Max_Sensitivity_mean,Max_Sensitivity_std,Max_Sensitivity_mean_std,Mean_Specificity_mean,Mean_Specificity_std,Mean_Specificity_mean_std,Max_Specificity_mean,Max_Specificity_std,Max_Specificity_mean_std,S_measure_mean,S_measure_std,S_measure_mean_std,Mean_E_measure_mean,Mean_E_measure_std,Mean_E_measure_mean_std,Max_E_measure_mean,Max_E_measure_std,Max_E_measure_mean_std,MAE_mean,MAE_std,MAE_mean_std
NestedUNet_DP_Morph,LungInfection,True,automatic,8.0,True,both,3,0.0001,24,1.2,,training,1.262588620185852,0.01516999947822311,1.2626 ± 0.0152,270.7911487817764,42.85214921532819,270.7911 ± 42.8521,0.308,0.054730064863838794,0.3080 ± 0.0547,0.4986,0.07240773439350241,0.4986 ± 0.0724,0.60795,0.011950104602052593,0.6079 ± 0.0120,1.0,0.0,1.0000 ± 0.0000,0.6157,0.08400428560496186,0.6157 ± 0.0840,0.9934000000000001,0.00028284271247466634,0.9934 ± 0.0003,0.51485,0.03924442635585339,0.5149 ± 0.0392,0.4293,0.053881536726414915,0.4293 ± 0.0539,0.77185,0.03867874093090413,0.7719 ± 0.0387,0.36060000000000003,0.04935605332682103,0.3606 ± 0.0494
NestedUNet_DP_Morph,LungInfection,True,automatic,8.0,True,both,5,0.0001,24,1.2,,training,1.265566110610962,0.008806499702654286,1.2656 ± 0.0088,267.8153467178345,28.24041896887284,267.8153 ± 28.2404,0.35925,0.0071417784899841285,0.3593 ± 0.0071,0.5609,0.009192388155425127,0.5609 ± 0.0092,0.61205,0.03599173516239523,0.6120 ± 0.0360,1.0,0.0,1.0000 ± 0.0000,0.6870499999999999,0.038678740930904204,0.6870 ± 0.0387,0.9999,0.00014142135623729392,0.9999 ± 0.0001,0.5427,0.018101933598375586,0.5427 ± 0.0181,0.47755000000000003,0.028354981925580534,0.4776 ± 0.0284,0.7967,0.017253405460951745,0.7967 ± 0.0173,0.3256,0.02545584412271573,0.3256 ± 0.0255
NestedUNet_DP_Morph,LungInfection,True,automatic,8.0,True,both,7,0.0001,24,1.2,,training,1.3030124306678772,0.0044752366685839075,1.3030 ± 0.0045,249.32534778118134,2.3700128808200143,249.3253 ± 2.3700,0.33555,0.02708218971944477,0.3356 ± 0.0271,0.5107999999999999,0.027860007178749965,0.5108 ± 0.0279,0.71895,0.09496444071335332,0.7189 ± 0.0950,1.0,0.0,1.0000 ± 0.0000,0.5685,0.07551900423072327,0.5685 ± 0.0755,0.979,0.019798989873223347,0.9790 ± 0.0198,0.49595,0.01930401512639278,0.4960 ± 0.0193,0.4187,0.004384062043356583,0.4187 ± 0.0044,0.76445,0.0184554869889689,0.7644 ± 0.0185,0.39480000000000004,0.03040559159102153,0.3948 ± 0.0304
NestedUNet_DP_Morph,LungInfection,True,automatic,8.0,True,both,9,0.0001,24,1.2,,training,1.3916787505149841,0.020631135227173535,1.3917 ± 0.0206,259.5488109588623,24.174158122324634,259.5488 ± 24.1742,0.3235,0.06250823945689082,0.3235 ± 0.0625,0.52395,0.0526794551983978,0.5240 ± 0.0527,0.59785,0.0006363961030679012,0.5978 ± 0.0006,1.0,0.0,1.0000 ± 0.0000,0.65175,0.08973185053257282,0.6518 ± 0.0897,0.9977,0.000989949493661136,0.9977 ± 0.0010,0.53165,0.0465983368801935,0.5316 ± 0.0466,0.4537,0.07014499269370549,0.4537 ± 0.0701,0.7836000000000001,0.02757716446627538,0.7836 ± 0.0276,0.33840000000000003,0.05317442994522836,0.3384 ± 0.0532
NestedUNet_DP_Morph,LungInfection,True,automatic,8.0,True,close,3,0.0001,24,1.2,,training,1.296823501586914,0.036959077221385105,1.2968 ± 0.0370,254.50552535057068,16.073246228436563,254.5055 ± 16.0732,0.2983,0.0164048773235279,0.2983 ± 0.0164,0.48109999999999997,0.013859292911256337,0.4811 ± 0.0139,0.5564,0.049356053326821074,0.5564 ± 0.0494,1.0,0.0,1.0000 ± 0.0000,0.6741999999999999,0.027860007178749965,0.6742 ± 0.0279,0.9985,0.0014142135623730963,0.9985 ± 0.0014,0.51915,0.0045961940777125235,0.5192 ± 0.0046,0.43884999999999996,0.00021213203435598016,0.4388 ± 0.0002,0.7665500000000001,0.0038890872965259755,0.7666 ± 0.0039,0.33795,0.016334166645409216,0.3379 ± 0.0163
NestedUNet_DP_Morph,LungInfection,True,automatic,8.0,True,close,5,0.0001,24,1.2,,training,1.3260495066642761,0.055837746487475824,1.3260 ± 0.0558,249.45288538932806,6.780518564999398,249.4529 ± 6.7805,0.3244,0.003959797974644662,0.3244 ± 0.0040,0.49959999999999993,0.004101219330881955,0.4996 ± 0.0041,0.6532,0.006363961030678855,0.6532 ± 0.0064,1.0,0.0,1.0000 ± 0.0000,0.63645,0.008131727983645264,0.6364 ± 0.0081,0.99925,0.0009192388155424891,0.9992 ± 0.0009,0.524,0.012162236636408613,0.5240 ± 0.0122,0.4396,0.014990663761154805,0.4396 ± 0.0150,0.7504,0.004808326112068543,0.7504 ± 0.0048,0.3554,0.019798989873223347,0.3554 ± 0.0198
NestedUNet_DP_Morph,LungInfection,True,automatic,8.0,True,close,7,0.0001,24,1.2,,training,1.4082686305046082,0.08616408986500453,1.4083 ± 0.0862,248.28991830348969,2.6419534511315605,248.2899 ± 2.6420,0.3526,0.007353910524340109,0.3526 ± 0.0074,0.55445,0.0012020815280171554,0.5544 ± 0.0012,0.6188499999999999,0.0649831131910437,0.6188 ± 0.0650,1.0,0.0,1.0000 ± 0.0000,0.6919500000000001,0.09468159800087873,0.6920 ± 0.0947,0.99985,7.071067811864696e-05,0.9999 ± 0.0001,0.54585,0.040517218561989185,0.5458 ± 0.0405,0.4749,0.04002224381515858,0.4749 ± 0.0400,0.8012,0.0026870057685088986,0.8012 ± 0.0027,0.31975,0.06484169183480641,0.3197 ± 0.0648
NestedUNet_DP_Morph,LungInfection,True,automatic,8.0,True,close,9,0.0001,24,1.2,,training,1.3481301069259644,0.006810256369784144,1.3481 ± 0.0068,250.67767763137817,8.35643643529204,250.6777 ± 8.3564,0.3175,0.030971277015970786,0.3175 ± 0.0310,0.50325,0.022556706319850857,0.5032 ± 0.0226,0.6387,0.03973940110268391,0.6387 ± 0.0397,1.0,0.0,1.0000 ± 0.0000,0.6209,0.0015556349186103902,0.6209 ± 0.0016,0.9971000000000001,0.0033941125496954466,0.9971 ± 0.0034,0.51125,0.0026162950903902515,0.5112 ± 0.0026,0.4198,0.020930360723121776,0.4198 ± 0.0209,0.7609,0.013010764773832454,0.7609 ± 0.0130,0.37195,0.0020506096654409976,0.3720 ± 0.0021
NestedUNet_DP_Morph,LungInfection,True,automatic,8.0,True,open,3,0.0001,24,1.2,,training,1.2607301473617554,0.06087741375131747,1.2607 ± 0.0609,249.624258518219,1.8362407461058958,249.6243 ± 1.8362,0.36645,0.007566042558696089,0.3664 ± 0.0076,0.55145,0.014354267658086905,0.5514 ± 0.0144,0.6634,0.043274935008616656,0.6634 ± 0.0433,1.0,0.0,1.0000 ± 0.0000,0.67245,0.03641599923110719,0.6724 ± 0.0364,0.9999,0.00014142135623729392,0.9999 ± 0.0001,0.5468,0.012303657992645907,0.5468 ± 0.0123,0.47775,0.014919953083036157,0.4778 ± 0.0149,0.78605,0.004313351365237936,0.7861 ± 0.0043,0.329,0.02644579361637687,0.3290 ± 0.0264
NestedUNet_DP_Morph,LungInfection,True,automatic,8.0,True,open,5,0.0001,24,1.2,,training,1.2966564893722534,0.03397440599723764,1.2967 ± 0.0340,259.5325268507004,20.19703027394422,259.5325 ± 20.1970,0.35075,0.028354981925580572,0.3508 ± 0.0284,0.5493,0.02531442276647844,0.5493 ± 0.0253,0.6940999999999999,0.033375440072005054,0.6941 ± 0.0334,1.0,0.0,1.0000 ± 0.0000,0.6124499999999999,0.005020458146424484,0.6124 ± 0.0050,0.9999,0.0,0.9999 ± 0.0000,0.51615,0.008838834764831813,0.5161 ± 0.0088,0.43935,0.020718228688765838,0.4394 ± 0.0207,0.7975,0.016970562748477157,0.7975 ± 0.0170,0.3718,0.005515432893255052,0.3718 ± 0.0055
NestedUNet_DP_Morph,LungInfection,True,automatic,8.0,True,open,7,0.0001,24,1.2,,training,1.3329823017120361,0.02339588419579132,1.3330 ± 0.0234,273.39192974567413,35.3144652142289,273.3919 ± 35.3145,0.30915,0.02283954903232548,0.3091 ± 0.0228,0.4779,0.033234018715767685,0.4779 ± 0.0332,0.64505,0.03443610024378484,0.6451 ± 0.0344,1.0,0.0,1.0000 ± 0.0000,0.59805,0.059467680297788615,0.5980 ± 0.0595,0.9989,0.0,0.9989 ± 0.0000,0.49855,0.02241528496361352,0.4985 ± 0.0224,0.41405000000000003,0.03217335854398794,0.4141 ± 0.0322,0.75265,0.048153971798803846,0.7527 ± 0.0482,0.38149999999999995,0.04101219330881976,0.3815 ± 0.0410
NestedUNet_DP_Morph,LungInfection,True,automatic,8.0,True,open,9,0.0001,24,1.2,,training,1.3260446786880493,0.010292428993754366,1.3260 ± 0.0103,249.05456829071045,1.8288758372097282,249.0546 ± 1.8289,0.33615,0.03938584771209068,0.3362 ± 0.0394,0.52295,0.04263853890554883,0.5230 ± 0.0426,0.6188499999999999,0.030617723625377513,0.6188 ± 0.0306,1.0,0.0,1.0000 ± 0.0000,0.66735,0.028072139213105984,0.6673 ± 0.0281,0.99815,0.002474873734152958,0.9981 ± 0.0025,0.5392,0.016122034611053236,0.5392 ± 0.0161,0.463,0.031395541084682704,0.4630 ± 0.0314,0.7783,0.04992173875177025,0.7783 ± 0.0499,0.32989999999999997,0.014566399692442885,0.3299 ± 0.0146
NestedUNet_DP_Morph,LungInfection,True,base,8.0,True,both,3,0.0001,24,1.2,,training,1.3102319240570068,0.06602927592589511,1.3102 ± 0.0660,256.6497871875763,4.818286727353341,256.6498 ± 4.8183,0.3099,0.005232590180780425,0.3099 ± 0.0052,0.48050000000000004,0.011596551211459397,0.4805 ± 0.0116,0.6304000000000001,0.0004242640687119603,0.6304 ± 0.0004,1.0,0.0,1.0000 ± 0.0000,0.6193500000000001,0.034860364312496804,0.6194 ± 0.0349,0.9955499999999999,0.004454772721475308,0.9955 ± 0.0045,0.51275,0.008697413408594519,0.5128 ± 0.0087,0.42195,0.007000357133746834,0.4219 ± 0.0070,0.75095,0.01491995308303616,0.7510 ± 0.0149,0.3659,0.011030865786510143,0.3659 ± 0.0110
NestedUNet_DP_Morph,LungInfection,True,base,8.0,True,both,5,0.0001,24,1.2,,training,1.2888524532318115,0.03133247294518075,1.2889 ± 0.0313,239.49219012260437,0.9281622811790932,239.4922 ± 0.9282,0.36765000000000003,0.022556706319850857,0.3677 ± 0.0226,0.56965,0.036698841943581854,0.5696 ± 0.0367,0.66345,0.042497117549311535,0.6634 ± 0.0425,1.0,0.0,1.0000 ± 0.0000,0.668,0.029839906166072315,0.6680 ± 0.0298,0.9992000000000001,0.0008485281374238421,0.9992 ± 0.0008,0.5455000000000001,0.00622253967444164,0.5455 ± 0.0062,0.47355,0.006434671708797619,0.4736 ± 0.0064,0.8056000000000001,0.02927422074112306,0.8056 ± 0.0293,0.33240000000000003,0.016122034611053274,0.3324 ± 0.0161
NestedUNet_DP_Morph,LungInfection,True,base,8.0,True,both,7,0.0001,24,1.2,,training,1.2704914808273315,0.00660997454566069,1.2705 ± 0.0066,250.0914670228958,7.822805913988917,250.0915 ± 7.8228,0.32484999999999997,0.013364318164425728,0.3248 ± 0.0134,0.52435,0.03500178566873414,0.5243 ± 0.0350,0.6726,0.04016366517139587,0.6726 ± 0.0402,1.0,0.0,1.0000 ± 0.0000,0.59175,0.05876057351660206,0.5917 ± 0.0588,0.9991,0.0,0.9991 ± 0.0000,0.505,0.026162950903902242,0.5050 ± 0.0262,0.41685,0.028354981925580572,0.4168 ± 0.0284,0.7734000000000001,0.01668772003600249,0.7734 ± 0.0167,0.3863,0.03592102448427662,0.3863 ± 0.0359
NestedUNet_DP_Morph,LungInfection,True,base,8.0,True,both,9,0.0001,24,1.2,,training,1.310821533203125,0.02846041810025439,1.3108 ± 0.0285,252.95095455646515,6.054038226251546,252.9510 ± 6.0540,0.2956,0.0816001225489276,0.2956 ± 0.0816,0.5041,0.05967981233214463,0.5041 ± 0.0597,0.5528,0.17465537495307723,0.5528 ± 0.1747,1.0,0.0,1.0000 ± 0.0000,0.64855,0.020293964620053957,0.6485 ± 0.0203,0.9972000000000001,0.0035355339059327407,0.9972 ± 0.0035,0.5250999999999999,0.003676955262170035,0.5251 ± 0.0037,0.4497,0.0033941125496954466,0.4497 ± 0.0034,0.7685500000000001,0.033587572106361,0.7686 ± 0.0336,0.32205,0.05324514062334705,0.3221 ± 0.0532
NestedUNet_DP_Morph,LungInfection,True,base,8.0,True,close,3,0.0001,24,1.2,,training,1.27583909034729,0.009194082121560468,1.2758 ± 0.0092,249.37404346466064,1.8314623050091046,249.3740 ± 1.8315,0.32755,0.006858935777509501,0.3276 ± 0.0069,0.5284,0.027011479041326125,0.5284 ± 0.0270,0.61905,7.071067811864696e-05,0.6190 ± 0.0001,1.0,0.0,1.0000 ± 0.0000,0.66475,0.014071424945612239,0.6647 ± 0.0141,0.9988,0.0014142135623730963,0.9988 ± 0.0014,0.5342,0.005798275605729679,0.5342 ± 0.0058,0.4446,0.0024041630560342323,0.4446 ± 0.0024,0.7854,0.02291025971044413,0.7854 ± 0.0229,0.3387,0.012162236636408611,0.3387 ± 0.0122
NestedUNet_DP_Morph,LungInfection,True,base,8.0,True,close,5,0.0001,24,1.2,,training,1.3874150514602661,0.019704663203207223,1.3874 ± 0.0197,245.51144933700564,5.443175122338757,245.5114 ± 5.4432,0.30425,0.04263853890554879,0.3043 ± 0.0426,0.4898,0.05953839097590734,0.4898 ± 0.0595,0.60685,0.06371032098490798,0.6069 ± 0.0637,1.0,0.0,1.0000 ± 0.0000,0.6251500000000001,0.13201683604752842,0.6252 ± 0.1320,0.9967999999999999,0.003676955262170035,0.9968 ± 0.0037,0.51395,0.05183092706097392,0.5140 ± 0.0518,0.4265,0.0684479364188578,0.4265 ± 0.0684,0.76745,0.05465935418572015,0.7674 ± 0.0547,0.35765,0.07870098474606275,0.3577 ± 0.0787
NestedUNet_DP_Morph,LungInfection,True,base,8.0,True,close,7,0.0001,24,1.2,,training,1.256712019443512,0.04642972696287406,1.2567 ± 0.0464,253.4344424009323,3.161801784384206,253.4344 ± 3.1618,0.33125,0.0044547727214752295,0.3312 ± 0.0045,0.5194,0.03365828278447969,0.5194 ± 0.0337,0.61035,0.04659833688019345,0.6103 ± 0.0466,1.0,0.0,1.0000 ± 0.0000,0.6767,0.054305800795126834,0.6767 ± 0.0543,0.99975,7.071067811864696e-05,0.9998 ± 0.0001,0.5336000000000001,0.02757716446627538,0.5336 ± 0.0276,0.45325,0.014354267658086905,0.4532 ± 0.0144,0.7752,0.031536962440920004,0.7752 ± 0.0315,0.3349,0.036628131265463174,0.3349 ± 0.0366
NestedUNet_DP_Morph,LungInfection,True,base,8.0,True,close,9,0.0001,24,1.2,,training,1.3211454153060913,0.06494391028304274,1.3211 ± 0.0649,246.2918665409088,7.678554953212501,246.2919 ± 7.6786,0.3467,0.007071067811865481,0.3467 ± 0.0071,0.5358499999999999,0.028920667350529828,0.5358 ± 0.0289,0.70535,0.06272037149124676,0.7054 ± 0.0627,1.0,0.0,1.0000 ± 0.0000,0.5894999999999999,0.0791959594928933,0.5895 ± 0.0792,0.99365,0.00841457069611993,0.9937 ± 0.0084,0.5057499999999999,0.02793071785686861,0.5057 ± 0.0279,0.4306,0.023900209204105304,0.4306 ± 0.0239,0.7824,0.02262741699796954,0.7824 ± 0.0226,0.39375000000000004,0.052962297910872425,0.3938 ± 0.0530
NestedUNet_DP_Morph,LungInfection,True,base,8.0,True,open,3,0.0001,24,1.2,,training,1.287035346031189,0.009338392930861769,1.2870 ± 0.0093,245.7230453491211,0.7568063449505736,245.7230 ± 0.7568,0.32635000000000003,0.011525840533340749,0.3264 ± 0.0115,0.524,0.012020815280171319,0.5240 ± 0.0120,0.6113999999999999,0.03478965363437815,0.6114 ± 0.0348,1.0,0.0,1.0000 ± 0.0000,0.66815,0.013505739520663062,0.6682 ± 0.0135,0.99995,7.071067811864696e-05,1.0000 ± 0.0001,0.53285,0.0019091883092037035,0.5329 ± 0.0019,0.44584999999999997,0.002899137802864879,0.4458 ± 0.0029,0.7798499999999999,0.011950104602052673,0.7798 ± 0.0120,0.3431,0.006363961030678933,0.3431 ± 0.0064
NestedUNet_DP_Morph,LungInfection,True,base,8.0,True,open,5,0.0001,24,1.2,,training,1.3031391501426697,0.07659321491775682,1.3031 ± 0.0766,245.48717951774594,3.7658526088784217,245.4872 ± 3.7659,0.33440000000000003,0.06462955980045043,0.3344 ± 0.0646,0.5425500000000001,0.05183092706097396,0.5426 ± 0.0518,0.6731,0.018526197667087546,0.6731 ± 0.0185,1.0,0.0,1.0000 ± 0.0000,0.58345,0.13102688655386727,0.5835 ± 0.1310,0.99785,0.0026162950903902515,0.9979 ± 0.0026,0.5084500000000001,0.057770624022940927,0.5085 ± 0.0578,0.43015,0.08478210306426705,0.4301 ± 0.0848,0.78835,0.049285342648702435,0.7883 ± 0.0493,0.38395,0.08647915933911478,0.3840 ± 0.0865
NestedUNet_DP_Morph,LungInfection,True,base,8.0,True,open,7,0.0001,24,1.2,,training,1.3252047300338745,0.015130887202805159,1.3252 ± 0.0151,247.30721485614777,1.0293094913960839,247.3072 ± 1.0293,0.29715,0.02439518395093591,0.2972 ± 0.0244,0.5051,0.037476659402886976,0.5051 ± 0.0375,0.66425,0.09708576105691295,0.6643 ± 0.0971,1.0,0.0,1.0000 ± 0.0000,0.5322,0.07438763338082477,0.5322 ± 0.0744,0.9859500000000001,0.016334166645409254,0.9860 ± 0.0163,0.47895,0.03754737008100562,0.4789 ± 0.0375,0.38539999999999996,0.015273506473629432,0.3854 ± 0.0153,0.77685,0.007424621202458795,0.7769 ± 0.0074,0.41815,0.061023315216399046,0.4182 ± 0.0610
NestedUNet_DP_Morph,LungInfection,True,base,8.0,True,open,9,0.0001,24,1.2,,training,1.2721728086471558,0.005783053377876949,1.2722 ± 0.0058,251.15854239463806,4.9630888003208655,251.1585 ± 4.9631,0.33835000000000004,0.008980256121069147,0.3384 ± 0.0090,0.53735,0.002192031021678291,0.5373 ± 0.0022,0.6450499999999999,0.010818733752154164,0.6450 ± 0.0108,1.0,0.0,1.0000 ± 0.0000,0.65185,0.0014849242404917434,0.6519 ± 0.0015,0.9996,0.0004242640687119603,0.9996 ± 0.0004,0.53305,0.0006363961030679012,0.5331 ± 0.0006,0.44784999999999997,0.006717514421272207,0.4478 ± 0.0067,0.79085,0.0007778174593051951,0.7909 ± 0.0008,0.34855,7.071067811868621e-05,0.3486 ± 0.0001
NestedUNet_DP_Morph,LungInfection,True,nsgd,8.0,True,both,3,0.0001,24,1.2,,training,1.3842560052871704,0.04127036264926148,1.3843 ± 0.0413,248.67560696601865,3.392790959396082,248.6756 ± 3.3928,0.27165,0.02397091988222399,0.2717 ± 0.0240,0.47785,0.017182694782833095,0.4778 ± 0.0172,0.5687500000000001,0.017889801564019644,0.5688 ± 0.0179,1.0,0.0,1.0000 ± 0.0000,0.609,0.021213203435596444,0.6090 ± 0.0212,0.99865,0.00035355339059331333,0.9987 ± 0.0004,0.502,0.016546298679765235,0.5020 ± 0.0165,0.4034,0.015414927829866726,0.4034 ± 0.0154,0.7538,0.025597265478953028,0.7538 ± 0.0256,0.3731,0.02333452377915609,0.3731 ± 0.0233
NestedUNet_DP_Morph,LungInfection,True,nsgd,8.0,True,both,5,0.0001,24,1.2,,training,1.292317509651184,0.043552698789823416,1.2923 ± 0.0436,246.02393686771393,1.3718372664189078,246.0239 ± 1.3718,0.31235,0.023405234457274736,0.3124 ± 0.0234,0.5004,0.0164048773235279,0.5004 ± 0.0164,0.6840999999999999,0.019233304448274095,0.6841 ± 0.0192,1.0,0.0,1.0000 ± 0.0000,0.56535,0.034718942956259505,0.5654 ± 0.0347,0.9941,0.00820243866176399,0.9941 ± 0.0082,0.49150000000000005,0.014424978336205591,0.4915 ± 0.0144,0.3961,0.026304372260139576,0.3961 ± 0.0263,0.75215,0.00601040764008562,0.7521 ± 0.0060,0.4024,0.014849242404917471,0.4024 ± 0.0148
NestedUNet_DP_Morph,LungInfection,True,nsgd,8.0,True,both,7,0.0001,24,1.2,,training,1.3598074316978455,0.08004723344692129,1.3598 ± 0.0800,252.18432652950287,6.49030733585834,252.1843 ± 6.4903,0.28254999999999997,0.04829539315504117,0.2825 ± 0.0483,0.4703,0.03747665940288705,0.4703 ± 0.0375,0.5768,0.08160012254892754,0.5768 ± 0.0816,1.0,0.0,1.0000 ± 0.0000,0.62995,0.016758430714121215,0.6300 ± 0.0168,0.9985999999999999,0.0007071067811865482,0.9986 ± 0.0007,0.5093000000000001,0.009192388155425127,0.5093 ± 0.0092,0.4203,0.014849242404917511,0.4203 ± 0.0148,0.7563,0.039456558390209326,0.7563 ± 0.0395,0.35405,0.014495689014324237,0.3540 ± 0.0145
NestedUNet_DP_Morph,LungInfection,True,nsgd,8.0,True,both,9,0.0001,24,1.2,,training,1.2871081829071045,0.07184065198597123,1.2871 ± 0.0718,255.55922758579254,11.260326143597831,255.5592 ± 11.2603,0.32589999999999997,0.04893178925810908,0.3259 ± 0.0489,0.52145,0.012374368670764553,0.5214 ± 0.0124,0.61795,0.021142492757477798,0.6179 ± 0.0211,1.0,0.0,1.0000 ± 0.0000,0.6472,0.06519524522539973,0.6472 ± 0.0652,0.99675,0.0045961940777125235,0.9968 ± 0.0046,0.52395,0.034860364312496755,0.5240 ± 0.0349,0.44884999999999997,0.052962297910872425,0.4488 ± 0.0530,0.7927,0.008485281374238578,0.7927 ± 0.0085,0.3434,0.03648670990922584,0.3434 ± 0.0365
NestedUNet_DP_Morph,LungInfection,True,nsgd,8.0,True,close,3,0.0001,24,1.2,,training,1.345601499080658,0.018205162626886793,1.3456 ± 0.0182,246.40448427200315,2.1418815993120255,246.4045 ± 2.1419,0.28635,0.009687362902255693,0.2863 ± 0.0097,0.4747,0.00820243866176395,0.4747 ± 0.0082,0.6486000000000001,0.053457272657702996,0.6486 ± 0.0535,1.0,0.0,1.0000 ± 0.0000,0.5328999999999999,0.05798275605729687,0.5329 ± 0.0580,0.9968999999999999,0.0021213203435596446,0.9969 ± 0.0021,0.4808,0.016546298679765196,0.4808 ± 0.0165,0.3846,0.007636753236814736,0.3846 ± 0.0076,0.73975,0.0072831998462214225,0.7398 ± 0.0073,0.4123,0.035213917703090035,0.4123 ± 0.0352
NestedUNet_DP_Morph,LungInfection,True,nsgd,8.0,True,close,5,0.0001,24,1.2,,training,1.4212833046913147,0.007263672166064656,1.4213 ± 0.0073,249.59880793094635,2.319032390036025,249.5988 ± 2.3190,0.2244,0.04355777772109132,0.2244 ± 0.0436,0.40359999999999996,0.02333452377915605,0.4036 ± 0.0233,0.5834,0.1555634918610405,0.5834 ± 0.1556,1.0,0.0,1.0000 ± 0.0000,0.46099999999999997,0.09390378054157349,0.4610 ± 0.0939,0.9867,0.0031112698372207804,0.9867 ± 0.0031,0.43615000000000004,0.040092954493277266,0.4362 ± 0.0401,0.3447,0.03818376618407356,0.3447 ± 0.0382,0.7021999999999999,0.010748023074035516,0.7022 ± 0.0107,0.4438,0.08654987001723342,0.4438 ± 0.0865
NestedUNet_DP_Morph,LungInfection,True,nsgd,8.0,True,close,7,0.0001,24,1.2,,training,1.3130095601081848,0.06302867319301036,1.3130 ± 0.0630,251.33263838291168,0.8004079340846898,251.3326 ± 0.8004,0.32345,0.0060104076400856596,0.3235 ± 0.0060,0.5304,0.007919595949289324,0.5304 ± 0.0079,0.6072500000000001,0.02538513344459701,0.6073 ± 0.0254,1.0,0.0,1.0000 ± 0.0000,0.65185,0.013364318164425768,0.6519 ± 0.0134,0.9976499999999999,0.003181980515339506,0.9976 ± 0.0032,0.5333,0.006788225099390893,0.5333 ± 0.0068,0.44065,0.0027577164466275456,0.4406 ± 0.0028,0.77935,0.010818733752154164,0.7793 ± 0.0108,0.34895,0.015909902576697336,0.3489 ± 0.0159
NestedUNet_DP_Morph,LungInfection,True,nsgd,8.0,True,close,9,0.0001,24,1.2,,training,1.386918544769287,0.050493273215203555,1.3869 ± 0.0505,246.9630641937256,2.31967925986695,246.9631 ± 2.3197,0.27225,0.030052038200428257,0.2722 ± 0.0301,0.46094999999999997,0.036981684656056404,0.4609 ± 0.0370,0.6423000000000001,0.012020815280171319,0.6423 ± 0.0120,1.0,0.0,1.0000 ± 0.0000,0.52075,0.11122789668064396,0.5208 ± 0.1112,0.99135,0.012091525958289965,0.9913 ± 0.0121,0.46515,0.048295393155041215,0.4652 ± 0.0483,0.36695,0.04306280297426071,0.3669 ± 0.0431,0.71855,0.040092954493277225,0.7186 ± 0.0401,0.43365,0.058760573516602105,0.4336 ± 0.0588
NestedUNet_DP_Morph,LungInfection,True,nsgd,8.0,True,open,3,0.0001,24,1.2,,training,1.3471819162368774,0.02029438190757165,1.3472 ± 0.0203,244.84768390655518,3.328979956400972,244.8477 ± 3.3290,0.29075,0.022132442251138935,0.2908 ± 0.0221,0.4779,0.010748023074035516,0.4779 ± 0.0107,0.62995,0.0992070814004726,0.6300 ± 0.0992,1.0,0.0,1.0000 ± 0.0000,0.5781,0.05133595231414335,0.5781 ± 0.0513,0.9991,0.0,0.9991 ± 0.0000,0.48795,0.020718228688765876,0.4879 ± 0.0207,0.40115,0.01378858223313765,0.4012 ± 0.0138,0.7552000000000001,0.029415642097360355,0.7552 ± 0.0294,0.39075000000000004,0.05183092706097392,0.3908 ± 0.0518
NestedUNet_DP_Morph,LungInfection,True,nsgd,8.0,True,open,5,0.0001,24,1.2,,training,1.3289183378219604,0.008205991405071068,1.3289 ± 0.0082,247.36693418025973,5.269081832593152,247.3669 ± 5.2691,0.30845,0.018314065632731604,0.3085 ± 0.0183,0.5025,0.00933380951166242,0.5025 ± 0.0093,0.61305,0.1195717566986452,0.6130 ± 0.1196,1.0,0.0,1.0000 ± 0.0000,0.63725,0.0828022040769447,0.6372 ± 0.0828,0.99905,0.00035355339059323483,0.9990 ± 0.0004,0.518,0.020788939366884484,0.5180 ± 0.0208,0.4335,0.022061731573020285,0.4335 ± 0.0221,0.76695,0.0036062445840513878,0.7670 ± 0.0036,0.3536,0.048083261120685235,0.3536 ± 0.0481
NestedUNet_DP_Morph,LungInfection,True,nsgd,8.0,True,open,7,0.0001,24,1.2,,training,1.2938292622566223,0.010763377879014938,1.2938 ± 0.0108,251.02839732170105,1.8249629237939367,251.0284 ± 1.8250,0.3153,0.02022325394193527,0.3153 ± 0.0202,0.51295,0.01265721138323922,0.5130 ± 0.0127,0.59995,0.0030405591591021333,0.5999 ± 0.0030,1.0,0.0,1.0000 ± 0.0000,0.66385,0.03302188668141182,0.6639 ± 0.0330,0.99985,0.00021213203435594088,0.9999 ± 0.0002,0.5283,0.017253405460951745,0.5283 ± 0.0173,0.4446,0.019233304448274095,0.4446 ± 0.0192,0.7715000000000001,0.007636753236814736,0.7715 ± 0.0076,0.33830000000000005,0.021071782079359114,0.3383 ± 0.0211
NestedUNet_DP_Morph,LungInfection,True,nsgd,8.0,True,open,9,0.0001,24,1.2,,training,1.353805661201477,0.027393259895958554,1.3538 ± 0.0274,247.03429198265076,1.0025781056091203,247.0343 ± 1.0026,0.2631,0.017819090885900998,0.2631 ± 0.0178,0.46404999999999996,0.000494974746830568,0.4640 ± 0.0005,0.55265,0.05098239892355012,0.5526 ± 0.0510,1.0,0.0,1.0000 ± 0.0000,0.61625,0.007424621202458795,0.6162 ± 0.0074,0.998,0.0015556349186103902,0.9980 ± 0.0016,0.49895,7.071067811864696e-05,0.4990 ± 0.0001,0.4021,0.003676955262170035,0.4021 ± 0.0037,0.74495,0.0014849242404917434,0.7450 ± 0.0015,0.3634,0.015414927829866766,0.3634 ± 0.0154
NestedUNet_DP_Morph,LungInfection,True,psac,8.0,True,both,3,0.0001,24,1.2,,training,1.3703902959823608,0.046662799035139306,1.3704 ± 0.0467,262.9035848379135,3.026550861638807,262.9036 ± 3.0266,0.31155,0.02241528496361356,0.3115 ± 0.0224,0.49245,0.04772970773009196,0.4924 ± 0.0477,0.61985,0.05027529214236349,0.6199 ± 0.0503,1.0,0.0,1.0000 ± 0.0000,0.6455,0.08259007204258877,0.6455 ± 0.0826,0.99785,0.0030405591591021333,0.9979 ± 0.0030,0.51905,0.03599173516239527,0.5191 ± 0.0360,0.42735,0.03966869042456534,0.4274 ± 0.0397,0.76545,0.03783021279348029,0.7654 ± 0.0378,0.35365,0.054659354185720106,0.3537 ± 0.0547
NestedUNet_DP_Morph,LungInfection,True,psac,8.0,True,both,5,0.0001,24,1.2,,training,1.3633937239646912,0.059074961627900574,1.3634 ± 0.0591,270.8279137611389,13.12159217106295,270.8279 ± 13.1216,0.31174999999999997,0.011808683245815339,0.3117 ± 0.0118,0.5037,0.06477098115668777,0.5037 ± 0.0648,0.6621,0.02418305191657993,0.6621 ± 0.0242,1.0,0.0,1.0000 ± 0.0000,0.57275,0.018172644276494312,0.5727 ± 0.0182,0.99905,0.0006363961030679012,0.9990 ± 0.0006,0.48755000000000004,0.011101576464628789,0.4876 ± 0.0111,0.40345,0.00799030662740801,0.4034 ± 0.0080,0.7641,0.06901362184380698,0.7641 ± 0.0690,0.40245,0.01308147545195114,0.4024 ± 0.0131
NestedUNet_DP_Morph,LungInfection,True,psac,8.0,True,both,7,0.0001,24,1.2,,training,1.3446317911148071,0.08252251785996625,1.3446 ± 0.0825,260.5538935661316,1.037261253010937,260.5539 ± 1.0373,0.29005000000000003,0.03825447686219221,0.2901 ± 0.0383,0.4887,0.04822468247692257,0.4887 ± 0.0482,0.6111,0.07424621202458748,0.6111 ± 0.0742,1.0,0.0,1.0000 ± 0.0000,0.5882,0.01711198410471445,0.5882 ± 0.0171,0.99905,0.00035355339059323483,0.9990 ± 0.0004,0.49135,0.017465537495307763,0.4914 ± 0.0175,0.4068,0.019940411229460643,0.4068 ± 0.0199,0.7813,0.026021529547664908,0.7813 ± 0.0260,0.38649999999999995,0.0011313708498984691,0.3865 ± 0.0011
NestedUNet_DP_Morph,LungInfection,True,psac,8.0,True,both,9,0.0001,24,1.2,,training,1.3184700012207031,0.028596299539853515,1.3185 ± 0.0286,263.6374410390854,2.3567174045761417,263.6374 ± 2.3567,0.3206,0.05147737367038065,0.3206 ± 0.0515,0.5257000000000001,0.03648670990922584,0.5257 ± 0.0365,0.64815,0.03627457787486982,0.6482 ± 0.0363,1.0,0.0,1.0000 ± 0.0000,0.58525,0.06399316369738249,0.5853 ± 0.0640,0.99675,0.0036062445840513878,0.9968 ± 0.0036,0.51715,0.018172644276494312,0.5171 ± 0.0182,0.43315000000000003,0.04080006127446381,0.4332 ± 0.0408,0.79195,0.014354267658086905,0.7920 ± 0.0144,0.3702,0.019374725804511425,0.3702 ± 0.0194
NestedUNet_DP_Morph,LungInfection,True,psac,8.0,True,close,3,0.0001,24,1.2,,training,1.4509432315826416,0.023329123587750064,1.4509 ± 0.0233,258.13731265068054,1.7814778285491046,258.1373 ± 1.7815,0.2868,0.02460731598529189,0.2868 ± 0.0246,0.45475,0.005303300858899111,0.4547 ± 0.0053,0.65465,0.12904698756654492,0.6546 ± 0.1290,1.0,0.0,1.0000 ± 0.0000,0.55225,0.07898382745853734,0.5523 ± 0.0790,0.998,0.0018384776310849781,0.9980 ± 0.0018,0.47265,0.030759144981614805,0.4727 ± 0.0308,0.38670000000000004,0.03464823227814082,0.3867 ± 0.0346,0.73225,0.02863782463805516,0.7322 ± 0.0286,0.41600000000000004,0.05614427842621185,0.4160 ± 0.0561
NestedUNet_DP_Morph,LungInfection,True,psac,8.0,True,close,5,0.0001,24,1.2,,training,1.3963563442230225,0.03745775873296601,1.3964 ± 0.0375,266.15822541713715,0.6812291219630408,266.1582 ± 0.6812,0.26755,0.057629202666703634,0.2676 ± 0.0576,0.4578,0.07848885271170676,0.4578 ± 0.0785,0.57715,0.11419774516162744,0.5772 ± 0.1142,1.0,0.0,1.0000 ± 0.0000,0.5859,0.044547727214752454,0.5859 ± 0.0445,0.9951000000000001,0.0019798989873223505,0.9951 ± 0.0020,0.48835,0.0016263455967290372,0.4884 ± 0.0016,0.4028,0.0033941125496954466,0.4028 ± 0.0034,0.7362500000000001,0.06356889962867061,0.7363 ± 0.0636,0.3865,0.04002224381515858,0.3865 ± 0.0400
NestedUNet_DP_Morph,LungInfection,True,psac,8.0,True,close,7,0.0001,24,1.2,,training,1.3292067050933838,0.13840114679049795,1.3292 ± 0.1384,264.8110342025757,1.5525374961371208,264.8110 ± 1.5525,0.2408,0.024041630560342597,0.2408 ± 0.0240,0.42485,0.04391133111168463,0.4249 ± 0.0439,0.54355,0.0512652416360247,0.5435 ± 0.0513,1.0,0.0,1.0000 ± 0.0000,0.5848500000000001,0.056214989104330544,0.5849 ± 0.0562,0.998,0.0011313708498985084,0.9980 ± 0.0011,0.48160000000000003,0.015414927829866726,0.4816 ± 0.0154,0.38215,0.0007778174593051951,0.3821 ± 0.0008,0.71445,0.06696301217836606,0.7145 ± 0.0670,0.37625,0.031041987694089432,0.3762 ± 0.0310
NestedUNet_DP_Morph,LungInfection,True,psac,8.0,True,close,9,0.0001,24,1.2,,training,1.366233229637146,0.016085766202667818,1.3662 ± 0.0161,268.12086594104767,2.748614312070686,268.1209 ± 2.7486,0.28535,0.006576093065034874,0.2853 ± 0.0066,0.47225,0.04490128060534577,0.4723 ± 0.0449,0.6045,0.08980256121069154,0.6045 ± 0.0898,1.0,0.0,1.0000 ± 0.0000,0.5970500000000001,0.09029753595752214,0.5971 ± 0.0903,0.9941,0.005232590180780503,0.9941 ± 0.0052,0.50255,0.03174909447527598,0.5026 ± 0.0317,0.40485000000000004,0.025385133444597047,0.4049 ± 0.0254,0.73605,0.04886107857999039,0.7360 ± 0.0489,0.37365000000000004,0.06173042199758559,0.3737 ± 0.0617
NestedUNet_DP_Morph,LungInfection,True,psac,8.0,True,open,3,0.0001,24,1.2,,training,1.330976963043213,0.043793947350699615,1.3310 ± 0.0438,261.1670277118683,6.370888286700178,261.1670 ± 6.3709,0.3131,0.02489015869776648,0.3131 ± 0.0249,0.51735,0.01223294731452726,0.5173 ± 0.0122,0.6476999999999999,0.06519524522539964,0.6477 ± 0.0652,1.0,0.0,1.0000 ± 0.0000,0.60165,0.03245620125646257,0.6017 ± 0.0325,0.99795,0.002333452377915664,0.9980 ± 0.0023,0.5063,0.005656854249492385,0.5063 ± 0.0057,0.4139,0.008061017305526618,0.4139 ± 0.0081,0.78145,0.006576093065034874,0.7814 ± 0.0066,0.384,0.019657568516986013,0.3840 ± 0.0197
NestedUNet_DP_Morph,LungInfection,True,psac,8.0,True,open,5,0.0001,24,1.2,,training,1.3829926252365112,0.09371705799924795,1.3830 ± 0.0937,268.0782696008682,3.57124459350123,268.0783 ± 3.5712,0.3052,0.0025455844122715655,0.3052 ± 0.0025,0.507,0.00014142135623729392,0.5070 ± 0.0001,0.6203000000000001,0.07212489168102784,0.6203 ± 0.0721,1.0,0.0,1.0000 ± 0.0000,0.6123000000000001,0.09998489885977788,0.6123 ± 0.1000,0.99995,7.071067811864696e-05,1.0000 ± 0.0001,0.50225,0.04928534264870239,0.5022 ± 0.0493,0.4129,0.030547012947258863,0.4129 ± 0.0305,0.76605,0.026657925650732887,0.7661 ± 0.0267,0.381,0.06816509370638321,0.3810 ± 0.0682
NestedUNet_DP_Morph,LungInfection,True,psac,8.0,True,open,7,0.0001,24,1.2,,training,1.2690937519073486,0.012819385443073528,1.2691 ± 0.0128,264.6825920343399,5.050728114177448,264.6826 ± 5.0507,0.30720000000000003,0.01244507934888324,0.3072 ± 0.0124,0.49385,0.029203510063004378,0.4939 ± 0.0292,0.58165,0.03019345955666555,0.5817 ± 0.0302,1.0,0.0,1.0000 ± 0.0000,0.675,0.040163665171395954,0.6750 ± 0.0402,0.9999,0.0,0.9999 ± 0.0000,0.52535,0.014637110370561491,0.5253 ± 0.0146,0.4421,0.0028284271247461927,0.4421 ± 0.0028,0.7576499999999999,0.04744686501761738,0.7576 ± 0.0474,0.33515,0.022980970388562776,0.3352 ± 0.0230
NestedUNet_DP_Morph,LungInfection,True,psac,8.0,True,open,9,0.0001,24,1.2,,training,1.3705058693885803,0.003080007395479114,1.3705 ± 0.0031,264.12080800533295,0.8801956272384812,264.1208 ± 0.8802,0.27149999999999996,0.09814642122869278,0.2715 ± 0.0981,0.48955,0.08365073221436854,0.4895 ± 0.0837,0.58935,0.1211273916172556,0.5894 ± 0.1211,1.0,0.0,1.0000 ± 0.0000,0.54055,0.08577205255792819,0.5405 ± 0.0858,0.9699,0.04016366517139587,0.9699 ± 0.0402,0.4951,0.018950461735799427,0.4951 ± 0.0190,0.4057,0.047517575695736024,0.4057 ± 0.0475,0.75815,0.0787009847460627,0.7581 ± 0.0787,0.37445,0.00021213203435594088,0.3745 ± 0.0002
NestedUNet_DP_Morph,LungInfection,True,automatic,8.0,True,both,3,0.0001,24,1.5,,training,1.3306692838668823,0.027818943065918585,1.3307 ± 0.0278,248.80291438102722,1.9526392149249783,248.8029 ± 1.9526,0.3367,0.013717871555019003,0.3367 ± 0.0137,0.5084500000000001,0.028920667350529828,0.5085 ± 0.0289,0.7232,0.02291025971044413,0.7232 ± 0.0229,1.0,0.0,1.0000 ± 0.0000,0.56585,0.00035355339059331333,0.5658 ± 0.0004,0.9995499999999999,0.00035355339059331333,0.9995 ± 0.0004,0.49425,0.0021920310216782916,0.4943 ± 0.0022,0.4163,0.005232590180780425,0.4163 ± 0.0052,0.75195,0.012374368670764632,0.7520 ± 0.0124,0.4032,0.006788225099390855,0.4032 ± 0.0068
NestedUNet_DP_Morph,LungInfection,True,automatic,8.0,True,both,5,0.0001,24,1.5,,training,1.3247694969177246,0.05051215500333628,1.3248 ± 0.0505,260.46299159526825,12.455515346901759,260.4630 ± 12.4555,0.32420000000000004,0.0011313708498984691,0.3242 ± 0.0011,0.53145,0.009545941546018361,0.5314 ± 0.0095,0.62135,0.02580939751330897,0.6213 ± 0.0258,1.0,0.0,1.0000 ± 0.0000,0.62835,0.0038890872965259755,0.6283 ± 0.0039,0.99185,0.011242997820866124,0.9919 ± 0.0112,0.52165,0.002757716446627467,0.5216 ± 0.0028,0.43595,0.01025304832720491,0.4360 ± 0.0103,0.7933,0.01244507934888328,0.7933 ± 0.0124,0.35905,0.015909902576697336,0.3590 ± 0.0159
NestedUNet_DP_Morph,LungInfection,True,automatic,8.0,True,both,7,0.0001,24,1.5,,training,1.2813865542411804,0.016703386120746615,1.2814 ± 0.0167,250.15341687202454,1.6475499796721993,250.1534 ± 1.6475,0.29769999999999996,0.07028641404994282,0.2977 ± 0.0703,0.49405,0.06484169183480645,0.4940 ± 0.0648,0.6438,0.09828784258493012,0.6438 ± 0.0983,1.0,0.0,1.0000 ± 0.0000,0.54125,0.06682159082212877,0.5413 ± 0.0668,0.9823,0.023193102422918794,0.9823 ± 0.0232,0.5035000000000001,0.00777817459305203,0.5035 ± 0.0078,0.4001,0.046103362133362885,0.4001 ± 0.0461,0.743,0.06477098115668768,0.7430 ± 0.0648,0.37970000000000004,0.009050966799187793,0.3797 ± 0.0091
NestedUNet_DP_Morph,LungInfection,True,automatic,8.0,True,both,9,0.0001,24,1.5,,training,1.3057525753974915,0.10316191386944808,1.3058 ± 0.1032,256.2513778209686,6.3011797594867165,256.2514 ± 6.3012,0.29485,0.06809438302826454,0.2949 ± 0.0681,0.48475,0.07813529932111353,0.4848 ± 0.0781,0.6592,0.0668923015002474,0.6592 ± 0.0669,1.0,0.0,1.0000 ± 0.0000,0.54725,0.056356410460567836,0.5473 ± 0.0564,0.9946999999999999,0.003252691193458153,0.9947 ± 0.0033,0.48660000000000003,0.02757716446627534,0.4866 ± 0.0276,0.39665,0.040517218561989185,0.3967 ± 0.0405,0.7555499999999999,0.05013387078612627,0.7555 ± 0.0501,0.40815,0.019728279195104663,0.4082 ± 0.0197
NestedUNet_DP_Morph,LungInfection,True,automatic,8.0,True,close,3,0.0001,24,1.5,,training,1.321735680103302,0.020448386492030145,1.3217 ± 0.0204,256.11258482933044,12.404211674083347,256.1126 ± 12.4042,0.35175,0.02001112190757929,0.3518 ± 0.0200,0.5565,0.014000714267493669,0.5565 ± 0.0140,0.6699999999999999,0.04200214280248093,0.6700 ± 0.0420,1.0,0.0,1.0000 ± 0.0000,0.63305,0.004737615433949818,0.6331 ± 0.0047,0.9999,0.0,0.9999 ± 0.0000,0.5277499999999999,0.0030405591591022123,0.5277 ± 0.0030,0.44904999999999995,0.01463711037056153,0.4490 ± 0.0146,0.8088,0.009616652224137007,0.8088 ± 0.0096,0.36195,0.0017677669529663704,0.3619 ± 0.0018
NestedUNet_DP_Morph,LungInfection,True,automatic,8.0,True,close,5,0.0001,24,1.5,,training,1.2980982065200806,0.073027507240038,1.2981 ± 0.0730,254.29787683486933,16.13817193128111,254.2979 ± 16.1382,0.31084999999999996,0.0060104076400856596,0.3108 ± 0.0060,0.4844,0.005091168824543131,0.4844 ± 0.0051,0.685,0.022910259710444206,0.6850 ± 0.0229,1.0,0.0,1.0000 ± 0.0000,0.54725,0.06286179284748405,0.5473 ± 0.0629,0.9952000000000001,0.00622253967444164,0.9952 ± 0.0062,0.4835,0.02064751801064719,0.4835 ± 0.0206,0.39225,0.017606958851545017,0.3922 ± 0.0176,0.746,0.01598061325481594,0.7460 ± 0.0160,0.41925,0.03090056633785214,0.4193 ± 0.0309
NestedUNet_DP_Morph,LungInfection,True,automatic,8.0,True,close,7,0.0001,24,1.5,,training,1.364591121673584,0.07234186230846278,1.3646 ± 0.0723,252.8413411378861,10.264874227134854,252.8413 ± 10.2649,0.28945,0.039385847712090714,0.2894 ± 0.0394,0.4873,0.0479418397644479,0.4873 ± 0.0479,0.5660000000000001,0.038325187540310814,0.5660 ± 0.0383,1.0,0.0,1.0000 ± 0.0000,0.62415,0.048295393155041215,0.6241 ± 0.0483,0.997,0.001979898987322272,0.9970 ± 0.0020,0.50745,0.022556706319850857,0.5074 ± 0.0226,0.42115,0.030759144981614844,0.4212 ± 0.0308,0.76415,0.013081475451951102,0.7641 ± 0.0131,0.3569,0.01131370849898477,0.3569 ± 0.0113
NestedUNet_DP_Morph,LungInfection,True,automatic,8.0,True,close,9,0.0001,24,1.5,,training,1.3399163484573364,0.020043861040023054,1.3399 ± 0.0200,246.43779850006104,0.5049698213787035,246.4378 ± 0.5050,0.3329,0.004808326112068504,0.3329 ± 0.0048,0.51745,0.005868986283848326,0.5174 ± 0.0059,0.6265000000000001,0.018667619023324918,0.6265 ± 0.0187,1.0,0.0,1.0000 ± 0.0000,0.65425,0.024960869375885125,0.6542 ± 0.0250,0.9991,0.0009899494936612145,0.9991 ± 0.0010,0.5251,0.00820243866176399,0.5251 ± 0.0082,0.44775,0.009970205614730322,0.4477 ± 0.0100,0.79415,0.014495689014324197,0.7942 ± 0.0145,0.346,0.014990663761154805,0.3460 ± 0.0150
NestedUNet_DP_Morph,LungInfection,True,automatic,8.0,True,open,3,0.0001,24,1.5,,training,1.3212746381759644,0.07455659490401324,1.3213 ± 0.0746,247.67312538623807,4.716518778351482,247.6731 ± 4.7165,0.3268,0.023617366491630716,0.3268 ± 0.0236,0.52705,0.04688117959266812,0.5271 ± 0.0469,0.6131,0.04101219330881979,0.6131 ± 0.0410,1.0,0.0,1.0000 ± 0.0000,0.65845,0.02793071785686861,0.6584 ± 0.0279,0.9991000000000001,0.0005656854249492542,0.9991 ± 0.0006,0.53105,0.0044547727214752295,0.5311 ± 0.0045,0.44975,0.0026162950903902125,0.4497 ± 0.0026,0.79195,0.038537319574666835,0.7920 ± 0.0385,0.33599999999999997,0.013435028842544376,0.3360 ± 0.0134
NestedUNet_DP_Morph,LungInfection,True,automatic,8.0,True,open,5,0.0001,24,1.5,,training,1.2509500980377197,0.026180273595815023,1.2510 ± 0.0262,261.86277997493744,25.058739719206553,261.8628 ± 25.0587,0.33355,0.03669884194358181,0.3336 ± 0.0367,0.5236999999999999,0.03535533905932737,0.5237 ± 0.0354,0.6588,0.01400071426749359,0.6588 ± 0.0140,1.0,0.0,1.0000 ± 0.0000,0.6287,0.04596194077712563,0.6287 ± 0.0460,0.9982,0.002545584412271605,0.9982 ± 0.0025,0.5178,0.027860007178749965,0.5178 ± 0.0279,0.43525,0.0424971175493115,0.4353 ± 0.0425,0.77155,0.036274577874869894,0.7715 ± 0.0363,0.3609,0.03464823227814086,0.3609 ± 0.0346
NestedUNet_DP_Morph,LungInfection,True,automatic,8.0,True,open,7,0.0001,24,1.5,,training,1.3340334296226501,0.06138646338763205,1.3340 ± 0.0614,266.0742050409317,26.03730727098122,266.0742 ± 26.0373,0.352,0.040305086527633205,0.3520 ± 0.0403,0.5298499999999999,0.03924442635585339,0.5298 ± 0.0392,0.6347,0.010182337649086342,0.6347 ± 0.0102,1.0,0.0,1.0000 ± 0.0000,0.6661,0.05727564927611032,0.6661 ± 0.0573,0.9989,0.0011313708498985084,0.9989 ± 0.0011,0.53815,0.03160767311903865,0.5382 ± 0.0316,0.46975,0.05041671349860082,0.4698 ± 0.0504,0.78885,0.029769195487953592,0.7889 ± 0.0298,0.33604999999999996,0.0465983368801935,0.3360 ± 0.0466
NestedUNet_DP_Morph,LungInfection,True,automatic,8.0,True,open,9,0.0001,24,1.5,,training,1.2906739115715027,0.003389028088760989,1.2907 ± 0.0034,260.5820903778076,18.01405128264926,260.5821 ± 18.0141,0.3139,0.04044650788387054,0.3139 ± 0.0404,0.50535,0.052538033842160464,0.5053 ± 0.0525,0.62515,0.04235569619307424,0.6251 ± 0.0424,1.0,0.0,1.0000 ± 0.0000,0.64205,0.004313351365237936,0.6421 ± 0.0043,0.9959,0.003959797974644701,0.9959 ± 0.0040,0.5177,0.015697770542341352,0.5177 ± 0.0157,0.42569999999999997,0.02814284989122459,0.4257 ± 0.0281,0.7651,0.02927422074112314,0.7651 ± 0.0293,0.35855000000000004,0.0060104076400856596,0.3586 ± 0.0060
NestedUNet_DP_Morph,LungInfection,True,nsgd,8.0,True,both,3,0.0001,24,1.5,,training,1.3607107996940613,0.05015095651159792,1.3607 ± 0.0502,246.1304910182953,3.480881918881267,246.1305 ± 3.4809,0.25770000000000004,0.03521391770309008,0.2577 ± 0.0352,0.4377,0.03775950211536164,0.4377 ± 0.0378,0.57025,0.0044547727214752295,0.5703 ± 0.0045,1.0,0.0,1.0000 ± 0.0000,0.567,0.09079251070435268,0.5670 ± 0.0908,0.9954000000000001,0.0035355339059327407,0.9954 ± 0.0035,0.47955,0.04772970773009196,0.4795 ± 0.0477,0.39885,0.047871129086329255,0.3988 ± 0.0479,0.7495499999999999,0.00021213203435601938,0.7495 ± 0.0002,0.386,0.05529575028878801,0.3860 ± 0.0553
NestedUNet_DP_Morph,LungInfection,True,nsgd,8.0,True,both,5,0.0001,24,1.5,,training,1.3596938252449036,0.012903594846398294,1.3597 ± 0.0129,248.04841721057895,1.3818024672807834,248.0484 ± 1.3818,0.2628,0.03196122650963194,0.2628 ± 0.0320,0.4567,0.023051681066681422,0.4567 ± 0.0231,0.5547,0.06632661607529816,0.5547 ± 0.0663,1.0,0.0,1.0000 ± 0.0000,0.61675,0.02750645378815665,0.6168 ± 0.0275,0.9985999999999999,0.000989949493661136,0.9986 ± 0.0010,0.5025,0.006646803743153521,0.5025 ± 0.0066,0.40155,0.005586143571373738,0.4016 ± 0.0056,0.7276,0.0028284271247461927,0.7276 ± 0.0028,0.36445,0.036981684656056446,0.3644 ± 0.0370
NestedUNet_DP_Morph,LungInfection,True,nsgd,8.0,True,both,7,0.0001,24,1.5,,training,1.3235026597976685,0.022670115464433725,1.3235 ± 0.0227,252.98531436920166,0.6605918332960046,252.9853 ± 0.6606,0.29275,0.04263853890554883,0.2928 ± 0.0426,0.4721,0.04327493500861673,0.4721 ± 0.0433,0.6738500000000001,0.04094148263070106,0.6739 ± 0.0409,1.0,0.0,1.0000 ± 0.0000,0.51355,0.0320319371877506,0.5135 ± 0.0320,0.9938,0.0016970562748476843,0.9938 ± 0.0017,0.4666,0.0151320851173921,0.4666 ± 0.0151,0.38565,0.024960869375885125,0.3856 ± 0.0250,0.73305,0.024960869375885125,0.7330 ± 0.0250,0.43845,0.008697413408594519,0.4385 ± 0.0087
NestedUNet_DP_Morph,LungInfection,True,nsgd,8.0,True,both,9,0.0001,24,1.5,,training,1.2992177605628967,0.02648752412145944,1.2992 ± 0.0265,252.88945376873016,4.512433959792919,252.8895 ± 4.5124,0.3069,0.0016970562748476843,0.3069 ± 0.0017,0.4865,0.016970562748477157,0.4865 ± 0.0170,0.6565000000000001,0.03747665940288705,0.6565 ± 0.0375,1.0,0.0,1.0000 ± 0.0000,0.59805,0.022132442251138935,0.5980 ± 0.0221,0.9972000000000001,0.003252691193458153,0.9972 ± 0.0033,0.50275,0.01110157646462883,0.5028 ± 0.0111,0.41505000000000003,0.019586857838867367,0.4151 ± 0.0196,0.7342,0.026587214972614164,0.7342 ± 0.0266,0.38115,0.019869700551341997,0.3811 ± 0.0199
NestedUNet_DP_Morph,LungInfection,True,nsgd,8.0,True,close,3,0.0001,24,1.5,,training,1.3419196009635925,0.019958471524939826,1.3419 ± 0.0200,247.35790932178497,1.9663283427339227,247.3579 ± 1.9663,0.30065,0.024536605307173203,0.3006 ± 0.0245,0.49135,0.04772970773009196,0.4914 ± 0.0477,0.6568499999999999,0.02114249275747772,0.6568 ± 0.0211,1.0,0.0,1.0000 ± 0.0000,0.5809500000000001,0.013505739520663062,0.5810 ± 0.0135,0.99875,0.0016263455967290372,0.9988 ± 0.0016,0.49495,0.012374368670764592,0.4950 ± 0.0124,0.40549999999999997,0.011737972567696691,0.4055 ± 0.0117,0.7584500000000001,0.01534421715174804,0.7585 ± 0.0153,0.39575,0.0020506096654409976,0.3957 ± 0.0021
NestedUNet_DP_Morph,LungInfection,True,nsgd,8.0,True,close,5,0.0001,24,1.5,,training,1.4244099259376526,0.014362044392269272,1.4244 ± 0.0144,250.0367069244385,1.8037306902132804,250.0367 ± 1.8037,0.236,0.045396255352176354,0.2360 ± 0.0454,0.38734999999999997,0.07106423150924801,0.3873 ± 0.0711,0.5810500000000001,0.011242997820866046,0.5811 ± 0.0112,1.0,0.0,1.0000 ± 0.0000,0.5165,0.07594326829943525,0.5165 ± 0.0759,0.9903,0.01131370849898477,0.9903 ± 0.0113,0.45030000000000003,0.009475230867899753,0.4503 ± 0.0095,0.35150000000000003,0.036628131265463174,0.3515 ± 0.0366,0.62505,0.17133197308150044,0.6250 ± 0.1713,0.4195,0.018101933598375627,0.4195 ± 0.0181
NestedUNet_DP_Morph,LungInfection,True,nsgd,8.0,True,close,7,0.0001,24,1.5,,training,1.3564123511314392,0.007462268116247832,1.3564 ± 0.0075,249.52600824832916,4.481853555212586,249.5260 ± 4.4819,0.29645,0.02708218971944477,0.2964 ± 0.0271,0.4979,0.014990663761154766,0.4979 ± 0.0150,0.60795,0.06965001794687495,0.6079 ± 0.0697,1.0,0.0,1.0000 ± 0.0000,0.6071500000000001,0.016334166645409254,0.6072 ± 0.0163,0.99785,0.001767766952966331,0.9979 ± 0.0018,0.50235,0.0044547727214752295,0.5023 ± 0.0045,0.4208,0.004384062043356583,0.4208 ± 0.0044,0.7733,0.007495331880577363,0.7733 ± 0.0075,0.37070000000000003,0.014566399692442885,0.3707 ± 0.0146
NestedUNet_DP_Morph,LungInfection,True,nsgd,8.0,True,close,9,0.0001,24,1.5,,training,1.3792800903320312,0.04689561822631348,1.3793 ± 0.0469,247.15808057785034,3.6044264701590687,247.1581 ± 3.6044,0.26665,0.02510229073212242,0.2666 ± 0.0251,0.42845,0.004313351365237936,0.4284 ± 0.0043,0.6369,0.04765899705197331,0.6369 ± 0.0477,1.0,0.0,1.0000 ± 0.0000,0.5284500000000001,0.019445436482630033,0.5285 ± 0.0194,0.9987,0.0011313708498985084,0.9987 ± 0.0011,0.46445000000000003,0.005727564927611071,0.4645 ± 0.0057,0.37115,0.003747665940288721,0.3711 ± 0.0037,0.71765,0.013222896808188396,0.7177 ± 0.0132,0.4338,0.0072124891681027755,0.4338 ± 0.0072
NestedUNet_DP_Morph,LungInfection,True,nsgd,8.0,True,open,3,0.0001,24,1.5,,training,1.3309699296951294,0.005270547699984635,1.3310 ± 0.0053,243.69410347938538,5.906938475690562,243.6941 ± 5.9069,0.28415,0.011384419177103419,0.2842 ± 0.0114,0.4638,0.009616652224137047,0.4638 ± 0.0096,0.6918,0.021496046148071032,0.6918 ± 0.0215,1.0,0.0,1.0000 ± 0.0000,0.4717,0.004242640687119289,0.4717 ± 0.0042,0.98985,0.010818733752154242,0.9899 ± 0.0108,0.4364,0.012162236636408611,0.4364 ± 0.0122,0.3554,0.0045254833995938765,0.3554 ± 0.0045,0.7423500000000001,0.02326381310103744,0.7424 ± 0.0233,0.46799999999999997,0.028567113959936552,0.4680 ± 0.0286
NestedUNet_DP_Morph,LungInfection,True,nsgd,8.0,True,open,5,0.0001,24,1.5,,training,1.3804973363876343,0.07743707911864162,1.3805 ± 0.0774,247.52241992950442,1.9337992364658607,247.5224 ± 1.9338,0.24359999999999998,0.05416437943888952,0.2436 ± 0.0542,0.42325,0.07078138879677343,0.4233 ± 0.0708,0.6191500000000001,0.08209509729575815,0.6192 ± 0.0821,1.0,0.0,1.0000 ± 0.0000,0.47275,0.0375473700810057,0.4728 ± 0.0375,0.9957,0.005374011537017797,0.9957 ± 0.0054,0.43279999999999996,0.013293607486307082,0.4328 ± 0.0133,0.3392,0.029698484809835023,0.3392 ± 0.0297,0.72545,0.04546696603029502,0.7255 ± 0.0455,0.4538,0.005656854249492385,0.4538 ± 0.0057
NestedUNet_DP_Morph,LungInfection,True,nsgd,8.0,True,open,7,0.0001,24,1.5,,training,1.3443267941474915,0.028623020641809264,1.3443 ± 0.0286,248.98360538482666,1.3961868495028638,248.9836 ± 1.3962,0.27835,0.00841457069611993,0.2783 ± 0.0084,0.4424,0.025597265478953028,0.4424 ± 0.0256,0.653,0.04115361466505709,0.6530 ± 0.0412,1.0,0.0,1.0000 ± 0.0000,0.5467,0.015414927829866688,0.5467 ± 0.0154,0.99915,0.0009192388155424891,0.9991 ± 0.0009,0.46845000000000003,0.011667261889578045,0.4685 ± 0.0117,0.37525,0.0058689862838483655,0.3752 ± 0.0059,0.7061,0.04214356415871823,0.7061 ± 0.0421,0.42615000000000003,0.019021172413918114,0.4262 ± 0.0190
NestedUNet_DP_Morph,LungInfection,True,nsgd,8.0,True,open,9,0.0001,24,1.5,,training,1.3640013337135315,0.017995945670878557,1.3640 ± 0.0180,249.37550675868988,3.3681055502232313,249.3755 ± 3.3681,0.2646,0.03224406922210657,0.2646 ± 0.0322,0.39475,0.006576093065034874,0.3947 ± 0.0066,0.68215,0.06116473657263637,0.6822 ± 0.0612,1.0,0.0,1.0000 ± 0.0000,0.48815,0.008980256121069147,0.4881 ± 0.0090,0.9973,0.00014142135623729392,0.9973 ± 0.0001,0.44295,0.0006363961030679012,0.4430 ± 0.0006,0.34245000000000003,0.011808683245815339,0.3425 ± 0.0118,0.68065,0.02750645378815665,0.6806 ± 0.0275,0.45805,0.004313351365237936,0.4581 ± 0.0043
NestedUNet_DP_Morph,LungInfection,True,psac,8.0,True,both,3,0.0001,24,1.5,,training,1.2997055053710938,0.01059335749212215,1.2997 ± 0.0106,259.6123186349869,1.5933917850978827,259.6123 ± 1.5934,0.3425,0.0,0.3425 ± 0.0000,0.5356,0.0,0.5356 ± 0.0000,0.7315,0.0,0.7315 ± 0.0000,1.0,0.0,1.0000 ± 0.0000,0.555,0.0,0.5550 ± 0.0000,0.9998,0.0,0.9998 ± 0.0000,0.492,0.0,0.4920 ± 0.0000,0.4161,0.0,0.4161 ± 0.0000,0.7703,0.0,0.7703 ± 0.0000,0.4155,0.0,0.4155 ± 0.0000
NestedUNet_DP_Morph,LungInfection,True,psac,8.0,True,both,5,0.0001,24,1.5,,training,1.3368714451789856,0.06807162791103602,1.3369 ± 0.0681,264.83906984329224,3.7015560741885465,264.8391 ± 3.7016,0.3008,0.0,0.3008 ± 0.0000,0.4982,0.0,0.4982 ± 0.0000,0.5821,0.0,0.5821 ± 0.0000,1.0,0.0,1.0000 ± 0.0000,0.6576,0.0,0.6576 ± 0.0000,0.9987,0.0,0.9987 ± 0.0000,0.5189,0.0,0.5189 ± 0.0000,0.4336,0.0,0.4336 ± 0.0000,0.7761,0.0,0.7761 ± 0.0000,0.3381,0.0,0.3381 ± 0.0000
NestedUNet_DP_Morph,LungInfection,True,psac,8.0,True,both,7,0.0001,24,1.5,,training,1.3874511122703552,0.1345400739984145,1.3875 ± 0.1345,259.59529972076416,6.2664598600329375,259.5953 ± 6.2665,0.2985,0.0,0.2985 ± 0.0000,0.4561,0.0,0.4561 ± 0.0000,0.7084,0.0,0.7084 ± 0.0000,1.0,0.0,1.0000 ± 0.0000,0.5254,0.0,0.5254 ± 0.0000,0.9988,0.0,0.9988 ± 0.0000,0.4715,0.0,0.4715 ± 0.0000,0.3738,0.0,0.3738 ± 0.0000,0.7242,0.0,0.7242 ± 0.0000,0.4277,0.0,0.4277 ± 0.0000
NestedUNet_DP_Morph,LungInfection,True,psac,8.0,True,both,9,0.0001,24,1.5,,training,1.3729171752929688,0.08386649656528164,1.3729 ± 0.0839,264.36894476413727,5.278133626954099,264.3689 ± 5.2781,0.2954,0.0,0.2954 ± 0.0000,0.4757,0.0,0.4757 ± 0.0000,0.6743,0.0,0.6743 ± 0.0000,1.0,0.0,1.0000 ± 0.0000,0.5419,0.0,0.5419 ± 0.0000,0.9985,0.0,0.9985 ± 0.0000,0.4887,0.0,0.4887 ± 0.0000,0.3845,0.0,0.3845 ± 0.0000,0.7186,0.0,0.7186 ± 0.0000,0.4102,0.0,0.4102 ± 0.0000
NestedUNet_DP_Morph,LungInfection,True,psac,8.0,True,close,3,0.0001,24,1.5,,training,1.3900047540664673,0.164393108267166,1.3900 ± 0.1644,265.6931025981903,2.8336469276405674,265.6931 ± 2.8336,0.3471,0.0,0.3471 ± 0.0000,0.5298,0.0,0.5298 ± 0.0000,0.6867,0.0,0.6867 ± 0.0000,1.0,0.0,1.0000 ± 0.0000,0.6274,0.0,0.6274 ± 0.0000,0.9997,0.0,0.9997 ± 0.0000,0.5225,0.0,0.5225 ± 0.0000,0.4493,0.0,0.4493 ± 0.0000,0.7886,0.0,0.7886 ± 0.0000,0.3569,0.0,0.3569 ± 0.0000
NestedUNet_DP_Morph,LungInfection,True,psac,8.0,True,close,5,0.0001,24,1.5,,training,1.3572773337364197,0.03810741025591277,1.3573 ± 0.0381,260.3635513782501,0.5703689176256838,260.3636 ± 0.5704,0.2803,0.0,0.2803 ± 0.0000,0.4831,0.0,0.4831 ± 0.0000,0.5995,0.0,0.5995 ± 0.0000,1.0,0.0,1.0000 ± 0.0000,0.5969,0.0,0.5969 ± 0.0000,0.9993,0.0,0.9993 ± 0.0000,0.4851,0.0,0.4851 ± 0.0000,0.3913,0.0,0.3913 ± 0.0000,0.7686,0.0,0.7686 ± 0.0000,0.3916,0.0,0.3916 ± 0.0000
NestedUNet_DP_Morph,LungInfection,True,psac,8.0,True,close,7,0.0001,24,1.5,,training,1.4107389450073242,0.023290011312331955,1.4107 ± 0.0233,264.21497893333435,4.41140981837364,264.2150 ± 4.4114,0.263,0.0,0.2630 ± 0.0000,0.4132,0.0,0.4132 ± 0.0000,0.7045,0.0,0.7045 ± 0.0000,1.0,0.0,1.0000 ± 0.0000,0.4242,0.0,0.4242 ± 0.0000,0.9662,0.0,0.9662 ± 0.0000,0.4376,0.0,0.4376 ± 0.0000,0.3369,0.0,0.3369 ± 0.0000,0.6494,0.0,0.6494 ± 0.0000,0.4744,0.0,0.4744 ± 0.0000
NestedUNet_DP_Morph,LungInfection,True,psac,8.0,True,close,9,0.0001,24,1.5,,training,1.2395079731941223,0.03359972051397563,1.2395 ± 0.0336,266.27604472637177,0.7789076465474842,266.2760 ± 0.7789,0.3745,0.0,0.3745 ± 0.0000,0.5645,0.0,0.5645 ± 0.0000,0.6267,0.0,0.6267 ± 0.0000,1.0,0.0,1.0000 ± 0.0000,0.7015,0.0,0.7015 ± 0.0000,0.9971,0.0,0.9971 ± 0.0000,0.5498,0.0,0.5498 ± 0.0000,0.4926,0.0,0.4926 ± 0.0000,0.8047,0.0,0.8047 ± 0.0000,0.3078,0.0,0.3078 ± 0.0000
NestedUNet_DP_Morph,LungInfection,True,psac,8.0,True,open,3,0.0001,24,1.5,,training,1.3667822480201721,0.03669768246692054,1.3668 ± 0.0367,262.9070541858673,1.441719944410457,262.9071 ± 1.4417,0.2878,0.0,0.2878 ± 0.0000,0.4589,0.0,0.4589 ± 0.0000,0.6445,0.0,0.6445 ± 0.0000,1.0,0.0,1.0000 ± 0.0000,0.5734,0.0,0.5734 ± 0.0000,0.9997,0.0,0.9997 ± 0.0000,0.4766,0.0,0.4766 ± 0.0000,0.3894,0.0,0.3894 ± 0.0000,0.7469,0.0,0.7469 ± 0.0000,0.4086,0.0,0.4086 ± 0.0000
NestedUNet_DP_Morph,LungInfection,True,psac,8.0,True,open,5,0.0001,24,1.5,,training,1.3468479514122007,0.057095071272252815,1.3468 ± 0.0571,264.6670140028,4.759609041919484,264.6670 ± 4.7596,0.3168,0.0,0.3168 ± 0.0000,0.4966,0.0,0.4966 ± 0.0000,0.7009,0.0,0.7009 ± 0.0000,1.0,0.0,1.0000 ± 0.0000,0.5464,0.0,0.5464 ± 0.0000,0.9998,0.0,0.9998 ± 0.0000,0.4819,0.0,0.4819 ± 0.0000,0.3971,0.0,0.3971 ± 0.0000,0.7445,0.0,0.7445 ± 0.0000,0.4292,0.0,0.4292 ± 0.0000
NestedUNet_DP_Morph,LungInfection,True,psac,8.0,True,open,7,0.0001,24,1.5,,training,1.3273197412490845,0.0013481933901664783,1.3273 ± 0.0013,262.74583101272583,2.611024239232932,262.7458 ± 2.6110,0.2534,0.0,0.2534 ± 0.0000,0.4542,0.0,0.4542 ± 0.0000,0.5864,0.0,0.5864 ± 0.0000,1.0,0.0,1.0000 ± 0.0000,0.5482,0.0,0.5482 ± 0.0000,0.9802,0.0,0.9802 ± 0.0000,0.4757,0.0,0.4757 ± 0.0000,0.3731,0.0,0.3731 ± 0.0000,0.7656,0.0,0.7656 ± 0.0000,0.3947,0.0,0.3947 ± 0.0000
NestedUNet_DP_Morph,LungInfection,True,psac,8.0,True,open,9,0.0001,24,1.5,,training,1.4008949995040894,0.05147057433847401,1.4009 ± 0.0515,262.624853849411,0.2324786446382106,262.6249 ± 0.2325,0.3052,0.0,0.3052 ± 0.0000,0.505,0.0,0.5050 ± 0.0000,0.6243,0.0,0.6243 ± 0.0000,1.0,0.0,1.0000 ± 0.0000,0.5922,0.0,0.5922 ± 0.0000,0.9996,0.0,0.9996 ± 0.0000,0.5011,0.0,0.5011 ± 0.0000,0.4301,0.0,0.4301 ± 0.0000,0.7754,0.0,0.7754 ± 0.0000,0.3929,0.0,0.3929 ± 0.0000
NestedUNet_DP_Morph,LungInfection,True,automatic,8.0,True,both,3,0.0001,24,2.0,,training,1.3718397617340088,0.1070722141805918,1.3718 ± 0.1071,247.09448492527008,2.106948436804842,247.0945 ± 2.1069,0.309,0.06038691911333118,0.3090 ± 0.0604,0.51135,0.05211376977344858,0.5113 ± 0.0521,0.6214999999999999,0.053174429945228405,0.6215 ± 0.0532,1.0,0.0,1.0000 ± 0.0000,0.60535,0.04320422433049808,0.6054 ± 0.0432,0.99935,0.00021213203435601938,0.9993 ± 0.0002,0.5065999999999999,0.022627416997969503,0.5066 ± 0.0226,0.4235,0.046103362133362885,0.4235 ± 0.0461,0.78495,0.04108290398693836,0.7850 ± 0.0411,0.36619999999999997,0.021637467504308366,0.3662 ± 0.0216
NestedUNet_DP_Morph,LungInfection,True,automatic,8.0,True,both,5,0.0001,24,2.0,,training,1.3379929065704346,0.013836978953520554,1.3380 ± 0.0138,248.54490303993225,4.366575012452116,248.5449 ± 4.3666,0.3241,0.020081832585697935,0.3241 ± 0.0201,0.5007,0.038466608896548224,0.5007 ± 0.0385,0.5782,0.01979898987322327,0.5782 ± 0.0198,1.0,0.0,1.0000 ± 0.0000,0.6974,0.038749451609022774,0.6974 ± 0.0387,0.9996,0.0004242640687119603,0.9996 ± 0.0004,0.5395,0.022768838354206837,0.5395 ± 0.0228,0.45265,0.0334461507501237,0.4526 ± 0.0334,0.7499,0.053033008588991036,0.7499 ± 0.0530,0.32615,0.03259762261269986,0.3261 ± 0.0326
NestedUNet_DP_Morph,LungInfection,True,automatic,8.0,True,both,7,0.0001,24,2.0,,training,1.4094046354293823,0.05500382894283928,1.4094 ± 0.0550,249.72015273571014,4.21320381083275,249.7202 ± 4.2132,0.27080000000000004,0.07014499269370551,0.2708 ± 0.0701,0.4817,0.08867119036079306,0.4817 ± 0.0887,0.57425,0.17868588360584053,0.5743 ± 0.1787,1.0,0.0,1.0000 ± 0.0000,0.5999000000000001,0.08061017305526641,0.5999 ± 0.0806,0.9975,0.003252691193458153,0.9975 ± 0.0033,0.4901,0.01400071426749363,0.4901 ± 0.0140,0.41615,0.023405234457274698,0.4162 ± 0.0234,0.76055,0.07983235559596122,0.7605 ± 0.0798,0.3669,0.07325626253092635,0.3669 ± 0.0733
NestedUNet_DP_Morph,LungInfection,True,automatic,8.0,True,both,9,0.0001,24,2.0,,training,1.2992365956306458,0.03296515756279561,1.2992 ± 0.0330,248.53897631168365,0.48164659834976503,248.5390 ± 0.4816,0.3262,0.027011479041326125,0.3262 ± 0.0270,0.5189,0.04836610383315986,0.5189 ± 0.0484,0.6359,0.01668772003600257,0.6359 ± 0.0167,1.0,0.0,1.0000 ± 0.0000,0.6358,0.018243354954612958,0.6358 ± 0.0182,0.99945,0.0006363961030679012,0.9994 ± 0.0006,0.52295,0.013930003589375023,0.5230 ± 0.0139,0.44145,0.015061374439273452,0.4415 ± 0.0151,0.7813,0.030971277015970824,0.7813 ± 0.0310,0.3536,0.005656854249492346,0.3536 ± 0.0057
NestedUNet_DP_Morph,LungInfection,True,automatic,8.0,True,close,3,0.0001,24,2.0,,training,1.3147934675216675,0.012047086590959906,1.3148 ± 0.0120,253.4027999639511,12.468041727453965,253.4028 ± 12.4680,0.2972,0.04652762620207484,0.2972 ± 0.0465,0.4956,0.0796202235616052,0.4956 ± 0.0796,0.65855,0.08492352442050435,0.6585 ± 0.0849,1.0,0.0,1.0000 ± 0.0000,0.5705499999999999,0.04490128060534577,0.5705 ± 0.0449,0.99935,0.00021213203435601938,0.9993 ± 0.0002,0.48695,0.009404520189781067,0.4869 ± 0.0094,0.3953,0.009475230867899753,0.3953 ± 0.0095,0.7411,0.07735748186180826,0.7411 ± 0.0774,0.40449999999999997,0.027860007178750004,0.4045 ± 0.0279
NestedUNet_DP_Morph,LungInfection,True,automatic,8.0,True,close,5,0.0001,24,2.0,,training,1.320360779762268,0.03922371168557247,1.3204 ± 0.0392,255.91390919685364,12.390182842675424,255.9139 ± 12.3902,0.3307,0.03832518754031089,0.3307 ± 0.0383,0.51615,0.03019345955666555,0.5161 ± 0.0302,0.6974,0.05798275605729687,0.6974 ± 0.0580,1.0,0.0,1.0000 ± 0.0000,0.5829,0.005374011537017797,0.5829 ± 0.0054,0.99895,0.0013435028842544493,0.9990 ± 0.0013,0.4981,0.006788225099390855,0.4981 ± 0.0068,0.41725,0.02679934700697014,0.4173 ± 0.0268,0.7704500000000001,0.020718228688765838,0.7705 ± 0.0207,0.3947,0.008626702730475872,0.3947 ± 0.0086
NestedUNet_DP_Morph,LungInfection,True,automatic,8.0,True,close,7,0.0001,24,2.0,,training,1.2816199660301208,0.020025232132980925,1.2816 ± 0.0200,252.3342777490616,7.3362886572378185,252.3343 ± 7.3363,0.32675,0.015627059864222706,0.3267 ± 0.0156,0.52235,0.008555992052357225,0.5223 ± 0.0086,0.6131,0.02418305191657993,0.6131 ± 0.0242,1.0,0.0,1.0000 ± 0.0000,0.66955,0.003889087296526054,0.6695 ± 0.0039,0.99975,0.00035355339059323483,0.9998 ± 0.0004,0.53255,0.009828784258493027,0.5325 ± 0.0098,0.44630000000000003,0.012727922061357828,0.4463 ± 0.0127,0.7746999999999999,0.01668772003600249,0.7747 ± 0.0167,0.33655,0.0044547727214752685,0.3366 ± 0.0045
NestedUNet_DP_Morph,LungInfection,True,automatic,8.0,True,close,9,0.0001,24,2.0,,training,1.3479486107826233,0.04120301198534107,1.3479 ± 0.0412,255.2071032524109,12.6812540361135,255.2071 ± 12.6813,0.31305000000000005,0.01817264427649427,0.3131 ± 0.0182,0.472,0.04355777772109136,0.4720 ± 0.0436,0.70235,0.028779245994292456,0.7024 ± 0.0288,1.0,0.0,1.0000 ± 0.0000,0.5505,0.03606244584051388,0.5505 ± 0.0361,0.9964500000000001,0.004171930009000563,0.9965 ± 0.0042,0.47314999999999996,0.019728279195104663,0.4731 ± 0.0197,0.39365,0.04080006127446377,0.3936 ± 0.0408,0.748,0.06943788591251901,0.7480 ± 0.0694,0.42025,0.03811305550595491,0.4203 ± 0.0381
NestedUNet_DP_Morph,LungInfection,True,automatic,8.0,True,open,3,0.0001,24,2.0,,training,1.2480749487876892,0.03393942411297359,1.2481 ± 0.0339,246.49829828739166,2.8263368096474237,246.4983 ± 2.8263,0.32,0.0520430590953299,0.3200 ± 0.0520,0.52935,0.07728677118368961,0.5293 ± 0.0773,0.6265,0.10691454531540599,0.6265 ± 0.1069,1.0,0.0,1.0000 ± 0.0000,0.63885,0.02976919548795367,0.6389 ± 0.0298,0.9999,0.00014142135623729392,0.9999 ± 0.0001,0.51425,0.017182694782833095,0.5142 ± 0.0172,0.4274,0.018526197667087546,0.4274 ± 0.0185,0.7954,0.029557063453597727,0.7954 ± 0.0296,0.35860000000000003,0.013435028842544376,0.3586 ± 0.0134
NestedUNet_DP_Morph,LungInfection,True,automatic,8.0,True,open,5,0.0001,24,2.0,,training,1.323734700679779,0.04420437336149886,1.3237 ± 0.0442,250.3695261478424,6.263250293225176,250.3695 ± 6.2633,0.31605,0.02934493141924171,0.3160 ± 0.0293,0.4882,0.04780041840821061,0.4882 ± 0.0478,0.64145,0.0071417784899841285,0.6414 ± 0.0071,1.0,0.0,1.0000 ± 0.0000,0.61635,0.046032651455244274,0.6163 ± 0.0460,0.9975499999999999,0.0020506096654409976,0.9975 ± 0.0021,0.51335,0.021283914113715052,0.5133 ± 0.0213,0.43125,0.03811305550595491,0.4313 ± 0.0381,0.7423,0.0794788022053679,0.7423 ± 0.0795,0.36475,0.028496403281817868,0.3648 ± 0.0285
NestedUNet_DP_Morph,LungInfection,True,automatic,8.0,True,open,7,0.0001,24,2.0,,training,1.2697297930717468,0.051577205865206414,1.2697 ± 0.0516,246.33116912841797,2.013298645175777,246.3312 ± 2.0133,0.3312,0.04398204178980328,0.3312 ± 0.0440,0.5337000000000001,0.053457272657702996,0.5337 ± 0.0535,0.6751,0.04681046891454947,0.6751 ± 0.0468,1.0,0.0,1.0000 ± 0.0000,0.59375,0.018314065632731604,0.5938 ± 0.0183,0.99665,0.0023334523779155853,0.9967 ± 0.0023,0.5098,0.012445079348883201,0.5098 ± 0.0124,0.42515000000000003,0.02679934700697014,0.4252 ± 0.0268,0.7859499999999999,0.02170817818242705,0.7859 ± 0.0217,0.38145,0.007000357133746834,0.3815 ± 0.0070
NestedUNet_DP_Morph,LungInfection,True,automatic,8.0,True,open,9,0.0001,24,2.0,,training,1.293550729751587,0.042279358202612125,1.2936 ± 0.0423,245.76238429546356,2.0286820762948796,245.7624 ± 2.0287,0.31025,0.07332697320904495,0.3103 ± 0.0733,0.49285,0.05748778131046631,0.4929 ± 0.0575,0.6145499999999999,0.05098239892355003,0.6145 ± 0.0510,1.0,0.0,1.0000 ± 0.0000,0.6141,0.08386286424872456,0.6141 ± 0.0839,0.9977,0.0018384776310850566,0.9977 ± 0.0018,0.51875,0.03372899346259829,0.5188 ± 0.0337,0.42555,0.06965001794687492,0.4255 ± 0.0697,0.76675,0.024395183950935873,0.7668 ± 0.0244,0.35965,0.03514320702497142,0.3597 ± 0.0351
NestedUNet_DP_Morph,LungInfection,True,nsgd,8.0,True,both,3,0.0001,24,2.0,,training,1.4161072373390198,0.06302024382330834,1.4161 ± 0.0630,248.31547558307645,2.763906874584419,248.3155 ± 2.7639,0.22905000000000003,0.04999244942988892,0.2291 ± 0.0500,0.43574999999999997,0.05366940469205897,0.4357 ± 0.0537,0.5251,0.05374011537017766,0.5251 ± 0.0537,1.0,0.0,1.0000 ± 0.0000,0.5546,0.08075159441150374,0.5546 ± 0.0808,0.99375,0.00841457069611993,0.9938 ± 0.0084,0.4756,0.034082546853191564,0.4756 ± 0.0341,0.37925,0.024112341238461246,0.3792 ± 0.0241,0.7566999999999999,0.014990663761154805,0.7567 ± 0.0150,0.382,0.012303657992645906,0.3820 ± 0.0123
NestedUNet_DP_Morph,LungInfection,True,nsgd,8.0,True,both,5,0.0001,24,2.0,,training,1.4453123211860657,0.003942331916012006,1.4453 ± 0.0039,248.76698529720306,1.2133118424014082,248.7670 ± 1.2133,0.22145,0.02312239174480011,0.2215 ± 0.0231,0.4038,0.02503158005400377,0.4038 ± 0.0250,0.5033,0.016829141392239823,0.5033 ± 0.0168,1.0,0.0,1.0000 ± 0.0000,0.5785,0.014283556979968257,0.5785 ± 0.0143,0.99465,0.0038890872965259755,0.9947 ± 0.0039,0.47724999999999995,0.011667261889578045,0.4772 ± 0.0117,0.39225,0.014354267658086905,0.3922 ± 0.0144,0.72315,0.010960155108391456,0.7231 ± 0.0110,0.37445,0.0037476659402886814,0.3745 ± 0.0037
NestedUNet_DP_Morph,LungInfection,True,nsgd,8.0,True,both,7,0.0001,24,2.0,,training,1.3590975999832153,0.0526516976211433,1.3591 ± 0.0527,250.8558874130249,1.3382366186742647,250.8559 ± 1.3382,0.2152,0.07297341981845169,0.2152 ± 0.0730,0.39349999999999996,0.10946012972767755,0.3935 ± 0.1095,0.51485,0.04376990975544726,0.5149 ± 0.0438,1.0,0.0,1.0000 ± 0.0000,0.53775,0.1686449673129916,0.5377 ± 0.1686,0.9744999999999999,0.028991378028648474,0.9745 ± 0.0290,0.4616,0.06858935777509509,0.4616 ± 0.0686,0.37075,0.04815397179880388,0.3708 ± 0.0482,0.66645,0.10755094141847389,0.6664 ± 0.1076,0.39690000000000003,0.0608111831820431,0.3969 ± 0.0608
NestedUNet_DP_Morph,LungInfection,True,nsgd,8.0,True,both,9,0.0001,24,2.0,,training,1.3814942836761475,0.05222635162597136,1.3815 ± 0.0522,248.62810552120212,3.170131013174283,248.6281 ± 3.1701,0.2113,0.027011479041326104,0.2113 ± 0.0270,0.36545000000000005,0.05310371926710972,0.3655 ± 0.0531,0.5711999999999999,0.03167838379715737,0.5712 ± 0.0317,1.0,0.0,1.0000 ± 0.0000,0.48075,0.03061772362537747,0.4808 ± 0.0306,0.98855,0.009687362902255655,0.9886 ± 0.0097,0.4364,0.030264170234784237,0.4364 ± 0.0303,0.3399,0.02022325394193527,0.3399 ± 0.0202,0.5825499999999999,0.08902474375138635,0.5825 ± 0.0890,0.4437,0.01909188309203676,0.4437 ± 0.0191
NestedUNet_DP_Morph,LungInfection,True,nsgd,8.0,True,close,3,0.0001,24,2.0,,training,1.3687012195587158,0.0,1.3687 ± 0.0000,243.438960313797,0.0,243.4390 ± 0.0000,0.2346,0.0,0.2346 ± 0.0000,0.4197,0.0,0.4197 ± 0.0000,0.5685,0.0,0.5685 ± 0.0000,1.0,0.0,1.0000 ± 0.0000,0.5357,0.0,0.5357 ± 0.0000,0.9966,0.0,0.9966 ± 0.0000,0.4711,0.0,0.4711 ± 0.0000,0.3739,0.0,0.3739 ± 0.0000,0.7114,0.0,0.7114 ± 0.0000,0.4083,0.0,0.4083 ± 0.0000
NestedUNet_DP_Morph,LungInfection,True,nsgd,8.0,True,close,5,0.0001,24,2.0,,training,1.3554134368896484,0.0,1.3554 ± 0.0000,249.5713424682617,0.0,249.5713 ± 0.0000,0.2089,0.0,0.2089 ± 0.0000,0.3543,0.0,0.3543 ± 0.0000,0.565,0.0,0.5650 ± 0.0000,1.0,0.0,1.0000 ± 0.0000,0.4334,0.0,0.4334 ± 0.0000,0.9875,0.0,0.9875 ± 0.0000,0.4569,0.0,0.4569 ± 0.0000,0.3319,0.0,0.3319 ± 0.0000,0.557,0.0,0.5570 ± 0.0000,0.4212,0.0,0.4212 ± 0.0000
NestedUNet_DP_Morph,LungInfection,True,nsgd,8.0,True,close,7,0.0001,24,2.0,,training,1.4008392095565796,0.0,1.4008 ± 0.0000,250.17557215690613,0.0,250.1756 ± 0.0000,0.2509,0.0,0.2509 ± 0.0000,0.4219,0.0,0.4219 ± 0.0000,0.5851,0.0,0.5851 ± 0.0000,1.0,0.0,1.0000 ± 0.0000,0.5429,0.0,0.5429 ± 0.0000,0.9964,0.0,0.9964 ± 0.0000,0.48,0.0,0.4800 ± 0.0000,0.3774,0.0,0.3774 ± 0.0000,0.6816,0.0,0.6816 ± 0.0000,0.3977,0.0,0.3977 ± 0.0000
NestedUNet_DP_Morph,LungInfection,True,nsgd,8.0,True,close,9,0.0001,24,2.0,,training,1.46889328956604,0.0,1.4689 ± 0.0000,247.90912866592407,0.0,247.9091 ± 0.0000,0.1723,0.0,0.1723 ± 0.0000,0.3372,0.0,0.3372 ± 0.0000,0.4975,0.0,0.4975 ± 0.0000,1.0,0.0,1.0000 ± 0.0000,0.431,0.0,0.4310 ± 0.0000,0.9781,0.0,0.9781 ± 0.0000,0.4328,0.0,0.4328 ± 0.0000,0.3358,0.0,0.3358 ± 0.0000,0.5886,0.0,0.5886 ± 0.0000,0.4325,0.0,0.4325 ± 0.0000
NestedUNet_DP_Morph,LungInfection,True,nsgd,8.0,True,open,3,0.0001,24,2.0,,training,1.3313478231430054,0.0,1.3313 ± 0.0000,251.41612839698792,0.0,251.4161 ± 0.0000,0.2693,0.0,0.2693 ± 0.0000,0.4343,0.0,0.4343 ± 0.0000,0.6401,0.0,0.6401 ± 0.0000,1.0,0.0,1.0000 ± 0.0000,0.5427,0.0,0.5427 ± 0.0000,0.9942,0.0,0.9942 ± 0.0000,0.4718,0.0,0.4718 ± 0.0000,0.3794,0.0,0.3794 ± 0.0000,0.6913,0.0,0.6913 ± 0.0000,0.4205,0.0,0.4205 ± 0.0000
NestedUNet_DP_Morph,LungInfection,True,nsgd,8.0,True,open,5,0.0001,24,2.0,,training,1.4492738246917725,0.0,1.4493 ± 0.0000,247.6288013458252,0.0,247.6288 ± 0.0000,0.2427,0.0,0.2427 ± 0.0000,0.3715,0.0,0.3715 ± 0.0000,0.6604,0.0,0.6604 ± 0.0000,1.0,0.0,1.0000 ± 0.0000,0.4608,0.0,0.4608 ± 0.0000,0.9938,0.0,0.9938 ± 0.0000,0.4369,0.0,0.4369 ± 0.0000,0.3313,0.0,0.3313 ± 0.0000,0.6587,0.0,0.6587 ± 0.0000,0.4613,0.0,0.4613 ± 0.0000
NestedUNet_DP_Morph,LungInfection,True,nsgd,8.0,True,open,7,0.0001,24,2.0,,training,1.371546745300293,0.0,1.3715 ± 0.0000,245.92483115196228,0.0,245.9248 ± 0.0000,0.2214,0.0,0.2214 ± 0.0000,0.3709,0.0,0.3709 ± 0.0000,0.5455,0.0,0.5455 ± 0.0000,1.0,0.0,1.0000 ± 0.0000,0.5462,0.0,0.5462 ± 0.0000,0.9939,0.0,0.9939 ± 0.0000,0.4659,0.0,0.4659 ± 0.0000,0.3551,0.0,0.3551 ± 0.0000,0.6714,0.0,0.6714 ± 0.0000,0.4117,0.0,0.4117 ± 0.0000
NestedUNet_DP_Morph,LungInfection,True,nsgd,8.0,True,open,9,0.0001,24,2.0,,training,1.3565809726715088,0.0,1.3566 ± 0.0000,247.52198576927185,0.0,247.5220 ± 0.0000,0.2903,0.0,0.2903 ± 0.0000,0.4726,0.0,0.4726 ± 0.0000,0.7073,0.0,0.7073 ± 0.0000,1.0,0.0,1.0000 ± 0.0000,0.4914,0.0,0.4914 ± 0.0000,0.9998,0.0,0.9998 ± 0.0000,0.4537,0.0,0.4537 ± 0.0000,0.3642,0.0,0.3642 ± 0.0000,0.7438,0.0,0.7438 ± 0.0000,0.4671,0.0,0.4671 ± 0.0000
NestedUNet_DP_Morph,LungInfection,True,psac,8.0,True,both,3,0.0001,24,2.0,,training,1.3551095128059387,0.006075973975027505,1.3551 ± 0.0061,263.37454855442047,2.5999981179003004,263.3745 ± 2.6000,0.2652,0.0,0.2652 ± 0.0000,0.4745,0.0,0.4745 ± 0.0000,0.6161,0.0,0.6161 ± 0.0000,1.0,0.0,1.0000 ± 0.0000,0.5245,0.0,0.5245 ± 0.0000,0.9993,0.0,0.9993 ± 0.0000,0.4568,0.0,0.4568 ± 0.0000,0.3653,0.0,0.3653 ± 0.0000,0.7795,0.0,0.7795 ± 0.0000,0.4304,0.0,0.4304 ± 0.0000
NestedUNet_DP_Morph,LungInfection,True,psac,8.0,True,both,5,0.0001,24,2.0,,training,1.3124485611915588,0.03161376101214246,1.3124 ± 0.0316,263.2882639169693,1.498188797807575,263.2883 ± 1.4982,0.2812,0.0,0.2812 ± 0.0000,0.4908,0.0,0.4908 ± 0.0000,0.6066,0.0,0.6066 ± 0.0000,1.0,0.0,1.0000 ± 0.0000,0.5609,0.0,0.5609 ± 0.0000,0.9969,0.0,0.9969 ± 0.0000,0.4968,0.0,0.4968 ± 0.0000,0.4006,0.0,0.4006 ± 0.0000,0.7855,0.0,0.7855 ± 0.0000,0.3898,0.0,0.3898 ± 0.0000
NestedUNet_DP_Morph,LungInfection,True,psac,8.0,True,both,7,0.0001,24,2.0,,training,1.3134262561798096,0.022159801422663664,1.3134 ± 0.0222,263.39304983615875,1.1536561814947448,263.3930 ± 1.1537,0.2936,0.0,0.2936 ± 0.0000,0.474,0.0,0.4740 ± 0.0000,0.6014,0.0,0.6014 ± 0.0000,1.0,0.0,1.0000 ± 0.0000,0.6412,0.0,0.6412 ± 0.0000,0.9999,0.0,0.9999 ± 0.0000,0.5154,0.0,0.5154 ± 0.0000,0.42,0.0,0.4200 ± 0.0000,0.7467,0.0,0.7467 ± 0.0000,0.3589,0.0,0.3589 ± 0.0000
NestedUNet_DP_Morph,LungInfection,True,psac,8.0,True,both,9,0.0001,24,2.0,,training,1.3037981986999512,0.013426300061630403,1.3038 ± 0.0134,264.0896748304367,4.308229444184544,264.0897 ± 4.3082,0.3135,0.0,0.3135 ± 0.0000,0.5122,0.0,0.5122 ± 0.0000,0.6175,0.0,0.6175 ± 0.0000,1.0,0.0,1.0000 ± 0.0000,0.6521,0.0,0.6521 ± 0.0000,0.9999,0.0,0.9999 ± 0.0000,0.525,0.0,0.5250 ± 0.0000,0.4287,0.0,0.4287 ± 0.0000,0.7738,0.0,0.7738 ± 0.0000,0.3523,0.0,0.3523 ± 0.0000
NestedUNet_DP_Morph,LungInfection,True,psac,8.0,True,close,3,0.0001,24,2.0,,training,1.3958974480628967,0.011254641545258078,1.3959 ± 0.0113,262.806121468544,2.200981764755295,262.8061 ± 2.2010,0.2639,0.0,0.2639 ± 0.0000,0.4622,0.0,0.4622 ± 0.0000,0.6067,0.0,0.6067 ± 0.0000,1.0,0.0,1.0000 ± 0.0000,0.5005,0.0,0.5005 ± 0.0000,0.9865,0.0,0.9865 ± 0.0000,0.4897,0.0,0.4897 ± 0.0000,0.3693,0.0,0.3693 ± 0.0000,0.7261,0.0,0.7261 ± 0.0000,0.3965,0.0,0.3965 ± 0.0000
NestedUNet_DP_Morph,LungInfection,True,psac,8.0,True,close,5,0.0001,24,2.0,,training,1.3437825441360474,0.0351759283545862,1.3438 ± 0.0352,261.60775315761566,1.9118560698445026,261.6078 ± 1.9119,0.2899,0.0,0.2899 ± 0.0000,0.4792,0.0,0.4792 ± 0.0000,0.622,0.0,0.6220 ± 0.0000,1.0,0.0,1.0000 ± 0.0000,0.5868,0.0,0.5868 ± 0.0000,0.9992,0.0,0.9992 ± 0.0000,0.4841,0.0,0.4841 ± 0.0000,0.3969,0.0,0.3969 ± 0.0000,0.7702,0.0,0.7702 ± 0.0000,0.3753,0.0,0.3753 ± 0.0000
NestedUNet_DP_Morph,LungInfection,True,psac,8.0,True,close,7,0.0001,24,2.0,,training,1.410489022731781,0.015442521000694551,1.4105 ± 0.0154,259.0235786437988,0.5338839081563492,259.0236 ± 0.5339,0.2866,0.0,0.2866 ± 0.0000,0.5052,0.0,0.5052 ± 0.0000,0.5631,0.0,0.5631 ± 0.0000,1.0,0.0,1.0000 ± 0.0000,0.6412,0.0,0.6412 ± 0.0000,0.9986,0.0,0.9986 ± 0.0000,0.5257,0.0,0.5257 ± 0.0000,0.4243,0.0,0.4243 ± 0.0000,0.7972,0.0,0.7972 ± 0.0000,0.3403,0.0,0.3403 ± 0.0000
NestedUNet_DP_Morph,LungInfection,True,psac,8.0,True,close,9,0.0001,24,2.0,,training,1.384132981300354,0.049831567693582365,1.3841 ± 0.0498,264.1237004995346,1.4544690289102142,264.1237 ± 1.4545,0.2952,0.0,0.2952 ± 0.0000,0.492,0.0,0.4920 ± 0.0000,0.6539,0.0,0.6539 ± 0.0000,1.0,0.0,1.0000 ± 0.0000,0.5162,0.0,0.5162 ± 0.0000,0.9837,0.0,0.9837 ± 0.0000,0.4873,0.0,0.4873 ± 0.0000,0.3951,0.0,0.3951 ± 0.0000,0.7718,0.0,0.7718 ± 0.0000,0.4036,0.0,0.4036 ± 0.0000
NestedUNet_DP_Morph,LungInfection,True,psac,8.0,True,open,3,0.0001,24,2.0,,training,1.3475815057754517,0.019127419966001858,1.3476 ± 0.0191,261.91180074214935,1.6237776398255088,261.9118 ± 1.6238,0.3018,0.0,0.3018 ± 0.0000,0.5082,0.0,0.5082 ± 0.0000,0.6017,0.0,0.6017 ± 0.0000,1.0,0.0,1.0000 ± 0.0000,0.6194,0.0,0.6194 ± 0.0000,0.9996,0.0,0.9996 ± 0.0000,0.4995,0.0,0.4995 ± 0.0000,0.4096,0.0,0.4096 ± 0.0000,0.7667,0.0,0.7667 ± 0.0000,0.3796,0.0,0.3796 ± 0.0000
NestedUNet_DP_Morph,LungInfection,True,psac,8.0,True,open,5,0.0001,24,2.0,,training,1.3491297960281372,0.07384144717848024,1.3491 ± 0.0738,263.9836894273758,6.571989276971604,263.9837 ± 6.5720,0.2964,0.0,0.2964 ± 0.0000,0.4654,0.0,0.4654 ± 0.0000,0.673,0.0,0.6730 ± 0.0000,1.0,0.0,1.0000 ± 0.0000,0.5605,0.0,0.5605 ± 0.0000,0.9971,0.0,0.9971 ± 0.0000,0.4846,0.0,0.4846 ± 0.0000,0.3954,0.0,0.3954 ± 0.0000,0.7383,0.0,0.7383 ± 0.0000,0.4083,0.0,0.4083 ± 0.0000
NestedUNet_DP_Morph,LungInfection,True,psac,8.0,True,open,7,0.0001,24,2.0,,training,1.3739892840385437,0.03766351964739619,1.3740 ± 0.0377,263.01598370075226,1.1794901765831942,263.0160 ± 1.1795,0.298,0.0,0.2980 ± 0.0000,0.4802,0.0,0.4802 ± 0.0000,0.6473,0.0,0.6473 ± 0.0000,1.0,0.0,1.0000 ± 0.0000,0.5818,0.0,0.5818 ± 0.0000,0.9979,0.0,0.9979 ± 0.0000,0.4971,0.0,0.4971 ± 0.0000,0.396,0.0,0.3960 ± 0.0000,0.7426,0.0,0.7426 ± 0.0000,0.3932,0.0,0.3932 ± 0.0000
NestedUNet_DP_Morph,LungInfection,True,psac,8.0,True,open,9,0.0001,24,2.0,,training,1.3486675024032593,0.06846401507067228,1.3487 ± 0.0685,267.19070649147034,8.13211506030202,267.1907 ± 8.1321,0.2982,0.0,0.2982 ± 0.0000,0.4891,0.0,0.4891 ± 0.0000,0.5557,0.0,0.5557 ± 0.0000,1.0,0.0,1.0000 ± 0.0000,0.6858,0.0,0.6858 ± 0.0000,1.0,0.0,1.0000 ± 0.0000,0.5302,0.0,0.5302 ± 0.0000,0.4333,0.0,0.4333 ± 0.0000,0.749,0.0,0.7490 ± 0.0000,0.3379,0.0,0.3379 ± 0.0000
NestedUNet_DP_Morph,LungInfection,True,automatic,200.0,True,both,3,0.0001,24,1.2,,training,1.1118044257164001,0.031907777427354456,1.1118 ± 0.0319,302.9533301591873,34.62164419163882,302.9533 ± 34.6216,0.4828,0.013576450198781708,0.4828 ± 0.0136,0.6369499999999999,0.015061374439273452,0.6369 ± 0.0151,0.65505,0.018314065632731604,0.6551 ± 0.0183,1.0,0.0,1.0000 ± 0.0000,0.7898000000000001,0.007919595949289324,0.7898 ± 0.0079,0.99855,0.0006363961030679012,0.9986 ± 0.0006,0.625,0.0011313708498985084,0.6250 ± 0.0011,0.61495,0.00841457069611993,0.6149 ± 0.0084,0.84135,0.010960155108391456,0.8414 ± 0.0110,0.23199999999999998,0.0029698484809835063,0.2320 ± 0.0030
NestedUNet_DP_Morph,LungInfection,True,automatic,200.0,True,both,5,0.0001,24,1.2,,training,1.0668055415153503,0.013679771208575076,1.0668 ± 0.0137,280.45459365844727,3.4781750796825035,280.4546 ± 3.4782,0.4647,0.028991378028648474,0.4647 ± 0.0290,0.60845,7.071067811864696e-05,0.6085 ± 0.0001,0.65425,0.01491995308303608,0.6542 ± 0.0149,1.0,0.0,1.0000 ± 0.0000,0.78425,0.028779245994292456,0.7843 ± 0.0288,0.9983,0.0022627416997969383,0.9983 ± 0.0023,0.6154999999999999,0.014849242404917511,0.6155 ± 0.0148,0.6015999999999999,0.036062445840513956,0.6016 ± 0.0361,0.8244,0.0072124891681027755,0.8244 ± 0.0072,0.23720000000000002,0.022768838354206854,0.2372 ± 0.0228
NestedUNet_DP_Morph,LungInfection,True,automatic,200.0,True,both,7,0.0001,24,1.2,,training,1.1365475058555603,0.0330890692974178,1.1365 ± 0.0331,287.5915948152542,0.5905793430110218,287.5916 ± 0.5906,0.46065,0.0003535533905932741,0.4607 ± 0.0004,0.61915,0.012515790027001926,0.6191 ± 0.0125,0.7000500000000001,0.002192031021678291,0.7001 ± 0.0022,1.0,0.0,1.0000 ± 0.0000,0.73905,0.010960155108391536,0.7390 ± 0.0110,0.9984999999999999,0.0015556349186104687,0.9985 ± 0.0016,0.59885,0.0037476659402887603,0.5988 ± 0.0037,0.5795,0.004384062043356583,0.5795 ± 0.0044,0.83215,0.00982878425849295,0.8321 ± 0.0098,0.2677,0.008061017305526618,0.2677 ± 0.0081
NestedUNet_DP_Morph,LungInfection,True,automatic,200.0,True,both,9,0.0001,24,1.2,,training,1.0675299763679504,0.03654983132234432,1.0675 ± 0.0365,287.2074375152588,1.1045212169133505,287.2074 ± 1.1045,0.4849,0.0151320851173921,0.4849 ± 0.0151,0.6305499999999999,0.014778531726798863,0.6305 ± 0.0148,0.6919,0.005656854249492385,0.6919 ± 0.0057,1.0,0.0,1.0000 ± 0.0000,0.7879,0.01725340546095182,0.7879 ± 0.0173,0.9998,0.00014142135623729392,0.9998 ± 0.0001,0.62135,0.008555992052357225,0.6213 ± 0.0086,0.61815,0.02312239174480007,0.6181 ± 0.0231,0.838,0.01555634918610406,0.8380 ± 0.0156,0.22810000000000002,0.010182337649086283,0.2281 ± 0.0102
NestedUNet_DP_Morph,LungInfection,True,automatic,200.0,True,close,3,0.0001,24,1.2,,training,1.092161774635315,0.008284215955907287,1.0922 ± 0.0083,281.9233230352402,2.667908829143762,281.9233 ± 2.6679,0.48235,0.012091525958289965,0.4824 ± 0.0121,0.6326,0.024324473272817303,0.6326 ± 0.0243,0.6729499999999999,0.021283914113715014,0.6729 ± 0.0213,1.0,0.0,1.0000 ± 0.0000,0.7872,0.005374011537017797,0.7872 ± 0.0054,0.9975499999999999,0.0033234018715768,0.9975 ± 0.0033,0.6231,0.003959797974644701,0.6231 ± 0.0040,0.61385,0.004879036790187112,0.6139 ± 0.0049,0.8372999999999999,0.014566399692442923,0.8373 ± 0.0146,0.23185,0.0009192388155425283,0.2319 ± 0.0009
NestedUNet_DP_Morph,LungInfection,True,automatic,200.0,True,close,5,0.0001,24,1.2,,training,1.119538426399231,0.04695850132429174,1.1195 ± 0.0470,284.4740654230118,0.8813578687330176,284.4741 ± 0.8814,0.48495,0.01534421715174808,0.4849 ± 0.0153,0.6375500000000001,0.002757716446627467,0.6376 ± 0.0028,0.64885,0.02580939751330897,0.6489 ± 0.0258,1.0,0.0,1.0000 ± 0.0000,0.80045,0.040092954493277225,0.8004 ± 0.0401,0.9998,0.00014142135623729392,0.9998 ± 0.0001,0.6288499999999999,0.019445436482630033,0.6288 ± 0.0194,0.6194999999999999,0.02616295090390228,0.6195 ± 0.0262,0.84195,0.006293250352560286,0.8419 ± 0.0063,0.22455,0.02708218971944477,0.2245 ± 0.0271
NestedUNet_DP_Morph,LungInfection,True,automatic,200.0,True,close,7,0.0001,24,1.2,,training,1.140470027923584,0.03965242942862528,1.1405 ± 0.0397,279.5900864601135,5.717276645867174,279.5901 ± 5.7173,0.47655000000000003,0.021001071401240464,0.4766 ± 0.0210,0.6307,0.014283556979968257,0.6307 ± 0.0143,0.6387499999999999,0.02538513344459701,0.6387 ± 0.0254,1.0,0.0,1.0000 ± 0.0000,0.8067500000000001,0.006151828996322992,0.8068 ± 0.0062,0.9996,0.0005656854249492542,0.9996 ± 0.0006,0.6312,0.00933380951166242,0.6312 ± 0.0093,0.6154,0.017677669529663705,0.6154 ± 0.0177,0.84285,0.0013435028842544493,0.8428 ± 0.0013,0.2207,0.009192388155425127,0.2207 ± 0.0092
NestedUNet_DP_Morph,LungInfection,True,automatic,200.0,True,close,9,0.0001,24,1.2,,training,1.0805511474609375,0.057598220349775874,1.0806 ± 0.0576,285.10044980049133,0.8355241825017846,285.1004 ± 0.8355,0.47755000000000003,0.0044547727214752685,0.4776 ± 0.0045,0.6353500000000001,0.009121677477306479,0.6354 ± 0.0091,0.65855,0.030052038200428257,0.6585 ± 0.0301,1.0,0.0,1.0000 ± 0.0000,0.77935,0.025385133444597086,0.7793 ± 0.0254,0.9988,0.0015556349186103902,0.9988 ± 0.0016,0.62,0.010040916292848968,0.6200 ± 0.0100,0.60635,0.017465537495307763,0.6063 ± 0.0175,0.84345,0.0028991378028648397,0.8435 ± 0.0029,0.23895,0.018596908345206192,0.2389 ± 0.0186
NestedUNet_DP_Morph,LungInfection,True,automatic,200.0,True,open,3,0.0001,24,1.2,,training,1.0851839184761047,0.0311744222632649,1.0852 ± 0.0312,285.76621532440186,7.3374139780931,285.7662 ± 7.3374,0.4934,0.004101219330881995,0.4934 ± 0.0041,0.6259,0.0015556349186103902,0.6259 ± 0.0016,0.6451,0.008485281374238578,0.6451 ± 0.0085,1.0,0.0,1.0000 ± 0.0000,0.8156,0.01866761902332484,0.8156 ± 0.0187,0.9964500000000001,0.00487903679018719,0.9965 ± 0.0049,0.636,0.007495331880577363,0.6360 ± 0.0075,0.6368,0.00820243866176391,0.6368 ± 0.0082,0.8362499999999999,0.010960155108391456,0.8362 ± 0.0110,0.21215,0.012798632739476514,0.2122 ± 0.0128
NestedUNet_DP_Morph,LungInfection,True,automatic,200.0,True,open,5,0.0001,24,1.2,,training,1.0830291509628296,0.017478972427044086,1.0830 ± 0.0175,284.6372253894806,2.7923204253890894,284.6372 ± 2.7923,0.48109999999999997,0.0033941125496954076,0.4811 ± 0.0034,0.6447499999999999,0.001202081528017077,0.6447 ± 0.0012,0.6859500000000001,0.005161879502661778,0.6860 ± 0.0052,1.0,0.0,1.0000 ± 0.0000,0.7638,0.012869343417595162,0.7638 ± 0.0129,1.0,0.0,1.0000 ± 0.0000,0.61575,0.006293250352560286,0.6158 ± 0.0063,0.60415,0.006717514421272168,0.6041 ± 0.0067,0.84895,0.004171930009000642,0.8489 ± 0.0042,0.2475,0.00933380951166242,0.2475 ± 0.0093
NestedUNet_DP_Morph,LungInfection,True,automatic,200.0,True,open,7,0.0001,24,1.2,,training,1.2169723510742188,0.040809613301340385,1.2170 ± 0.0408,285.8409460783005,2.5242639400488924,285.8409 ± 2.5243,0.46409999999999996,0.00311126983722082,0.4641 ± 0.0031,0.6315500000000001,0.0047376154339498966,0.6316 ± 0.0047,0.68945,0.027223611075682063,0.6895 ± 0.0272,1.0,0.0,1.0000 ± 0.0000,0.7452,0.0011313708498985084,0.7452 ± 0.0011,0.99215,0.01110157646462883,0.9921 ± 0.0111,0.6021000000000001,0.0007071067811865482,0.6021 ± 0.0007,0.58285,0.004313351365237936,0.5828 ± 0.0043,0.83935,0.0006363961030679012,0.8394 ± 0.0006,0.26085,0.003747665940288721,0.2609 ± 0.0037
NestedUNet_DP_Morph,LungInfection,True,automatic,200.0,True,open,9,0.0001,24,1.2,,training,1.062370240688324,0.022954269517094172,1.0624 ± 0.0230,287.56671845912933,1.7786696683265608,287.5667 ± 1.7787,0.46585,0.005444722215136405,0.4658 ± 0.0054,0.6348,0.011879393923934025,0.6348 ± 0.0119,0.7181500000000001,0.007566042558696089,0.7182 ± 0.0076,1.0,0.0,1.0000 ± 0.0000,0.7359,0.0012727922061358025,0.7359 ± 0.0013,0.9982500000000001,0.002192031021678291,0.9983 ± 0.0022,0.598,0.004101219330881995,0.5980 ± 0.0041,0.5783499999999999,0.0034648232278140937,0.5783 ± 0.0035,0.8437,0.010323759005323556,0.8437 ± 0.0103,0.2671,0.0045254833995938765,0.2671 ± 0.0045
NestedUNet_DP_Morph,LungInfection,True,base,200.0,True,both,3,0.0001,24,1.2,,training,1.160510778427124,0.00515034488803125,1.1605 ± 0.0052,288.7500457763672,6.783204162186493,288.7500 ± 6.7832,0.4689,0.030547012947258863,0.4689 ± 0.0305,0.6322,0.008909545442950459,0.6322 ± 0.0089,0.6606000000000001,0.003959797974644622,0.6606 ± 0.0040,1.0,0.0,1.0000 ± 0.0000,0.76095,0.03330472939388633,0.7610 ± 0.0333,0.99925,0.001060660171779783,0.9992 ± 0.0011,0.61,0.020081832585697935,0.6100 ± 0.0201,0.5949,0.038890872965260066,0.5949 ± 0.0389,0.8392,0.0022627416997969383,0.8392 ± 0.0023,0.25485,0.026516504294495535,0.2549 ± 0.0265
NestedUNet_DP_Morph,LungInfection,True,base,200.0,True,both,5,0.0001,24,1.2,,training,1.1133605241775513,0.014759489173726846,1.1134 ± 0.0148,288.86536383628845,10.968958742108443,288.8654 ± 10.9690,0.48529999999999995,0.01753624817342637,0.4853 ± 0.0175,0.63795,0.0009192388155424891,0.6380 ± 0.0009,0.6706000000000001,0.0019798989873223505,0.6706 ± 0.0020,1.0,0.0,1.0000 ± 0.0000,0.78685,0.024678026663410537,0.7869 ± 0.0247,1.0,0.0,1.0000 ± 0.0000,0.6243,0.012869343417595162,0.6243 ± 0.0129,0.61835,0.027647875144394023,0.6183 ± 0.0276,0.84395,0.0031819805153394274,0.8439 ± 0.0032,0.23225,0.021991020894901618,0.2323 ± 0.0220
NestedUNet_DP_Morph,LungInfection,True,base,200.0,True,both,7,0.0001,24,1.2,,training,1.0552351474761963,0.00016218107306976322,1.0552 ± 0.0002,286.77064394950867,1.656528607104172,286.7706 ± 1.6565,0.48745,0.0020506096654409976,0.4874 ± 0.0021,0.6302,0.00028284271247458785,0.6302 ± 0.0003,0.6669,0.026445793616376872,0.6669 ± 0.0264,1.0,0.0,1.0000 ± 0.0000,0.8036,0.024041630560342638,0.8036 ± 0.0240,0.9964999999999999,0.00028284271247466634,0.9965 ± 0.0003,0.62995,0.008838834764831813,0.6300 ± 0.0088,0.626,0.01046518036156085,0.6260 ± 0.0105,0.838,0.0031112698372207804,0.8380 ± 0.0031,0.21839999999999998,0.014707821048680198,0.2184 ± 0.0147
NestedUNet_DP_Morph,LungInfection,True,base,200.0,True,both,9,0.0001,24,1.2,,training,1.1104329824447632,0.03733957896974146,1.1104 ± 0.0373,293.22340762615204,5.375511054452821,293.2234 ± 5.3755,0.46345000000000003,0.009404520189781105,0.4635 ± 0.0094,0.6193500000000001,0.01308147545195118,0.6194 ± 0.0131,0.67685,0.02793071785686861,0.6768 ± 0.0279,1.0,0.0,1.0000 ± 0.0000,0.76405,0.006293250352560208,0.7641 ± 0.0063,0.9998,0.00028284271247458785,0.9998 ± 0.0003,0.60815,0.002192031021678291,0.6081 ± 0.0022,0.5922499999999999,0.008273149339882558,0.5922 ± 0.0083,0.8255,0.017253405460951745,0.8255 ± 0.0173,0.25245,0.0026162950903902515,0.2525 ± 0.0026
NestedUNet_DP_Morph,LungInfection,True,base,200.0,True,close,3,0.0001,24,1.2,,training,1.0791243314743042,0.007589130130265623,1.0791 ± 0.0076,289.2693567276001,5.31633873360486,289.2694 ± 5.3163,0.4925,0.0022627416997969383,0.4925 ± 0.0023,0.6327499999999999,0.007566042558696089,0.6327 ± 0.0076,0.6503000000000001,0.012162236636408613,0.6503 ± 0.0122,1.0,0.0,1.0000 ± 0.0000,0.8140499999999999,0.004171930009000563,0.8140 ± 0.0042,0.9984999999999999,0.0019798989873223505,0.9985 ± 0.0020,0.6354,0.0024041630560342323,0.6354 ± 0.0024,0.6353,0.007636753236814736,0.6353 ± 0.0076,0.83955,0.00530330085889915,0.8396 ± 0.0053,0.21215,0.0016263455967290568,0.2122 ± 0.0016
NestedUNet_DP_Morph,LungInfection,True,base,200.0,True,close,5,0.0001,24,1.2,,training,1.1744783520698547,0.07515819901965774,1.1745 ± 0.0752,285.3083485364914,0.11102946608097668,285.3083 ± 0.1110,0.48314999999999997,0.009687362902255693,0.4831 ± 0.0097,0.6476999999999999,0.0029698484809835652,0.6477 ± 0.0030,0.6453,0.021920310216782993,0.6453 ± 0.0219,1.0,0.0,1.0000 ± 0.0000,0.7879499999999999,0.03302188668141182,0.7879 ± 0.0330,0.9951,0.006929646455628187,0.9951 ± 0.0069,0.6267499999999999,0.013222896808188474,0.6267 ± 0.0132,0.6138,0.019657568516986055,0.6138 ± 0.0197,0.85275,0.0026162950903902515,0.8528 ± 0.0026,0.23120000000000002,0.025173001410241088,0.2312 ± 0.0252
NestedUNet_DP_Morph,LungInfection,True,base,200.0,True,close,7,0.0001,24,1.2,,training,1.1015604734420776,0.0251402579619602,1.1016 ± 0.0251,293.13523042201996,2.627385477237467,293.1352 ± 2.6274,0.5003,0.004666904755831249,0.5003 ± 0.0047,0.64115,0.004313351365237936,0.6411 ± 0.0043,0.6588499999999999,0.00021213203435601938,0.6588 ± 0.0002,1.0,0.0,1.0000 ± 0.0000,0.8108500000000001,0.0020506096654409976,0.8109 ± 0.0021,0.9997,0.0004242640687119603,0.9997 ± 0.0004,0.63915,0.0006363961030678226,0.6391 ± 0.0006,0.6375500000000001,0.0045961940777126025,0.6376 ± 0.0046,0.8448,0.0033941125496953686,0.8448 ± 0.0034,0.21155000000000002,0.0009192388155425087,0.2116 ± 0.0009
NestedUNet_DP_Morph,LungInfection,True,base,200.0,True,close,9,0.0001,24,1.2,,training,1.1297152042388916,0.0678800283377055,1.1297 ± 0.0679,282.20853316783905,8.905129565903318,282.2085 ± 8.9051,0.48,0.008626702730475872,0.4800 ± 0.0086,0.62775,0.00601040764008562,0.6278 ± 0.0060,0.61715,0.022698127676088187,0.6171 ± 0.0227,1.0,0.0,1.0000 ± 0.0000,0.8222,0.004949747468305837,0.8222 ± 0.0049,0.9956,0.004101219330881995,0.9956 ± 0.0041,0.6367,0.005656854249492385,0.6367 ± 0.0057,0.62765,0.005868986283848326,0.6277 ± 0.0059,0.8362,0.004525483399593955,0.8362 ± 0.0045,0.20885,0.005727564927611032,0.2089 ± 0.0057
NestedUNet_DP_Morph,LungInfection,True,base,200.0,True,open,3,0.0001,24,1.2,,training,1.1449574828147888,0.054263645989291114,1.1450 ± 0.0543,292.66079092025757,3.900816258704411,292.6608 ± 3.9008,0.48124999999999996,0.0024748737341529184,0.4812 ± 0.0025,0.6265499999999999,0.010394469683442282,0.6265 ± 0.0104,0.6494500000000001,0.021001071401240426,0.6495 ± 0.0210,1.0,0.0,1.0000 ± 0.0000,0.8035,0.021637467504308328,0.8035 ± 0.0216,0.9973000000000001,0.0035355339059327407,0.9973 ± 0.0035,0.62865,0.004313351365237936,0.6287 ± 0.0043,0.61775,0.013364318164425768,0.6178 ± 0.0134,0.8299,0.003959797974644701,0.8299 ± 0.0040,0.22415000000000002,0.01619274528917194,0.2242 ± 0.0162
NestedUNet_DP_Morph,LungInfection,True,base,200.0,True,open,5,0.0001,24,1.2,,training,1.0985499620437622,0.0065679962845438394,1.0985 ± 0.0066,285.48041462898254,3.3031233706017207,285.4804 ± 3.3031,0.47650000000000003,0.0008485281374238814,0.4765 ± 0.0008,0.62415,0.0072831998462214225,0.6241 ± 0.0073,0.6674,0.0014142135623730963,0.6674 ± 0.0014,1.0,0.0,1.0000 ± 0.0000,0.7847500000000001,0.00799030662740797,0.7848 ± 0.0080,0.9985999999999999,0.0019798989873223505,0.9986 ± 0.0020,0.62105,0.00021213203435594088,0.6210 ± 0.0002,0.61025,0.005020458146424484,0.6102 ± 0.0050,0.83655,0.0013435028842544493,0.8366 ± 0.0013,0.23415,0.007000357133746834,0.2341 ± 0.0070
NestedUNet_DP_Morph,LungInfection,True,base,200.0,True,open,7,0.0001,24,1.2,,training,1.0978988409042358,0.039284403147428155,1.0979 ± 0.0393,285.5133090019226,0.6629024921187456,285.5133 ± 0.6629,0.47535,0.005868986283848326,0.4753 ± 0.0059,0.6241,0.001979898987322272,0.6241 ± 0.0020,0.68525,0.012940054095713808,0.6853 ± 0.0129,1.0,0.0,1.0000 ± 0.0000,0.7703,0.024041630560342638,0.7703 ± 0.0240,0.99735,0.001060660171779783,0.9973 ± 0.0011,0.6154,0.009050966799187833,0.6154 ± 0.0091,0.60465,0.014637110370561491,0.6047 ± 0.0146,0.83455,0.0033234018715767215,0.8346 ± 0.0033,0.24164999999999998,0.017041273426595782,0.2416 ± 0.0170
NestedUNet_DP_Morph,LungInfection,True,base,200.0,True,open,9,0.0001,24,1.2,,training,1.0782066583633423,0.03826647246219304,1.0782 ± 0.0383,288.3123905658722,8.536127332282113,288.3124 ± 8.5361,0.47275,0.005161879502661778,0.4728 ± 0.0052,0.6229,0.014000714267493669,0.6229 ± 0.0140,0.7055,0.0028284271247461927,0.7055 ± 0.0028,1.0,0.0,1.0000 ± 0.0000,0.7585500000000001,0.015061374439273452,0.7586 ± 0.0151,0.9976,0.003111269837220859,0.9976 ± 0.0031,0.60605,0.005020458146424484,0.6060 ± 0.0050,0.5954999999999999,0.012445079348883201,0.5955 ± 0.0124,0.83535,0.011525840533340711,0.8354 ± 0.0115,0.25005,0.009687362902255713,0.2500 ± 0.0097
NestedUNet_DP_Morph,LungInfection,True,nsgd,200.0,True,both,3,0.0001,24,1.2,,training,1.154607355594635,0.11418904672644405,1.1546 ± 0.1142,287.7661247253418,7.121894213771308,287.7661 ± 7.1219,0.4728,0.0007071067811865482,0.4728 ± 0.0007,0.62595,0.0012020815280171554,0.6260 ± 0.0012,0.641,0.03846660889654819,0.6410 ± 0.0385,1.0,0.0,1.0000 ± 0.0000,0.79705,0.009121677477306479,0.7971 ± 0.0091,0.99485,0.0072831998462214225,0.9949 ± 0.0073,0.62305,0.0014849242404917434,0.6230 ± 0.0015,0.6099,0.004384062043356583,0.6099 ± 0.0044,0.83465,0.0030405591591021333,0.8347 ± 0.0030,0.22885,0.0006363961030679012,0.2288 ± 0.0006
NestedUNet_DP_Morph,LungInfection,True,nsgd,200.0,True,both,5,0.0001,24,1.2,,training,1.0984255075454712,0.036320299585353995,1.0984 ± 0.0363,290.67550015449524,8.60608705471274,290.6755 ± 8.6061,0.4708,0.013859292911256337,0.4708 ± 0.0139,0.62375,0.0045961940777125235,0.6238 ± 0.0046,0.70495,0.057770624022940927,0.7049 ± 0.0578,1.0,0.0,1.0000 ± 0.0000,0.7477,0.06915504320004434,0.7477 ± 0.0692,0.99275,0.00841457069611993,0.9928 ± 0.0084,0.6019,0.031536962440920004,0.6019 ± 0.0315,0.59155,0.03995153313703993,0.5916 ± 0.0400,0.8392,0.010182337649086342,0.8392 ± 0.0102,0.25745,0.04857823586751583,0.2575 ± 0.0486
NestedUNet_DP_Morph,LungInfection,True,nsgd,200.0,True,both,7,0.0001,24,1.2,,training,1.098067045211792,0.011064053496292128,1.0981 ± 0.0111,292.6697051525116,2.0517895074594623,292.6697 ± 2.0518,0.45725000000000005,0.013930003589374983,0.4573 ± 0.0139,0.6132,0.0019798989873223505,0.6132 ± 0.0020,0.6629499999999999,0.006293250352560286,0.6629 ± 0.0063,1.0,0.0,1.0000 ± 0.0000,0.7748999999999999,0.02375878784786797,0.7749 ± 0.0238,0.9971,0.003818376618407407,0.9971 ± 0.0038,0.60985,0.010677312395916868,0.6099 ± 0.0107,0.5898,0.023900209204105342,0.5898 ± 0.0239,0.83165,0.001909188309203625,0.8317 ± 0.0019,0.24535,0.0184554869889689,0.2454 ± 0.0185
NestedUNet_DP_Morph,LungInfection,True,nsgd,200.0,True,both,9,0.0001,24,1.2,,training,1.0745746493339539,0.02066991032780356,1.0746 ± 0.0207,295.6036641597748,6.025230518119542,295.6037 ± 6.0252,0.4788,0.0045254833995938765,0.4788 ± 0.0045,0.6176,0.02729432175380071,0.6176 ± 0.0273,0.6830499999999999,0.01110157646462875,0.6830 ± 0.0111,1.0,0.0,1.0000 ± 0.0000,0.78705,0.010677312395916868,0.7871 ± 0.0107,0.9991,0.0011313708498985084,0.9991 ± 0.0011,0.618,0.01371787155501908,0.6180 ± 0.0137,0.61395,0.00035355339059323483,0.6139 ± 0.0004,0.8315,0.021071782079359152,0.8315 ± 0.0211,0.2303,0.010748023074035516,0.2303 ± 0.0107
NestedUNet_DP_Morph,LungInfection,True,nsgd,200.0,True,close,3,0.0001,24,1.2,,training,1.1174436211585999,0.03474830642959467,1.1174 ± 0.0347,291.62276434898376,8.122238536409412,291.6228 ± 8.1222,0.46735000000000004,0.0246780266634105,0.4674 ± 0.0247,0.6065499999999999,0.010394469683442282,0.6065 ± 0.0104,0.6586000000000001,0.027435743110038085,0.6586 ± 0.0274,1.0,0.0,1.0000 ± 0.0000,0.794,0.04963889603929559,0.7940 ± 0.0496,1.0,0.0,1.0000 ± 0.0000,0.61875,0.023829498525986696,0.6188 ± 0.0238,0.60395,0.03783021279348029,0.6039 ± 0.0378,0.8127,0.0005656854249492542,0.8127 ± 0.0006,0.2325,0.03379970414071698,0.2325 ± 0.0338
NestedUNet_DP_Morph,LungInfection,True,nsgd,200.0,True,close,5,0.0001,24,1.2,,training,1.1967372298240662,0.05662690407899365,1.1967 ± 0.0566,285.8125327825546,0.4180898251448728,285.8125 ± 0.4181,0.4487,0.02729432175380075,0.4487 ± 0.0273,0.6085,0.025455844122715655,0.6085 ± 0.0255,0.65055,0.05748778131046634,0.6505 ± 0.0575,1.0,0.0,1.0000 ± 0.0000,0.76155,0.008555992052357225,0.7615 ± 0.0086,0.99495,0.006576093065034952,0.9950 ± 0.0066,0.6001,0.010040916292848968,0.6001 ± 0.0100,0.57685,0.015909902576697294,0.5768 ± 0.0159,0.83105,0.015627059864222706,0.8310 ± 0.0156,0.25680000000000003,0.005515432893255052,0.2568 ± 0.0055
NestedUNet_DP_Morph,LungInfection,True,nsgd,200.0,True,close,7,0.0001,24,1.2,,training,1.1695199012756348,0.02623523308627323,1.1695 ± 0.0262,285.65945041179657,1.7021465014710293,285.6595 ± 1.7021,0.44225000000000003,0.00134350288425441,0.4423 ± 0.0013,0.6157,0.008485281374238578,0.6157 ± 0.0085,0.66795,0.022132442251138935,0.6680 ± 0.0221,1.0,0.0,1.0000 ± 0.0000,0.7402,0.03238549057834384,0.7402 ± 0.0324,0.99865,0.0017677669529664096,0.9987 ± 0.0018,0.59165,0.008838834764831813,0.5917 ± 0.0088,0.5623,0.012020815280171319,0.5623 ± 0.0120,0.8301499999999999,0.006717514421272168,0.8301 ± 0.0067,0.27115,0.02283954903232548,0.2712 ± 0.0228
NestedUNet_DP_Morph,LungInfection,True,nsgd,200.0,True,close,9,0.0001,24,1.2,,training,1.1367588639259338,0.019684011247436885,1.1368 ± 0.0197,288.54319071769714,3.617032423961283,288.5432 ± 3.6170,0.45715,0.0024748737341528794,0.4572 ± 0.0025,0.6363000000000001,0.0035355339059327407,0.6363 ± 0.0035,0.6304,0.008485281374238578,0.6304 ± 0.0085,1.0,0.0,1.0000 ± 0.0000,0.78725,0.0009192388155425676,0.7873 ± 0.0009,0.9999,0.00014142135623729392,0.9999 ± 0.0001,0.61885,0.0016263455967290372,0.6189 ± 0.0016,0.5902499999999999,0.001202081528017077,0.5902 ± 0.0012,0.8444,0.0029698484809834867,0.8444 ± 0.0030,0.23804999999999998,0.002899137802864859,0.2380 ± 0.0029
NestedUNet_DP_Morph,LungInfection,True,nsgd,200.0,True,open,3,0.0001,24,1.2,,training,1.174195945262909,0.10391819691912757,1.1742 ± 0.1039,290.50800478458405,3.3670586225062005,290.5080 ± 3.3671,0.4596,0.004949747468305837,0.4596 ± 0.0049,0.63205,0.006293250352560208,0.6321 ± 0.0063,0.6427,0.005798275605729758,0.6427 ± 0.0058,1.0,0.0,1.0000 ± 0.0000,0.7810999999999999,0.014849242404917511,0.7811 ± 0.0148,0.9984500000000001,0.00021213203435601938,0.9985 ± 0.0002,0.6175,0.005656854249492385,0.6175 ± 0.0057,0.59095,0.009828784258493027,0.5909 ± 0.0098,0.84145,0.0038890872965259755,0.8415 ± 0.0039,0.2393,0.01442497833620557,0.2393 ± 0.0144
NestedUNet_DP_Morph,LungInfection,True,nsgd,200.0,True,open,5,0.0001,24,1.2,,training,1.1552948355674744,0.0128442520836948,1.1553 ± 0.0128,292.4841642379761,1.8246281092293861,292.4842 ± 1.8246,0.45120000000000005,0.024607315985291853,0.4512 ± 0.0246,0.61805,0.00799030662740797,0.6180 ± 0.0080,0.7018500000000001,0.09326738443850564,0.7019 ± 0.0933,1.0,0.0,1.0000 ± 0.0000,0.7346,0.08824692629208114,0.7346 ± 0.0882,0.9995499999999999,0.00035355339059331333,0.9995 ± 0.0004,0.5892,0.04327493500861673,0.5892 ± 0.0433,0.5668500000000001,0.05918483758531403,0.5669 ± 0.0592,0.8356,0.011737972567696651,0.8356 ± 0.0117,0.2722,0.05769991334482228,0.2722 ± 0.0577
NestedUNet_DP_Morph,LungInfection,True,nsgd,200.0,True,open,7,0.0001,24,1.2,,training,1.1609272956848145,0.03520003635193459,1.1609 ± 0.0352,292.82569670677185,2.1138455156825384,292.8257 ± 2.1138,0.43775,0.017465537495307725,0.4377 ± 0.0175,0.5987,0.01470782104868014,0.5987 ± 0.0147,0.6638,0.027011479041326045,0.6638 ± 0.0270,1.0,0.0,1.0000 ± 0.0000,0.7413,0.04270924958366747,0.7413 ± 0.0427,0.99685,0.0044547727214752295,0.9969 ± 0.0045,0.5917,0.019374725804511467,0.5917 ± 0.0194,0.56115,0.025950818869546338,0.5612 ± 0.0260,0.81635,0.012515790027001926,0.8164 ± 0.0125,0.27125,0.03302188668141174,0.2712 ± 0.0330
NestedUNet_DP_Morph,LungInfection,True,nsgd,200.0,True,open,9,0.0001,24,1.2,,training,1.1313384175300598,0.06862223433998234,1.1313 ± 0.0686,282.91093039512634,8.312377468557903,282.9109 ± 8.3124,0.44694999999999996,0.02241528496361356,0.4469 ± 0.0224,0.6082000000000001,0.008061017305526618,0.6082 ± 0.0081,0.6894,0.017253405460951745,0.6894 ± 0.0173,1.0,0.0,1.0000 ± 0.0000,0.742,0.04186072144624355,0.7420 ± 0.0419,0.9998,0.00014142135623729392,0.9998 ± 0.0001,0.59465,0.020152543263816585,0.5947 ± 0.0202,0.5680499999999999,0.0388201622871415,0.5680 ± 0.0388,0.8230500000000001,0.006717514421272168,0.8231 ± 0.0067,0.267,0.030829855659733472,0.2670 ± 0.0308
NestedUNet_DP_Morph,LungInfection,True,psac,200.0,True,both,3,0.0001,24,1.2,,training,1.0946496725082397,0.004704262643391948,1.0946 ± 0.0047,304.46687483787537,2.867695174916396,304.4669 ± 2.8677,0.45930000000000004,0.010182337649086302,0.4593 ± 0.0102,0.6298,0.00014142135623729392,0.6298 ± 0.0001,0.6225,0.0015556349186104687,0.6225 ± 0.0016,1.0,0.0,1.0000 ± 0.0000,0.79315,0.016617009357883843,0.7932 ± 0.0166,0.9999,0.0,0.9999 ± 0.0000,0.6188,0.00933380951166242,0.6188 ± 0.0093,0.5944499999999999,0.01619274528917196,0.5944 ± 0.0162,0.8342499999999999,0.0019091883092037035,0.8342 ± 0.0019,0.23425,0.012515790027001907,0.2343 ± 0.0125
NestedUNet_DP_Morph,LungInfection,True,psac,200.0,True,both,5,0.0001,24,1.2,,training,1.1138670444488525,0.036182900859208486,1.1139 ± 0.0362,300.41234517097473,5.985045352525739,300.4123 ± 5.9850,0.46415,0.006434671708797581,0.4642 ± 0.0064,0.61705,0.008838834764831813,0.6170 ± 0.0088,0.62705,0.024395183950935873,0.6270 ± 0.0244,1.0,0.0,1.0000 ± 0.0000,0.7965,0.019940411229460643,0.7965 ± 0.0199,0.9938,0.004808326112068543,0.9938 ± 0.0048,0.6176999999999999,0.0007071067811865482,0.6177 ± 0.0007,0.6026,0.0011313708498985084,0.6026 ± 0.0011,0.83285,0.0030405591591021333,0.8328 ± 0.0030,0.2299,0.01131370849898477,0.2299 ± 0.0113
NestedUNet_DP_Morph,LungInfection,True,psac,200.0,True,both,7,0.0001,24,1.2,,training,1.1025233268737793,0.013694016843371602,1.1025 ± 0.0137,300.6505101919174,2.6593088489987706,300.6505 ± 2.6593,0.4585,0.001979898987322311,0.4585 ± 0.0020,0.6020000000000001,0.0022627416997969383,0.6020 ± 0.0023,0.6573,0.00014142135623729392,0.6573 ± 0.0001,1.0,0.0,1.0000 ± 0.0000,0.77315,0.02085965004500321,0.7732 ± 0.0209,0.9994000000000001,0.0007071067811865482,0.9994 ± 0.0007,0.6053999999999999,0.01357645019878171,0.6054 ± 0.0136,0.5922000000000001,0.00933380951166242,0.5922 ± 0.0093,0.8165,0.00042426406871188177,0.8165 ± 0.0004,0.2475,0.017819090885900998,0.2475 ± 0.0178
NestedUNet_DP_Morph,LungInfection,True,psac,200.0,True,both,9,0.0001,24,1.2,,training,1.1327946186065674,0.03498761623543953,1.1328 ± 0.0350,301.55339777469635,3.859899929582641,301.5534 ± 3.8599,0.44435,0.01689985207035847,0.4444 ± 0.0169,0.6134999999999999,0.03478965363437815,0.6135 ± 0.0348,0.6907,0.0011313708498985084,0.6907 ± 0.0011,1.0,0.0,1.0000 ± 0.0000,0.7262,0.021354624791833737,0.7262 ± 0.0214,0.9967,0.0045254833995938765,0.9967 ± 0.0045,0.587,0.019091883092036802,0.5870 ± 0.0191,0.5604,0.018101933598375666,0.5604 ± 0.0181,0.82325,0.023122391744800148,0.8233 ± 0.0231,0.27775,0.021425335469952386,0.2777 ± 0.0214
NestedUNet_DP_Morph,LungInfection,True,psac,200.0,True,close,3,0.0001,24,1.2,,training,1.1547796726226809,0.03670518460595548,1.1548 ± 0.0367,307.55579233169556,6.517758589817849,307.5558 ± 6.5178,0.4707,0.01711198410471445,0.4707 ± 0.0171,0.6175999999999999,0.007919595949289324,0.6176 ± 0.0079,0.6456999999999999,0.005374011537017719,0.6457 ± 0.0054,1.0,0.0,1.0000 ± 0.0000,0.78625,0.01421284630184961,0.7863 ± 0.0142,0.99255,0.0030405591591022123,0.9926 ± 0.0030,0.61685,0.009970205614730322,0.6169 ± 0.0100,0.605,0.018101933598375666,0.6050 ± 0.0181,0.82175,0.0028991378028648397,0.8217 ± 0.0029,0.23785,0.010960155108391496,0.2379 ± 0.0110
NestedUNet_DP_Morph,LungInfection,True,psac,200.0,True,close,5,0.0001,24,1.2,,training,1.1385694742202759,0.03561138959340076,1.1386 ± 0.0356,303.30455935001373,2.695534233881278,303.3046 ± 2.6955,0.48095,0.009687362902255693,0.4809 ± 0.0097,0.62025,0.015485638507985412,0.6202 ± 0.0155,0.62495,0.01689985207035851,0.6250 ± 0.0169,1.0,0.0,1.0000 ± 0.0000,0.8096,0.0072124891681027755,0.8096 ± 0.0072,0.9929,0.005232590180780503,0.9929 ± 0.0052,0.62845,0.00982878425849295,0.6284 ± 0.0098,0.6274,0.005798275605729679,0.6274 ± 0.0058,0.83385,0.0010606601717798615,0.8338 ± 0.0011,0.21945,0.008980256121069147,0.2195 ± 0.0090
NestedUNet_DP_Morph,LungInfection,True,psac,200.0,True,close,7,0.0001,24,1.2,,training,1.1329265832901,0.006470215595998251,1.1329 ± 0.0065,302.6757460832596,9.323168646242664,302.6757 ± 9.3232,0.4617,0.000989949493661136,0.4617 ± 0.0010,0.6062000000000001,0.015273506473629392,0.6062 ± 0.0153,0.6305499999999999,0.048012550442566554,0.6305 ± 0.0480,1.0,0.0,1.0000 ± 0.0000,0.79335,0.03684026329981915,0.7933 ± 0.0368,0.99745,0.001202081528017077,0.9974 ± 0.0012,0.6147499999999999,0.01774838020778235,0.6147 ± 0.0177,0.5988,0.013010764773832454,0.5988 ± 0.0130,0.8248500000000001,0.006293250352560286,0.8249 ± 0.0063,0.2334,0.02390020920410532,0.2334 ± 0.0239
NestedUNet_DP_Morph,LungInfection,True,psac,200.0,True,close,9,0.0001,24,1.2,,training,1.1159228086471558,0.003510832480957473,1.1159 ± 0.0035,304.2209838628769,1.1272038078449031,304.2210 ± 1.1272,0.45415,0.009263098833543773,0.4541 ± 0.0093,0.6218,0.004384062043356583,0.6218 ± 0.0044,0.62375,0.00487903679018719,0.6238 ± 0.0049,1.0,0.0,1.0000 ± 0.0000,0.77945,0.0047376154339498966,0.7794 ± 0.0047,0.9934000000000001,0.009050966799187833,0.9934 ± 0.0091,0.6127499999999999,0.0020506096654409976,0.6127 ± 0.0021,0.5878000000000001,0.012020815280171319,0.5878 ± 0.0120,0.83755,0.00021213203435594088,0.8376 ± 0.0002,0.24295,0.0072831998462214225,0.2429 ± 0.0073
NestedUNet_DP_Morph,LungInfection,True,psac,200.0,True,open,3,0.0001,24,1.2,,training,1.120915412902832,0.04024653140523484,1.1209 ± 0.0402,306.80330550670624,8.18331522046041,306.8033 ± 8.1833,0.4731,0.012869343417595162,0.4731 ± 0.0129,0.6295,0.005091168824543131,0.6295 ± 0.0051,0.62845,7.071067811864696e-05,0.6284 ± 0.0001,1.0,0.0,1.0000 ± 0.0000,0.7948,0.02503158005400377,0.7948 ± 0.0250,0.9956,0.005232590180780425,0.9956 ± 0.0052,0.62395,0.012940054095713808,0.6240 ± 0.0129,0.6111500000000001,0.019021172413918153,0.6112 ± 0.0190,0.8365,0.005232590180780425,0.8365 ± 0.0052,0.2302,0.017819090885900998,0.2302 ± 0.0178
NestedUNet_DP_Morph,LungInfection,True,psac,200.0,True,open,5,0.0001,24,1.2,,training,1.1707879304885864,0.023262194392314924,1.1708 ± 0.0233,302.35996401309967,0.4683582027764623,302.3600 ± 0.4684,0.44984999999999997,0.024112341238461246,0.4498 ± 0.0241,0.60575,0.011950104602052593,0.6058 ± 0.0120,0.6644000000000001,0.0506288455329568,0.6644 ± 0.0506,1.0,0.0,1.0000 ± 0.0000,0.7488,0.07990306627407986,0.7488 ± 0.0799,1.0,0.0,1.0000 ± 0.0000,0.5949,0.04016366517139587,0.5949 ± 0.0402,0.5762,0.04879036790187182,0.5762 ± 0.0488,0.8281499999999999,0.002616295090390173,0.8281 ± 0.0026,0.26625,0.05904341622907671,0.2662 ± 0.0590
NestedUNet_DP_Morph,LungInfection,True,psac,200.0,True,open,7,0.0001,24,1.2,,training,1.1134963035583496,0.045669482109434556,1.1135 ± 0.0457,306.9264419078827,7.537540701814348,306.9264 ± 7.5375,0.45840000000000003,0.006222539674441601,0.4584 ± 0.0062,0.59655,0.022698127676088187,0.5966 ± 0.0227,0.6596500000000001,0.017889801564019644,0.6597 ± 0.0179,1.0,0.0,1.0000 ± 0.0000,0.76635,0.007424621202458717,0.7663 ± 0.0074,0.9974000000000001,0.0022627416997969383,0.9974 ± 0.0023,0.6039,0.005374011537017797,0.6039 ± 0.0054,0.5923499999999999,0.006010407640085699,0.5923 ± 0.0060,0.81415,0.01421284630184961,0.8142 ± 0.0142,0.25255,0.0036062445840513878,0.2525 ± 0.0036
NestedUNet_DP_Morph,LungInfection,True,psac,200.0,True,open,9,0.0001,24,1.2,,training,1.108389675617218,0.03124270015785255,1.1084 ± 0.0312,295.2691140174866,1.3731419642614109,295.2691 ± 1.3731,0.4591,0.020506096654409896,0.4591 ± 0.0205,0.6172,0.0059396969619669735,0.6172 ± 0.0059,0.7023,0.01555634918610406,0.7023 ± 0.0156,1.0,0.0,1.0000 ± 0.0000,0.73165,0.042779960261786126,0.7317 ± 0.0428,0.99725,0.0030405591591021333,0.9972 ± 0.0030,0.5941,0.021354624791833737,0.5941 ± 0.0214,0.5760000000000001,0.03167838379715737,0.5760 ± 0.0317,0.8304,0.0024041630560342323,0.8304 ± 0.0024,0.27249999999999996,0.03309259735953043,0.2725 ± 0.0331
NestedUNet_DP_Morph,LungInfection,True,automatic,200.0,True,both,3,0.0001,24,1.5,,training,1.080869734287262,0.020084912070472662,1.0809 ± 0.0201,284.77741396427155,1.3055605041985567,284.7774 ± 1.3056,0.4864,0.0004242640687119603,0.4864 ± 0.0004,0.6383,0.0009899494936612145,0.6383 ± 0.0010,0.6612,0.001979898987322272,0.6612 ± 0.0020,1.0,0.0,1.0000 ± 0.0000,0.7862,0.007919595949289324,0.7862 ± 0.0079,0.9984,0.0022627416997969383,0.9984 ± 0.0023,0.62445,0.002192031021678291,0.6244 ± 0.0022,0.6171,0.0021213203435596446,0.6171 ± 0.0021,0.8443499999999999,0.0007778174593051951,0.8443 ± 0.0008,0.23270000000000002,0.005515432893255071,0.2327 ± 0.0055
NestedUNet_DP_Morph,LungInfection,True,automatic,200.0,True,both,5,0.0001,24,1.5,,training,1.128834068775177,0.09943967279635997,1.1288 ± 0.0994,285.513206243515,1.8305566535283226,285.5132 ± 1.8306,0.46675,0.011667261889578005,0.4667 ± 0.0117,0.64395,0.00685893577750954,0.6440 ± 0.0069,0.6595,0.020506096654409896,0.6595 ± 0.0205,1.0,0.0,1.0000 ± 0.0000,0.7595000000000001,0.043133513652379434,0.7595 ± 0.0431,0.99665,0.0047376154339498966,0.9967 ± 0.0047,0.6112500000000001,0.01930401512639274,0.6113 ± 0.0193,0.59125,0.0269407683632074,0.5913 ± 0.0269,0.84475,0.008697413408594519,0.8448 ± 0.0087,0.2551,0.030122748878546903,0.2551 ± 0.0301
NestedUNet_DP_Morph,LungInfection,True,automatic,200.0,True,both,7,0.0001,24,1.5,,training,1.1016490459442139,0.03864292811309219,1.1016 ± 0.0386,290.62181437015533,0.7298810836605002,290.6218 ± 0.7299,0.4764,0.004384062043356583,0.4764 ± 0.0044,0.62605,0.008131727983645342,0.6260 ± 0.0081,0.6663,0.01244507934888328,0.6663 ± 0.0124,1.0,0.0,1.0000 ± 0.0000,0.77695,0.006293250352560286,0.7770 ± 0.0063,0.9995499999999999,0.0006363961030679012,0.9995 ± 0.0006,0.6173500000000001,0.003181980515339506,0.6174 ± 0.0032,0.60605,0.007424621202458717,0.6060 ± 0.0074,0.83065,0.007990306627408048,0.8306 ± 0.0080,0.2449,0.005232590180780444,0.2449 ± 0.0052
NestedUNet_DP_Morph,LungInfection,True,automatic,200.0,True,both,9,0.0001,24,1.5,,training,1.079009771347046,0.0005890443547880979,1.0790 ± 0.0006,287.7827446460724,7.872918011106208,287.7827 ± 7.8729,0.4776,0.005798275605729718,0.4776 ± 0.0058,0.63835,0.008273149339882636,0.6383 ± 0.0083,0.6859999999999999,0.016122034611053312,0.6860 ± 0.0161,1.0,0.0,1.0000 ± 0.0000,0.7725,0.03394112549695423,0.7725 ± 0.0339,0.9902500000000001,0.01378858223313765,0.9903 ± 0.0138,0.6167,0.015273506473629392,0.6167 ± 0.0153,0.6025499999999999,0.019021172413918153,0.6025 ± 0.0190,0.83815,0.004313351365237936,0.8381 ± 0.0043,0.24155,0.021425335469952386,0.2415 ± 0.0214
NestedUNet_DP_Morph,LungInfection,True,automatic,200.0,True,close,3,0.0001,24,1.5,,training,1.0996071100234985,0.05553150748619567,1.0996 ± 0.0555,285.336816072464,6.361881673760794,285.3368 ± 6.3619,0.48875,0.010677312395916868,0.4888 ± 0.0107,0.6322,0.019798989873223347,0.6322 ± 0.0198,0.64945,0.001767766952966331,0.6494 ± 0.0018,1.0,0.0,1.0000 ± 0.0000,0.8049,0.012445079348883201,0.8049 ± 0.0124,0.992,0.004101219330881995,0.9920 ± 0.0041,0.6306499999999999,0.011242997820866046,0.6306 ± 0.0112,0.6277999999999999,0.010465180361560928,0.6278 ± 0.0105,0.8388,0.013859292911256375,0.8388 ± 0.0139,0.21944999999999998,0.013364318164425749,0.2194 ± 0.0134
NestedUNet_DP_Morph,LungInfection,True,automatic,200.0,True,close,5,0.0001,24,1.5,,training,1.1416579484939575,0.020540519502875113,1.1417 ± 0.0205,286.21276903152466,2.9279392058282916,286.2128 ± 2.9279,0.47175,7.071067811864696e-05,0.4718 ± 0.0001,0.63505,0.026657925650732887,0.6351 ± 0.0267,0.6387,0.03790092347159894,0.6387 ± 0.0379,1.0,0.0,1.0000 ± 0.0000,0.78355,0.03302188668141174,0.7835 ± 0.0330,0.9963,0.005232590180780425,0.9963 ± 0.0052,0.6195999999999999,0.007636753236814736,0.6196 ± 0.0076,0.60345,0.018596908345206192,0.6035 ± 0.0186,0.8403,0.017819090885900998,0.8403 ± 0.0178,0.23865,0.020859650045003172,0.2387 ± 0.0209
NestedUNet_DP_Morph,LungInfection,True,automatic,200.0,True,close,7,0.0001,24,1.5,,training,1.0838371515274048,0.0005952820883678673,1.0838 ± 0.0006,289.4459887742996,9.834690110928708,289.4460 ± 9.8347,0.4847,0.0015556349186104294,0.4847 ± 0.0016,0.6262000000000001,0.013435028842544414,0.6262 ± 0.0134,0.6428,0.005374011537017719,0.6428 ± 0.0054,1.0,0.0,1.0000 ± 0.0000,0.79835,0.00021213203435594088,0.7984 ± 0.0002,0.997,0.003959797974644701,0.9970 ± 0.0040,0.6262,0.0026870057685088986,0.6262 ± 0.0027,0.62475,0.005727564927611032,0.6248 ± 0.0057,0.8406,0.0019798989873223505,0.8406 ± 0.0020,0.2249,0.00014142135623731355,0.2249 ± 0.0001
NestedUNet_DP_Morph,LungInfection,True,automatic,200.0,True,close,9,0.0001,24,1.5,,training,1.1057087182998657,0.051749080713433995,1.1057 ± 0.0517,288.21248745918274,5.26918517666566,288.2125 ± 5.2692,0.4845,0.026728636328851457,0.4845 ± 0.0267,0.63235,0.014778531726798863,0.6323 ± 0.0148,0.60225,0.03189051583151332,0.6022 ± 0.0319,1.0,0.0,1.0000 ± 0.0000,0.8308,0.003818376618407407,0.8308 ± 0.0038,0.9979,0.00014142135623729392,0.9979 ± 0.0001,0.63985,0.014354267658086905,0.6399 ± 0.0144,0.6315500000000001,0.024253762594698657,0.6316 ± 0.0243,0.8379000000000001,0.006363961030678934,0.8379 ± 0.0064,0.20455,0.011808683245815339,0.2046 ± 0.0118
NestedUNet_DP_Morph,LungInfection,True,automatic,200.0,True,open,3,0.0001,24,1.5,,training,1.1040865182876587,0.04319293329093442,1.1041 ± 0.0432,286.1705290079117,2.1807677990347227,286.1705 ± 2.1808,0.48625,0.009970205614730322,0.4863 ± 0.0100,0.6382,0.005374011537017797,0.6382 ± 0.0054,0.6652499999999999,0.016334166645409254,0.6652 ± 0.0163,1.0,0.0,1.0000 ± 0.0000,0.78495,0.008555992052357225,0.7850 ± 0.0086,0.9999,0.00014142135623729392,0.9999 ± 0.0001,0.6233500000000001,0.00035355339059331333,0.6234 ± 0.0004,0.619,0.004384062043356583,0.6190 ± 0.0044,0.84345,0.0045961940777126025,0.8435 ± 0.0046,0.23345,0.0028991378028648397,0.2334 ± 0.0029
NestedUNet_DP_Morph,LungInfection,True,automatic,200.0,True,open,5,0.0001,24,1.5,,training,1.111690104007721,0.036318192242928454,1.1117 ± 0.0363,285.274675488472,0.11345038105944243,285.2747 ± 0.1135,0.48124999999999996,0.013930003589374983,0.4812 ± 0.0139,0.6326,0.017960512242138293,0.6326 ± 0.0180,0.6471,0.015697770542341352,0.6471 ± 0.0157,1.0,0.0,1.0000 ± 0.0000,0.79315,0.03387041481883566,0.7932 ± 0.0339,0.9999,0.00014142135623729392,0.9999 ± 0.0001,0.62285,0.019021172413918076,0.6229 ± 0.0190,0.61605,0.020152543263816585,0.6160 ± 0.0202,0.83605,0.0007778174593051951,0.8360 ± 0.0008,0.2314,0.01951614716074872,0.2314 ± 0.0195
NestedUNet_DP_Morph,LungInfection,True,automatic,200.0,True,open,7,0.0001,24,1.5,,training,1.1010916233062744,0.026384264342607752,1.1011 ± 0.0264,285.1414417028427,1.4336666931843893,285.1414 ± 1.4337,0.4687,0.020506096654409896,0.4687 ± 0.0205,0.6338999999999999,0.00933380951166242,0.6339 ± 0.0093,0.6834,0.015273506473629472,0.6834 ± 0.0153,1.0,0.0,1.0000 ± 0.0000,0.7662,0.042992092296142065,0.7662 ± 0.0430,0.9968,0.004384062043356583,0.9968 ± 0.0044,0.61345,0.02538513344459701,0.6135 ± 0.0254,0.5902000000000001,0.03295117600329318,0.5902 ± 0.0330,0.8365,0.0028284271247461927,0.8365 ± 0.0028,0.24715,0.03514320702497142,0.2472 ± 0.0351
NestedUNet_DP_Morph,LungInfection,True,automatic,200.0,True,open,9,0.0001,24,1.5,,training,1.125693917274475,0.03004210503117122,1.1257 ± 0.0300,284.4765669107437,2.2035928463142422,284.4766 ± 2.2036,0.46975,0.012940054095713808,0.4698 ± 0.0129,0.61695,0.013788582233137728,0.6169 ± 0.0138,0.68965,0.004313351365237936,0.6896 ± 0.0043,1.0,0.0,1.0000 ± 0.0000,0.7697499999999999,0.013930003589374943,0.7697 ± 0.0139,1.0,0.0,1.0000 ± 0.0000,0.6090500000000001,0.009404520189781067,0.6091 ± 0.0094,0.5991500000000001,0.015061374439273452,0.5992 ± 0.0151,0.8292999999999999,0.017960512242138293,0.8293 ± 0.0180,0.24605,0.01463711037056155,0.2460 ± 0.0146
NestedUNet_DP_Morph,LungInfection,True,nsgd,200.0,True,both,3,0.0001,24,1.5,,training,1.189921736717224,0.0,1.1899 ± 0.0000,286.10176634788513,0.0,286.1018 ± 0.0000,0.447,0.0,0.4470 ± 0.0000,0.6143,0.0,0.6143 ± 0.0000,0.645,0.0,0.6450 ± 0.0000,1.0,0.0,1.0000 ± 0.0000,0.7678,0.0,0.7678 ± 0.0000,0.9989,0.0,0.9989 ± 0.0000,0.6051,0.0,0.6051 ± 0.0000,0.5763,0.0,0.5763 ± 0.0000,0.8295,0.0,0.8295 ± 0.0000,0.2533,0.0,0.2533 ± 0.0000
NestedUNet_DP_Morph,LungInfection,True,nsgd,200.0,True,both,5,0.0001,24,1.5,,training,1.1119325160980225,0.0,1.1119 ± 0.0000,286.4096715450287,0.0,286.4097 ± 0.0000,0.4595,0.0,0.4595 ± 0.0000,0.6224,0.0,0.6224 ± 0.0000,0.6789,0.0,0.6789 ± 0.0000,1.0,0.0,1.0000 ± 0.0000,0.772,0.0,0.7720 ± 0.0000,0.9976,0.0,0.9976 ± 0.0000,0.6114,0.0,0.6114 ± 0.0000,0.5885,0.0,0.5885 ± 0.0000,0.8415,0.0,0.8415 ± 0.0000,0.2426,0.0,0.2426 ± 0.0000
NestedUNet_DP_Morph,LungInfection,True,nsgd,200.0,True,both,7,0.0001,24,1.5,,training,1.147541046142578,0.0,1.1475 ± 0.0000,292.2947268486023,0.0,292.2947 ± 0.0000,0.4437,0.0,0.4437 ± 0.0000,0.6084,0.0,0.6084 ± 0.0000,0.6752,0.0,0.6752 ± 0.0000,1.0,0.0,1.0000 ± 0.0000,0.7478,0.0,0.7478 ± 0.0000,0.9939,0.0,0.9939 ± 0.0000,0.5971,0.0,0.5971 ± 0.0000,0.5671,0.0,0.5671 ± 0.0000,0.8258,0.0,0.8258 ± 0.0000,0.2647,0.0,0.2647 ± 0.0000
NestedUNet_DP_Morph,LungInfection,True,nsgd,200.0,True,both,9,0.0001,24,1.5,,training,1.1289923191070557,0.0,1.1290 ± 0.0000,284.9821662902832,0.0,284.9822 ± 0.0000,0.438,0.0,0.4380 ± 0.0000,0.6212,0.0,0.6212 ± 0.0000,0.6673,0.0,0.6673 ± 0.0000,1.0,0.0,1.0000 ± 0.0000,0.7433,0.0,0.7433 ± 0.0000,1.0,0.0,1.0000 ± 0.0000,0.5977,0.0,0.5977 ± 0.0000,0.5605,0.0,0.5605 ± 0.0000,0.8312,0.0,0.8312 ± 0.0000,0.2689,0.0,0.2689 ± 0.0000
NestedUNet_DP_Morph,LungInfection,True,nsgd,200.0,True,close,3,0.0001,24,1.5,,training,1.2518701553344729,0.0,1.2519 ± 0.0000,288.46285820007324,0.0,288.4629 ± 0.0000,0.4487,0.0,0.4487 ± 0.0000,0.6162,0.0,0.6162 ± 0.0000,0.6454,0.0,0.6454 ± 0.0000,1.0,0.0,1.0000 ± 0.0000,0.7563,0.0,0.7563 ± 0.0000,0.9996,0.0,0.9996 ± 0.0000,0.601,0.0,0.6010 ± 0.0000,0.5739,0.0,0.5739 ± 0.0000,0.8328,0.0,0.8328 ± 0.0000,0.2624,0.0,0.2624 ± 0.0000
NestedUNet_DP_Morph,LungInfection,True,nsgd,200.0,True,close,5,0.0001,24,1.5,,training,1.210134983062744,0.0,1.2101 ± 0.0000,290.42712450027466,0.0,290.4271 ± 0.0000,0.4244,0.0,0.4244 ± 0.0000,0.6153,0.0,0.6153 ± 0.0000,0.6535,0.0,0.6535 ± 0.0000,1.0,0.0,1.0000 ± 0.0000,0.7351,0.0,0.7351 ± 0.0000,0.9997,0.0,0.9997 ± 0.0000,0.5864,0.0,0.5864 ± 0.0000,0.541,0.0,0.5410 ± 0.0000,0.8393,0.0,0.8393 ± 0.0000,0.2767,0.0,0.2767 ± 0.0000
NestedUNet_DP_Morph,LungInfection,True,nsgd,200.0,True,close,7,0.0001,24,1.5,,training,1.182847261428833,0.0,1.1828 ± 0.0000,295.4176707267761,0.0,295.4177 ± 0.0000,0.4307,0.0,0.4307 ± 0.0000,0.6122,0.0,0.6122 ± 0.0000,0.6387,0.0,0.6387 ± 0.0000,1.0,0.0,1.0000 ± 0.0000,0.761,0.0,0.7610 ± 0.0000,0.9983,0.0,0.9983 ± 0.0000,0.6005,0.0,0.6005 ± 0.0000,0.5588,0.0,0.5588 ± 0.0000,0.8295,0.0,0.8295 ± 0.0000,0.2577,0.0,0.2577 ± 0.0000
NestedUNet_DP_Morph,LungInfection,True,nsgd,200.0,True,close,9,0.0001,24,1.5,,training,1.2616195678710938,0.0,1.2616 ± 0.0000,291.75315165519714,0.0,291.7532 ± 0.0000,0.3999,0.0,0.3999 ± 0.0000,0.5709,0.0,0.5709 ± 0.0000,0.6632,0.0,0.6632 ± 0.0000,1.0,0.0,1.0000 ± 0.0000,0.7038,0.0,0.7038 ± 0.0000,1.0,0.0,1.0000 ± 0.0000,0.5679,0.0,0.5679 ± 0.0000,0.5181,0.0,0.5181 ± 0.0000,0.8107,0.0,0.8107 ± 0.0000,0.3014,0.0,0.3014 ± 0.0000
NestedUNet_DP_Morph,LungInfection,True,nsgd,200.0,True,open,3,0.0001,24,1.5,,training,1.181708574295044,0.0,1.1817 ± 0.0000,281.8139202594757,0.0,281.8139 ± 0.0000,0.4325,0.0,0.4325 ± 0.0000,0.6097,0.0,0.6097 ± 0.0000,0.6744,0.0,0.6744 ± 0.0000,1.0,0.0,1.0000 ± 0.0000,0.7267,0.0,0.7267 ± 0.0000,1.0,0.0,1.0000 ± 0.0000,0.5851,0.0,0.5851 ± 0.0000,0.5468,0.0,0.5468 ± 0.0000,0.8322,0.0,0.8322 ± 0.0000,0.2822,0.0,0.2822 ± 0.0000
NestedUNet_DP_Morph,LungInfection,True,nsgd,200.0,True,open,5,0.0001,24,1.5,,training,1.1877765655517578,0.0,1.1878 ± 0.0000,286.3191981315613,0.0,286.3192 ± 0.0000,0.4391,0.0,0.4391 ± 0.0000,0.6128,0.0,0.6128 ± 0.0000,0.6448,0.0,0.6448 ± 0.0000,1.0,0.0,1.0000 ± 0.0000,0.7438,0.0,0.7438 ± 0.0000,0.9998,0.0,0.9998 ± 0.0000,0.5948,0.0,0.5948 ± 0.0000,0.5627,0.0,0.5627 ± 0.0000,0.8364,0.0,0.8364 ± 0.0000,0.2711,0.0,0.2711 ± 0.0000
NestedUNet_DP_Morph,LungInfection,True,nsgd,200.0,True,open,7,0.0001,24,1.5,,training,1.077240824699402,0.0,1.0772 ± 0.0000,285.6193346977234,0.0,285.6193 ± 0.0000,0.4483,0.0,0.4483 ± 0.0000,0.6004,0.0,0.6004 ± 0.0000,0.6663,0.0,0.6663 ± 0.0000,1.0,0.0,1.0000 ± 0.0000,0.7683,0.0,0.7683 ± 0.0000,0.9999,0.0,0.9999 ± 0.0000,0.6073,0.0,0.6073 ± 0.0000,0.5818,0.0,0.5818 ± 0.0000,0.8224,0.0,0.8224 ± 0.0000,0.2488,0.0,0.2488 ± 0.0000
NestedUNet_DP_Morph,LungInfection,True,nsgd,200.0,True,open,9,0.0001,24,1.5,,training,1.10446298122406,0.0,1.1045 ± 0.0000,276.9036030769348,0.0,276.9036 ± 0.0000,0.4725,0.0,0.4725 ± 0.0000,0.6224,0.0,0.6224 ± 0.0000,0.67,0.0,0.6700 ± 0.0000,1.0,0.0,1.0000 ± 0.0000,0.7862,0.0,0.7862 ± 0.0000,1.0,0.0,1.0000 ± 0.0000,0.6191,0.0,0.6191 ± 0.0000,0.606,0.0,0.6060 ± 0.0000,0.8406,0.0,0.8406 ± 0.0000,0.234,0.0,0.2340 ± 0.0000
NestedUNet_DP_Morph,LungInfection,True,psac,200.0,True,both,3,0.0001,24,1.5,,training,1.166849136352539,0.05669931236473552,1.1668 ± 0.0567,299.9478118419647,1.459574360964036,299.9478 ± 1.4596,0.4667,0.0,0.4667 ± 0.0000,0.6084,0.0,0.6084 ± 0.0000,0.6232,0.0,0.6232 ± 0.0000,1.0,0.0,1.0000 ± 0.0000,0.8068,0.0,0.8068 ± 0.0000,0.9966,0.0,0.9966 ± 0.0000,0.6191,0.0,0.6191 ± 0.0000,0.611,0.0,0.6110 ± 0.0000,0.8157,0.0,0.8157 ± 0.0000,0.2241,0.0,0.2241 ± 0.0000
NestedUNet_DP_Morph,LungInfection,True,psac,200.0,True,both,5,0.0001,24,1.5,,training,1.122322142124176,0.035183936255803114,1.1223 ± 0.0352,305.91177713871,3.9725517121564993,305.9118 ± 3.9726,0.434,0.0,0.4340 ± 0.0000,0.602,0.0,0.6020 ± 0.0000,0.6577,0.0,0.6577 ± 0.0000,1.0,0.0,1.0000 ± 0.0000,0.7335,0.0,0.7335 ± 0.0000,0.9963,0.0,0.9963 ± 0.0000,0.5872,0.0,0.5872 ± 0.0000,0.557,0.0,0.5570 ± 0.0000,0.8241,0.0,0.8241 ± 0.0000,0.2777,0.0,0.2777 ± 0.0000
NestedUNet_DP_Morph,LungInfection,True,psac,200.0,True,both,7,0.0001,24,1.5,,training,1.1189557313919067,0.014676712763251607,1.1190 ± 0.0147,306.0570055246353,1.229489825908638,306.0570 ± 1.2295,0.4654,0.0,0.4654 ± 0.0000,0.6128,0.0,0.6128 ± 0.0000,0.684,0.0,0.6840 ± 0.0000,1.0,0.0,1.0000 ± 0.0000,0.7507,0.0,0.7507 ± 0.0000,0.9994,0.0,0.9994 ± 0.0000,0.6029,0.0,0.6029 ± 0.0000,0.593,0.0,0.5930 ± 0.0000,0.8283,0.0,0.8283 ± 0.0000,0.263,0.0,0.2630 ± 0.0000
NestedUNet_DP_Morph,LungInfection,True,psac,200.0,True,both,9,0.0001,24,1.5,,training,1.129354178905487,0.017111199026938025,1.1294 ± 0.0171,305.1644035577774,0.9508543130048129,305.1644 ± 0.9509,0.4473,0.0,0.4473 ± 0.0000,0.6108,0.0,0.6108 ± 0.0000,0.6351,0.0,0.6351 ± 0.0000,1.0,0.0,1.0000 ± 0.0000,0.7726,0.0,0.7726 ± 0.0000,0.9882,0.0,0.9882 ± 0.0000,0.6063,0.0,0.6063 ± 0.0000,0.5794,0.0,0.5794 ± 0.0000,0.8238,0.0,0.8238 ± 0.0000,0.2479,0.0,0.2479 ± 0.0000
NestedUNet_DP_Morph,LungInfection,True,psac,200.0,True,close,3,0.0001,24,1.5,,training,1.171123206615448,0.08204904016379487,1.1711 ± 0.0820,299.447549700737,3.6595253823921485,299.4475 ± 3.6595,0.4885,0.0,0.4885 ± 0.0000,0.6351,0.0,0.6351 ± 0.0000,0.6468,0.0,0.6468 ± 0.0000,1.0,0.0,1.0000 ± 0.0000,0.8087,0.0,0.8087 ± 0.0000,1.0,0.0,1.0000 ± 0.0000,0.6327,0.0,0.6327 ± 0.0000,0.6281,0.0,0.6281 ± 0.0000,0.836,0.0,0.8360 ± 0.0000,0.2181,0.0,0.2181 ± 0.0000
NestedUNet_DP_Morph,LungInfection,True,psac,200.0,True,close,5,0.0001,24,1.5,,training,1.1433128714561462,0.031596902272738106,1.1433 ± 0.0316,299.9200941324234,0.1935843527205993,299.9201 ± 0.1936,0.4373,0.0,0.4373 ± 0.0000,0.6191,0.0,0.6191 ± 0.0000,0.6385,0.0,0.6385 ± 0.0000,1.0,0.0,1.0000 ± 0.0000,0.7598,0.0,0.7598 ± 0.0000,0.9995,0.0,0.9995 ± 0.0000,0.5996,0.0,0.5996 ± 0.0000,0.5613,0.0,0.5613 ± 0.0000,0.8311,0.0,0.8311 ± 0.0000,0.259,0.0,0.2590 ± 0.0000
NestedUNet_DP_Morph,LungInfection,True,psac,200.0,True,close,7,0.0001,24,1.5,,training,1.1723145246505737,0.06829492191444674,1.1723 ± 0.0683,301.62482845783234,3.8108649373259147,301.6248 ± 3.8109,0.4159,0.0,0.4159 ± 0.0000,0.5986,0.0,0.5986 ± 0.0000,0.6749,0.0,0.6749 ± 0.0000,1.0,0.0,1.0000 ± 0.0000,0.6914,0.0,0.6914 ± 0.0000,0.9958,0.0,0.9958 ± 0.0000,0.563,0.0,0.5630 ± 0.0000,0.5221,0.0,0.5221 ± 0.0000,0.8206,0.0,0.8206 ± 0.0000,0.3087,0.0,0.3087 ± 0.0000
NestedUNet_DP_Morph,LungInfection,True,psac,200.0,True,close,9,0.0001,24,1.5,,training,1.1399167776107788,0.011172118015873747,1.1399 ± 0.0112,301.1720081567764,2.716285656214142,301.1720 ± 2.7163,0.4885,0.0,0.4885 ± 0.0000,0.6336,0.0,0.6336 ± 0.0000,0.6574,0.0,0.6574 ± 0.0000,1.0,0.0,1.0000 ± 0.0000,0.8016,0.0,0.8016 ± 0.0000,0.9927,0.0,0.9927 ± 0.0000,0.6299,0.0,0.6299 ± 0.0000,0.6256,0.0,0.6256 ± 0.0000,0.8406,0.0,0.8406 ± 0.0000,0.2207,0.0,0.2207 ± 0.0000
NestedUNet_DP_Morph,LungInfection,True,psac,200.0,True,open,3,0.0001,24,1.5,,training,1.1479747295379639,0.0012907050887976188,1.1480 ± 0.0013,298.838693857193,1.9804955843923344,298.8387 ± 1.9805,0.4653,0.0,0.4653 ± 0.0000,0.6128,0.0,0.6128 ± 0.0000,0.6355,0.0,0.6355 ± 0.0000,1.0,0.0,1.0000 ± 0.0000,0.783,0.0,0.7830 ± 0.0000,0.9956,0.0,0.9956 ± 0.0000,0.6107,0.0,0.6107 ± 0.0000,0.6001,0.0,0.6001 ± 0.0000,0.8202,0.0,0.8202 ± 0.0000,0.2419,0.0,0.2419 ± 0.0000
NestedUNet_DP_Morph,LungInfection,True,psac,200.0,True,open,5,0.0001,24,1.5,,training,1.093533217906952,0.034987531941742506,1.0935 ± 0.0350,306.85544872283936,5.526355131035493,306.8554 ± 5.5264,0.4617,0.0,0.4617 ± 0.0000,0.6222,0.0,0.6222 ± 0.0000,0.6491,0.0,0.6491 ± 0.0000,1.0,0.0,1.0000 ± 0.0000,0.7729,0.0,0.7729 ± 0.0000,0.9999,0.0,0.9999 ± 0.0000,0.61,0.0,0.6100 ± 0.0000,0.5908,0.0,0.5908 ± 0.0000,0.8292,0.0,0.8292 ± 0.0000,0.2493,0.0,0.2493 ± 0.0000
NestedUNet_DP_Morph,LungInfection,True,psac,200.0,True,open,7,0.0001,24,1.5,,training,1.112791121006012,0.023151348180731113,1.1128 ± 0.0232,306.5205407142639,6.765093492793968,306.5205 ± 6.7651,0.4524,0.0,0.4524 ± 0.0000,0.5866,0.0,0.5866 ± 0.0000,0.6585,0.0,0.6585 ± 0.0000,1.0,0.0,1.0000 ± 0.0000,0.7595,0.0,0.7595 ± 0.0000,0.9964,0.0,0.9964 ± 0.0000,0.5972,0.0,0.5972 ± 0.0000,0.5879,0.0,0.5879 ± 0.0000,0.8021,0.0,0.8021 ± 0.0000,0.2606,0.0,0.2606 ± 0.0000
NestedUNet_DP_Morph,LungInfection,True,psac,200.0,True,open,9,0.0001,24,1.5,,training,1.117505431175232,0.018884485531185224,1.1175 ± 0.0189,308.2183715105057,9.640781901824152,308.2184 ± 9.6408,0.4531,0.0,0.4531 ± 0.0000,0.5923,0.0,0.5923 ± 0.0000,0.6989,0.0,0.6989 ± 0.0000,1.0,0.0,1.0000 ± 0.0000,0.7519,0.0,0.7519 ± 0.0000,0.9951,0.0,0.9951 ± 0.0000,0.5943,0.0,0.5943 ± 0.0000,0.5813,0.0,0.5813 ± 0.0000,0.8137,0.0,0.8137 ± 0.0000,0.2573,0.0,0.2573 ± 0.0000
NestedUNet_DP_Morph,LungInfection,True,automatic,200.0,True,both,3,0.0001,24,2.0,,training,1.1261441707611084,0.06054546517244598,1.1261 ± 0.0605,288.57567298412323,6.104139702362971,288.5757 ± 6.1041,0.4745,0.0164048773235279,0.4745 ± 0.0164,0.6307,0.011172287142747398,0.6307 ± 0.0112,0.65145,0.018314065632731604,0.6514 ± 0.0183,1.0,0.0,1.0000 ± 0.0000,0.79165,0.0034648232278140937,0.7916 ± 0.0035,0.9971,0.004101219330881995,0.9971 ± 0.0041,0.62325,0.008838834764831813,0.6232 ± 0.0088,0.60825,0.015768481220460002,0.6082 ± 0.0158,0.8357,0.008061017305526696,0.8357 ± 0.0081,0.22975,0.003889087296526015,0.2298 ± 0.0039
NestedUNet_DP_Morph,LungInfection,True,automatic,200.0,True,both,5,0.0001,24,2.0,,training,1.0924458503723145,0.03382672344005546,1.0924 ± 0.0338,286.68232119083405,11.450762126734668,286.6823 ± 11.4508,0.47835,0.01421284630184961,0.4783 ± 0.0142,0.6109,0.017819090885900998,0.6109 ± 0.0178,0.6865,0.0369109739779378,0.6865 ± 0.0369,1.0,0.0,1.0000 ± 0.0000,0.76725,0.050840977567312824,0.7672 ± 0.0508,0.9944999999999999,0.007495331880577442,0.9945 ± 0.0075,0.6105499999999999,0.025950818869546338,0.6105 ± 0.0260,0.6100000000000001,0.026445793616376872,0.6100 ± 0.0264,0.8297000000000001,0.0035355339059327407,0.8297 ± 0.0035,0.24609999999999999,0.03549676041556468,0.2461 ± 0.0355
NestedUNet_DP_Morph,LungInfection,True,automatic,200.0,True,both,7,0.0001,24,2.0,,training,1.099379539489746,0.033222506219803286,1.0994 ± 0.0332,284.56486773490906,5.367902536772241,284.5649 ± 5.3679,0.47715,0.014354267658086905,0.4772 ± 0.0144,0.61195,0.002192031021678291,0.6119 ± 0.0022,0.64515,0.00685893577750954,0.6452 ± 0.0069,1.0,0.0,1.0000 ± 0.0000,0.81035,0.004030508652763348,0.8104 ± 0.0040,0.99975,0.00035355339059323483,0.9998 ± 0.0004,0.62825,0.004171930009000642,0.6282 ± 0.0042,0.6233,0.020364675298172603,0.6233 ± 0.0204,0.8257000000000001,0.00777817459305203,0.8257 ± 0.0078,0.21815,0.006717514421272188,0.2182 ± 0.0067
NestedUNet_DP_Morph,LungInfection,True,automatic,200.0,True,both,9,0.0001,24,2.0,,training,1.11033034324646,0.05156447751695628,1.1103 ± 0.0516,286.0370727777481,3.741406930979961,286.0371 ± 3.7414,0.4619,0.016687720036002527,0.4619 ± 0.0167,0.60355,0.027647875144394023,0.6036 ± 0.0276,0.6899,0.0035355339059327407,0.6899 ± 0.0035,1.0,0.0,1.0000 ± 0.0000,0.7635000000000001,0.0217788888605457,0.7635 ± 0.0218,0.99525,0.004171930009000642,0.9952 ± 0.0042,0.6049500000000001,0.015061374439273452,0.6050 ± 0.0151,0.58965,0.015909902576697294,0.5897 ± 0.0159,0.8223,0.02022325394193523,0.8223 ± 0.0202,0.24830000000000002,0.022061731573020306,0.2483 ± 0.0221
NestedUNet_DP_Morph,LungInfection,True,automatic,200.0,True,close,3,0.0001,24,2.0,,training,1.1464155316352844,0.08383707806502104,1.1464 ± 0.0838,289.67431461811066,7.478416259786296,289.6743 ± 7.4784,0.46055,0.01647558800164655,0.4606 ± 0.0165,0.6269,0.00820243866176399,0.6269 ± 0.0082,0.6318999999999999,0.02800142853498726,0.6319 ± 0.0280,1.0,0.0,1.0000 ± 0.0000,0.78935,0.003889087296526054,0.7893 ± 0.0039,0.99945,0.0004949747468306073,0.9994 ± 0.0005,0.61755,0.011242997820866046,0.6176 ± 0.0112,0.59425,0.01463711037056157,0.5942 ± 0.0146,0.8344499999999999,0.009263098833543773,0.8344 ± 0.0093,0.23675000000000002,0.008697413408594538,0.2368 ± 0.0087
NestedUNet_DP_Morph,LungInfection,True,automatic,200.0,True,close,5,0.0001,24,2.0,,training,1.1081498265266418,0.0023766607875293144,1.1081 ± 0.0024,285.7110924720764,1.3177067201772141,285.7111 ± 1.3177,0.47835,0.010111626970967616,0.4783 ± 0.0101,0.6334500000000001,0.009263098833543773,0.6335 ± 0.0093,0.6261,0.011879393923933947,0.6261 ± 0.0119,1.0,0.0,1.0000 ± 0.0000,0.7998000000000001,0.000989949493661136,0.7998 ± 0.0010,0.9954000000000001,0.0007071067811865482,0.9954 ± 0.0007,0.62425,0.0020506096654409976,0.6242 ± 0.0021,0.6165,0.010182337649086342,0.6165 ± 0.0102,0.83405,0.01308147545195118,0.8340 ± 0.0131,0.22870000000000001,0.0005656854249492346,0.2287 ± 0.0006
NestedUNet_DP_Morph,LungInfection,True,automatic,200.0,True,close,7,0.0001,24,2.0,,training,1.1026776432991028,0.035205178267452765,1.1027 ± 0.0352,289.2386431694031,3.422074252566623,289.2386 ± 3.4221,0.4837,0.007495331880577403,0.4837 ± 0.0075,0.62105,0.013930003589375023,0.6210 ± 0.0139,0.6379,0.0012727922061358025,0.6379 ± 0.0013,1.0,0.0,1.0000 ± 0.0000,0.8086,0.00028284271247458785,0.8086 ± 0.0003,0.99975,0.00021213203435594088,0.9998 ± 0.0002,0.627,0.003959797974644701,0.6270 ± 0.0040,0.6234500000000001,0.0045961940777126025,0.6235 ± 0.0046,0.8235,0.016122034611053236,0.8235 ± 0.0161,0.222,0.003818376618407368,0.2220 ± 0.0038
NestedUNet_DP_Morph,LungInfection,True,automatic,200.0,True,close,9,0.0001,24,2.0,,training,1.1513854265213013,0.009238083431405841,1.1514 ± 0.0092,289.8009316921234,11.711764578333293,289.8009 ± 11.7118,0.48360000000000003,0.007778174593051991,0.4836 ± 0.0078,0.627,0.008485281374238578,0.6270 ± 0.0085,0.63625,0.015061374439273452,0.6362 ± 0.0151,1.0,0.0,1.0000 ± 0.0000,0.81375,0.02382949852598662,0.8137 ± 0.0238,0.99795,0.0028991378028648397,0.9980 ± 0.0029,0.63065,0.011384419177103419,0.6307 ± 0.0114,0.6250500000000001,0.017889801564019644,0.6251 ± 0.0179,0.83045,0.005868986283848326,0.8305 ± 0.0059,0.2167,0.016687720036002527,0.2167 ± 0.0167
NestedUNet_DP_Morph,LungInfection,True,automatic,200.0,True,open,3,0.0001,24,2.0,,training,1.1401639580726624,0.03843564991211577,1.1402 ± 0.0384,282.4408804178238,3.662080492936273,282.4409 ± 3.6621,0.48125,0.012091525958289965,0.4813 ± 0.0121,0.6393,0.008626702730475872,0.6393 ± 0.0086,0.68115,0.0028991378028648397,0.6812 ± 0.0029,1.0,0.0,1.0000 ± 0.0000,0.7759499999999999,0.0020506096654409976,0.7759 ± 0.0021,0.99585,0.004313351365237936,0.9959 ± 0.0043,0.62135,0.005727564927611032,0.6213 ± 0.0057,0.60695,0.011808683245815299,0.6069 ± 0.0118,0.83945,0.001060660171779783,0.8395 ± 0.0011,0.2403,0.00028284271247460747,0.2403 ± 0.0003
NestedUNet_DP_Morph,LungInfection,True,automatic,200.0,True,open,5,0.0001,24,2.0,,training,1.0962821245193481,0.009577281268221516,1.0963 ± 0.0096,284.33461129665375,6.737459490099315,284.3346 ± 6.7375,0.46245,0.003747665940288721,0.4625 ± 0.0037,0.6404000000000001,0.0151320851173921,0.6404 ± 0.0151,0.6816,0.004949747468305837,0.6816 ± 0.0049,1.0,0.0,1.0000 ± 0.0000,0.7538,0.002545584412271605,0.7538 ± 0.0025,0.99725,0.0038890872965259755,0.9972 ± 0.0039,0.6081000000000001,0.0022627416997969383,0.6081 ± 0.0023,0.5795,0.0012727922061358025,0.5795 ± 0.0013,0.84395,0.00685893577750954,0.8439 ± 0.0069,0.25570000000000004,0.0032526911934581135,0.2557 ± 0.0033
NestedUNet_DP_Morph,LungInfection,True,automatic,200.0,True,open,7,0.0001,24,2.0,,training,1.075257420539856,0.02817668551607905,1.0753 ± 0.0282,288.0678390264511,8.154395064536638,288.0678 ± 8.1544,0.481,0.008061017305526656,0.4810 ± 0.0081,0.6353,0.025738686835190323,0.6353 ± 0.0257,0.69215,0.011525840533340711,0.6922 ± 0.0115,1.0,0.0,1.0000 ± 0.0000,0.76955,0.032314779900225195,0.7695 ± 0.0323,1.0,0.0,1.0000 ± 0.0000,0.61405,0.011384419177103419,0.6140 ± 0.0114,0.60785,0.024112341238461284,0.6079 ± 0.0241,0.84395,0.01958685783886741,0.8439 ± 0.0196,0.2445,0.022768838354206837,0.2445 ± 0.0228
NestedUNet_DP_Morph,LungInfection,True,automatic,200.0,True,open,9,0.0001,24,2.0,,training,1.0796135663986206,0.032642059822111255,1.0796 ± 0.0326,284.5106773376465,1.390938723926227,284.5107 ± 1.3909,0.47365,0.00841457069611993,0.4737 ± 0.0084,0.6205499999999999,0.004030508652763269,0.6205 ± 0.0040,0.68425,0.04179001076812499,0.6843 ± 0.0418,1.0,0.0,1.0000 ± 0.0000,0.7706,0.004666904755831249,0.7706 ± 0.0047,0.99865,0.00035355339059331333,0.9987 ± 0.0004,0.6122,0.0015556349186103902,0.6122 ± 0.0016,0.6012500000000001,0.003747665940288682,0.6013 ± 0.0037,0.8322,0.006505382386916227,0.8322 ± 0.0065,0.244,0.0008485281374238617,0.2440 ± 0.0008
NestedUNet_DP_Morph,LungInfection,True,nsgd,200.0,True,both,3,0.0001,24,2.0,,training,1.2257843017578125,0.0,1.2258 ± 0.0000,286.3207221031189,0.0,286.3207 ± 0.0000,0.3795,0.0,0.3795 ± 0.0000,0.5759,0.0,0.5759 ± 0.0000,0.6916,0.0,0.6916 ± 0.0000,1.0,0.0,1.0000 ± 0.0000,0.6622,0.0,0.6622 ± 0.0000,0.9998,0.0,0.9998 ± 0.0000,0.548,0.0,0.5480 ± 0.0000,0.485,0.0,0.4850 ± 0.0000,0.8235,0.0,0.8235 ± 0.0000,0.3293,0.0,0.3293 ± 0.0000
NestedUNet_DP_Morph,LungInfection,True,nsgd,200.0,True,both,5,0.0001,24,2.0,,training,1.2141929864883425,0.0,1.2142 ± 0.0000,282.0803942680359,0.0,282.0804 ± 0.0000,0.4174,0.0,0.4174 ± 0.0000,0.5792,0.0,0.5792 ± 0.0000,0.6399,0.0,0.6399 ± 0.0000,1.0,0.0,1.0000 ± 0.0000,0.7354,0.0,0.7354 ± 0.0000,0.9998,0.0,0.9998 ± 0.0000,0.5795,0.0,0.5795 ± 0.0000,0.5455,0.0,0.5455 ± 0.0000,0.8066,0.0,0.8066 ± 0.0000,0.2816,0.0,0.2816 ± 0.0000
NestedUNet_DP_Morph,LungInfection,True,nsgd,200.0,True,both,7,0.0001,24,2.0,,training,1.1443114280700684,0.0,1.1443 ± 0.0000,290.6978781223297,0.0,290.6979 ± 0.0000,0.432,0.0,0.4320 ± 0.0000,0.6101,0.0,0.6101 ± 0.0000,0.7538,0.0,0.7538 ± 0.0000,1.0,0.0,1.0000 ± 0.0000,0.6825,0.0,0.6825 ± 0.0000,0.9862,0.0,0.9862 ± 0.0000,0.5639,0.0,0.5639 ± 0.0000,0.5293,0.0,0.5293 ± 0.0000,0.8336,0.0,0.8336 ± 0.0000,0.3055,0.0,0.3055 ± 0.0000
NestedUNet_DP_Morph,LungInfection,True,nsgd,200.0,True,both,9,0.0001,24,2.0,,training,1.1879396438598633,0.0,1.1879 ± 0.0000,289.7139437198639,0.0,289.7139 ± 0.0000,0.4193,0.0,0.4193 ± 0.0000,0.5995,0.0,0.5995 ± 0.0000,0.6569,0.0,0.6569 ± 0.0000,1.0,0.0,1.0000 ± 0.0000,0.7392,0.0,0.7392 ± 0.0000,1.0,0.0,1.0000 ± 0.0000,0.5867,0.0,0.5867 ± 0.0000,0.5421,0.0,0.5421 ± 0.0000,0.8259,0.0,0.8259 ± 0.0000,0.2752,0.0,0.2752 ± 0.0000
NestedUNet_DP_Morph,LungInfection,True,nsgd,200.0,True,close,3,0.0001,24,2.0,,training,1.21046781539917,0.0,1.2105 ± 0.0000,286.6749577522278,0.0,286.6750 ± 0.0000,0.4038,0.0,0.4038 ± 0.0000,0.5867,0.0,0.5867 ± 0.0000,0.6287,0.0,0.6287 ± 0.0000,1.0,0.0,1.0000 ± 0.0000,0.7398,0.0,0.7398 ± 0.0000,1.0,0.0,1.0000 ± 0.0000,0.5795,0.0,0.5795 ± 0.0000,0.5276,0.0,0.5276 ± 0.0000,0.8201,0.0,0.8201 ± 0.0000,0.2783,0.0,0.2783 ± 0.0000
NestedUNet_DP_Morph,LungInfection,True,nsgd,200.0,True,close,5,0.0001,24,2.0,,training,1.2080848217010498,0.0,1.2081 ± 0.0000,286.1197226047516,0.0,286.1197 ± 0.0000,0.4322,0.0,0.4322 ± 0.0000,0.606,0.0,0.6060 ± 0.0000,0.6399,0.0,0.6399 ± 0.0000,1.0,0.0,1.0000 ± 0.0000,0.7561,0.0,0.7561 ± 0.0000,0.9911,0.0,0.9911 ± 0.0000,0.5999,0.0,0.5999 ± 0.0000,0.5631,0.0,0.5631 ± 0.0000,0.8198,0.0,0.8198 ± 0.0000,0.2624,0.0,0.2624 ± 0.0000
NestedUNet_DP_Morph,LungInfection,True,nsgd,200.0,True,close,7,0.0001,24,2.0,,training,1.2128909826278689,0.0,1.2129 ± 0.0000,288.6049976348877,0.0,288.6050 ± 0.0000,0.3902,0.0,0.3902 ± 0.0000,0.5638,0.0,0.5638 ± 0.0000,0.6411,0.0,0.6411 ± 0.0000,1.0,0.0,1.0000 ± 0.0000,0.7223,0.0,0.7223 ± 0.0000,0.9962,0.0,0.9962 ± 0.0000,0.5633,0.0,0.5633 ± 0.0000,0.5147,0.0,0.5147 ± 0.0000,0.8059,0.0,0.8059 ± 0.0000,0.2908,0.0,0.2908 ± 0.0000
NestedUNet_DP_Morph,LungInfection,True,nsgd,200.0,True,close,9,0.0001,24,2.0,,training,1.3719600439071655,0.0,1.3720 ± 0.0000,283.3415877819061,0.0,283.3416 ± 0.0000,0.3545,0.0,0.3545 ± 0.0000,0.5508,0.0,0.5508 ± 0.0000,0.6075,0.0,0.6075 ± 0.0000,1.0,0.0,1.0000 ± 0.0000,0.6938,0.0,0.6938 ± 0.0000,0.9999,0.0,0.9999 ± 0.0000,0.5447,0.0,0.5447 ± 0.0000,0.466,0.0,0.4660 ± 0.0000,0.7792,0.0,0.7792 ± 0.0000,0.3277,0.0,0.3277 ± 0.0000
NestedUNet_DP_Morph,LungInfection,True,nsgd,200.0,True,open,3,0.0001,24,2.0,,training,1.2552951574325562,0.0,1.2553 ± 0.0000,289.2939865589142,0.0,289.2940 ± 0.0000,0.404,0.0,0.4040 ± 0.0000,0.5939,0.0,0.5939 ± 0.0000,0.7096,0.0,0.7096 ± 0.0000,1.0,0.0,1.0000 ± 0.0000,0.6508,0.0,0.6508 ± 0.0000,0.9992,0.0,0.9992 ± 0.0000,0.5464,0.0,0.5464 ± 0.0000,0.4995,0.0,0.4995 ± 0.0000,0.8287,0.0,0.8287 ± 0.0000,0.3369,0.0,0.3369 ± 0.0000
NestedUNet_DP_Morph,LungInfection,True,nsgd,200.0,True,open,5,0.0001,24,2.0,,training,1.189913272857666,0.0,1.1899 ± 0.0000,281.2184855937958,0.0,281.2185 ± 0.0000,0.3933,0.0,0.3933 ± 0.0000,0.5758,0.0,0.5758 ± 0.0000,0.6891,0.0,0.6891 ± 0.0000,1.0,0.0,1.0000 ± 0.0000,0.6723,0.0,0.6723 ± 0.0000,0.9963,0.0,0.9963 ± 0.0000,0.5529,0.0,0.5529 ± 0.0000,0.4968,0.0,0.4968 ± 0.0000,0.8022,0.0,0.8022 ± 0.0000,0.3264,0.0,0.3264 ± 0.0000
NestedUNet_DP_Morph,LungInfection,True,nsgd,200.0,True,open,7,0.0001,24,2.0,,training,1.154010534286499,0.0,1.1540 ± 0.0000,288.96436858177185,0.0,288.9644 ± 0.0000,0.4378,0.0,0.4378 ± 0.0000,0.6116,0.0,0.6116 ± 0.0000,0.6734,0.0,0.6734 ± 0.0000,1.0,0.0,1.0000 ± 0.0000,0.7494,0.0,0.7494 ± 0.0000,0.9971,0.0,0.9971 ± 0.0000,0.5983,0.0,0.5983 ± 0.0000,0.5583,0.0,0.5583 ± 0.0000,0.8202,0.0,0.8202 ± 0.0000,0.2632,0.0,0.2632 ± 0.0000
NestedUNet_DP_Morph,LungInfection,True,nsgd,200.0,True,open,9,0.0001,24,2.0,,training,1.1918363571166992,0.0,1.1918 ± 0.0000,294.98380637168884,0.0,294.9838 ± 0.0000,0.3955,0.0,0.3955 ± 0.0000,0.572,0.0,0.5720 ± 0.0000,0.7116,0.0,0.7116 ± 0.0000,1.0,0.0,1.0000 ± 0.0000,0.6736,0.0,0.6736 ± 0.0000,1.0,0.0,1.0000 ± 0.0000,0.546,0.0,0.5460 ± 0.0000,0.4998,0.0,0.4998 ± 0.0000,0.816,0.0,0.8160 ± 0.0000,0.3199,0.0,0.3199 ± 0.0000
NestedUNet_DP_Morph,LungInfection,True,psac,200.0,True,both,3,0.0001,24,2.0,,training,1.0826939940452576,0.008349206396311086,1.0827 ± 0.0083,305.56702518463135,1.8918661567705737,305.5670 ± 1.8919,0.4724,0.0,0.4724 ± 0.0000,0.6137,0.0,0.6137 ± 0.0000,0.6113,0.0,0.6113 ± 0.0000,1.0,0.0,1.0000 ± 0.0000,0.8124,0.0,0.8124 ± 0.0000,0.991,0.0,0.9910 ± 0.0000,0.6275,0.0,0.6275 ± 0.0000,0.6207,0.0,0.6207 ± 0.0000,0.8301,0.0,0.8301 ± 0.0000,0.2188,0.0,0.2188 ± 0.0000
NestedUNet_DP_Morph,LungInfection,True,psac,200.0,True,both,5,0.0001,24,2.0,,training,1.183713674545288,0.0011479115660427098,1.1837 ± 0.0011,307.1487650871277,9.948509698381107,307.1488 ± 9.9485,0.423,0.0,0.4230 ± 0.0000,0.6063,0.0,0.6063 ± 0.0000,0.6768,0.0,0.6768 ± 0.0000,1.0,0.0,1.0000 ± 0.0000,0.7089,0.0,0.7089 ± 0.0000,1.0,0.0,1.0000 ± 0.0000,0.5726,0.0,0.5726 ± 0.0000,0.5325,0.0,0.5325 ± 0.0000,0.8287,0.0,0.8287 ± 0.0000,0.2969,0.0,0.2969 ± 0.0000
NestedUNet_DP_Morph,LungInfection,True,psac,200.0,True,both,7,0.0001,24,2.0,,training,1.154443621635437,0.048738784205391905,1.1544 ± 0.0487,304.54818177223206,0.2803402686323938,304.5482 ± 0.2803,0.4434,0.0,0.4434 ± 0.0000,0.6166,0.0,0.6166 ± 0.0000,0.6696,0.0,0.6696 ± 0.0000,1.0,0.0,1.0000 ± 0.0000,0.7433,0.0,0.7433 ± 0.0000,0.9995,0.0,0.9995 ± 0.0000,0.5927,0.0,0.5927 ± 0.0000,0.5662,0.0,0.5662 ± 0.0000,0.8314,0.0,0.8314 ± 0.0000,0.2685,0.0,0.2685 ± 0.0000
NestedUNet_DP_Morph,LungInfection,True,psac,200.0,True,both,9,0.0001,24,2.0,,training,1.0997003316879272,0.04897851547972187,1.0997 ± 0.0490,311.53694343566895,6.50963065437622,311.5369 ± 6.5096,0.4582,0.0,0.4582 ± 0.0000,0.6295,0.0,0.6295 ± 0.0000,0.6482,0.0,0.6482 ± 0.0000,1.0,0.0,1.0000 ± 0.0000,0.778,0.0,0.7780 ± 0.0000,0.9984,0.0,0.9984 ± 0.0000,0.6168,0.0,0.6168 ± 0.0000,0.5874,0.0,0.5874 ± 0.0000,0.8342,0.0,0.8342 ± 0.0000,0.2463,0.0,0.2463 ± 0.0000
NestedUNet_DP_Morph,LungInfection,True,psac,200.0,True,close,3,0.0001,24,2.0,,training,1.175017774105072,0.004677710128830085,1.1750 ± 0.0047,301.35405695438385,3.949424219092025,301.3541 ± 3.9494,0.4714,0.0,0.4714 ± 0.0000,0.6289,0.0,0.6289 ± 0.0000,0.6536,0.0,0.6536 ± 0.0000,1.0,0.0,1.0000 ± 0.0000,0.7874,0.0,0.7874 ± 0.0000,0.9993,0.0,0.9993 ± 0.0000,0.6206,0.0,0.6206 ± 0.0000,0.601,0.0,0.6010 ± 0.0000,0.8323,0.0,0.8323 ± 0.0000,0.2374,0.0,0.2374 ± 0.0000
NestedUNet_DP_Morph,LungInfection,True,psac,200.0,True,close,5,0.0001,24,2.0,,training,1.1456977128982544,4.383272245132979e-06,1.1457 ± 0.0000,306.51639664173126,0.38218812805896923,306.5164 ± 0.3822,0.4627,0.0,0.4627 ± 0.0000,0.6158,0.0,0.6158 ± 0.0000,0.612,0.0,0.6120 ± 0.0000,1.0,0.0,1.0000 ± 0.0000,0.8079,0.0,0.8079 ± 0.0000,0.9985,0.0,0.9985 ± 0.0000,0.6229,0.0,0.6229 ± 0.0000,0.6077,0.0,0.6077 ± 0.0000,0.8319,0.0,0.8319 ± 0.0000,0.2239,0.0,0.2239 ± 0.0000
NestedUNet_DP_Morph,LungInfection,True,psac,200.0,True,close,7,0.0001,24,2.0,,training,1.1446638703346252,0.02569297173333191,1.1447 ± 0.0257,306.8827191591263,4.623836846951702,306.8827 ± 4.6238,0.4425,0.0,0.4425 ± 0.0000,0.6239,0.0,0.6239 ± 0.0000,0.6334,0.0,0.6334 ± 0.0000,1.0,0.0,1.0000 ± 0.0000,0.7539,0.0,0.7539 ± 0.0000,1.0,0.0,1.0000 ± 0.0000,0.5968,0.0,0.5968 ± 0.0000,0.5655,0.0,0.5655 ± 0.0000,0.8395,0.0,0.8395 ± 0.0000,0.2636,0.0,0.2636 ± 0.0000
NestedUNet_DP_Morph,LungInfection,True,psac,200.0,True,close,9,0.0001,24,2.0,,training,1.1904948949813843,0.1084908771014685,1.1905 ± 0.1085,307.1016058921814,0.381854493606157,307.1016 ± 0.3819,0.4768,0.0,0.4768 ± 0.0000,0.6124,0.0,0.6124 ± 0.0000,0.6468,0.0,0.6468 ± 0.0000,1.0,0.0,1.0000 ± 0.0000,0.79,0.0,0.7900 ± 0.0000,0.9936,0.0,0.9936 ± 0.0000,0.6174,0.0,0.6174 ± 0.0000,0.6143,0.0,0.6143 ± 0.0000,0.8087,0.0,0.8087 ± 0.0000,0.237,0.0,0.2370 ± 0.0000
NestedUNet_DP_Morph,LungInfection,True,psac,200.0,True,open,3,0.0001,24,2.0,,training,1.1366312503814697,0.01295526688267265,1.1366 ± 0.0130,302.86191976070404,1.034180655559579,302.8619 ± 1.0342,0.4584,0.0,0.4584 ± 0.0000,0.6228,0.0,0.6228 ± 0.0000,0.6347,0.0,0.6347 ± 0.0000,1.0,0.0,1.0000 ± 0.0000,0.7694,0.0,0.7694 ± 0.0000,0.9927,0.0,0.9927 ± 0.0000,0.6088,0.0,0.6088 ± 0.0000,0.5865,0.0,0.5865 ± 0.0000,0.8292,0.0,0.8292 ± 0.0000,0.2511,0.0,0.2511 ± 0.0000
NestedUNet_DP_Morph,LungInfection,True,psac,200.0,True,open,5,0.0001,24,2.0,,training,1.1018028855323792,0.005304180885096014,1.1018 ± 0.0053,299.98661983013153,2.549172390344043,299.9866 ± 2.5492,0.4864,0.0,0.4864 ± 0.0000,0.6295,0.0,0.6295 ± 0.0000,0.6536,0.0,0.6536 ± 0.0000,1.0,0.0,1.0000 ± 0.0000,0.7904,0.0,0.7904 ± 0.0000,0.9967,0.0,0.9967 ± 0.0000,0.6235,0.0,0.6235 ± 0.0000,0.6234,0.0,0.6234 ± 0.0000,0.8391,0.0,0.8391 ± 0.0000,0.2301,0.0,0.2301 ± 0.0000
NestedUNet_DP_Morph,LungInfection,True,psac,200.0,True,open,7,0.0001,24,2.0,,training,1.129672646522522,0.007342149597991784,1.1297 ± 0.0073,302.0508761405945,2.5723132018126464,302.0509 ± 2.5723,0.4335,0.0,0.4335 ± 0.0000,0.5898,0.0,0.5898 ± 0.0000,0.6626,0.0,0.6626 ± 0.0000,1.0,0.0,1.0000 ± 0.0000,0.7374,0.0,0.7374 ± 0.0000,1.0,0.0,1.0000 ± 0.0000,0.5831,0.0,0.5831 ± 0.0000,0.5556,0.0,0.5556 ± 0.0000,0.8133,0.0,0.8133 ± 0.0000,0.2788,0.0,0.2788 ± 0.0000
NestedUNet_DP_Morph,LungInfection,True,psac,200.0,True,open,9,0.0001,24,2.0,,training,1.1105694770812988,0.016241709542158124,1.1106 ± 0.0162,301.29692554473877,2.018658038432443,301.2969 ± 2.0187,0.4347,0.0,0.4347 ± 0.0000,0.6112,0.0,0.6112 ± 0.0000,0.6757,0.0,0.6757 ± 0.0000,1.0,0.0,1.0000 ± 0.0000,0.7194,0.0,0.7194 ± 0.0000,0.9999,0.0,0.9999 ± 0.0000,0.578,0.0,0.5780 ± 0.0000,0.5525,0.0,0.5525 ± 0.0000,0.8321,0.0,0.8321 ± 0.0000,0.2888,0.0,0.2888 ± 0.0000
NestedUNet_DP_Morph,LungInfection,True,automatic,8.0,True,both,3,0.0001,48,1.2,,training,1.3496752381324768,0.009084416021735122,1.3497 ± 0.0091,281.26866257190704,4.6348894365051985,281.2687 ± 4.6349,0.29864999999999997,0.020859650045003172,0.2986 ± 0.0209,0.47265,0.0017677669529663704,0.4727 ± 0.0018,0.63195,0.031183409050326766,0.6320 ± 0.0312,1.0,0.0,1.0000 ± 0.0000,0.6019000000000001,0.003676955262170035,0.6019 ± 0.0037,0.9955499999999999,0.006010407640085699,0.9955 ± 0.0060,0.49895,0.004313351365237936,0.4990 ± 0.0043,0.40845,0.014778531726798825,0.4084 ± 0.0148,0.7495,0.006646803743153521,0.7495 ± 0.0066,0.3853,0.013576450198781708,0.3853 ± 0.0136
NestedUNet_DP_Morph,LungInfection,True,automatic,8.0,True,both,5,0.0001,48,1.2,,training,1.3040895462036133,0.010296306503817368,1.3041 ± 0.0103,277.2039769887924,0.734801475343056,277.2040 ± 0.7348,0.3386,0.008768124086713205,0.3386 ± 0.0088,0.5544,0.011030865786510182,0.5544 ± 0.0110,0.67335,0.02085965004500321,0.6734 ± 0.0209,1.0,0.0,1.0000 ± 0.0000,0.60965,0.016051323932934587,0.6097 ± 0.0161,0.9982500000000001,0.0023334523779155853,0.9983 ± 0.0023,0.51315,0.00685893577750954,0.5131 ± 0.0069,0.4302,0.018384776310850212,0.4302 ± 0.0184,0.7895,0.015697770542341352,0.7895 ± 0.0157,0.37395,0.019586857838867367,0.3740 ± 0.0196
NestedUNet_DP_Morph,LungInfection,True,automatic,8.0,True,both,7,0.0001,48,1.2,,training,1.3414658308029175,0.05293290139440799,1.3415 ± 0.0529,282.32645869255066,13.261566238239874,282.3265 ± 13.2616,0.27315,0.03924442635585338,0.2732 ± 0.0392,0.45209999999999995,0.011030865786510143,0.4521 ± 0.0110,0.5992500000000001,0.07007428201558692,0.5993 ± 0.0701,1.0,0.0,1.0000 ± 0.0000,0.5868,0.012162236636408613,0.5868 ± 0.0122,0.99855,0.00021213203435601938,0.9986 ± 0.0002,0.4858,0.015273506473629432,0.4858 ± 0.0153,0.3899,0.022485995641732207,0.3899 ± 0.0225,0.73455,0.022698127676088187,0.7346 ± 0.0227,0.39795,0.00756604255869605,0.3980 ± 0.0076
NestedUNet_DP_Morph,LungInfection,True,automatic,8.0,True,both,9,0.0001,48,1.2,,training,1.3328222036361694,0.014472047666882863,1.3328 ± 0.0145,289.0447721481323,24.317055494914275,289.0448 ± 24.3171,0.33809999999999996,0.016687720036002527,0.3381 ± 0.0167,0.5281,0.03733523804664968,0.5281 ± 0.0373,0.6625,0.015273506473629472,0.6625 ± 0.0153,1.0,0.0,1.0000 ± 0.0000,0.6242000000000001,0.03068843430349616,0.6242 ± 0.0307,0.9976,0.0015556349186103902,0.9976 ± 0.0016,0.52215,0.017041273426595803,0.5222 ± 0.0170,0.4427,0.021778888860545662,0.4427 ± 0.0218,0.7687999999999999,0.047517575695736024,0.7688 ± 0.0475,0.36585,0.027506453788156693,0.3659 ± 0.0275
NestedUNet_DP_Morph,LungInfection,True,automatic,8.0,True,close,3,0.0001,48,1.2,,training,1.3096396923065186,0.054534650225216,1.3096 ± 0.0545,285.7227467298508,17.85189870084893,285.7227 ± 17.8519,0.2761,0.03478965363437815,0.2761 ± 0.0348,0.46955,0.007707463914933344,0.4696 ± 0.0077,0.63565,0.030759144981614805,0.6357 ± 0.0308,1.0,0.0,1.0000 ± 0.0000,0.49365000000000003,0.11136931803688126,0.4937 ± 0.1114,0.9934000000000001,0.003111269837220859,0.9934 ± 0.0031,0.4857,0.009899494936611674,0.4857 ± 0.0099,0.3789,0.040729350596345124,0.3789 ± 0.0407,0.7304999999999999,0.02927422074112306,0.7305 ± 0.0293,0.4036,0.014990663761154805,0.4036 ± 0.0150
NestedUNet_DP_Morph,LungInfection,True,automatic,8.0,True,close,5,0.0001,48,1.2,,training,1.3831321597099304,0.07829325019929208,1.3831 ± 0.0783,289.45977902412415,6.801397776576928,289.4598 ± 6.8014,0.29955,0.0027577164466275456,0.2995 ± 0.0028,0.4983,0.01598061325481602,0.4983 ± 0.0160,0.6168,0.038183766184073605,0.6168 ± 0.0382,1.0,0.0,1.0000 ± 0.0000,0.60835,0.03245620125646249,0.6083 ± 0.0325,0.99885,0.0004949747468305288,0.9989 ± 0.0005,0.5079,0.009475230867899713,0.5079 ± 0.0095,0.4132,0.008061017305526656,0.4132 ± 0.0081,0.7853,0.005374011537017797,0.7853 ± 0.0054,0.37070000000000003,0.020081832585697977,0.3707 ± 0.0201
NestedUNet_DP_Morph,LungInfection,True,automatic,8.0,True,close,7,0.0001,48,1.2,,training,1.440718412399292,0.018967093354266575,1.4407 ± 0.0190,278.69396007061005,1.0938713826442237,278.6940 ± 1.0939,0.30375,0.0499924494298889,0.3038 ± 0.0500,0.5038,0.04143645737753172,0.5038 ± 0.0414,0.57515,0.06880148980945111,0.5752 ± 0.0688,1.0,0.0,1.0000 ± 0.0000,0.65845,0.014354267658086905,0.6584 ± 0.0144,0.9997,0.0004242640687119603,0.9997 ± 0.0004,0.51595,0.02708218971944477,0.5160 ± 0.0271,0.4299,0.038749451609022774,0.4299 ± 0.0387,0.7798499999999999,0.0006363961030679012,0.7798 ± 0.0006,0.3478,0.012020815280171319,0.3478 ± 0.0120
NestedUNet_DP_Morph,LungInfection,True,automatic,8.0,True,close,9,0.0001,48,1.2,,training,1.2870805859565735,0.022130720097191303,1.2871 ± 0.0221,281.0107843875885,1.1540262308246703,281.0108 ± 1.1540,0.32375,0.01534421715174808,0.3237 ± 0.0153,0.5065999999999999,0.04242640687119281,0.5066 ± 0.0424,0.66865,0.018031222920256936,0.6686 ± 0.0180,1.0,0.0,1.0000 ± 0.0000,0.6113999999999999,0.0029698484809835652,0.6114 ± 0.0030,0.99915,0.0010606601717798615,0.9991 ± 0.0011,0.51355,0.0058689862838484045,0.5135 ± 0.0059,0.42810000000000004,0.004525483399593916,0.4281 ± 0.0045,0.7656499999999999,0.05253803384216042,0.7656 ± 0.0525,0.36970000000000003,0.001979898987322311,0.3697 ± 0.0020
NestedUNet_DP_Morph,LungInfection,True,automatic,8.0,True,open,3,0.0001,48,1.2,,training,1.3570202589035034,0.06280487342741768,1.3570 ± 0.0628,279.071609377861,8.386919564945988,279.0716 ± 8.3869,0.2843,0.0329511760032931,0.2843 ± 0.0330,0.46599999999999997,0.0936209378290989,0.4660 ± 0.0936,0.65825,0.018031222920257016,0.6583 ± 0.0180,1.0,0.0,1.0000 ± 0.0000,0.5123,0.08980256121069154,0.5123 ± 0.0898,0.9901,0.00820243866176399,0.9901 ± 0.0082,0.47140000000000004,0.03379970414071698,0.4714 ± 0.0338,0.3755,0.041860721446243636,0.3755 ± 0.0419,0.742,0.05897270555095801,0.7420 ± 0.0590,0.4257,0.04200214280248093,0.4257 ± 0.0420
NestedUNet_DP_Morph,LungInfection,True,automatic,8.0,True,open,5,0.0001,48,1.2,,training,1.273554265499115,0.04612728117795989,1.2736 ± 0.0461,289.6176327466965,12.52766704262974,289.6176 ± 12.5277,0.35155000000000003,0.021283914113715052,0.3516 ± 0.0213,0.5509,0.007495331880577442,0.5509 ± 0.0075,0.6890000000000001,0.03309259735953047,0.6890 ± 0.0331,1.0,0.0,1.0000 ± 0.0000,0.6187,0.0014142135623730963,0.6187 ± 0.0014,0.9999,0.00014142135623729392,0.9999 ± 0.0001,0.5227999999999999,0.004808326112068543,0.5228 ± 0.0048,0.44645,0.018031222920256978,0.4465 ± 0.0180,0.7880499999999999,0.01619274528917196,0.7880 ± 0.0162,0.37045,0.00487903679018719,0.3705 ± 0.0049
NestedUNet_DP_Morph,LungInfection,True,automatic,8.0,True,open,7,0.0001,48,1.2,,training,1.3616726398468018,0.11942933298919785,1.3617 ± 0.1194,296.96416211128235,10.172554252870105,296.9642 ± 10.1726,0.2398,0.11539982668964456,0.2398 ± 0.1154,0.4239,0.07863027406794407,0.4239 ± 0.0786,0.546,0.21552614690565972,0.5460 ± 0.2155,1.0,0.0,1.0000 ± 0.0000,0.5469999999999999,0.05105310960166868,0.5470 ± 0.0511,0.9905,0.0072124891681027755,0.9905 ± 0.0072,0.485,0.011737972567696691,0.4850 ± 0.0117,0.38415,0.032314779900225195,0.3841 ± 0.0323,0.69865,0.04080006127446385,0.6986 ± 0.0408,0.36970000000000003,0.047941839764447935,0.3697 ± 0.0479
NestedUNet_DP_Morph,LungInfection,True,automatic,8.0,True,open,9,0.0001,48,1.2,,training,1.3922663927078247,0.05017784620094787,1.3923 ± 0.0502,279.9568250179291,5.432528828404905,279.9568 ± 5.4325,0.26365,0.043204224330498066,0.2636 ± 0.0432,0.45285,0.044759859249108434,0.4528 ± 0.0448,0.5747,0.0009899494936612145,0.5747 ± 0.0010,1.0,0.0,1.0000 ± 0.0000,0.5527,0.10436896090313438,0.5527 ± 0.1044,0.9963500000000001,0.004030508652763269,0.9964 ± 0.0040,0.49215,0.02510229073212246,0.4921 ± 0.0251,0.3983,0.051618795026617974,0.3983 ± 0.0516,0.7381,0.05091168824543146,0.7381 ± 0.0509,0.37970000000000004,0.031112698372208078,0.3797 ± 0.0311
NestedUNet_DP_Morph,LungInfection,True,base,8.0,True,both,3,0.0001,48,1.2,,training,1.3133413195610046,0.03197082911272676,1.3133 ± 0.0320,284.4321097135544,6.331174660047515,284.4321 ± 6.3312,0.31384999999999996,0.025385133444597047,0.3138 ± 0.0254,0.5291,0.0028284271247461927,0.5291 ± 0.0028,0.6476500000000001,0.008414570696119852,0.6477 ± 0.0084,1.0,0.0,1.0000 ± 0.0000,0.5895,0.05741707063234762,0.5895 ± 0.0574,0.9995499999999999,0.0006363961030679012,0.9995 ± 0.0006,0.49775,0.04391133111168463,0.4978 ± 0.0439,0.41365,0.04716402230514271,0.4137 ± 0.0472,0.79535,0.0013435028842544493,0.7954 ± 0.0013,0.39085000000000003,0.05550788232314395,0.3909 ± 0.0555
NestedUNet_DP_Morph,LungInfection,True,base,8.0,True,both,5,0.0001,48,1.2,,training,1.3083983063697815,0.09412478661174219,1.3084 ± 0.0941,289.2301585674286,8.605507451252018,289.2302 ± 8.6055,0.3097,0.04270924958366744,0.3097 ± 0.0427,0.50095,0.04914392129246502,0.5010 ± 0.0491,0.6362000000000001,0.019233304448274095,0.6362 ± 0.0192,1.0,0.0,1.0000 ± 0.0000,0.6043499999999999,0.09821713190681139,0.6043 ± 0.0982,0.9956499999999999,0.0034648232278140937,0.9956 ± 0.0035,0.50955,0.04560838738653228,0.5095 ± 0.0456,0.4167,0.05289158723275374,0.4167 ± 0.0529,0.7726500000000001,0.01223294731452726,0.7727 ± 0.0122,0.3757,0.06194255403194157,0.3757 ± 0.0619
NestedUNet_DP_Morph,LungInfection,True,base,8.0,True,close,3,0.0001,48,1.2,,training,1.3153557777404785,0.009194082121560468,1.3154 ± 0.0092,281.6573030948639,2.197936233481898,281.6573 ± 2.1979,0.2995,0.02022325394193527,0.2995 ± 0.0202,0.4796,0.010323759005323596,0.4796 ± 0.0103,0.6041000000000001,0.049214631970583705,0.6041 ± 0.0492,1.0,0.0,1.0000 ± 0.0000,0.6268499999999999,0.006576093065034874,0.6268 ± 0.0066,0.9991000000000001,0.0007071067811865482,0.9991 ± 0.0007,0.51485,0.0027577164466275456,0.5149 ± 0.0028,0.4289,0.0005656854249492542,0.4289 ± 0.0006,0.75795,0.008697413408594519,0.7580 ± 0.0087,0.35855,0.01647558800164655,0.3585 ± 0.0165
NestedUNet_DP_Morph,LungInfection,True,base,8.0,True,close,5,0.0001,48,1.2,,training,1.351087749004364,0.010000688508361957,1.3511 ± 0.0100,276.47638988494873,1.7696493998082594,276.4764 ± 1.7696,0.2889,0.004242640687119289,0.2889 ± 0.0042,0.4742,0.011455129855222065,0.4742 ± 0.0115,0.57325,0.04560838738653231,0.5733 ± 0.0456,1.0,0.0,1.0000 ± 0.0000,0.6335999999999999,0.06830651506262042,0.6336 ± 0.0683,0.99785,0.001909188309203625,0.9979 ± 0.0019,0.5064,0.02913279938488577,0.5064 ± 0.0291,0.42169999999999996,0.032951176003293135,0.4217 ± 0.0330,0.7548,0.011737972567696651,0.7548 ± 0.0117,0.3598,0.05048742417671951,0.3598 ± 0.0505
NestedUNet_DP_Morph,LungInfection,True,base,8.0,True,open,3,0.0001,48,1.2,,training,1.340586543083191,0.02781877447852454,1.3406 ± 0.0278,288.14987194538116,7.366947623543836,288.1499 ± 7.3669,0.29745,0.04037579720575189,0.2974 ± 0.0404,0.47135,0.049568185361176936,0.4713 ± 0.0496,0.6076,0.014424978336205551,0.6076 ± 0.0144,1.0,0.0,1.0000 ± 0.0000,0.6208499999999999,0.08916616510762364,0.6208 ± 0.0892,0.99925,0.0009192388155424891,0.9992 ± 0.0009,0.51385,0.03599173516239527,0.5139 ± 0.0360,0.41674999999999995,0.05678067452927975,0.4167 ± 0.0568,0.74305,0.06427600640985716,0.7430 ± 0.0643,0.36219999999999997,0.04737615433949868,0.3622 ± 0.0474
NestedUNet_DP_Morph,LungInfection,True,base,8.0,True,open,5,0.0001,48,1.2,,training,1.2854718565940857,0.03023387319189579,1.2855 ± 0.0302,286.5477033853531,5.1867326225742225,286.5477 ± 5.1867,0.31365,0.027506453788156693,0.3136 ± 0.0275,0.4988,0.01753624817342637,0.4988 ± 0.0175,0.66935,0.047729707730091886,0.6694 ± 0.0477,1.0,0.0,1.0000 ± 0.0000,0.58375,0.0013435028842544493,0.5837 ± 0.0013,0.9983500000000001,0.0006363961030679012,0.9984 ± 0.0006,0.49544999999999995,0.0010606601717798223,0.4954 ± 0.0011,0.40925,0.01463711037056153,0.4093 ± 0.0146,0.76145,0.01265721138323922,0.7614 ± 0.0127,0.3899,0.0021213203435596446,0.3899 ± 0.0021
NestedUNet_DP_Morph,LungInfection,True,nsgd,8.0,True,both,3,0.0001,48,1.2,,training,1.3693795204162598,0.006258975591261651,1.3694 ± 0.0063,274.9846291542053,7.139816065282505,274.9846 ± 7.1398,0.28354999999999997,0.020152543263816623,0.2835 ± 0.0202,0.47385,0.013081475451951102,0.4738 ± 0.0131,0.6748,0.03860803025278548,0.6748 ± 0.0386,1.0,0.0,1.0000 ± 0.0000,0.5024,0.007636753236814736,0.5024 ± 0.0076,0.99295,0.004171930009000642,0.9929 ± 0.0042,0.4645,0.006505382386916267,0.4645 ± 0.0065,0.37439999999999996,0.00820243866176395,0.3744 ± 0.0082,0.7423,0.00820243866176391,0.7423 ± 0.0082,0.44620000000000004,0.013293607486307082,0.4462 ± 0.0133
NestedUNet_DP_Morph,LungInfection,True,nsgd,8.0,True,both,5,0.0001,48,1.2,,training,1.3947508335113525,0.07499205614282779,1.3948 ± 0.0750,279.9268959760666,3.7377779187357794,279.9269 ± 3.7378,0.2385,0.0,0.2385 ± 0.0000,0.4496,0.0,0.4496 ± 0.0000,0.4984,0.0,0.4984 ± 0.0000,1.0,0.0,1.0000 ± 0.0000,0.6216,0.0,0.6216 ± 0.0000,0.9947,0.0,0.9947 ± 0.0000,0.512,0.0,0.5120 ± 0.0000,0.4193,0.0,0.4193 ± 0.0000,0.7179,0.0,0.7179 ± 0.0000,0.3333,0.0,0.3333 ± 0.0000
NestedUNet_DP_Morph,LungInfection,True,nsgd,8.0,True,both,7,0.0001,48,1.2,,training,1.386396408081055,0.0,1.3864 ± 0.0000,296.5298008918762,0.0,296.5298 ± 0.0000,0.2555,0.0,0.2555 ± 0.0000,0.4218,0.0,0.4218 ± 0.0000,0.608,0.0,0.6080 ± 0.0000,1.0,0.0,1.0000 ± 0.0000,0.5148,0.0,0.5148 ± 0.0000,0.9872,0.0,0.9872 ± 0.0000,0.4415,0.0,0.4415 ± 0.0000,0.362,0.0,0.3620 ± 0.0000,0.7416,0.0,0.7416 ± 0.0000,0.4195,0.0,0.4195 ± 0.0000
NestedUNet_DP_Morph,LungInfection,True,nsgd,8.0,True,both,9,0.0001,48,1.2,,training,1.348128080368042,0.0,1.3481 ± 0.0000,291.4836621284485,0.0,291.4837 ± 0.0000,0.3223,0.0,0.3223 ± 0.0000,0.5377,0.0,0.5377 ± 0.0000,0.6346,0.0,0.6346 ± 0.0000,1.0,0.0,1.0000 ± 0.0000,0.635,0.0,0.6350 ± 0.0000,0.9985,0.0,0.9985 ± 0.0000,0.5254,0.0,0.5254 ± 0.0000,0.4354,0.0,0.4354 ± 0.0000,0.7861,0.0,0.7861 ± 0.0000,0.353,0.0,0.3530 ± 0.0000
NestedUNet_DP_Morph,LungInfection,True,nsgd,8.0,True,close,3,0.0001,48,1.2,,training,1.3324198722839355,0.0,1.3324 ± 0.0000,288.34522676467896,0.0,288.3452 ± 0.0000,0.2721,0.0,0.2721 ± 0.0000,0.4672,0.0,0.4672 ± 0.0000,0.596,0.0,0.5960 ± 0.0000,1.0,0.0,1.0000 ± 0.0000,0.5953,0.0,0.5953 ± 0.0000,0.9989,0.0,0.9989 ± 0.0000,0.5014,0.0,0.5014 ± 0.0000,0.3898,0.0,0.3898 ± 0.0000,0.7501,0.0,0.7501 ± 0.0000,0.3748,0.0,0.3748 ± 0.0000
NestedUNet_DP_Morph,LungInfection,True,nsgd,8.0,True,close,5,0.0001,48,1.2,,training,1.4222476482391357,0.09251233248141255,1.4222 ± 0.0925,282.31561374664307,4.38791851371282,282.3156 ± 4.3879,0.2649,0.0,0.2649 ± 0.0000,0.4616,0.0,0.4616 ± 0.0000,0.6009,0.0,0.6009 ± 0.0000,1.0,0.0,1.0000 ± 0.0000,0.5137,0.0,0.5137 ± 0.0000,0.9917,0.0,0.9917 ± 0.0000,0.4776,0.0,0.4776 ± 0.0000,0.3828,0.0,0.3828 ± 0.0000,0.7635,0.0,0.7635 ± 0.0000,0.4159,0.0,0.4159 ± 0.0000
NestedUNet_DP_Morph,LungInfection,True,nsgd,8.0,True,close,7,0.0001,48,1.2,,training,1.3412892818450928,0.06252468117851726,1.3413 ± 0.0625,279.7579928636551,0.9309906718890226,279.7580 ± 0.9310,0.28669999999999995,0.06887220048756972,0.2867 ± 0.0689,0.48555,0.02114249275747772,0.4855 ± 0.0211,0.65375,0.08393357492684314,0.6538 ± 0.0839,1.0,0.0,1.0000 ± 0.0000,0.50865,0.10330830073135461,0.5087 ± 0.1033,0.9945999999999999,0.007495331880577442,0.9946 ± 0.0075,0.47050000000000003,0.037193816690412426,0.4705 ± 0.0372,0.3825,0.0519016377390926,0.3825 ± 0.0519,0.7525999999999999,0.008343860018001206,0.7526 ± 0.0083,0.4215,0.028284271247461888,0.4215 ± 0.0283
NestedUNet_DP_Morph,LungInfection,True,nsgd,8.0,True,close,9,0.0001,48,1.2,,training,1.4055551290512085,0.05208389527800438,1.4056 ± 0.0521,281.3821870088577,8.024954000564767,281.3822 ± 8.0250,0.26185,0.0017677669529663704,0.2619 ± 0.0018,0.45485,0.005020458146424484,0.4548 ± 0.0050,0.6233500000000001,0.013364318164425768,0.6234 ± 0.0134,1.0,0.0,1.0000 ± 0.0000,0.5176499999999999,0.02015254326381666,0.5176 ± 0.0202,0.9962,0.00014142135623729392,0.9962 ± 0.0001,0.4547,0.03606244584051392,0.4547 ± 0.0361,0.36175,0.020293964620053916,0.3618 ± 0.0203,0.7535499999999999,0.027365032431919435,0.7535 ± 0.0274,0.4272,0.02559726547895299,0.4272 ± 0.0256
NestedUNet_DP_Morph,LungInfection,True,nsgd,8.0,True,open,3,0.0001,48,1.2,,training,1.3777419328689575,0.03407842441936252,1.3777 ± 0.0341,292.2679603099823,10.946548756993018,292.2680 ± 10.9465,0.27790000000000004,0.0005656854249492149,0.2779 ± 0.0006,0.45794999999999997,0.0010606601717798223,0.4579 ± 0.0011,0.6412,0.019940411229460643,0.6412 ± 0.0199,1.0,0.0,1.0000 ± 0.0000,0.5417,0.012727922061357866,0.5417 ± 0.0127,0.98885,0.014778531726798785,0.9889 ± 0.0148,0.469,0.00014142135623733317,0.4690 ± 0.0001,0.37670000000000003,0.017253405460951783,0.3767 ± 0.0173,0.7414499999999999,0.018031222920256936,0.7414 ± 0.0180,0.42910000000000004,0.016829141392239823,0.4291 ± 0.0168
NestedUNet_DP_Morph,LungInfection,True,nsgd,8.0,True,open,5,0.0001,48,1.2,,training,1.3102487325668335,0.018889037390824558,1.3102 ± 0.0189,286.1842567920685,3.022455368075306,286.1843 ± 3.0225,0.2955,0.01626345596729061,0.2955 ± 0.0163,0.488,0.023900209204105304,0.4880 ± 0.0239,0.6399,0.014142135623730963,0.6399 ± 0.0141,1.0,0.0,1.0000 ± 0.0000,0.5700000000000001,0.01824335495461288,0.5700 ± 0.0182,0.99885,7.071067811864696e-05,0.9989 ± 0.0001,0.48395,0.02552655480083438,0.4839 ± 0.0255,0.39885000000000004,0.01817264427649427,0.3989 ± 0.0182,0.7856000000000001,0.009050966799187833,0.7856 ± 0.0091,0.3901,0.013435028842544414,0.3901 ± 0.0134
NestedUNet_DP_Morph,LungInfection,True,nsgd,8.0,True,open,7,0.0001,48,1.2,,training,1.340583086013794,0.0,1.3406 ± 0.0000,286.947979927063,0.0,286.9480 ± 0.0000,0.2721,0.0,0.2721 ± 0.0000,0.4321,0.0,0.4321 ± 0.0000,0.6907,0.0,0.6907 ± 0.0000,1.0,0.0,1.0000 ± 0.0000,0.466,0.0,0.4660 ± 0.0000,0.9936,0.0,0.9936 ± 0.0000,0.4474,0.0,0.4474 ± 0.0000,0.3605,0.0,0.3605 ± 0.0000,0.7098,0.0,0.7098 ± 0.0000,0.4604,0.0,0.4604 ± 0.0000
NestedUNet_DP_Morph,LungInfection,True,nsgd,8.0,True,open,9,0.0001,48,1.2,,training,1.3790745735168457,0.0,1.3791 ± 0.0000,286.945588350296,0.0,286.9456 ± 0.0000,0.2506,0.0,0.2506 ± 0.0000,0.3944,0.0,0.3944 ± 0.0000,0.6245,0.0,0.6245 ± 0.0000,1.0,0.0,1.0000 ± 0.0000,0.5103,0.0,0.5103 ± 0.0000,0.9956,0.0,0.9956 ± 0.0000,0.4624,0.0,0.4624 ± 0.0000,0.3602,0.0,0.3602 ± 0.0000,0.6798,0.0,0.6798 ± 0.0000,0.4269,0.0,0.4269 ± 0.0000
NestedUNet_DP_Morph,LungInfection,True,psac,8.0,True,both,3,0.0001,48,1.2,,training,1.3308475017547607,0.0005576870994961498,1.3308 ± 0.0006,309.67669796943665,4.30991110344017,309.6767 ± 4.3099,0.258,0.0,0.2580 ± 0.0000,0.4556,0.0,0.4556 ± 0.0000,0.5935,0.0,0.5935 ± 0.0000,1.0,0.0,1.0000 ± 0.0000,0.498,0.0,0.4980 ± 0.0000,0.9922,0.0,0.9922 ± 0.0000,0.4861,0.0,0.4861 ± 0.0000,0.3761,0.0,0.3761 ± 0.0000,0.7127,0.0,0.7127 ± 0.0000,0.3971,0.0,0.3971 ± 0.0000
NestedUNet_DP_Morph,LungInfection,True,psac,8.0,True,both,5,0.0001,48,1.2,,training,1.3158676624298096,0.009325748876308344,1.3159 ± 0.0093,298.9231518507004,1.2873068726958825,298.9232 ± 1.2873,0.29635,0.0026162950903902515,0.2964 ± 0.0026,0.49135,0.024819448019647833,0.4914 ± 0.0248,0.65055,0.07233702371538377,0.6505 ± 0.0723,1.0,0.0,1.0000 ± 0.0000,0.56555,0.06965001794687495,0.5655 ± 0.0697,0.99475,7.071067811864696e-05,0.9948 ± 0.0001,0.4869,0.02446589462905452,0.4869 ± 0.0245,0.3926,0.0342239682094289,0.3926 ± 0.0342,0.75545,0.011950104602052673,0.7554 ± 0.0120,0.3991,0.047658997051973316,0.3991 ± 0.0477
NestedUNet_DP_Morph,LungInfection,True,psac,8.0,True,both,7,0.0001,48,1.2,,training,1.3761862516403198,0.0,1.3762 ± 0.0000,295.0589573383332,0.0,295.0590 ± 0.0000,0.2484,0.0,0.2484 ± 0.0000,0.4477,0.0,0.4477 ± 0.0000,0.5721,0.0,0.5721 ± 0.0000,1.0,0.0,1.0000 ± 0.0000,0.5499,0.0,0.5499 ± 0.0000,0.9922,0.0,0.9922 ± 0.0000,0.4863,0.0,0.4863 ± 0.0000,0.3804,0.0,0.3804 ± 0.0000,0.7239,0.0,0.7239 ± 0.0000,0.3845,0.0,0.3845 ± 0.0000
NestedUNet_DP_Morph,LungInfection,True,psac,8.0,True,both,9,0.0001,48,1.2,,training,1.4089826345443726,0.09241708060377778,1.4090 ± 0.0924,305.80575597286224,7.518229858763627,305.8058 ± 7.5182,0.30505,0.026516504294495518,0.3050 ± 0.0265,0.50005,0.01930401512639278,0.5000 ± 0.0193,0.6874,0.0,0.6874 ± 0.0000,1.0,0.0,1.0000 ± 0.0000,0.5405,0.05006316010800754,0.5405 ± 0.0501,0.9839,0.007636753236814657,0.9839 ± 0.0076,0.48340000000000005,0.021778888860545662,0.4834 ± 0.0218,0.39239999999999997,0.02602152954766495,0.3924 ± 0.0260,0.77115,0.028920667350529748,0.7712 ± 0.0289,0.41615,0.031041987694089432,0.4162 ± 0.0310
NestedUNet_DP_Morph,LungInfection,True,psac,8.0,True,close,3,0.0001,48,1.2,,training,1.3373382091522217,0.04611404706752747,1.3373 ± 0.0461,308.0577075481415,19.01624669487392,308.0577 ± 19.0162,0.32115,0.05437651147324548,0.3211 ± 0.0544,0.5218,0.06505382386916235,0.5218 ± 0.0651,0.6172500000000001,0.013222896808188474,0.6173 ± 0.0132,1.0,0.0,1.0000 ± 0.0000,0.62755,0.07219560235914647,0.6276 ± 0.0722,0.9996,0.0005656854249492542,0.9996 ± 0.0006,0.51565,0.03712310601229378,0.5157 ± 0.0371,0.436,0.055012907576313386,0.4360 ± 0.0550,0.79745,0.022273863607376307,0.7974 ± 0.0223,0.35940000000000005,0.044547727214752496,0.3594 ± 0.0445
NestedUNet_DP_Morph,LungInfection,True,psac,8.0,True,close,5,0.0001,48,1.2,,training,1.3595165014266968,0.0018630592915755597,1.3595 ± 0.0019,303.0986440181732,9.414229947023543,303.0986 ± 9.4142,0.2721,0.0,0.2721 ± 0.0000,0.4312,0.0,0.4312 ± 0.0000,0.6548,0.0,0.6548 ± 0.0000,1.0,0.0,1.0000 ± 0.0000,0.5097,0.0,0.5097 ± 0.0000,0.9985,0.0,0.9985 ± 0.0000,0.4636,0.0,0.4636 ± 0.0000,0.3663,0.0,0.3663 ± 0.0000,0.7041,0.0,0.7041 ± 0.0000,0.4344,0.0,0.4344 ± 0.0000
NestedUNet_DP_Morph,LungInfection,True,psac,8.0,True,close,7,0.0001,48,1.2,,training,1.3541607856750488,0.05537893589458639,1.3542 ± 0.0554,300.8611011505127,2.3585477579132728,300.8611 ± 2.3585,0.2665,0.050204581464244856,0.2665 ± 0.0502,0.4629,0.01711198410471445,0.4629 ± 0.0171,0.60345,0.08930758646386093,0.6035 ± 0.0893,1.0,0.0,1.0000 ± 0.0000,0.519,0.0729734198184517,0.5190 ± 0.0730,0.9876499999999999,0.010960155108391456,0.9876 ± 0.0110,0.48695,0.004313351365237936,0.4869 ± 0.0043,0.37375,0.021425335469952424,0.3738 ± 0.0214,0.7285,0.015697770542341352,0.7285 ± 0.0157,0.3962,0.01329360748630712,0.3962 ± 0.0133
NestedUNet_DP_Morph,LungInfection,True,psac,8.0,True,close,9,0.0001,48,1.2,,training,1.4129067659378052,0.092378642677936,1.4129 ± 0.0924,307.66972625255585,8.828819830688685,307.6697 ± 8.8288,0.3155,0.02913279938488577,0.3155 ± 0.0291,0.49,0.0656195092941116,0.4900 ± 0.0656,0.663,0.07212489168102784,0.6630 ± 0.0721,1.0,0.0,1.0000 ± 0.0000,0.5926,0.10847018023401638,0.5926 ± 0.1085,0.9981,0.0022627416997969383,0.9981 ± 0.0023,0.49770000000000003,0.05600285706997456,0.4977 ± 0.0560,0.40885,0.06356889962867061,0.4088 ± 0.0636,0.75525,0.059326258941551316,0.7552 ± 0.0593,0.3892,0.0729734198184517,0.3892 ± 0.0730
NestedUNet_DP_Morph,LungInfection,True,psac,8.0,True,open,3,0.0001,48,1.2,,training,1.3392560482025146,0.06629969010594101,1.3393 ± 0.0663,300.34068179130554,11.286839377296843,300.3407 ± 11.2868,0.2971,0.0,0.2971 ± 0.0000,0.5093,0.0,0.5093 ± 0.0000,0.6183,0.0,0.6183 ± 0.0000,1.0,0.0,1.0000 ± 0.0000,0.6273,0.0,0.6273 ± 0.0000,0.9996,0.0,0.9996 ± 0.0000,0.5166,0.0,0.5166 ± 0.0000,0.4115,0.0,0.4115 ± 0.0000,0.7782,0.0,0.7782 ± 0.0000,0.3606,0.0,0.3606 ± 0.0000
NestedUNet_DP_Morph,LungInfection,True,psac,8.0,True,open,5,0.0001,48,1.2,,training,1.3341975212097168,0.04616158871264776,1.3342 ± 0.0462,301.07110834121704,10.217994287536206,301.0711 ± 10.2180,0.2893,0.03790092347159893,0.2893 ± 0.0379,0.48319999999999996,0.08683271272970801,0.4832 ± 0.0868,0.60995,0.02736503243191936,0.6099 ± 0.0274,1.0,0.0,1.0000 ± 0.0000,0.5968,0.09192388155425117,0.5968 ± 0.0919,0.99935,0.0007778174593051951,0.9993 ± 0.0008,0.49655,0.04334564568673538,0.4965 ± 0.0433,0.3981,0.049356053326821,0.3981 ± 0.0494,0.741,0.05897270555095801,0.7410 ± 0.0590,0.39065,0.06243752877877218,0.3906 ± 0.0624
NestedUNet_DP_Morph,LungInfection,True,psac,8.0,True,open,7,0.0001,48,1.2,,training,1.3495473861694336,0.003367701783414477,1.3495 ± 0.0034,311.48401927948,7.214080498232641,311.4840 ± 7.2141,0.28645,0.022698127676088187,0.2864 ± 0.0227,0.47165,0.01265721138323922,0.4717 ± 0.0127,0.6015999999999999,0.05218448045156719,0.6016 ± 0.0522,1.0,0.0,1.0000 ± 0.0000,0.6109500000000001,0.010677312395916868,0.6110 ± 0.0107,0.998,0.0007071067811865482,0.9980 ± 0.0007,0.5105,0.00622253967444164,0.5105 ± 0.0062,0.41255,0.004737615433949857,0.4125 ± 0.0047,0.7274,0.005798275605729679,0.7274 ± 0.0058,0.3657,0.022768838354206795,0.3657 ± 0.0228
NestedUNet_DP_Morph,LungInfection,True,psac,8.0,True,open,9,0.0001,48,1.2,,training,1.3496037721633911,0.02503741965159362,1.3496 ± 0.0250,310.32894361019135,14.377578540518629,310.3289 ± 14.3776,0.25015,0.00799030662740801,0.2501 ± 0.0080,0.4498,0.026587214972614202,0.4498 ± 0.0266,0.5965,0.0008485281374238421,0.5965 ± 0.0008,1.0,0.0,1.0000 ± 0.0000,0.539,0.0012727922061358025,0.5390 ± 0.0013,0.9983,0.0007071067811865482,0.9983 ± 0.0007,0.4678,0.0026870057685088986,0.4678 ± 0.0027,0.3637,0.012162236636408611,0.3637 ± 0.0122,0.73605,0.03245620125646257,0.7360 ± 0.0325,0.4219,0.003252691193458153,0.4219 ± 0.0033
NestedUNet_DP_Morph,LungInfection,True,automatic,8.0,True,both,3,0.0001,48,1.5,,training,1.2918980121612549,0.028453168842310674,1.2919 ± 0.0285,280.84768974781036,1.7277242437205327,280.8477 ± 1.7277,0.32335,0.00021213203435598016,0.3234 ± 0.0002,0.5165,0.024183051916579892,0.5165 ± 0.0242,0.65365,0.09256027765731908,0.6536 ± 0.0926,1.0,0.0,1.0000 ± 0.0000,0.5898,0.12713779925734123,0.5898 ± 0.1271,0.9891,0.0032526911934580745,0.9891 ± 0.0033,0.50595,0.04546696603029502,0.5060 ± 0.0455,0.4239,0.04285067093990477,0.4239 ± 0.0429,0.7778499999999999,0.03924442635585339,0.7778 ± 0.0392,0.37875000000000003,0.07021570337182417,0.3788 ± 0.0702
NestedUNet_DP_Morph,LungInfection,True,automatic,8.0,True,both,5,0.0001,48,1.5,,training,1.421366274356842,0.02010210798466495,1.4214 ± 0.0201,279.7932424545288,0.2076544880400821,279.7932 ± 0.2077,0.2866,0.03846660889654819,0.2866 ± 0.0385,0.4657,0.03507249634685274,0.4657 ± 0.0351,0.5804,0.025173001410241064,0.5804 ± 0.0252,1.0,0.0,1.0000 ± 0.0000,0.62745,0.025667976157071674,0.6274 ± 0.0257,0.9942,0.0059396969619669735,0.9942 ± 0.0059,0.5112,0.01131370849898477,0.5112 ± 0.0113,0.4222,0.02503158005400377,0.4222 ± 0.0250,0.74105,0.02510229073212242,0.7410 ± 0.0251,0.36025,0.00487903679018719,0.3603 ± 0.0049
NestedUNet_DP_Morph,LungInfection,True,automatic,8.0,True,both,7,0.0001,48,1.5,,training,1.2681008577346802,0.0006815988341181782,1.2681 ± 0.0007,280.7028557062149,3.931831112999214,280.7029 ± 3.9318,0.3234,0.01824335495461292,0.3234 ± 0.0182,0.523,0.04355777772109128,0.5230 ± 0.0436,0.6327,0.08937829714197958,0.6327 ± 0.0894,1.0,0.0,1.0000 ± 0.0000,0.6389,0.07184204896855324,0.6389 ± 0.0718,0.9982500000000001,0.001060660171779783,0.9983 ± 0.0011,0.5198,0.027718585822512673,0.5198 ± 0.0277,0.43645,0.02312239174480011,0.4365 ± 0.0231,0.78115,0.021708178182426974,0.7812 ± 0.0217,0.35215,0.0526794551983978,0.3522 ± 0.0527
NestedUNet_DP_Morph,LungInfection,True,automatic,8.0,True,both,9,0.0001,48,1.5,,training,1.2698626518249512,0.002580398653230976,1.2699 ± 0.0026,291.0945039987564,5.982063547287289,291.0945 ± 5.9821,0.32394999999999996,0.011242997820866085,0.3239 ± 0.0112,0.5276,0.007071067811865481,0.5276 ± 0.0071,0.6347499999999999,0.003181980515339506,0.6347 ± 0.0032,1.0,0.0,1.0000 ± 0.0000,0.6346,0.014283556979968257,0.6346 ± 0.0143,0.9998,0.00014142135623729392,0.9998 ± 0.0001,0.5195000000000001,0.0011313708498984299,0.5195 ± 0.0011,0.4359,0.012727922061357866,0.4359 ± 0.0127,0.78325,0.005444722215136444,0.7833 ± 0.0054,0.3558,0.005515432893255091,0.3558 ± 0.0055
NestedUNet_DP_Morph,LungInfection,True,automatic,8.0,True,close,3,0.0001,48,1.5,,training,1.3349748849868774,0.04108019606878033,1.3350 ± 0.0411,276.5492750406265,4.094635622252347,276.5493 ± 4.0946,0.3173,0.006929646455628148,0.3173 ± 0.0069,0.52045,0.017041273426595803,0.5204 ± 0.0170,0.6173500000000001,0.038961583643378796,0.6174 ± 0.0390,1.0,0.0,1.0000 ± 0.0000,0.63645,0.04306280297426079,0.6364 ± 0.0431,0.99955,7.071067811864696e-05,0.9996 ± 0.0001,0.52015,0.016475588001646627,0.5202 ± 0.0165,0.43320000000000003,0.014283556979968297,0.4332 ± 0.0143,0.77505,0.02467802666341046,0.7751 ± 0.0247,0.36145,0.026233661582020926,0.3614 ± 0.0262
NestedUNet_DP_Morph,LungInfection,True,automatic,8.0,True,close,5,0.0001,48,1.5,,training,1.3301246166229248,0.028974441064693254,1.3301 ± 0.0290,280.8832108974457,10.309019679202194,280.8832 ± 10.3090,0.3096,0.06632661607529816,0.3096 ± 0.0663,0.5044,0.07127636354360395,0.5044 ± 0.0713,0.65455,0.016051323932934666,0.6545 ± 0.0161,1.0,0.0,1.0000 ± 0.0000,0.5754,0.13222896808188442,0.5754 ± 0.1322,0.99695,0.001909188309203625,0.9970 ± 0.0019,0.49760000000000004,0.06406387437550125,0.4976 ± 0.0641,0.40659999999999996,0.09022682527940346,0.4066 ± 0.0902,0.7632,0.06816509370638321,0.7632 ± 0.0682,0.3932,0.08570134187980954,0.3932 ± 0.0857
NestedUNet_DP_Morph,LungInfection,True,automatic,8.0,True,close,7,0.0001,48,1.5,,training,1.3189054131507874,0.010458234695796223,1.3189 ± 0.0105,277.97449600696564,1.8925730437137984,277.9745 ± 1.8926,0.34425,0.010960155108391456,0.3443 ± 0.0110,0.52845,0.0224152849636136,0.5284 ± 0.0224,0.6355,0.09828784258493012,0.6355 ± 0.0983,1.0,0.0,1.0000 ± 0.0000,0.6657,0.11186429278371182,0.6657 ± 0.1119,0.99805,0.0027577164466275456,0.9980 ± 0.0028,0.5350999999999999,0.04468914857098983,0.5351 ± 0.0447,0.45645,0.04829539315504117,0.4565 ± 0.0483,0.7898499999999999,0.01110157646462875,0.7898 ± 0.0111,0.33699999999999997,0.06972072862499357,0.3370 ± 0.0697
NestedUNet_DP_Morph,LungInfection,True,automatic,8.0,True,close,9,0.0001,48,1.5,,training,1.3642639517784119,0.022068174174001136,1.3643 ± 0.0221,279.08905351161957,0.9712011255919321,279.0891 ± 0.9712,0.2718,0.003676955262170035,0.2718 ± 0.0037,0.4666,0.03125411972844541,0.4666 ± 0.0313,0.59805,0.03570889244992064,0.5980 ± 0.0357,1.0,0.0,1.0000 ± 0.0000,0.56055,0.04051721856198911,0.5605 ± 0.0405,0.9989,0.00014142135623729392,0.9989 ± 0.0001,0.46809999999999996,0.023193102422918756,0.4681 ± 0.0232,0.37895,0.013364318164425768,0.3790 ± 0.0134,0.77915,0.024819448019647753,0.7792 ± 0.0248,0.39870000000000005,0.02814284989122459,0.3987 ± 0.0281
NestedUNet_DP_Morph,LungInfection,True,automatic,8.0,True,open,3,0.0001,48,1.5,,training,1.3244150280952454,0.034781180971433324,1.3244 ± 0.0348,287.7245520353317,6.458795317338542,287.7246 ± 6.4588,0.30379999999999996,0.036769552621700466,0.3038 ± 0.0368,0.49715,0.008697413408594519,0.4971 ± 0.0087,0.6818,0.09517657274770926,0.6818 ± 0.0952,1.0,0.0,1.0000 ± 0.0000,0.54385,0.012515790027001846,0.5438 ± 0.0125,0.999,0.00014142135623729392,0.9990 ± 0.0001,0.4703,0.00622253967444164,0.4703 ± 0.0062,0.38785000000000003,0.013222896808188436,0.3879 ± 0.0132,0.7862,0.012020815280171319,0.7862 ± 0.0120,0.41425,0.010960155108391496,0.4143 ± 0.0110
NestedUNet_DP_Morph,LungInfection,True,automatic,8.0,True,open,5,0.0001,48,1.5,,training,1.3346904516220093,0.0716575660760399,1.3347 ± 0.0717,287.28518319129944,14.889789359058918,287.2852 ± 14.8898,0.32694999999999996,0.005444722215136405,0.3269 ± 0.0054,0.52855,0.014354267658086905,0.5285 ± 0.0144,0.7026,0.049638896039295666,0.7026 ± 0.0496,1.0,0.0,1.0000 ± 0.0000,0.5671999999999999,0.07325626253092635,0.5672 ± 0.0733,0.9980500000000001,0.0020506096654409976,0.9981 ± 0.0021,0.49065000000000003,0.03726452736853107,0.4907 ± 0.0373,0.41054999999999997,0.03457752160002217,0.4105 ± 0.0346,0.7855000000000001,0.009192388155425127,0.7855 ± 0.0092,0.40285000000000004,0.05678067452927975,0.4029 ± 0.0568
NestedUNet_DP_Morph,LungInfection,True,automatic,8.0,True,open,7,0.0001,48,1.5,,training,1.3613193035125732,0.06152698098056737,1.3613 ± 0.0615,285.7584092617035,6.870376994723757,285.7584 ± 6.8704,0.2703,0.02884995667241114,0.2703 ± 0.0288,0.4417,0.04992173875177025,0.4417 ± 0.0499,0.61285,0.03302188668141174,0.6129 ± 0.0330,1.0,0.0,1.0000 ± 0.0000,0.5734,0.00735391052434007,0.5734 ± 0.0074,0.992,0.010323759005323556,0.9920 ± 0.0103,0.4796,0.012303657992645945,0.4796 ± 0.0123,0.38175000000000003,0.008414570696119892,0.3818 ± 0.0084,0.7185,0.041436457377531676,0.7185 ± 0.0414,0.4072,0.00735391052434007,0.4072 ± 0.0074
NestedUNet_DP_Morph,LungInfection,True,automatic,8.0,True,open,9,0.0001,48,1.5,,training,1.3205605745315552,0.03749063327480466,1.3206 ± 0.0375,288.47062039375305,0.8732378568989088,288.4706 ± 0.8732,0.30905000000000005,0.020293964620053916,0.3091 ± 0.0203,0.4961,0.03846660889654819,0.4961 ± 0.0385,0.68355,0.04362848839921004,0.6835 ± 0.0436,1.0,0.0,1.0000 ± 0.0000,0.5422,0.00042426406871188177,0.5422 ± 0.0004,0.99265,0.005303300858899072,0.9927 ± 0.0053,0.48825,0.0021920310216782916,0.4883 ± 0.0022,0.3974,0.0026870057685088595,0.3974 ± 0.0027,0.7518,0.02022325394193523,0.7518 ± 0.0202,0.41215,0.010394469683442242,0.4122 ± 0.0104
NestedUNet_DP_Morph,LungInfection,True,nsgd,8.0,True,both,3,0.0001,48,1.5,,training,1.3728314638137815,0.0,1.3728 ± 0.0000,286.3699603080749,0.0,286.3700 ± 0.0000,0.2328,0.0,0.2328 ± 0.0000,0.352,0.0,0.3520 ± 0.0000,0.6561,0.0,0.6561 ± 0.0000,1.0,0.0,1.0000 ± 0.0000,0.3974,0.0,0.3974 ± 0.0000,0.9761,0.0,0.9761 ± 0.0000,0.3746,0.0,0.3746 ± 0.0000,0.2924,0.0,0.2924 ± 0.0000,0.6764,0.0,0.6764 ± 0.0000,0.5042,0.0,0.5042 ± 0.0000
NestedUNet_DP_Morph,LungInfection,True,nsgd,8.0,True,both,5,0.0001,48,1.5,,training,1.3994227647781372,0.051718397807717906,1.3994 ± 0.0517,296.600946187973,8.341251768710533,296.6009 ± 8.3413,0.24774999999999997,0.032739043968937134,0.2477 ± 0.0327,0.4083,0.02220315292925758,0.4083 ± 0.0222,0.59615,0.06894291116568842,0.5961 ± 0.0689,1.0,0.0,1.0000 ± 0.0000,0.5329,0.0029698484809834867,0.5329 ± 0.0030,0.9963,0.0026870057685088986,0.9963 ± 0.0027,0.4628,0.005232590180780464,0.4628 ± 0.0052,0.36665000000000003,0.0017677669529663704,0.3667 ± 0.0018,0.6916,0.015132085117392178,0.6916 ± 0.0151,0.41715,0.017606958851545017,0.4172 ± 0.0176
NestedUNet_DP_Morph,LungInfection,True,nsgd,8.0,True,both,7,0.0001,48,1.5,,training,1.4300923347473145,0.0,1.4301 ± 0.0000,301.8289632797241,0.0,301.8290 ± 0.0000,0.2505,0.0,0.2505 ± 0.0000,0.44,0.0,0.4400 ± 0.0000,0.5067,0.0,0.5067 ± 0.0000,1.0,0.0,1.0000 ± 0.0000,0.6438,0.0,0.6438 ± 0.0000,0.9965,0.0,0.9965 ± 0.0000,0.4996,0.0,0.4996 ± 0.0000,0.4205,0.0,0.4205 ± 0.0000,0.7437,0.0,0.7437 ± 0.0000,0.3396,0.0,0.3396 ± 0.0000
NestedUNet_DP_Morph,LungInfection,True,nsgd,8.0,True,both,9,0.0001,48,1.5,,training,1.3746473789215088,0.01662844902409393,1.3746 ± 0.0166,300.15963101387024,3.01727063135893,300.1596 ± 3.0173,0.23059999999999997,0.0284256926036992,0.2306 ± 0.0284,0.4206,0.03167838379715734,0.4206 ± 0.0317,0.55385,0.02085965004500313,0.5538 ± 0.0209,1.0,0.0,1.0000 ± 0.0000,0.5256000000000001,0.03394112549695423,0.5256 ± 0.0339,0.99295,0.0036062445840514662,0.9929 ± 0.0036,0.4676,0.026162950903902242,0.4676 ± 0.0262,0.37434999999999996,0.03669884194358181,0.3743 ± 0.0367,0.7242,0.01357645019878171,0.7242 ± 0.0136,0.4058,0.024324473272817223,0.4058 ± 0.0243
NestedUNet_DP_Morph,LungInfection,True,nsgd,8.0,True,close,3,0.0001,48,1.5,,training,1.3701038360595703,0.0,1.3701 ± 0.0000,298.6277873516083,0.0,298.6278 ± 0.0000,0.2415,0.0,0.2415 ± 0.0000,0.4204,0.0,0.4204 ± 0.0000,0.594,0.0,0.5940 ± 0.0000,1.0,0.0,1.0000 ± 0.0000,0.4998,0.0,0.4998 ± 0.0000,0.9885,0.0,0.9885 ± 0.0000,0.4673,0.0,0.4673 ± 0.0000,0.36,0.0,0.3600 ± 0.0000,0.711,0.0,0.7110 ± 0.0000,0.4201,0.0,0.4201 ± 0.0000
NestedUNet_DP_Morph,LungInfection,True,nsgd,8.0,True,close,5,0.0001,48,1.5,,training,1.4004135131835938,0.0435990603231854,1.4004 ± 0.0436,294.2595183849335,3.249588106448395,294.2595 ± 3.2496,0.23495,0.051406662992261994,0.2349 ± 0.0514,0.414,0.05996265504461922,0.4140 ± 0.0600,0.55045,0.008838834764831813,0.5504 ± 0.0088,1.0,0.0,1.0000 ± 0.0000,0.5474,0.13774440097513949,0.5474 ± 0.1377,0.9924,0.003959797974644622,0.9924 ± 0.0040,0.4727,0.05359869401394032,0.4727 ± 0.0536,0.37829999999999997,0.04695189027078673,0.3783 ± 0.0470,0.70765,0.021708178182426974,0.7077 ± 0.0217,0.3998,0.06646803743153545,0.3998 ± 0.0665
NestedUNet_DP_Morph,LungInfection,True,nsgd,8.0,True,close,7,0.0001,48,1.5,,training,1.3981692790985107,0.0,1.3982 ± 0.0000,300.6002731323242,0.0,300.6003 ± 0.0000,0.2604,0.0,0.2604 ± 0.0000,0.5028,0.0,0.5028 ± 0.0000,0.6144,0.0,0.6144 ± 0.0000,1.0,0.0,1.0000 ± 0.0000,0.463,0.0,0.4630 ± 0.0000,0.9635,0.0,0.9635 ± 0.0000,0.4614,0.0,0.4614 ± 0.0000,0.3599,0.0,0.3599 ± 0.0000,0.784,0.0,0.7840 ± 0.0000,0.4234,0.0,0.4234 ± 0.0000
NestedUNet_DP_Morph,LungInfection,True,nsgd,8.0,True,close,9,0.0001,48,1.5,,training,1.4020159244537354,0.0,1.4020 ± 0.0000,290.59908986091614,0.0,290.5991 ± 0.0000,0.2293,0.0,0.2293 ± 0.0000,0.353,0.0,0.3530 ± 0.0000,0.651,0.0,0.6510 ± 0.0000,1.0,0.0,1.0000 ± 0.0000,0.4026,0.0,0.4026 ± 0.0000,0.9775,0.0,0.9775 ± 0.0000,0.4154,0.0,0.4154 ± 0.0000,0.3195,0.0,0.3195 ± 0.0000,0.6723,0.0,0.6723 ± 0.0000,0.4975,0.0,0.4975 ± 0.0000
NestedUNet_DP_Morph,LungInfection,True,nsgd,8.0,True,open,3,0.0001,48,1.5,,training,1.3239294290542605,0.0,1.3239 ± 0.0000,292.070848941803,0.0,292.0708 ± 0.0000,0.3165,0.0,0.3165 ± 0.0000,0.5164,0.0,0.5164 ± 0.0000,0.6929,0.0,0.6929 ± 0.0000,1.0,0.0,1.0000 ± 0.0000,0.5451,0.0,0.5451 ± 0.0000,0.9997,0.0,0.9997 ± 0.0000,0.4794,0.0,0.4794 ± 0.0000,0.3971,0.0,0.3971 ± 0.0000,0.7593,0.0,0.7593 ± 0.0000,0.4233,0.0,0.4233 ± 0.0000
NestedUNet_DP_Morph,LungInfection,True,nsgd,8.0,True,open,5,0.0001,48,1.5,,training,1.3099970817565918,0.0,1.3100 ± 0.0000,287.7671535015106,0.0,287.7672 ± 0.0000,0.311,0.0,0.3110 ± 0.0000,0.5325,0.0,0.5325 ± 0.0000,0.6133,0.0,0.6133 ± 0.0000,1.0,0.0,1.0000 ± 0.0000,0.6194,0.0,0.6194 ± 0.0000,0.9995,0.0,0.9995 ± 0.0000,0.5052,0.0,0.5052 ± 0.0000,0.4221,0.0,0.4221 ± 0.0000,0.7916,0.0,0.7916 ± 0.0000,0.3712,0.0,0.3712 ± 0.0000
NestedUNet_DP_Morph,LungInfection,True,nsgd,8.0,True,open,7,0.0001,48,1.5,,training,1.3927316665649414,0.0,1.3927 ± 0.0000,271.10316157341003,0.0,271.1032 ± 0.0000,0.2332,0.0,0.2332 ± 0.0000,0.4267,0.0,0.4267 ± 0.0000,0.5685,0.0,0.5685 ± 0.0000,1.0,0.0,1.0000 ± 0.0000,0.5137,0.0,0.5137 ± 0.0000,0.9841,0.0,0.9841 ± 0.0000,0.4749,0.0,0.4749 ± 0.0000,0.368,0.0,0.3680 ± 0.0000,0.7205,0.0,0.7205 ± 0.0000,0.4046,0.0,0.4046 ± 0.0000
NestedUNet_DP_Morph,LungInfection,True,nsgd,8.0,True,open,9,0.0001,48,1.5,,training,1.4147286415100098,0.0,1.4147 ± 0.0000,295.6211371421814,0.0,295.6211 ± 0.0000,0.2478,0.0,0.2478 ± 0.0000,0.4034,0.0,0.4034 ± 0.0000,0.5677,0.0,0.5677 ± 0.0000,1.0,0.0,1.0000 ± 0.0000,0.5878,0.0,0.5878 ± 0.0000,0.9958,0.0,0.9958 ± 0.0000,0.4795,0.0,0.4795 ± 0.0000,0.3793,0.0,0.3793 ± 0.0000,0.6791,0.0,0.6791 ± 0.0000,0.396,0.0,0.3960 ± 0.0000
NestedUNet_DP_Morph,LungInfection,True,psac,8.0,True,both,3,0.0001,48,1.5,,training,1.53397798538208,0.0,1.5340 ± 0.0000,308.83447790145874,0.0,308.8345 ± 0.0000,0.169,0.0,0.1690 ± 0.0000,0.2771,0.0,0.2771 ± 0.0000,0.5003,0.0,0.5003 ± 0.0000,1.0,0.0,1.0000 ± 0.0000,0.4064,0.0,0.4064 ± 0.0000,0.9784,0.0,0.9784 ± 0.0000,0.3964,0.0,0.3964 ± 0.0000,0.319,0.0,0.3190 ± 0.0000,0.6718,0.0,0.6718 ± 0.0000,0.4554,0.0,0.4554 ± 0.0000
NestedUNet_DP_Morph,LungInfection,True,psac,8.0,True,both,5,0.0001,48,1.5,,training,1.319955825805664,0.0,1.3200 ± 0.0000,304.73059844970703,0.0,304.7306 ± 0.0000,0.3048,0.0,0.3048 ± 0.0000,0.5163,0.0,0.5163 ± 0.0000,0.5885,0.0,0.5885 ± 0.0000,1.0,0.0,1.0000 ± 0.0000,0.6254,0.0,0.6254 ± 0.0000,0.998,0.0,0.9980 ± 0.0000,0.517,0.0,0.5170 ± 0.0000,0.4308,0.0,0.4308 ± 0.0000,0.7744,0.0,0.7744 ± 0.0000,0.3537,0.0,0.3537 ± 0.0000
NestedUNet_DP_Morph,LungInfection,True,psac,8.0,True,both,7,0.0001,48,1.5,,training,1.3034787178039553,0.030557476694762435,1.3035 ± 0.0306,307.18132305145264,0.8688444694101332,307.1813 ± 0.8688,0.29825,0.03556747109368335,0.2983 ± 0.0356,0.49224999999999997,0.005303300858899111,0.4922 ± 0.0053,0.66135,0.015344217151748118,0.6613 ± 0.0153,1.0,0.0,1.0000 ± 0.0000,0.5486,0.09659078631008239,0.5486 ± 0.0966,0.9981,0.0018384776310849781,0.9981 ± 0.0018,0.48315,0.0348603643124968,0.4832 ± 0.0349,0.39525,0.05550788232314399,0.3952 ± 0.0555,0.7706,0.0029698484809835652,0.7706 ± 0.0030,0.4067,0.056992806563635735,0.4067 ± 0.0570
NestedUNet_DP_Morph,LungInfection,True,psac,8.0,True,both,9,0.0001,48,1.5,,training,1.3170700073242188,0.0,1.3171 ± 0.0000,313.86750173568726,0.0,313.8675 ± 0.0000,0.3122,0.0,0.3122 ± 0.0000,0.4761,0.0,0.4761 ± 0.0000,0.6874,0.0,0.6874 ± 0.0000,1.0,0.0,1.0000 ± 0.0000,0.5431,0.0,0.5431 ± 0.0000,0.9951,0.0,0.9951 ± 0.0000,0.49,0.0,0.4900 ± 0.0000,0.4043,0.0,0.4043 ± 0.0000,0.718,0.0,0.7180 ± 0.0000,0.4076,0.0,0.4076 ± 0.0000
NestedUNet_DP_Morph,LungInfection,True,psac,8.0,True,close,3,0.0001,48,1.5,,training,1.3937256336212158,0.0,1.3937 ± 0.0000,302.3644688129425,0.0,302.3645 ± 0.0000,0.2351,0.0,0.2351 ± 0.0000,0.4058,0.0,0.4058 ± 0.0000,0.6151,0.0,0.6151 ± 0.0000,1.0,0.0,1.0000 ± 0.0000,0.4483,0.0,0.4483 ± 0.0000,0.9841,0.0,0.9841 ± 0.0000,0.4314,0.0,0.4314 ± 0.0000,0.3479,0.0,0.3479 ± 0.0000,0.686,0.0,0.6860 ± 0.0000,0.4625,0.0,0.4625 ± 0.0000
NestedUNet_DP_Morph,LungInfection,True,psac,8.0,True,close,5,0.0001,48,1.5,,training,1.4574040174484253,0.08482289285169085,1.4574 ± 0.0848,307.3123662471771,0.7500915090457979,307.3124 ± 0.7501,0.21389999999999998,0.01909188309203678,0.2139 ± 0.0191,0.4077,0.004242640687119289,0.4077 ± 0.0042,0.5145,0.07608468965567254,0.5145 ± 0.0761,1.0,0.0,1.0000 ± 0.0000,0.5241,0.061659711319466945,0.5241 ± 0.0617,0.9891,0.005656854249492385,0.9891 ± 0.0057,0.45435000000000003,0.03684026329981911,0.4544 ± 0.0368,0.3547,0.032526911934581175,0.3547 ± 0.0325,0.7474000000000001,0.040305086527633247,0.7474 ± 0.0403,0.39015,0.051830927060973954,0.3901 ± 0.0518
NestedUNet_DP_Morph,LungInfection,True,psac,8.0,True,close,7,0.0001,48,1.5,,training,1.3454203009605408,0.06492426985163666,1.3454 ± 0.0649,303.7196092605591,11.882907420095782,303.7196 ± 11.8829,0.2733,0.0,0.2733 ± 0.0000,0.4777,0.0,0.4777 ± 0.0000,0.5598,0.0,0.5598 ± 0.0000,1.0,0.0,1.0000 ± 0.0000,0.6271,0.0,0.6271 ± 0.0000,0.9992,0.0,0.9992 ± 0.0000,0.4996,0.0,0.4996 ± 0.0000,0.4028,0.0,0.4028 ± 0.0000,0.7485,0.0,0.7485 ± 0.0000,0.3657,0.0,0.3657 ± 0.0000
NestedUNet_DP_Morph,LungInfection,True,psac,8.0,True,close,9,0.0001,48,1.5,,training,1.3561831712722778,0.0,1.3562 ± 0.0000,312.1526882648468,0.0,312.1527 ± 0.0000,0.2856,0.0,0.2856 ± 0.0000,0.4347,0.0,0.4347 ± 0.0000,0.6546,0.0,0.6546 ± 0.0000,1.0,0.0,1.0000 ± 0.0000,0.5752,0.0,0.5752 ± 0.0000,0.9994,0.0,0.9994 ± 0.0000,0.4858,0.0,0.4858 ± 0.0000,0.3868,0.0,0.3868 ± 0.0000,0.6791,0.0,0.6791 ± 0.0000,0.4041,0.0,0.4041 ± 0.0000
NestedUNet_DP_Morph,LungInfection,True,psac,8.0,True,open,3,0.0001,48,1.5,,training,1.2632144689559937,0.0,1.2632 ± 0.0000,296.5788457393646,0.0,296.5788 ± 0.0000,0.3437,0.0,0.3437 ± 0.0000,0.5491,0.0,0.5491 ± 0.0000,0.6562,0.0,0.6562 ± 0.0000,1.0,0.0,1.0000 ± 0.0000,0.6413,0.0,0.6413 ± 0.0000,0.9969,0.0,0.9969 ± 0.0000,0.5306,0.0,0.5306 ± 0.0000,0.4413,0.0,0.4413 ± 0.0000,0.784,0.0,0.7840 ± 0.0000,0.3542,0.0,0.3542 ± 0.0000
NestedUNet_DP_Morph,LungInfection,True,psac,8.0,True,open,5,0.0001,48,1.5,,training,1.3520344495773315,0.009162893453662406,1.3520 ± 0.0092,304.64769744873047,5.137169108837169,304.6477 ± 5.1372,0.2911,0.0,0.2911 ± 0.0000,0.4733,0.0,0.4733 ± 0.0000,0.6655,0.0,0.6655 ± 0.0000,1.0,0.0,1.0000 ± 0.0000,0.5495,0.0,0.5495 ± 0.0000,0.9986,0.0,0.9986 ± 0.0000,0.4758,0.0,0.4758 ± 0.0000,0.387,0.0,0.3870 ± 0.0000,0.7436,0.0,0.7436 ± 0.0000,0.4202,0.0,0.4202 ± 0.0000
NestedUNet_DP_Morph,LungInfection,True,psac,8.0,True,open,7,0.0001,48,1.5,,training,1.328116774559021,0.09480343516646429,1.3281 ± 0.0948,303.61092829704285,6.204611888654152,303.6109 ± 6.2046,0.3313,0.0,0.3313 ± 0.0000,0.5338,0.0,0.5338 ± 0.0000,0.6904,0.0,0.6904 ± 0.0000,1.0,0.0,1.0000 ± 0.0000,0.5703,0.0,0.5703 ± 0.0000,0.9997,0.0,0.9997 ± 0.0000,0.499,0.0,0.4990 ± 0.0000,0.4269,0.0,0.4269 ± 0.0000,0.8098,0.0,0.8098 ± 0.0000,0.4008,0.0,0.4008 ± 0.0000
NestedUNet_DP_Morph,LungInfection,True,psac,8.0,True,open,9,0.0001,48,1.5,,training,1.3191862106323242,0.0,1.3192 ± 0.0000,289.0862374305725,0.0,289.0862 ± 0.0000,0.2652,0.0,0.2652 ± 0.0000,0.4552,0.0,0.4552 ± 0.0000,0.5718,0.0,0.5718 ± 0.0000,1.0,0.0,1.0000 ± 0.0000,0.6047,0.0,0.6047 ± 0.0000,0.9986,0.0,0.9986 ± 0.0000,0.5054,0.0,0.5054 ± 0.0000,0.3988,0.0,0.3988 ± 0.0000,0.7167,0.0,0.7167 ± 0.0000,0.3641,0.0,0.3641 ± 0.0000
NestedUNet_DP_Morph,LungInfection,True,automatic,8.0,True,both,3,0.0001,48,2.0,,training,1.313414216041565,0.002310490235367054,1.3134 ± 0.0023,295.43507969379425,0.9701612785455115,295.4351 ± 0.9702,0.29615,0.0014849242404917826,0.2962 ± 0.0015,0.4685,0.020081832585697977,0.4685 ± 0.0201,0.6629,0.036062445840513956,0.6629 ± 0.0361,1.0,0.0,1.0000 ± 0.0000,0.5629,0.056992806563635735,0.5629 ± 0.0570,0.99545,0.006293250352560286,0.9954 ± 0.0063,0.4862,0.010040916292848968,0.4862 ± 0.0100,0.391,0.014283556979968257,0.3910 ± 0.0143,0.73575,0.01110157646462883,0.7358 ± 0.0111,0.40545,0.023688077169749362,0.4054 ± 0.0237
NestedUNet_DP_Morph,LungInfection,True,automatic,8.0,True,both,5,0.0001,48,2.0,,training,1.3104851245880127,0.01742721609707271,1.3105 ± 0.0174,292.488449215889,12.198725051343311,292.4884 ± 12.1987,0.28669999999999995,0.011737972567696691,0.2867 ± 0.0117,0.4432,0.04214356415871822,0.4432 ± 0.0421,0.6295999999999999,0.0005656854249492542,0.6296 ± 0.0006,1.0,0.0,1.0000 ± 0.0000,0.6106,0.012727922061357866,0.6106 ± 0.0127,0.9997,0.00028284271247458785,0.9997 ± 0.0003,0.4941,0.009616652224137047,0.4941 ± 0.0096,0.3948,0.016970562748477157,0.3948 ± 0.0170,0.71255,0.0539522474045336,0.7126 ± 0.0540,0.3852,0.008485281374238578,0.3852 ± 0.0085
NestedUNet_DP_Morph,LungInfection,True,automatic,8.0,True,both,7,0.0001,48,2.0,,training,1.267017662525177,0.04578909486550847,1.2670 ± 0.0458,283.2653658390045,16.810599948338044,283.2654 ± 16.8106,0.34965,0.016758430714121173,0.3497 ± 0.0168,0.52895,0.02085965004500313,0.5290 ± 0.0209,0.6535,0.03634528855298854,0.6535 ± 0.0363,1.0,0.0,1.0000 ± 0.0000,0.65655,0.013222896808188474,0.6565 ± 0.0132,0.9939,0.008485281374238578,0.9939 ± 0.0085,0.5365500000000001,0.005303300858899072,0.5366 ± 0.0053,0.4616,0.007353910524340109,0.4616 ± 0.0074,0.77205,0.008131727983645342,0.7721 ± 0.0081,0.34035000000000004,0.006717514421272207,0.3404 ± 0.0067
NestedUNet_DP_Morph,LungInfection,True,automatic,8.0,True,both,9,0.0001,48,2.0,,training,1.3104810118675232,0.030932667940206413,1.3105 ± 0.0309,292.48844826221466,9.517453479585514,292.4884 ± 9.5175,0.31225,0.02312239174480011,0.3123 ± 0.0231,0.51455,0.028213560569343238,0.5145 ± 0.0282,0.6021000000000001,0.013152186130069826,0.6021 ± 0.0132,1.0,0.0,1.0000 ± 0.0000,0.6395,0.02248599564173217,0.6395 ± 0.0225,0.99925,0.0004949747468306073,0.9992 ± 0.0005,0.5257000000000001,0.01088944443027281,0.5257 ± 0.0109,0.43674999999999997,0.0058689862838483655,0.4367 ± 0.0059,0.7738499999999999,0.01647558800164655,0.7738 ± 0.0165,0.34845000000000004,0.0045961940777125634,0.3485 ± 0.0046
NestedUNet_DP_Morph,LungInfection,True,automatic,8.0,True,close,3,0.0001,48,2.0,,training,1.3363213539123535,0.01993832533135162,1.3363 ± 0.0199,284.69456446170807,5.158535032221281,284.6946 ± 5.1585,0.31965,0.03401183617507296,0.3196 ± 0.0340,0.51725,0.03061772362537755,0.5172 ± 0.0306,0.6566000000000001,0.010465180361560928,0.6566 ± 0.0105,1.0,0.0,1.0000 ± 0.0000,0.5990500000000001,0.056356410460567836,0.5991 ± 0.0564,0.9995,0.0,0.9995 ± 0.0000,0.5039,0.02375878784786805,0.5039 ± 0.0238,0.41885,0.04857823586751581,0.4189 ± 0.0486,0.7736000000000001,0.04596194077712563,0.7736 ± 0.0460,0.3853,0.042992092296142106,0.3853 ± 0.0430
NestedUNet_DP_Morph,LungInfection,True,automatic,8.0,True,close,5,0.0001,48,2.0,,training,1.267655849456787,0.037453038285932785,1.2677 ± 0.0375,283.7641062736511,2.492691735829382,283.7641 ± 2.4927,0.33445,0.04221427483683691,0.3345 ± 0.0422,0.5118,0.03563818177180204,0.5118 ± 0.0356,0.6722,0.004242640687119289,0.6722 ± 0.0042,1.0,0.0,1.0000 ± 0.0000,0.5972,0.06066976182580577,0.5972 ± 0.0607,0.9965999999999999,0.0007071067811865482,0.9966 ± 0.0007,0.5133,0.025455844122715694,0.5133 ± 0.0255,0.4326,0.049214631970583705,0.4326 ± 0.0492,0.75975,0.0197282791951047,0.7598 ± 0.0197,0.37629999999999997,0.02729432175380075,0.3763 ± 0.0273
NestedUNet_DP_Morph,LungInfection,True,automatic,8.0,True,close,7,0.0001,48,2.0,,training,1.3726148009300232,0.065955350353607,1.3726 ± 0.0660,278.87932300567627,1.0838908403294498,278.8793 ± 1.0839,0.32789999999999997,0.006363961030678894,0.3279 ± 0.0064,0.51555,0.02510229073212242,0.5155 ± 0.0251,0.64865,0.07516545084012997,0.6486 ± 0.0752,1.0,0.0,1.0000 ± 0.0000,0.6188,0.07636753236814713,0.6188 ± 0.0764,0.9983,0.0012727922061358025,0.9983 ± 0.0013,0.5096499999999999,0.033587572106361,0.5096 ± 0.0336,0.4273,0.04384062043356595,0.4273 ± 0.0438,0.76395,0.028072139213105984,0.7640 ± 0.0281,0.3735,0.062083975388178864,0.3735 ± 0.0621
NestedUNet_DP_Morph,LungInfection,True,automatic,8.0,True,close,9,0.0001,48,2.0,,training,1.300108015537262,0.008225800423871032,1.3001 ± 0.0082,278.7712928056717,0.6112437742485191,278.7713 ± 0.6112,0.34245000000000003,0.023829498525986655,0.3425 ± 0.0238,0.53535,0.0320319371877506,0.5353 ± 0.0320,0.6329,0.0408707719525825,0.6329 ± 0.0409,1.0,0.0,1.0000 ± 0.0000,0.6652,0.06660945878777282,0.6652 ± 0.0666,0.9992000000000001,0.000989949493661136,0.9992 ± 0.0010,0.5367999999999999,0.035213917703090035,0.5368 ± 0.0352,0.45585,0.045325544674057694,0.4558 ± 0.0453,0.7903,0.014000714267493669,0.7903 ± 0.0140,0.34035000000000004,0.05013387078612624,0.3404 ± 0.0501
NestedUNet_DP_Morph,LungInfection,True,automatic,8.0,True,open,3,0.0001,48,2.0,,training,1.3040823340415955,0.04605343989936864,1.3041 ± 0.0461,289.5176913738251,0.23852587446259388,289.5177 ± 0.2385,0.2943,0.02220315292925758,0.2943 ± 0.0222,0.49534999999999996,0.031183409050326728,0.4953 ± 0.0312,0.64245,0.03401183617507296,0.6424 ± 0.0340,1.0,0.0,1.0000 ± 0.0000,0.5486,0.010606601717798222,0.5486 ± 0.0106,0.997,0.0008485281374239206,0.9970 ± 0.0008,0.47850000000000004,0.02602152954766495,0.4785 ± 0.0260,0.38695,0.02043538597629121,0.3870 ± 0.0204,0.76665,0.006858935777509462,0.7667 ± 0.0069,0.39964999999999995,0.01463711037056153,0.3996 ± 0.0146
NestedUNet_DP_Morph,LungInfection,True,automatic,8.0,True,open,5,0.0001,48,2.0,,training,1.2904455661773682,0.027856032292608014,1.2904 ± 0.0279,294.1154646873474,3.823865891392373,294.1155 ± 3.8239,0.31425000000000003,0.008697413408594559,0.3143 ± 0.0087,0.51135,0.0044547727214752295,0.5113 ± 0.0045,0.6191,0.07396336931211289,0.6191 ± 0.0740,1.0,0.0,1.0000 ± 0.0000,0.6225499999999999,0.07007428201558692,0.6225 ± 0.0701,0.99935,0.00021213203435601938,0.9993 ± 0.0002,0.5055000000000001,0.022910259710444168,0.5055 ± 0.0229,0.42915000000000003,0.019021172413918114,0.4292 ± 0.0190,0.7843,0.005656854249492385,0.7843 ± 0.0057,0.3625,0.04624478348960022,0.3625 ± 0.0462
NestedUNet_DP_Morph,LungInfection,True,automatic,8.0,True,open,7,0.0001,48,2.0,,training,1.3381632566452026,0.05501478712345211,1.3382 ± 0.0550,284.431653380394,12.793696264556562,284.4317 ± 12.7937,0.30745,0.033587572106361,0.3075 ± 0.0336,0.4994,0.054871486220076086,0.4994 ± 0.0549,0.6285499999999999,0.017324116139070467,0.6285 ± 0.0173,1.0,0.0,1.0000 ± 0.0000,0.6053,0.031254119728445336,0.6053 ± 0.0313,0.9979,0.0012727922061358025,0.9979 ± 0.0013,0.51095,0.014495689014324197,0.5110 ± 0.0145,0.42215,0.02043538597629121,0.4222 ± 0.0204,0.762,0.028142849891224633,0.7620 ± 0.0281,0.37575000000000003,0.005303300858899111,0.3758 ± 0.0053
NestedUNet_DP_Morph,LungInfection,True,automatic,8.0,True,open,9,0.0001,48,2.0,,training,1.3858669996261597,0.10045903647444444,1.3859 ± 0.1005,292.50438475608826,4.388318065836703,292.5044 ± 4.3883,0.26139999999999997,0.017677669529663664,0.2614 ± 0.0177,0.46775,0.023405234457274736,0.4677 ± 0.0234,0.5740000000000001,0.062366818100653455,0.5740 ± 0.0624,1.0,0.0,1.0000 ± 0.0000,0.5901000000000001,0.043557777721091324,0.5901 ± 0.0436,0.9982,0.0008485281374238421,0.9982 ± 0.0008,0.49024999999999996,0.000494974746830568,0.4902 ± 0.0005,0.39864999999999995,0.0024748737341529184,0.3986 ± 0.0025,0.7509,0.0029698484809834867,0.7509 ± 0.0030,0.37655,0.015485638507985412,0.3765 ± 0.0155
NestedUNet_DP_Morph,LungInfection,True,nsgd,8.0,True,both,3,0.0001,48,2.0,,training,1.35254168510437,0.0,1.3525 ± 0.0000,298.0127897262573,0.0,298.0128 ± 0.0000,0.2038,0.0,0.2038 ± 0.0000,0.3538,0.0,0.3538 ± 0.0000,0.5194,0.0,0.5194 ± 0.0000,1.0,0.0,1.0000 ± 0.0000,0.5536,0.0,0.5536 ± 0.0000,0.9982,0.0,0.9982 ± 0.0000,0.4611,0.0,0.4611 ± 0.0000,0.3463,0.0,0.3463 ± 0.0000,0.6686,0.0,0.6686 ± 0.0000,0.4069,0.0,0.4069 ± 0.0000
NestedUNet_DP_Morph,LungInfection,True,nsgd,8.0,True,both,5,0.0001,48,2.0,,training,1.497121810913086,0.0,1.4971 ± 0.0000,282.6290531158447,0.0,282.6291 ± 0.0000,0.2126,0.0,0.2126 ± 0.0000,0.3446,0.0,0.3446 ± 0.0000,0.6137,0.0,0.6137 ± 0.0000,1.0,0.0,1.0000 ± 0.0000,0.4179,0.0,0.4179 ± 0.0000,0.9801,0.0,0.9801 ± 0.0000,0.4249,0.0,0.4249 ± 0.0000,0.312,0.0,0.3120 ± 0.0000,0.6518,0.0,0.6518 ± 0.0000,0.4767,0.0,0.4767 ± 0.0000
NestedUNet_DP_Morph,LungInfection,True,nsgd,8.0,True,both,7,0.0001,48,2.0,,training,1.512272834777832,0.0,1.5123 ± 0.0000,277.5601592063904,0.0,277.5602 ± 0.0000,0.1833,0.0,0.1833 ± 0.0000,0.3197,0.0,0.3197 ± 0.0000,0.5368,0.0,0.5368 ± 0.0000,1.0,0.0,1.0000 ± 0.0000,0.442,0.0,0.4420 ± 0.0000,0.9673,0.0,0.9673 ± 0.0000,0.4266,0.0,0.4266 ± 0.0000,0.3305,0.0,0.3305 ± 0.0000,0.5889,0.0,0.5889 ± 0.0000,0.4457,0.0,0.4457 ± 0.0000
NestedUNet_DP_Morph,LungInfection,True,nsgd,8.0,True,both,9,0.0001,48,2.0,,training,1.4720185995101929,0.0,1.4720 ± 0.0000,294.0775249004364,0.0,294.0775 ± 0.0000,0.1871,0.0,0.1871 ± 0.0000,0.2764,0.0,0.2764 ± 0.0000,0.5413,0.0,0.5413 ± 0.0000,1.0,0.0,1.0000 ± 0.0000,0.4174,0.0,0.4174 ± 0.0000,0.9821,0.0,0.9821 ± 0.0000,0.378,0.0,0.3780 ± 0.0000,0.3121,0.0,0.3121 ± 0.0000,0.6909,0.0,0.6909 ± 0.0000,0.478,0.0,0.4780 ± 0.0000
NestedUNet_DP_Morph,LungInfection,True,nsgd,8.0,True,close,3,0.0001,48,2.0,,training,1.459883213043213,0.10991527199374251,1.4599 ± 0.1099,289.36208140850067,13.241735134491135,289.3621 ± 13.2417,0.17015,0.1004798736066084,0.1701 ± 0.1005,0.31174999999999997,0.07643824304626581,0.3117 ± 0.0764,0.48355000000000004,0.24812376951835957,0.4836 ± 0.2481,1.0,0.0,1.0000 ± 0.0000,0.44889999999999997,0.022344574285494915,0.4489 ± 0.0223,0.97395,0.03542604973744606,0.9739 ± 0.0354,0.396,0.03549676041556466,0.3960 ± 0.0355,0.33325,0.011950104602052671,0.3332 ± 0.0120,0.6358999999999999,0.0021213203435596446,0.6359 ± 0.0021,0.44845,0.058619152160364806,0.4485 ± 0.0586
NestedUNet_DP_Morph,LungInfection,True,nsgd,8.0,True,close,5,0.0001,48,2.0,,training,1.3700482845306396,0.0,1.3700 ± 0.0000,277.203584432602,0.0,277.2036 ± 0.0000,0.2708,0.0,0.2708 ± 0.0000,0.4466,0.0,0.4466 ± 0.0000,0.6472,0.0,0.6472 ± 0.0000,1.0,0.0,1.0000 ± 0.0000,0.5535,0.0,0.5535 ± 0.0000,0.9981,0.0,0.9981 ± 0.0000,0.4749,0.0,0.4749 ± 0.0000,0.3655,0.0,0.3655 ± 0.0000,0.6899,0.0,0.6899 ± 0.0000,0.4306,0.0,0.4306 ± 0.0000
NestedUNet_DP_Morph,LungInfection,True,nsgd,8.0,True,close,7,0.0001,48,2.0,,training,1.3864634037017822,0.0,1.3865 ± 0.0000,298.6352126598358,0.0,298.6352 ± 0.0000,0.2674,0.0,0.2674 ± 0.0000,0.3629,0.0,0.3629 ± 0.0000,0.6822,0.0,0.6822 ± 0.0000,1.0,0.0,1.0000 ± 0.0000,0.5,0.0,0.5000 ± 0.0000,0.9959,0.0,0.9959 ± 0.0000,0.4454,0.0,0.4454 ± 0.0000,0.3551,0.0,0.3551 ± 0.0000,0.6477,0.0,0.6477 ± 0.0000,0.4509,0.0,0.4509 ± 0.0000
NestedUNet_DP_Morph,LungInfection,True,nsgd,8.0,True,open,3,0.0001,48,2.0,,training,1.393654704093933,0.0,1.3937 ± 0.0000,287.6516134738922,0.0,287.6516 ± 0.0000,0.2102,0.0,0.2102 ± 0.0000,0.3689,0.0,0.3689 ± 0.0000,0.5809,0.0,0.5809 ± 0.0000,1.0,0.0,1.0000 ± 0.0000,0.4882,0.0,0.4882 ± 0.0000,0.9969,0.0,0.9969 ± 0.0000,0.4289,0.0,0.4289 ± 0.0000,0.3237,0.0,0.3237 ± 0.0000,0.6593,0.0,0.6593 ± 0.0000,0.4601,0.0,0.4601 ± 0.0000
NestedUNet_DP_Morph,LungInfection,True,nsgd,8.0,True,open,5,0.0001,48,2.0,,training,1.413250207901001,0.0,1.4133 ± 0.0000,280.45596647262573,0.0,280.4560 ± 0.0000,0.2329,0.0,0.2329 ± 0.0000,0.4254,0.0,0.4254 ± 0.0000,0.5345,0.0,0.5345 ± 0.0000,1.0,0.0,1.0000 ± 0.0000,0.5796,0.0,0.5796 ± 0.0000,0.9926,0.0,0.9926 ± 0.0000,0.4681,0.0,0.4681 ± 0.0000,0.3694,0.0,0.3694 ± 0.0000,0.7414,0.0,0.7414 ± 0.0000,0.387,0.0,0.3870 ± 0.0000
NestedUNet_DP_Morph,LungInfection,True,nsgd,8.0,True,open,7,0.0001,48,2.0,,training,1.4768816232681274,0.0,1.4769 ± 0.0000,294.55523109436035,0.0,294.5552 ± 0.0000,0.1849,0.0,0.1849 ± 0.0000,0.3522,0.0,0.3522 ± 0.0000,0.5017,0.0,0.5017 ± 0.0000,1.0,0.0,1.0000 ± 0.0000,0.4908,0.0,0.4908 ± 0.0000,0.9952,0.0,0.9952 ± 0.0000,0.4505,0.0,0.4505 ± 0.0000,0.3397,0.0,0.3397 ± 0.0000,0.6224,0.0,0.6224 ± 0.0000,0.4133,0.0,0.4133 ± 0.0000
NestedUNet_DP_Morph,LungInfection,True,nsgd,8.0,True,open,9,0.0001,48,2.0,,training,1.4860361814498901,0.1614485608428009,1.4860 ± 0.1614,280.8741661310196,5.195564578973377,280.8742 ± 5.1956,0.21695,0.05437651147324552,0.2170 ± 0.0544,0.38849999999999996,0.0800444876303172,0.3885 ± 0.0800,0.5737,0.14651252506185264,0.5737 ± 0.1465,1.0,0.0,1.0000 ± 0.0000,0.4838,0.06858935777509509,0.4838 ± 0.0686,0.992,0.00777817459305203,0.9920 ± 0.0078,0.43279999999999996,0.0018384776310850174,0.4328 ± 0.0018,0.3499,0.018384776310850254,0.3499 ± 0.0184,0.7039500000000001,0.073326973209045,0.7040 ± 0.0733,0.44805,0.04928534264870235,0.4481 ± 0.0493
NestedUNet_DP_Morph,LungInfection,True,psac,8.0,True,both,3,0.0001,48,2.0,,training,1.4170228838920593,0.12403674217471176,1.4170 ± 0.1240,305.0147876739502,13.156931460602365,305.0148 ± 13.1569,0.25965,0.03061772362537751,0.2596 ± 0.0306,0.45920000000000005,0.0431335136523794,0.4592 ± 0.0431,0.5654,0.021213203435596444,0.5654 ± 0.0212,1.0,0.0,1.0000 ± 0.0000,0.5495,0.10097484835343898,0.5495 ± 0.1010,0.9912,0.003959797974644701,0.9912 ± 0.0040,0.50035,0.03585031380615794,0.5003 ± 0.0359,0.39490000000000003,0.04666904755831214,0.3949 ± 0.0467,0.7288,0.0777817459305203,0.7288 ± 0.0778,0.37529999999999997,0.05656854249492382,0.3753 ± 0.0566
NestedUNet_DP_Morph,LungInfection,True,psac,8.0,True,both,5,0.0001,48,2.0,,training,1.3029792308807373,0.0,1.3030 ± 0.0000,304.9451062679291,0.0,304.9451 ± 0.0000,0.2976,0.0,0.2976 ± 0.0000,0.4864,0.0,0.4864 ± 0.0000,0.6449,0.0,0.6449 ± 0.0000,1.0,0.0,1.0000 ± 0.0000,0.5551,0.0,0.5551 ± 0.0000,0.9878,0.0,0.9878 ± 0.0000,0.4989,0.0,0.4989 ± 0.0000,0.4019,0.0,0.4019 ± 0.0000,0.7334,0.0,0.7334 ± 0.0000,0.3913,0.0,0.3913 ± 0.0000
NestedUNet_DP_Morph,LungInfection,True,psac,8.0,True,both,7,0.0001,48,2.0,,training,1.3561323285102844,0.018409659135861334,1.3561 ± 0.0184,308.6123751401901,4.690982171426206,308.6124 ± 4.6910,0.2737,0.0,0.2737 ± 0.0000,0.4546,0.0,0.4546 ± 0.0000,0.6651,0.0,0.6651 ± 0.0000,1.0,0.0,1.0000 ± 0.0000,0.5131,0.0,0.5131 ± 0.0000,0.999,0.0,0.9990 ± 0.0000,0.4601,0.0,0.4601 ± 0.0000,0.3686,0.0,0.3686 ± 0.0000,0.745,0.0,0.7450 ± 0.0000,0.4301,0.0,0.4301 ± 0.0000
NestedUNet_DP_Morph,LungInfection,True,psac,8.0,True,both,9,0.0001,48,2.0,,training,1.2627955675125122,0.0,1.2628 ± 0.0000,319.4086537361145,0.0,319.4087 ± 0.0000,0.3337,0.0,0.3337 ± 0.0000,0.5495,0.0,0.5495 ± 0.0000,0.6375,0.0,0.6375 ± 0.0000,1.0,0.0,1.0000 ± 0.0000,0.6529,0.0,0.6529 ± 0.0000,0.9999,0.0,0.9999 ± 0.0000,0.5373,0.0,0.5373 ± 0.0000,0.4432,0.0,0.4432 ± 0.0000,0.7677,0.0,0.7677 ± 0.0000,0.3464,0.0,0.3464 ± 0.0000
NestedUNet_DP_Morph,LungInfection,True,psac,8.0,True,close,3,0.0001,48,2.0,,training,1.3856977224349976,0.0,1.3857 ± 0.0000,300.5617039203644,0.0,300.5617 ± 0.0000,0.2472,0.0,0.2472 ± 0.0000,0.4596,0.0,0.4596 ± 0.0000,0.5125,0.0,0.5125 ± 0.0000,1.0,0.0,1.0000 ± 0.0000,0.6257,0.0,0.6257 ± 0.0000,0.9956,0.0,0.9956 ± 0.0000,0.511,0.0,0.5110 ± 0.0000,0.4085,0.0,0.4085 ± 0.0000,0.7604,0.0,0.7604 ± 0.0000,0.3391,0.0,0.3391 ± 0.0000
NestedUNet_DP_Morph,LungInfection,True,psac,8.0,True,close,5,0.0001,48,2.0,,training,1.3162551522254944,0.08257975328024404,1.3163 ± 0.0826,306.1163491010666,0.5390310498838936,306.1163 ± 0.5390,0.2504,0.0,0.2504 ± 0.0000,0.4428,0.0,0.4428 ± 0.0000,0.5348,0.0,0.5348 ± 0.0000,1.0,0.0,1.0000 ± 0.0000,0.5955,0.0,0.5955 ± 0.0000,0.9932,0.0,0.9932 ± 0.0000,0.4881,0.0,0.4881 ± 0.0000,0.4028,0.0,0.4028 ± 0.0000,0.7595,0.0,0.7595 ± 0.0000,0.3672,0.0,0.3672 ± 0.0000
NestedUNet_DP_Morph,LungInfection,True,psac,8.0,True,close,7,0.0001,48,2.0,,training,1.3506121635437012,0.07020417415199023,1.3506 ± 0.0702,309.33077442646027,2.1387355899516978,309.3308 ± 2.1387,0.2557,0.0,0.2557 ± 0.0000,0.4446,0.0,0.4446 ± 0.0000,0.6445,0.0,0.6445 ± 0.0000,1.0,0.0,1.0000 ± 0.0000,0.4724,0.0,0.4724 ± 0.0000,0.9962,0.0,0.9962 ± 0.0000,0.4596,0.0,0.4596 ± 0.0000,0.3415,0.0,0.3415 ± 0.0000,0.7115,0.0,0.7115 ± 0.0000,0.4439,0.0,0.4439 ± 0.0000
NestedUNet_DP_Morph,LungInfection,True,psac,8.0,True,close,9,0.0001,48,2.0,,training,1.4132192134857178,0.004450032853174236,1.4132 ± 0.0045,311.70480394363403,6.555782465020013,311.7048 ± 6.5558,0.2436,0.0,0.2436 ± 0.0000,0.4365,0.0,0.4365 ± 0.0000,0.5126,0.0,0.5126 ± 0.0000,1.0,0.0,1.0000 ± 0.0000,0.6323,0.0,0.6323 ± 0.0000,0.9996,0.0,0.9996 ± 0.0000,0.4857,0.0,0.4857 ± 0.0000,0.4008,0.0,0.4008 ± 0.0000,0.7305,0.0,0.7305 ± 0.0000,0.3629,0.0,0.3629 ± 0.0000
NestedUNet_DP_Morph,LungInfection,True,psac,8.0,True,open,3,0.0001,48,2.0,,training,1.4422922134399414,0.0,1.4423 ± 0.0000,308.0205578804016,0.0,308.0206 ± 0.0000,0.2128,0.0,0.2128 ± 0.0000,0.3436,0.0,0.3436 ± 0.0000,0.6083,0.0,0.6083 ± 0.0000,1.0,0.0,1.0000 ± 0.0000,0.4422,0.0,0.4422 ± 0.0000,0.9938,0.0,0.9938 ± 0.0000,0.4149,0.0,0.4149 ± 0.0000,0.3305,0.0,0.3305 ± 0.0000,0.578,0.0,0.5780 ± 0.0000,0.4865,0.0,0.4865 ± 0.0000
NestedUNet_DP_Morph,LungInfection,True,psac,8.0,True,open,5,0.0001,48,2.0,,training,1.3545057773590088,0.0,1.3545 ± 0.0000,299.8380689620972,0.0,299.8381 ± 0.0000,0.2793,0.0,0.2793 ± 0.0000,0.4694,0.0,0.4694 ± 0.0000,0.6824,0.0,0.6824 ± 0.0000,1.0,0.0,1.0000 ± 0.0000,0.4728,0.0,0.4728 ± 0.0000,0.9988,0.0,0.9988 ± 0.0000,0.4306,0.0,0.4306 ± 0.0000,0.3593,0.0,0.3593 ± 0.0000,0.7923,0.0,0.7923 ± 0.0000,0.4646,0.0,0.4646 ± 0.0000
NestedUNet_DP_Morph,LungInfection,True,psac,8.0,True,open,7,0.0001,48,2.0,,training,1.4011518955230713,0.0056953879329739755,1.4012 ± 0.0057,301.7699692249298,4.806468413856078,301.7700 ± 4.8065,0.2466,0.0,0.2466 ± 0.0000,0.4156,0.0,0.4156 ± 0.0000,0.5364,0.0,0.5364 ± 0.0000,1.0,0.0,1.0000 ± 0.0000,0.5492,0.0,0.5492 ± 0.0000,0.9834,0.0,0.9834 ± 0.0000,0.4889,0.0,0.4889 ± 0.0000,0.4018,0.0,0.4018 ± 0.0000,0.7344,0.0,0.7344 ± 0.0000,0.3675,0.0,0.3675 ± 0.0000
NestedUNet_DP_Morph,LungInfection,True,psac,8.0,True,open,9,0.0001,48,2.0,,training,1.4039711952209473,0.0,1.4040 ± 0.0000,309.87677478790283,0.0,309.8768 ± 0.0000,0.2771,0.0,0.2771 ± 0.0000,0.4583,0.0,0.4583 ± 0.0000,0.5981,0.0,0.5981 ± 0.0000,1.0,0.0,1.0000 ± 0.0000,0.5799,0.0,0.5799 ± 0.0000,0.9977,0.0,0.9977 ± 0.0000,0.4932,0.0,0.4932 ± 0.0000,0.4035,0.0,0.4035 ± 0.0000,0.7731,0.0,0.7731 ± 0.0000,0.3798,0.0,0.3798 ± 0.0000
NestedUNet_DP_Morph,LungInfection,True,automatic,200.0,True,both,3,0.0001,48,1.2,,training,1.1383589506149292,0.024708674233208647,1.1384 ± 0.0247,286.9439800977707,5.352341751714625,286.9440 ± 5.3523,0.48655000000000004,0.01887975105768082,0.4866 ± 0.0189,0.6192500000000001,0.00799030662740797,0.6193 ± 0.0080,0.63585,0.01958685783886741,0.6359 ± 0.0196,1.0,0.0,1.0000 ± 0.0000,0.8100499999999999,0.044477016536633884,0.8100 ± 0.0445,0.99895,0.0013435028842544493,0.9990 ± 0.0013,0.6292,0.021354624791833737,0.6292 ± 0.0214,0.6305000000000001,0.03181980515339467,0.6305 ± 0.0318,0.8232999999999999,0.006646803743153521,0.8233 ± 0.0066,0.22095,0.033870414818835626,0.2210 ± 0.0339
NestedUNet_DP_Morph,LungInfection,True,automatic,200.0,True,both,5,0.0001,48,1.2,,training,1.1268174648284912,0.055427151889282544,1.1268 ± 0.0554,292.62511074543,6.412424005907664,292.6251 ± 6.4124,0.4852,0.007071067811865481,0.4852 ± 0.0071,0.6245,0.0014142135623730178,0.6245 ± 0.0014,0.65745,0.004030508652763348,0.6574 ± 0.0040,1.0,0.0,1.0000 ± 0.0000,0.7937000000000001,0.004525483399593955,0.7937 ± 0.0045,0.9971,0.0018384776310849781,0.9971 ± 0.0018,0.6247,0.00028284271247458785,0.6247 ± 0.0003,0.6236999999999999,0.012303657992645907,0.6237 ± 0.0123,0.8357,0.00509116882454321,0.8357 ± 0.0051,0.2271,0.003818376618407368,0.2271 ± 0.0038
NestedUNet_DP_Morph,LungInfection,True,automatic,200.0,True,both,7,0.0001,48,1.2,,training,1.1038923263549805,0.04045962587130592,1.1039 ± 0.0405,292.6272209882736,1.1412589388863563,292.6272 ± 1.1413,0.47885,0.010677312395916868,0.4788 ± 0.0107,0.6215999999999999,0.006081118318204346,0.6216 ± 0.0061,0.68015,0.01025304832720491,0.6802 ± 0.0103,1.0,0.0,1.0000 ± 0.0000,0.7698,0.022061731573020285,0.7698 ± 0.0221,0.9996,0.0004242640687119603,0.9996 ± 0.0004,0.6141000000000001,0.010465180361560928,0.6141 ± 0.0105,0.61035,0.015202795795510746,0.6103 ± 0.0152,0.83595,0.00021213203435594088,0.8359 ± 0.0002,0.24365000000000003,0.015061374439273472,0.2437 ± 0.0151
NestedUNet_DP_Morph,LungInfection,True,automatic,200.0,True,both,9,0.0001,48,1.2,,training,1.1487696766853333,0.040120849502975356,1.1488 ± 0.0401,297.33848083019257,6.278086489663193,297.3385 ± 6.2781,0.44335,0.005444722215136405,0.4434 ± 0.0054,0.6170500000000001,0.0006363961030679012,0.6171 ± 0.0006,0.6901999999999999,0.03238549057834384,0.6902 ± 0.0324,1.0,0.0,1.0000 ± 0.0000,0.73445,0.0058689862838484045,0.7345 ± 0.0059,0.99795,0.0028991378028648397,0.9980 ± 0.0029,0.5915999999999999,0.0019798989873223505,0.5916 ± 0.0020,0.5595,0.004949747468305759,0.5595 ± 0.0049,0.83125,0.001202081528017077,0.8313 ± 0.0012,0.27390000000000003,0.00042426406871192107,0.2739 ± 0.0004
NestedUNet_DP_Morph,LungInfection,True,automatic,200.0,True,close,3,0.0001,48,1.2,,training,1.126788318157196,0.00583573693851541,1.1268 ± 0.0058,286.1796386241913,4.123636194363077,286.1796 ± 4.1236,0.4669,0.013576450198781708,0.4669 ± 0.0136,0.63255,0.0020506096654409976,0.6325 ± 0.0021,0.65865,0.021425335469952386,0.6586 ± 0.0214,1.0,0.0,1.0000 ± 0.0000,0.7833,0.02333452377915601,0.7833 ± 0.0233,0.99995,7.071067811864696e-05,1.0000 ± 0.0001,0.6191,0.012586500705120572,0.6191 ± 0.0126,0.59645,0.02156675682618968,0.5965 ± 0.0216,0.838,0.004101219330881995,0.8380 ± 0.0041,0.238,0.01598061325481596,0.2380 ± 0.0160
NestedUNet_DP_Morph,LungInfection,True,automatic,200.0,True,close,5,0.0001,48,1.2,,training,1.1468576192855835,0.04183883934197626,1.1469 ± 0.0418,287.0979986190796,26.066222537870605,287.0980 ± 26.0662,0.46985,0.015627059864222706,0.4698 ± 0.0156,0.63915,0.0014849242404917434,0.6391 ± 0.0015,0.66125,0.004313351365237936,0.6613 ± 0.0043,1.0,0.0,1.0000 ± 0.0000,0.77205,0.014071424945612317,0.7721 ± 0.0141,0.99915,0.0012020815280171554,0.9991 ± 0.0012,0.6174999999999999,0.008061017305526618,0.6175 ± 0.0081,0.5966,0.018243354954612958,0.5966 ± 0.0182,0.8464,0.005374011537017719,0.8464 ± 0.0054,0.2426,0.013010764773832494,0.2426 ± 0.0130
NestedUNet_DP_Morph,LungInfection,True,automatic,200.0,True,close,7,0.0001,48,1.2,,training,1.124394714832306,0.042340133958164994,1.1244 ± 0.0423,283.97650170326233,6.146903412148671,283.9765 ± 6.1469,0.4677,0.007636753236814736,0.4677 ± 0.0076,0.62245,0.00487903679018719,0.6224 ± 0.0049,0.6337999999999999,0.014707821048680217,0.6338 ± 0.0147,1.0,0.0,1.0000 ± 0.0000,0.8056,0.011030865786510182,0.8056 ± 0.0110,0.99995,7.071067811864696e-05,1.0000 ± 0.0001,0.6265000000000001,0.0016970562748477628,0.6265 ± 0.0017,0.6074999999999999,0.003111269837220859,0.6075 ± 0.0031,0.8339,0.0011313708498985084,0.8339 ± 0.0011,0.2229,0.004242640687119269,0.2229 ± 0.0042
NestedUNet_DP_Morph,LungInfection,True,automatic,200.0,True,close,9,0.0001,48,1.2,,training,1.146541178226471,0.0740136592014959,1.1465 ± 0.0740,281.30558836460114,0.28923746835304354,281.3056 ± 0.2892,0.46345000000000003,0.007000357133746795,0.4635 ± 0.0070,0.6303,0.013152186130069748,0.6303 ± 0.0132,0.6596500000000001,0.0334461507501237,0.6597 ± 0.0334,1.0,0.0,1.0000 ± 0.0000,0.75875,0.04546696603029502,0.7588 ± 0.0455,0.9967,0.003959797974644701,0.9967 ± 0.0040,0.60795,0.018314065632731604,0.6079 ± 0.0183,0.5881000000000001,0.02616295090390228,0.5881 ± 0.0262,0.8394,0.0015556349186103902,0.8394 ± 0.0016,0.25485,0.033870414818835626,0.2549 ± 0.0339
NestedUNet_DP_Morph,LungInfection,True,automatic,200.0,True,open,3,0.0001,48,1.2,,training,1.1157976388931274,0.02643939242046,1.1158 ± 0.0264,293.728208899498,7.930529887034861,293.7282 ± 7.9305,0.48685,0.007848885271170676,0.4869 ± 0.0078,0.6354500000000001,0.006293250352560286,0.6355 ± 0.0063,0.7074499999999999,0.018031222920256936,0.7074 ± 0.0180,1.0,0.0,1.0000 ± 0.0000,0.7556499999999999,0.02778929650063132,0.7556 ± 0.0278,0.9944500000000001,0.007566042558696089,0.9945 ± 0.0076,0.6131,0.012586500705120572,0.6131 ± 0.0126,0.6102000000000001,0.017819090885900998,0.6102 ± 0.0178,0.8445,0.006929646455628187,0.8445 ± 0.0069,0.25,0.018384776310850254,0.2500 ± 0.0184
NestedUNet_DP_Morph,LungInfection,True,automatic,200.0,True,open,5,0.0001,48,1.2,,training,1.1605101227760315,0.002809930390221305,1.1605 ± 0.0028,294.7635828256607,18.30002995667544,294.7636 ± 18.3000,0.45904999999999996,0.02397091988222395,0.4590 ± 0.0240,0.62395,0.0033234018715767215,0.6240 ± 0.0033,0.7026,0.08103443712397837,0.7026 ± 0.0810,1.0,0.0,1.0000 ± 0.0000,0.7237,0.09446946596652271,0.7237 ± 0.0945,0.99905,0.0006363961030679012,0.9990 ± 0.0006,0.59,0.04978031739553296,0.5900 ± 0.0498,0.5725,0.05656854249492385,0.5725 ± 0.0566,0.83585,0.005161879502661778,0.8358 ± 0.0052,0.27845000000000003,0.06569021997223028,0.2785 ± 0.0657
NestedUNet_DP_Morph,LungInfection,True,automatic,200.0,True,open,7,0.0001,48,1.2,,training,1.1038330793380737,0.011498166035954023,1.1038 ± 0.0115,282.2093540430069,3.5729304674416658,282.2094 ± 3.5729,0.4839,0.009192388155425127,0.4839 ± 0.0092,0.63725,0.004737615433949818,0.6372 ± 0.0047,0.67785,0.0071417784899841285,0.6778 ± 0.0071,1.0,0.0,1.0000 ± 0.0000,0.7862499999999999,0.012091525958289965,0.7862 ± 0.0121,0.99875,0.001767766952966331,0.9988 ± 0.0018,0.6251,0.0072124891681027755,0.6251 ± 0.0072,0.6133,0.009616652224137007,0.6133 ± 0.0096,0.84125,0.002899137802864918,0.8413 ± 0.0029,0.2313,0.011879393923934006,0.2313 ± 0.0119
NestedUNet_DP_Morph,LungInfection,True,automatic,200.0,True,open,9,0.0001,48,1.2,,training,1.1226599216461182,0.08267626956333415,1.1227 ± 0.0827,281.65723526477814,5.0258257330284835,281.6572 ± 5.0258,0.47609999999999997,0.011737972567696691,0.4761 ± 0.0117,0.637,0.006788225099390893,0.6370 ± 0.0068,0.7097,0.009333809511662497,0.7097 ± 0.0093,1.0,0.0,1.0000 ± 0.0000,0.7571,0.01371787155501908,0.7571 ± 0.0137,0.99725,0.0038890872965259755,0.9972 ± 0.0039,0.6090500000000001,0.009263098833543773,0.6091 ± 0.0093,0.5944499999999999,0.018031222920256936,0.5944 ± 0.0180,0.8419,0.0011313708498985084,0.8419 ± 0.0011,0.25125,0.009687362902255693,0.2512 ± 0.0097
NestedUNet_DP_Morph,LungInfection,True,base,200.0,True,both,3,0.0001,48,1.2,,training,1.1621297001838684,0.00458835880998699,1.1621 ± 0.0046,291.51339638233185,4.436985031812233,291.5134 ± 4.4370,0.46185,0.0019091883092036642,0.4618 ± 0.0019,0.63835,0.00021213203435594088,0.6383 ± 0.0002,0.66675,0.0071417784899841285,0.6667 ± 0.0071,1.0,0.0,1.0000 ± 0.0000,0.75815,0.006151828996322914,0.7581 ± 0.0062,0.9991,0.0012727922061358025,0.9991 ± 0.0013,0.6086,0.0029698484809834867,0.6086 ± 0.0030,0.58215,0.0007778174593051951,0.5821 ± 0.0008,0.8425499999999999,0.005020458146424484,0.8425 ± 0.0050,0.25439999999999996,0.006788225099390855,0.2544 ± 0.0068
NestedUNet_DP_Morph,LungInfection,True,base,200.0,True,both,5,0.0001,48,1.2,,training,1.097145140171051,0.05662353233111293,1.0971 ± 0.0566,298.02812802791595,5.256906113820496,298.0281 ± 5.2569,0.47104999999999997,0.031183409050326728,0.4710 ± 0.0312,0.6166,0.015414927829866688,0.6166 ± 0.0154,0.6476,0.003111269837220859,0.6476 ± 0.0031,1.0,0.0,1.0000 ± 0.0000,0.79695,0.0334461507501237,0.7970 ± 0.0334,0.9982,0.0022627416997969383,0.9982 ± 0.0023,0.6225499999999999,0.023546655813512028,0.6225 ± 0.0235,0.60845,0.03995153313703993,0.6085 ± 0.0400,0.8227500000000001,0.01223294731452726,0.8228 ± 0.0122,0.2303,0.03068843430349616,0.2303 ± 0.0307
NestedUNet_DP_Morph,LungInfection,True,base,200.0,True,close,3,0.0001,48,1.2,,training,1.1276642084121704,0.01695297975762797,1.1277 ± 0.0170,296.67171001434326,0.20560682555202883,296.6717 ± 0.2056,0.4787,0.005232590180780464,0.4787 ± 0.0052,0.6387,0.00028284271247466634,0.6387 ± 0.0003,0.6645,0.02022325394193523,0.6645 ± 0.0202,1.0,0.0,1.0000 ± 0.0000,0.77395,0.0027577164466275456,0.7740 ± 0.0028,1.0,0.0,1.0000 ± 0.0000,0.6174999999999999,0.0007071067811865482,0.6175 ± 0.0007,0.6055,0.004101219330881995,0.6055 ± 0.0041,0.8456999999999999,0.0021213203435596446,0.8457 ± 0.0021,0.24185,0.00021213203435596054,0.2419 ± 0.0002
NestedUNet_DP_Morph,LungInfection,True,base,200.0,True,close,5,0.0001,48,1.2,,training,1.1303086280822754,0.010303049999579112,1.1303 ± 0.0103,296.40857350826263,15.12768016480811,296.4086 ± 15.1277,0.46175,0.0060104076400856596,0.4617 ± 0.0060,0.6335999999999999,0.013717871555019003,0.6336 ± 0.0137,0.66225,0.046315494167718865,0.6623 ± 0.0463,1.0,0.0,1.0000 ± 0.0000,0.76535,0.04292138161802342,0.7653 ± 0.0429,0.9960500000000001,0.0034648232278140937,0.9961 ± 0.0035,0.6101000000000001,0.01357645019878171,0.6101 ± 0.0136,0.5862,0.021920310216782993,0.5862 ± 0.0219,0.84445,0.012940054095713808,0.8445 ± 0.0129,0.24845,0.027930717856868632,0.2485 ± 0.0279
NestedUNet_DP_Morph,LungInfection,True,base,200.0,True,open,3,0.0001,48,1.2,,training,1.1071038842201233,0.023011252056280903,1.1071 ± 0.0230,301.8422739505768,2.203247073569059,301.8423 ± 2.2032,0.4746,0.00933380951166242,0.4746 ± 0.0093,0.6245499999999999,0.0019091883092037035,0.6245 ± 0.0019,0.6586,0.00014142135623729392,0.6586 ± 0.0001,1.0,0.0,1.0000 ± 0.0000,0.78455,0.005444722215136444,0.7845 ± 0.0054,0.9983500000000001,0.0017677669529664096,0.9984 ± 0.0018,0.61955,0.002616295090390173,0.6196 ± 0.0026,0.6047499999999999,0.010677312395916868,0.6047 ± 0.0107,0.8311999999999999,0.00268700576850882,0.8312 ± 0.0027,0.2365,0.0032526911934581335,0.2365 ± 0.0033
NestedUNet_DP_Morph,LungInfection,True,base,200.0,True,open,5,0.0001,48,1.2,,training,1.1467764377593994,0.034127483351029206,1.1468 ± 0.0341,290.45306742191315,3.567107458851401,290.4531 ± 3.5671,0.47075,0.019445436482630033,0.4708 ± 0.0194,0.6072,0.006929646455628187,0.6072 ± 0.0069,0.6603,0.021637467504308328,0.6603 ± 0.0216,1.0,0.0,1.0000 ± 0.0000,0.7797499999999999,0.0023334523779155853,0.7797 ± 0.0023,0.99995,7.071067811864696e-05,1.0000 ± 0.0001,0.6125,0.006081118318204346,0.6125 ± 0.0061,0.6045,0.018384776310850254,0.6045 ± 0.0184,0.8128500000000001,0.006010407640085699,0.8129 ± 0.0060,0.2447,0.005374011537017758,0.2447 ± 0.0054
NestedUNet_DP_Morph,LungInfection,True,nsgd,200.0,True,both,3,0.0001,48,1.2,,training,1.1144137382507324,0.027462886489698708,1.1144 ± 0.0275,293.70100808143616,10.499112081229969,293.7010 ± 10.4991,0.4688,0.0164048773235279,0.4688 ± 0.0164,0.6174999999999999,0.018384776310850174,0.6175 ± 0.0184,0.65805,0.030900566337852098,0.6581 ± 0.0309,1.0,0.0,1.0000 ± 0.0000,0.7904,0.01470782104868014,0.7904 ± 0.0147,0.99795,0.0028991378028648397,0.9980 ± 0.0029,0.61935,0.0014849242404917434,0.6193 ± 0.0015,0.6026,0.009616652224137085,0.6026 ± 0.0096,0.8269500000000001,0.020576807332528542,0.8270 ± 0.0206,0.23320000000000002,0.0036769552621700543,0.2332 ± 0.0037
NestedUNet_DP_Morph,LungInfection,True,nsgd,200.0,True,both,5,0.0001,48,1.2,,training,1.132401943206787,0.025543350421118393,1.1324 ± 0.0255,295.5350706577301,12.794839118500784,295.5351 ± 12.7948,0.4489,0.0,0.4489 ± 0.0000,0.6317,0.0,0.6317 ± 0.0000,0.6746,0.0,0.6746 ± 0.0000,1.0,0.0,1.0000 ± 0.0000,0.7592,0.0,0.7592 ± 0.0000,0.9968,0.0,0.9968 ± 0.0000,0.6043,0.0,0.6043 ± 0.0000,0.57,0.0,0.5700 ± 0.0000,0.8474,0.0,0.8474 ± 0.0000,0.2545,0.0,0.2545 ± 0.0000
NestedUNet_DP_Morph,LungInfection,True,nsgd,200.0,True,both,7,0.0001,48,1.2,,training,1.183656632900238,0.03723834223961829,1.1837 ± 0.0372,292.2910655736923,2.523003243516235,292.2911 ± 2.5230,0.4293,0.013859292911256337,0.4293 ± 0.0139,0.6045499999999999,0.01491995308303616,0.6045 ± 0.0149,0.6617500000000001,0.0320319371877506,0.6618 ± 0.0320,1.0,0.0,1.0000 ± 0.0000,0.74105,0.028072139213105984,0.7410 ± 0.0281,0.99985,0.00021213203435594088,0.9999 ± 0.0002,0.58815,0.016617009357883843,0.5881 ± 0.0166,0.5506500000000001,0.017606958851545056,0.5507 ± 0.0176,0.82405,0.0058689862838484045,0.8240 ± 0.0059,0.2742,0.014283556979968257,0.2742 ± 0.0143
NestedUNet_DP_Morph,LungInfection,True,nsgd,200.0,True,both,9,0.0001,48,1.2,,training,1.1486509442329407,0.08263977039252356,1.1487 ± 0.0826,304.8102889060974,4.342251897589084,304.8103 ± 4.3423,0.4565,0.022061731573020285,0.4565 ± 0.0221,0.6184000000000001,0.0024041630560342323,0.6184 ± 0.0024,0.6763,0.03705239533417509,0.6763 ± 0.0371,1.0,0.0,1.0000 ± 0.0000,0.7465999999999999,0.06802367235014584,0.7466 ± 0.0680,0.99375,0.00841457069611993,0.9938 ± 0.0084,0.5992,0.033516861428242346,0.5992 ± 0.0335,0.5802499999999999,0.04080006127446377,0.5802 ± 0.0408,0.8307500000000001,0.0020506096654409976,0.8308 ± 0.0021,0.26395,0.05197234841721125,0.2640 ± 0.0520
NestedUNet_DP_Morph,LungInfection,True,nsgd,200.0,True,close,3,0.0001,48,1.2,,training,1.2207832336425781,0.04904274727685247,1.2208 ± 0.0490,287.5534347295761,1.5580541814324087,287.5534 ± 1.5581,0.43675,0.007848885271170676,0.4368 ± 0.0078,0.61475,0.0014849242404917434,0.6148 ± 0.0015,0.6374500000000001,0.023688077169749324,0.6375 ± 0.0237,1.0,0.0,1.0000 ± 0.0000,0.7598499999999999,0.01491995308303616,0.7598 ± 0.0149,0.99965,0.00021213203435594088,0.9997 ± 0.0002,0.59735,0.011525840533340789,0.5974 ± 0.0115,0.5622499999999999,0.011808683245815377,0.5622 ± 0.0118,0.8326,0.0072124891681027755,0.8326 ± 0.0072,0.25880000000000003,0.013859292911256337,0.2588 ± 0.0139
NestedUNet_DP_Morph,LungInfection,True,nsgd,200.0,True,close,5,0.0001,48,1.2,,training,1.1706337928771973,0.03604937964312597,1.1706 ± 0.0360,296.20135951042175,2.8390127272181864,296.2014 ± 2.8390,0.44520000000000004,0.006222539674441601,0.4452 ± 0.0062,0.6249,0.011596551211459359,0.6249 ± 0.0116,0.66445,0.01421284630184961,0.6644 ± 0.0142,1.0,0.0,1.0000 ± 0.0000,0.74475,0.021849599538664347,0.7448 ± 0.0218,0.99965,0.00021213203435594088,0.9997 ± 0.0002,0.5972,0.007353910524340148,0.5972 ± 0.0074,0.56445,0.014637110370561491,0.5645 ± 0.0146,0.8384499999999999,0.006293250352560286,0.8384 ± 0.0063,0.2661,0.01711198410471445,0.2661 ± 0.0171
NestedUNet_DP_Morph,LungInfection,True,nsgd,200.0,True,close,7,0.0001,48,1.2,,training,1.1257792711257937,0.0,1.1258 ± 0.0000,293.5831196308136,0.0,293.5831 ± 0.0000,0.4608,0.0,0.4608 ± 0.0000,0.6127,0.0,0.6127 ± 0.0000,0.6608,0.0,0.6608 ± 0.0000,1.0,0.0,1.0000 ± 0.0000,0.7898,0.0,0.7898 ± 0.0000,1.0,0.0,1.0000 ± 0.0000,0.6151,0.0,0.6151 ± 0.0000,0.594,0.0,0.5940 ± 0.0000,0.8191,0.0,0.8191 ± 0.0000,0.2346,0.0,0.2346 ± 0.0000
NestedUNet_DP_Morph,LungInfection,True,nsgd,200.0,True,close,9,0.0001,48,1.2,,training,1.1164004802703855,0.0,1.1164 ± 0.0000,297.229617357254,0.0,297.2296 ± 0.0000,0.4528,0.0,0.4528 ± 0.0000,0.6169,0.0,0.6169 ± 0.0000,0.6376,0.0,0.6376 ± 0.0000,1.0,0.0,1.0000 ± 0.0000,0.7859,0.0,0.7859 ± 0.0000,1.0,0.0,1.0000 ± 0.0000,0.6153,0.0,0.6153 ± 0.0000,0.5887,0.0,0.5887 ± 0.0000,0.84,0.0,0.8400 ± 0.0000,0.2372,0.0,0.2372 ± 0.0000
NestedUNet_DP_Morph,LungInfection,True,nsgd,200.0,True,open,3,0.0001,48,1.2,,training,1.1395695209503174,0.025258774899972837,1.1396 ± 0.0253,293.6408871412277,10.891448158885957,293.6409 ± 10.8914,0.4604,0.0,0.4604 ± 0.0000,0.6276,0.0,0.6276 ± 0.0000,0.6382,0.0,0.6382 ± 0.0000,1.0,0.0,1.0000 ± 0.0000,0.7815,0.0,0.7815 ± 0.0000,1.0,0.0,1.0000 ± 0.0000,0.6143,0.0,0.6143 ± 0.0000,0.5916,0.0,0.5916 ± 0.0000,0.8351,0.0,0.8351 ± 0.0000,0.2425,0.0,0.2425 ± 0.0000
NestedUNet_DP_Morph,LungInfection,True,nsgd,200.0,True,open,5,0.0001,48,1.2,,training,1.1097444891929626,0.005311935905221861,1.1097 ± 0.0053,295.46699142456055,7.031685122267279,295.4670 ± 7.0317,0.46399999999999997,0.0016970562748477233,0.4640 ± 0.0017,0.62495,0.00685893577750954,0.6250 ± 0.0069,0.66035,0.018738329701443488,0.6603 ± 0.0187,1.0,0.0,1.0000 ± 0.0000,0.77715,0.012374368670764632,0.7772 ± 0.0124,0.9967999999999999,0.0007071067811865482,0.9968 ± 0.0007,0.61285,0.009828784258493027,0.6129 ± 0.0098,0.5963,0.0033941125496954466,0.5963 ± 0.0034,0.8386,0.0009899494936612145,0.8386 ± 0.0010,0.24080000000000001,0.0059396969619669926,0.2408 ± 0.0059
NestedUNet_DP_Morph,LungInfection,True,nsgd,200.0,True,open,7,0.0001,48,1.2,,training,1.1120910048484802,0.010398386170910753,1.1121 ± 0.0104,296.13207721710205,18.06393190927451,296.1321 ± 18.0639,0.4605,0.012586500705120532,0.4605 ± 0.0126,0.6107,0.006788225099390893,0.6107 ± 0.0068,0.68435,0.004737615433949818,0.6844 ± 0.0047,1.0,0.0,1.0000 ± 0.0000,0.7564500000000001,0.007566042558696089,0.7565 ± 0.0076,0.9997,0.0,0.9997 ± 0.0000,0.60195,0.0071417784899841285,0.6019 ± 0.0071,0.5861000000000001,0.012586500705120494,0.5861 ± 0.0126,0.8299,0.003959797974644701,0.8299 ± 0.0040,0.256,0.00820243866176395,0.2560 ± 0.0082
NestedUNet_DP_Morph,LungInfection,True,nsgd,200.0,True,open,9,0.0001,48,1.2,,training,1.2092936038970947,0.06034349747438147,1.2093 ± 0.0603,290.0240318775177,0.4714526243941321,290.0240 ± 0.4715,0.43295,0.01463711037056157,0.4330 ± 0.0146,0.5801000000000001,0.0585484414822462,0.5801 ± 0.0585,0.68825,0.012940054095713808,0.6883 ± 0.0129,1.0,0.0,1.0000 ± 0.0000,0.7152000000000001,0.008343860018001206,0.7152 ± 0.0083,0.99975,0.00035355339059323483,0.9998 ± 0.0004,0.5741,0.01598061325481602,0.5741 ± 0.0160,0.5588,0.00028284271247466634,0.5588 ± 0.0003,0.80485,0.03839589821842954,0.8048 ± 0.0384,0.2933,0.012020815280171319,0.2933 ± 0.0120
NestedUNet_DP_Morph,LungInfection,True,psac,200.0,True,both,3,0.0001,48,1.2,,training,1.1688884496688843,0.09705947167355573,1.1689 ± 0.0971,310.50905454158783,6.679759105788748,310.5091 ± 6.6798,0.43365,0.010818733752154202,0.4336 ± 0.0108,0.60965,0.02001112190757929,0.6097 ± 0.0200,0.6452,0.012586500705120572,0.6452 ± 0.0126,1.0,0.0,1.0000 ± 0.0000,0.75495,0.007848885271170676,0.7550 ± 0.0078,0.9991,0.0009899494936612145,0.9991 ± 0.0010,0.59535,0.00883883476483189,0.5954 ± 0.0088,0.55785,0.011242997820866046,0.5578 ± 0.0112,0.82855,0.015485638507985412,0.8286 ± 0.0155,0.26255,0.008273149339882636,0.2626 ± 0.0083
NestedUNet_DP_Morph,LungInfection,True,psac,200.0,True,both,5,0.0001,48,1.2,,training,1.152694046497345,0.011969789270790928,1.1527 ± 0.0120,313.14628887176514,4.439525475253076,313.1463 ± 4.4395,0.4576,0.0,0.4576 ± 0.0000,0.6031,0.0,0.6031 ± 0.0000,0.6347,0.0,0.6347 ± 0.0000,1.0,0.0,1.0000 ± 0.0000,0.7851,0.0,0.7851 ± 0.0000,0.9972,0.0,0.9972 ± 0.0000,0.6134,0.0,0.6134 ± 0.0000,0.5971,0.0,0.5971 ± 0.0000,0.8212,0.0,0.8212 ± 0.0000,0.2406,0.0,0.2406 ± 0.0000
NestedUNet_DP_Morph,LungInfection,True,psac,200.0,True,both,7,0.0001,48,1.2,,training,1.149611473083496,0.00438360941992091,1.1496 ± 0.0044,318.7051601409912,7.071675400833608,318.7052 ± 7.0717,0.4468,0.0128693434175952,0.4468 ± 0.0129,0.62575,0.0014849242404917434,0.6258 ± 0.0015,0.66865,0.005020458146424484,0.6686 ± 0.0050,1.0,0.0,1.0000 ± 0.0000,0.7377,0.007495331880577363,0.7377 ± 0.0075,0.9997,0.0004242640687119603,0.9997 ± 0.0004,0.59425,0.005020458146424484,0.5942 ± 0.0050,0.56735,0.015061374439273452,0.5674 ± 0.0151,0.8427,0.0035355339059327407,0.8427 ± 0.0035,0.27125,0.006717514421272207,0.2712 ± 0.0067
NestedUNet_DP_Morph,LungInfection,True,psac,200.0,True,both,9,0.0001,48,1.2,,training,1.1847188472747805,0.0,1.1847 ± 0.0000,306.0180344581604,0.0,306.0180 ± 0.0000,0.4483,0.0,0.4483 ± 0.0000,0.5919,0.0,0.5919 ± 0.0000,0.6863,0.0,0.6863 ± 0.0000,1.0,0.0,1.0000 ± 0.0000,0.7451,0.0,0.7451 ± 0.0000,1.0,0.0,1.0000 ± 0.0000,0.5934,0.0,0.5934 ± 0.0000,0.5778,0.0,0.5778 ± 0.0000,0.8156,0.0,0.8156 ± 0.0000,0.2646,0.0,0.2646 ± 0.0000
NestedUNet_DP_Morph,LungInfection,True,psac,200.0,True,close,3,0.0001,48,1.2,,training,1.1390663385391235,0.054559263984746524,1.1391 ± 0.0546,308.1778575181961,4.137794332302251,308.1779 ± 4.1378,0.45499999999999996,0.02602152954766495,0.4550 ± 0.0260,0.5977,0.013859292911256375,0.5977 ± 0.0139,0.6435500000000001,0.035001785668734096,0.6436 ± 0.0350,1.0,0.0,1.0000 ± 0.0000,0.7864500000000001,0.05183092706097396,0.7865 ± 0.0518,0.9974000000000001,0.003676955262170035,0.9974 ± 0.0037,0.6085,0.019940411229460643,0.6085 ± 0.0199,0.5926,0.04666904755831218,0.5926 ± 0.0467,0.8066,0.019374725804511387,0.8066 ± 0.0194,0.241,0.035638181771801995,0.2410 ± 0.0356
NestedUNet_DP_Morph,LungInfection,True,psac,200.0,True,close,5,0.0001,48,1.2,,training,1.164499044418335,0.0016905943874691385,1.1645 ± 0.0017,310.18772327899933,1.5931746445343546,310.1877 ± 1.5932,0.4612,0.0,0.4612 ± 0.0000,0.6197,0.0,0.6197 ± 0.0000,0.6126,0.0,0.6126 ± 0.0000,1.0,0.0,1.0000 ± 0.0000,0.801,0.0,0.8010 ± 0.0000,0.999,0.0,0.9990 ± 0.0000,0.6143,0.0,0.6143 ± 0.0000,0.6013,0.0,0.6013 ± 0.0000,0.8344,0.0,0.8344 ± 0.0000,0.228,0.0,0.2280 ± 0.0000
NestedUNet_DP_Morph,LungInfection,True,psac,200.0,True,close,7,0.0001,48,1.2,,training,1.1274492740631104,0.011345931619132674,1.1274 ± 0.0113,307.6165726184845,6.51089269960803,307.6166 ± 6.5109,0.4484,0.006505382386916267,0.4484 ± 0.0065,0.6123000000000001,0.013010764773832534,0.6123 ± 0.0130,0.6506000000000001,0.034506810921903566,0.6506 ± 0.0345,1.0,0.0,1.0000 ± 0.0000,0.7612,0.014424978336205551,0.7612 ± 0.0144,0.9937499999999999,0.0047376154339498966,0.9937 ± 0.0047,0.60135,0.002757716446627467,0.6014 ± 0.0028,0.5739,0.0045254833995938765,0.5739 ± 0.0045,0.82595,0.01308147545195118,0.8259 ± 0.0131,0.2569,0.005798275605729679,0.2569 ± 0.0058
NestedUNet_DP_Morph,LungInfection,True,psac,200.0,True,close,9,0.0001,48,1.2,,training,1.166906714439392,0.0003413894729382417,1.1669 ± 0.0003,311.4988292455673,9.637745980032214,311.4988 ± 9.6377,0.45694999999999997,0.014354267658086945,0.4569 ± 0.0144,0.6212,0.000989949493661136,0.6212 ± 0.0010,0.6213500000000001,0.004454772721475308,0.6214 ± 0.0045,1.0,0.0,1.0000 ± 0.0000,0.7888,0.023617366491630678,0.7888 ± 0.0236,0.9989,0.0009899494936612145,0.9989 ± 0.0010,0.6137999999999999,0.014849242404917511,0.6138 ± 0.0148,0.5931,0.022203152929257577,0.5931 ± 0.0222,0.8296,0.0032526911934580745,0.8296 ± 0.0033,0.2388,0.01866761902332486,0.2388 ± 0.0187
NestedUNet_DP_Morph,LungInfection,True,psac,200.0,True,open,3,0.0001,48,1.2,,training,1.121488630771637,0.05473113883297379,1.1215 ± 0.0547,314.9619746208191,2.88942845023217,314.9620 ± 2.8894,0.4734,0.0,0.4734 ± 0.0000,0.6359,0.0,0.6359 ± 0.0000,0.6333,0.0,0.6333 ± 0.0000,1.0,0.0,1.0000 ± 0.0000,0.7936,0.0,0.7936 ± 0.0000,1.0,0.0,1.0000 ± 0.0000,0.6223,0.0,0.6223 ± 0.0000,0.6077,0.0,0.6077 ± 0.0000,0.8472,0.0,0.8472 ± 0.0000,0.2312,0.0,0.2312 ± 0.0000
NestedUNet_DP_Morph,LungInfection,True,psac,200.0,True,open,5,0.0001,48,1.2,,training,1.1298410296440125,0.03522304853122138,1.1298 ± 0.0352,303.34663105010986,2.980138246296428,303.3466 ± 2.9801,0.4639,0.021778888860545662,0.4639 ± 0.0218,0.6272,0.02870853531617381,0.6272 ± 0.0287,0.65315,0.010535891039679496,0.6532 ± 0.0105,1.0,0.0,1.0000 ± 0.0000,0.7743500000000001,0.00799030662740797,0.7744 ± 0.0080,0.9999,0.00014142135623729392,0.9999 ± 0.0001,0.6139,0.01244507934888328,0.6139 ± 0.0124,0.5922499999999999,0.019728279195104625,0.5922 ± 0.0197,0.8395,0.021071782079359152,0.8395 ± 0.0211,0.24495,0.009828784258493027,0.2450 ± 0.0098
NestedUNet_DP_Morph,LungInfection,True,psac,200.0,True,open,7,0.0001,48,1.2,,training,1.1063072681427002,0.0,1.1063 ± 0.0000,318.4187068939209,0.0,318.4187 ± 0.0000,0.4323,0.0,0.4323 ± 0.0000,0.5895,0.0,0.5895 ± 0.0000,0.667,0.0,0.6670 ± 0.0000,1.0,0.0,1.0000 ± 0.0000,0.7432,0.0,0.7432 ± 0.0000,1.0,0.0,1.0000 ± 0.0000,0.5879,0.0,0.5879 ± 0.0000,0.5629,0.0,0.5629 ± 0.0000,0.8238,0.0,0.8238 ± 0.0000,0.271,0.0,0.2710 ± 0.0000
NestedUNet_DP_Morph,LungInfection,True,psac,200.0,True,open,9,0.0001,48,1.2,,training,1.1609512567520142,0.0,1.1610 ± 0.0000,327.8214659690857,0.0,327.8215 ± 0.0000,0.4505,0.0,0.4505 ± 0.0000,0.5881,0.0,0.5881 ± 0.0000,0.6707,0.0,0.6707 ± 0.0000,1.0,0.0,1.0000 ± 0.0000,0.7613,0.0,0.7613 ± 0.0000,0.9938,0.0,0.9938 ± 0.0000,0.5976,0.0,0.5976 ± 0.0000,0.5847,0.0,0.5847 ± 0.0000,0.8165,0.0,0.8165 ± 0.0000,0.2535,0.0,0.2535 ± 0.0000
NestedUNet_DP_Morph,LungInfection,True,automatic,200.0,True,both,3,0.0001,48,1.5,,training,1.113133430480957,0.059852233808138484,1.1131 ± 0.0599,295.0103859901428,0.06661899463025954,295.0104 ± 0.0666,0.48045,0.008697413408594519,0.4804 ± 0.0087,0.6314500000000001,0.00021213203435601938,0.6315 ± 0.0002,0.63075,0.0072831998462214225,0.6308 ± 0.0073,1.0,0.0,1.0000 ± 0.0000,0.8170999999999999,0.004949747468305837,0.8171 ± 0.0049,0.9996,0.0005656854249492542,0.9996 ± 0.0006,0.63565,0.0038890872965259755,0.6357 ± 0.0039,0.6227499999999999,0.007707463914933382,0.6227 ± 0.0077,0.83615,0.001202081528017077,0.8361 ± 0.0012,0.2137,0.006222539674441601,0.2137 ± 0.0062
NestedUNet_DP_Morph,LungInfection,True,automatic,200.0,True,both,5,0.0001,48,1.5,,training,1.0929011106491089,0.04575006688378738,1.0929 ± 0.0458,280.8850063085556,9.35232246429462,280.8850 ± 9.3523,0.48345,0.0036062445840513878,0.4834 ± 0.0036,0.63305,0.006576093065034952,0.6331 ± 0.0066,0.6807,0.012869343417595162,0.6807 ± 0.0129,1.0,0.0,1.0000 ± 0.0000,0.7777499999999999,0.013930003589374943,0.7777 ± 0.0139,0.99615,0.005444722215136444,0.9961 ± 0.0054,0.6185499999999999,0.006858935777509462,0.6185 ± 0.0069,0.61105,0.00021213203435594088,0.6110 ± 0.0002,0.83575,0.00954594154601844,0.8357 ± 0.0095,0.2397,0.012727922061357866,0.2397 ± 0.0127
NestedUNet_DP_Morph,LungInfection,True,automatic,200.0,True,both,7,0.0001,48,1.5,,training,1.0988369584083557,0.009476887475068566,1.0988 ± 0.0095,279.34000730514526,4.117164461480533,279.3400 ± 4.1172,0.4722,0.0019798989873223505,0.4722 ± 0.0020,0.6085,0.010748023074035516,0.6085 ± 0.0107,0.6796,0.0031112698372207804,0.6796 ± 0.0031,1.0,0.0,1.0000 ± 0.0000,0.7798499999999999,0.0036062445840513878,0.7798 ± 0.0036,0.9944,0.003252691193458153,0.9944 ± 0.0033,0.6154,0.0007071067811865482,0.6154 ± 0.0007,0.6064499999999999,0.006717514421272168,0.6064 ± 0.0067,0.8226,0.013435028842544336,0.8226 ± 0.0134,0.2387,0.0016970562748477233,0.2387 ± 0.0017
NestedUNet_DP_Morph,LungInfection,True,automatic,200.0,True,both,9,0.0001,48,1.5,,training,1.1248886585235596,0.005552594410219223,1.1249 ± 0.0056,296.9945992231369,4.041364028783265,296.9946 ± 4.0414,0.45075,0.01930401512639274,0.4507 ± 0.0193,0.6174999999999999,0.02489015869776648,0.6175 ± 0.0249,0.7113,0.007636753236814736,0.7113 ± 0.0076,1.0,0.0,1.0000 ± 0.0000,0.71385,0.005586143571373738,0.7138 ± 0.0056,0.9995,0.0005656854249492542,0.9995 ± 0.0006,0.5842,0.009616652224137007,0.5842 ± 0.0096,0.5625,0.01640487732352798,0.5625 ± 0.0164,0.82995,0.02128391411371509,0.8299 ± 0.0213,0.2878,0.011172287142747477,0.2878 ± 0.0112
NestedUNet_DP_Morph,LungInfection,True,automatic,200.0,True,close,3,0.0001,48,1.5,,training,1.1155112981796265,0.009289671173983176,1.1155 ± 0.0093,280.59458696842194,2.4994269708088166,280.5946 ± 2.4994,0.47640000000000005,0.007495331880577403,0.4764 ± 0.0075,0.63205,0.015485638507985412,0.6321 ± 0.0155,0.66645,0.014354267658086905,0.6664 ± 0.0144,1.0,0.0,1.0000 ± 0.0000,0.7665,0.005091168824543131,0.7665 ± 0.0051,0.9974000000000001,0.003676955262170035,0.9974 ± 0.0037,0.61265,0.007000357133746834,0.6127 ± 0.0070,0.60195,0.005868986283848326,0.6019 ± 0.0059,0.8420000000000001,0.012020815280171319,0.8420 ± 0.0120,0.2481,0.005374011537017778,0.2481 ± 0.0054
NestedUNet_DP_Morph,LungInfection,True,automatic,200.0,True,close,5,0.0001,48,1.5,,training,1.113927960395813,0.018589289004215078,1.1139 ± 0.0186,283.7406429052353,2.994581296931535,283.7406 ± 2.9946,0.4852,0.0035355339059327407,0.4852 ± 0.0035,0.6266,0.0072124891681027755,0.6266 ± 0.0072,0.6342000000000001,0.012162236636408613,0.6342 ± 0.0122,1.0,0.0,1.0000 ± 0.0000,0.8131999999999999,0.006363961030678934,0.8132 ± 0.0064,0.99685,0.004030508652763348,0.9969 ± 0.0040,0.633,0.00014142135623729392,0.6330 ± 0.0001,0.6266,0.00014142135623737242,0.6266 ± 0.0001,0.8327,0.005656854249492385,0.8327 ± 0.0057,0.21539999999999998,0.0029698484809835063,0.2154 ± 0.0030
NestedUNet_DP_Morph,LungInfection,True,automatic,200.0,True,close,7,0.0001,48,1.5,,training,1.1570299863815308,0.05252829164870341,1.1570 ± 0.0525,294.4095765352249,28.294893433398403,294.4096 ± 28.2949,0.4668,0.0032526911934581135,0.4668 ± 0.0033,0.62215,0.010535891039679576,0.6221 ± 0.0105,0.63335,0.0072831998462214225,0.6333 ± 0.0073,1.0,0.0,1.0000 ± 0.0000,0.7967,0.004949747468305837,0.7967 ± 0.0049,0.9906,0.0028284271247461927,0.9906 ± 0.0028,0.62405,0.006576093065034952,0.6240 ± 0.0066,0.6053999999999999,0.0059396969619670515,0.6054 ± 0.0059,0.8291,0.013435028842544414,0.8291 ± 0.0134,0.2273,0.0072124891681027755,0.2273 ± 0.0072
NestedUNet_DP_Morph,LungInfection,True,automatic,200.0,True,close,9,0.0001,48,1.5,,training,1.129717469215393,0.012419664731796209,1.1297 ± 0.0124,298.8635915517807,4.737498130841053,298.8636 ± 4.7375,0.47650000000000003,0.0009899494936611753,0.4765 ± 0.0010,0.61435,0.007707463914933382,0.6143 ± 0.0077,0.6053,0.013717871555019003,0.6053 ± 0.0137,1.0,0.0,1.0000 ± 0.0000,0.8261499999999999,0.01110157646462875,0.8261 ± 0.0111,0.9994000000000001,0.0007071067811865482,0.9994 ± 0.0007,0.63195,0.0007778174593051951,0.6320 ± 0.0008,0.62825,0.005303300858899072,0.6282 ± 0.0053,0.8267,0.007636753236814657,0.8267 ± 0.0076,0.2107,0.004808326112068524,0.2107 ± 0.0048
NestedUNet_DP_Morph,LungInfection,True,automatic,200.0,True,open,3,0.0001,48,1.5,,training,1.0822172164916992,0.016624402926636885,1.0822 ± 0.0166,285.2757486104965,8.433512400212638,285.2757 ± 8.4335,0.4796,0.006363961030678894,0.4796 ± 0.0064,0.62445,0.002192031021678291,0.6244 ± 0.0022,0.66205,0.015627059864222706,0.6621 ± 0.0156,1.0,0.0,1.0000 ± 0.0000,0.79305,0.01223294731452726,0.7931 ± 0.0122,0.9962500000000001,0.005303300858899072,0.9963 ± 0.0053,0.624,0.006363961030678855,0.6240 ± 0.0064,0.6143000000000001,0.011596551211459437,0.6143 ± 0.0116,0.8349500000000001,0.006293250352560286,0.8350 ± 0.0063,0.2283,0.008343860018001263,0.2283 ± 0.0083
NestedUNet_DP_Morph,LungInfection,True,automatic,200.0,True,open,5,0.0001,48,1.5,,training,1.0895951986312866,0.008701975518347269,1.0896 ± 0.0087,295.42440581321716,11.455621658367974,295.4244 ± 11.4556,0.48065,0.005020458146424484,0.4807 ± 0.0050,0.6313500000000001,0.01378858223313765,0.6314 ± 0.0138,0.6591,0.0007071067811865482,0.6591 ± 0.0007,1.0,0.0,1.0000 ± 0.0000,0.79225,0.005161879502661856,0.7923 ± 0.0052,0.99995,7.071067811864696e-05,1.0000 ± 0.0001,0.62385,0.006576093065034874,0.6239 ± 0.0066,0.61605,0.005161879502661778,0.6160 ± 0.0052,0.8382000000000001,0.009899494936611596,0.8382 ± 0.0099,0.23155,0.005020458146424484,0.2316 ± 0.0050
NestedUNet_DP_Morph,LungInfection,True,automatic,200.0,True,open,7,0.0001,48,1.5,,training,1.128502905368805,0.005082151287140467,1.1285 ± 0.0051,299.6527110338211,18.80938035290099,299.6527 ± 18.8094,0.4657,0.012586500705120572,0.4657 ± 0.0126,0.6186499999999999,0.010960155108391456,0.6186 ± 0.0110,0.67875,0.006010407640085699,0.6787 ± 0.0060,1.0,0.0,1.0000 ± 0.0000,0.7526,0.02291025971044413,0.7526 ± 0.0229,0.9997,0.0,0.9997 ± 0.0000,0.6041,0.01131370849898477,0.6041 ± 0.0113,0.5906,0.02248599564173225,0.5906 ± 0.0225,0.8291,0.011737972567696731,0.8291 ± 0.0117,0.2593,0.01711198410471443,0.2593 ± 0.0171
NestedUNet_DP_Morph,LungInfection,True,automatic,200.0,True,open,9,0.0001,48,1.5,,training,1.120058298110962,0.0183901872918493,1.1201 ± 0.0184,301.84438049793243,16.776930179761845,301.8444 ± 16.7769,0.4767,0.01895046173579947,0.4767 ± 0.0190,0.6174,0.007636753236814736,0.6174 ± 0.0076,0.70905,0.031607673119038726,0.7090 ± 0.0316,1.0,0.0,1.0000 ± 0.0000,0.7485999999999999,0.03973940110268391,0.7486 ± 0.0397,0.99985,0.00021213203435594088,0.9999 ± 0.0002,0.601,0.023617366491630678,0.6010 ± 0.0236,0.5975999999999999,0.03478965363437815,0.5976 ± 0.0348,0.82745,0.0026162950903902515,0.8275 ± 0.0026,0.25885,0.027223611075682084,0.2589 ± 0.0272
NestedUNet_DP_Morph,LungInfection,True,nsgd,200.0,True,both,3,0.0001,48,1.5,,training,1.154895544052124,0.0,1.1549 ± 0.0000,283.76415181159973,0.0,283.7642 ± 0.0000,0.4424,0.0,0.4424 ± 0.0000,0.608,0.0,0.6080 ± 0.0000,0.6236,0.0,0.6236 ± 0.0000,1.0,0.0,1.0000 ± 0.0000,0.7773,0.0,0.7773 ± 0.0000,0.9975,0.0,0.9975 ± 0.0000,0.606,0.0,0.6060 ± 0.0000,0.5766,0.0,0.5766 ± 0.0000,0.8219,0.0,0.8219 ± 0.0000,0.2486,0.0,0.2486 ± 0.0000
NestedUNet_DP_Morph,LungInfection,True,nsgd,200.0,True,both,5,0.0001,48,1.5,,training,1.167785406112671,0.0,1.1678 ± 0.0000,292.3245632648468,0.0,292.3246 ± 0.0000,0.4345,0.0,0.4345 ± 0.0000,0.6118,0.0,0.6118 ± 0.0000,0.6472,0.0,0.6472 ± 0.0000,1.0,0.0,1.0000 ± 0.0000,0.7446,0.0,0.7446 ± 0.0000,0.9999,0.0,0.9999 ± 0.0000,0.5951,0.0,0.5951 ± 0.0000,0.5586,0.0,0.5586 ± 0.0000,0.8328,0.0,0.8328 ± 0.0000,0.2695,0.0,0.2695 ± 0.0000
NestedUNet_DP_Morph,LungInfection,True,nsgd,200.0,True,both,7,0.0001,48,1.5,,training,1.1669800281524658,0.0,1.1670 ± 0.0000,293.1305468082428,0.0,293.1305 ± 0.0000,0.4481,0.0,0.4481 ± 0.0000,0.5956,0.0,0.5956 ± 0.0000,0.6688,0.0,0.6688 ± 0.0000,1.0,0.0,1.0000 ± 0.0000,0.7458,0.0,0.7458 ± 0.0000,0.9969,0.0,0.9969 ± 0.0000,0.5927,0.0,0.5927 ± 0.0000,0.5726,0.0,0.5726 ± 0.0000,0.8116,0.0,0.8116 ± 0.0000,0.2678,0.0,0.2678 ± 0.0000
NestedUNet_DP_Morph,LungInfection,True,nsgd,200.0,True,both,9,0.0001,48,1.5,,training,1.307042121887207,0.0,1.3070 ± 0.0000,296.7207381725311,0.0,296.7207 ± 0.0000,0.3377,0.0,0.3377 ± 0.0000,0.5283,0.0,0.5283 ± 0.0000,0.7066,0.0,0.7066 ± 0.0000,1.0,0.0,1.0000 ± 0.0000,0.5783,0.0,0.5783 ± 0.0000,0.9917,0.0,0.9917 ± 0.0000,0.4976,0.0,0.4976 ± 0.0000,0.4166,0.0,0.4166 ± 0.0000,0.7881,0.0,0.7881 ± 0.0000,0.3927,0.0,0.3927 ± 0.0000
NestedUNet_DP_Morph,LungInfection,True,nsgd,200.0,True,close,3,0.0001,48,1.5,,training,1.216667413711548,0.0,1.2167 ± 0.0000,285.28968358039856,0.0,285.2897 ± 0.0000,0.4363,0.0,0.4363 ± 0.0000,0.6152,0.0,0.6152 ± 0.0000,0.643,0.0,0.6430 ± 0.0000,1.0,0.0,1.0000 ± 0.0000,0.7495,0.0,0.7495 ± 0.0000,0.9997,0.0,0.9997 ± 0.0000,0.5943,0.0,0.5943 ± 0.0000,0.5623,0.0,0.5623 ± 0.0000,0.8356,0.0,0.8356 ± 0.0000,0.2655,0.0,0.2655 ± 0.0000
NestedUNet_DP_Morph,LungInfection,True,nsgd,200.0,True,close,5,0.0001,48,1.5,,training,1.2443233728408811,0.0,1.2443 ± 0.0000,298.6913814544678,0.0,298.6914 ± 0.0000,0.3974,0.0,0.3974 ± 0.0000,0.6006,0.0,0.6006 ± 0.0000,0.6339,0.0,0.6339 ± 0.0000,1.0,0.0,1.0000 ± 0.0000,0.7054,0.0,0.7054 ± 0.0000,1.0,0.0,1.0000 ± 0.0000,0.5621,0.0,0.5621 ± 0.0000,0.5123,0.0,0.5123 ± 0.0000,0.8292,0.0,0.8292 ± 0.0000,0.3064,0.0,0.3064 ± 0.0000
NestedUNet_DP_Morph,LungInfection,True,nsgd,200.0,True,close,7,0.0001,48,1.5,,training,1.18527352809906,0.04718845452976733,1.1853 ± 0.0472,288.91744804382324,9.597166488523744,288.9174 ± 9.5972,0.4175,0.02291025971044413,0.4175 ± 0.0229,0.597,0.007071067811865481,0.5970 ± 0.0071,0.6859,0.06774082963767125,0.6859 ± 0.0677,1.0,0.0,1.0000 ± 0.0000,0.7041999999999999,0.08669129137347067,0.7042 ± 0.0867,0.9934,0.0014142135623730963,0.9934 ± 0.0014,0.5740000000000001,0.03959797974644662,0.5740 ± 0.0396,0.52885,0.05197234841721125,0.5289 ± 0.0520,0.8251,0.002828427124746114,0.8251 ± 0.0028,0.29610000000000003,0.058548441482246166,0.2961 ± 0.0585
NestedUNet_DP_Morph,LungInfection,True,nsgd,200.0,True,close,9,0.0001,48,1.5,,training,1.2076009511947632,0.0,1.2076 ± 0.0000,293.46456933021545,0.0,293.4646 ± 0.0000,0.4046,0.0,0.4046 ± 0.0000,0.5987,0.0,0.5987 ± 0.0000,0.6431,0.0,0.6431 ± 0.0000,1.0,0.0,1.0000 ± 0.0000,0.7175,0.0,0.7175 ± 0.0000,0.9972,0.0,0.9972 ± 0.0000,0.5721,0.0,0.5721 ± 0.0000,0.5196,0.0,0.5196 ± 0.0000,0.8224,0.0,0.8224 ± 0.0000,0.2927,0.0,0.2927 ± 0.0000
NestedUNet_DP_Morph,LungInfection,True,nsgd,200.0,True,open,3,0.0001,48,1.5,,training,1.15251886844635,0.010035838980020043,1.1525 ± 0.0100,292.2203768491745,10.564948661764472,292.2204 ± 10.5649,0.4381,0.0005656854249492542,0.4381 ± 0.0006,0.6124,0.010323759005323634,0.6124 ± 0.0103,0.6816,0.00014142135623729392,0.6816 ± 0.0001,1.0,0.0,1.0000 ± 0.0000,0.7341,0.014142135623730963,0.7341 ± 0.0141,0.9996,0.0005656854249492542,0.9996 ± 0.0006,0.5875999999999999,0.0007071067811865482,0.5876 ± 0.0007,0.5553,0.004101219330881995,0.5553 ± 0.0041,0.83265,0.008555992052357225,0.8327 ± 0.0086,0.2751,0.008909545442950499,0.2751 ± 0.0089
NestedUNet_DP_Morph,LungInfection,True,nsgd,200.0,True,open,5,0.0001,48,1.5,,training,1.2246102094650269,0.0,1.2246 ± 0.0000,306.82140588760376,0.0,306.8214 ± 0.0000,0.4518,0.0,0.4518 ± 0.0000,0.606,0.0,0.6060 ± 0.0000,0.6251,0.0,0.6251 ± 0.0000,1.0,0.0,1.0000 ± 0.0000,0.7881,0.0,0.7881 ± 0.0000,0.9993,0.0,0.9993 ± 0.0000,0.6123,0.0,0.6123 ± 0.0000,0.5951,0.0,0.5951 ± 0.0000,0.8215,0.0,0.8215 ± 0.0000,0.2389,0.0,0.2389 ± 0.0000
NestedUNet_DP_Morph,LungInfection,True,nsgd,200.0,True,open,7,0.0001,48,1.5,,training,1.1429368257522583,0.0,1.1429 ± 0.0000,297.94176745414734,0.0,297.9418 ± 0.0000,0.4537,0.0,0.4537 ± 0.0000,0.6004,0.0,0.6004 ± 0.0000,0.6703,0.0,0.6703 ± 0.0000,1.0,0.0,1.0000 ± 0.0000,0.7724,0.0,0.7724 ± 0.0000,0.9939,0.0,0.9939 ± 0.0000,0.6062,0.0,0.6062 ± 0.0000,0.5855,0.0,0.5855 ± 0.0000,0.8186,0.0,0.8186 ± 0.0000,0.2462,0.0,0.2462 ± 0.0000
NestedUNet_DP_Morph,LungInfection,True,nsgd,200.0,True,open,9,0.0001,48,1.5,,training,1.196223258972168,0.0,1.1962 ± 0.0000,293.4737055301666,0.0,293.4737 ± 0.0000,0.4456,0.0,0.4456 ± 0.0000,0.6167,0.0,0.6167 ± 0.0000,0.6879,0.0,0.6879 ± 0.0000,1.0,0.0,1.0000 ± 0.0000,0.7309,0.0,0.7309 ± 0.0000,0.9995,0.0,0.9995 ± 0.0000,0.5898,0.0,0.5898 ± 0.0000,0.5646,0.0,0.5646 ± 0.0000,0.835,0.0,0.8350 ± 0.0000,0.2752,0.0,0.2752 ± 0.0000
NestedUNet_DP_Morph,LungInfection,True,psac,200.0,True,both,3,0.0001,48,1.5,,training,1.1206927299499512,0.0,1.1207 ± 0.0000,321.76415181159973,0.0,321.7642 ± 0.0000,0.4531,0.0,0.4531 ± 0.0000,0.6092,0.0,0.6092 ± 0.0000,0.65,0.0,0.6500 ± 0.0000,1.0,0.0,1.0000 ± 0.0000,0.7758,0.0,0.7758 ± 0.0000,0.9945,0.0,0.9945 ± 0.0000,0.608,0.0,0.6080 ± 0.0000,0.5857,0.0,0.5857 ± 0.0000,0.8261,0.0,0.8261 ± 0.0000,0.2439,0.0,0.2439 ± 0.0000
NestedUNet_DP_Morph,LungInfection,True,psac,200.0,True,both,5,0.0001,48,1.5,,training,1.168829321861267,0.03365813604601204,1.1688 ± 0.0337,301.17880940437317,10.798611632845839,301.1788 ± 10.7986,0.43425,0.005161879502661817,0.4343 ± 0.0052,0.6003,0.0,0.6003 ± 0.0000,0.6652,0.0018384776310849781,0.6652 ± 0.0018,1.0,0.0,1.0000 ± 0.0000,0.73125,0.00021213203435601938,0.7312 ± 0.0002,0.99715,0.00021213203435594088,0.9971 ± 0.0002,0.58385,0.003889087296526054,0.5838 ± 0.0039,0.5565,0.006363961030678934,0.5565 ± 0.0064,0.82065,0.0014849242404917434,0.8206 ± 0.0015,0.2808,0.0015556349186103902,0.2808 ± 0.0016
NestedUNet_DP_Morph,LungInfection,True,psac,200.0,True,both,7,0.0001,48,1.5,,training,1.1232941150665283,0.026594661410374133,1.1233 ± 0.0266,317.3791478872299,1.5329990601044405,317.3791 ± 1.5330,0.4355,0.0,0.4355 ± 0.0000,0.6054,0.0,0.6054 ± 0.0000,0.6416,0.0,0.6416 ± 0.0000,1.0,0.0,1.0000 ± 0.0000,0.7715,0.0,0.7715 ± 0.0000,1.0,0.0,1.0000 ± 0.0000,0.6048,0.0,0.6048 ± 0.0000,0.5672,0.0,0.5672 ± 0.0000,0.8235,0.0,0.8235 ± 0.0000,0.2505,0.0,0.2505 ± 0.0000
NestedUNet_DP_Morph,LungInfection,True,psac,200.0,True,both,9,0.0001,48,1.5,,training,1.229680061340332,0.012058719121148913,1.2297 ± 0.0121,304.44892132282257,6.558180283525495,304.4489 ± 6.5582,0.43565,7.071067811864696e-05,0.4356 ± 0.0001,0.5848,0.02531442276647844,0.5848 ± 0.0253,0.6852,0.03705239533417509,0.6852 ± 0.0371,1.0,0.0,1.0000 ± 0.0000,0.72805,0.057204938597991674,0.7280 ± 0.0572,0.99975,7.071067811864696e-05,0.9998 ± 0.0001,0.5808,0.019233304448274095,0.5808 ± 0.0192,0.5603499999999999,0.02199102089490164,0.5603 ± 0.0220,0.8098000000000001,0.02616295090390228,0.8098 ± 0.0262,0.27975,0.0375473700810057,0.2797 ± 0.0375
NestedUNet_DP_Morph,LungInfection,True,psac,200.0,True,close,3,0.0001,48,1.5,,training,1.1178959608078003,0.0,1.1179 ± 0.0000,305.84957551956177,0.0,305.8496 ± 0.0000,0.4337,0.0,0.4337 ± 0.0000,0.5901,0.0,0.5901 ± 0.0000,0.6015,0.0,0.6015 ± 0.0000,1.0,0.0,1.0000 ± 0.0000,0.8052,0.0,0.8052 ± 0.0000,0.9998,0.0,0.9998 ± 0.0000,0.611,0.0,0.6110 ± 0.0000,0.5778,0.0,0.5778 ± 0.0000,0.8088,0.0,0.8088 ± 0.0000,0.2289,0.0,0.2289 ± 0.0000
NestedUNet_DP_Morph,LungInfection,True,psac,200.0,True,close,5,0.0001,48,1.5,,training,1.1518125534057615,0.0,1.1518 ± 0.0000,310.90871477127075,0.0,310.9087 ± 0.0000,0.4311,0.0,0.4311 ± 0.0000,0.6035,0.0,0.6035 ± 0.0000,0.6482,0.0,0.6482 ± 0.0000,1.0,0.0,1.0000 ± 0.0000,0.7395,0.0,0.7395 ± 0.0000,0.9954,0.0,0.9954 ± 0.0000,0.589,0.0,0.5890 ± 0.0000,0.5546,0.0,0.5546 ± 0.0000,0.8262,0.0,0.8262 ± 0.0000,0.2729,0.0,0.2729 ± 0.0000
NestedUNet_DP_Morph,LungInfection,True,psac,200.0,True,close,7,0.0001,48,1.5,,training,1.149547457695007,0.0,1.1495 ± 0.0000,309.5333387851715,0.0,309.5333 ± 0.0000,0.4412,0.0,0.4412 ± 0.0000,0.6095,0.0,0.6095 ± 0.0000,0.6133,0.0,0.6133 ± 0.0000,1.0,0.0,1.0000 ± 0.0000,0.7817,0.0,0.7817 ± 0.0000,0.9976,0.0,0.9976 ± 0.0000,0.6092,0.0,0.6092 ± 0.0000,0.5796,0.0,0.5796 ± 0.0000,0.8271,0.0,0.8271 ± 0.0000,0.2424,0.0,0.2424 ± 0.0000
NestedUNet_DP_Morph,LungInfection,True,psac,200.0,True,close,9,0.0001,48,1.5,,training,1.1429016590118408,0.0,1.1429 ± 0.0000,324.41954278945923,0.0,324.4195 ± 0.0000,0.46,0.0,0.4600 ± 0.0000,0.6095,0.0,0.6095 ± 0.0000,0.6132,0.0,0.6132 ± 0.0000,1.0,0.0,1.0000 ± 0.0000,0.7973,0.0,0.7973 ± 0.0000,0.9852,0.0,0.9852 ± 0.0000,0.6164,0.0,0.6164 ± 0.0000,0.6012,0.0,0.6012 ± 0.0000,0.8239,0.0,0.8239 ± 0.0000,0.2298,0.0,0.2298 ± 0.0000
NestedUNet_DP_Morph,LungInfection,True,psac,200.0,True,open,3,0.0001,48,1.5,,training,1.0858104228973389,0.00921633565757422,1.0858 ± 0.0092,302.36889374256134,1.0983133233024838,302.3689 ± 1.0983,0.4672,0.021637467504308328,0.4672 ± 0.0216,0.61385,0.0026162950903902515,0.6139 ± 0.0026,0.6388,0.004949747468305837,0.6388 ± 0.0049,1.0,0.0,1.0000 ± 0.0000,0.7775000000000001,0.04058792924010783,0.7775 ± 0.0406,0.9984,0.0011313708498984299,0.9984 ± 0.0011,0.609,0.02503158005400377,0.6090 ± 0.0250,0.5998,0.03592102448427659,0.5998 ± 0.0359,0.82485,0.004030508652763348,0.8248 ± 0.0040,0.24505,0.03528462838120874,0.2450 ± 0.0353
NestedUNet_DP_Morph,LungInfection,True,psac,200.0,True,open,5,0.0001,48,1.5,,training,1.0885069370269775,0.0,1.0885 ± 0.0000,307.7833979129791,0.0,307.7834 ± 0.0000,0.4691,0.0,0.4691 ± 0.0000,0.6161,0.0,0.6161 ± 0.0000,0.6302,0.0,0.6302 ± 0.0000,1.0,0.0,1.0000 ± 0.0000,0.8067,0.0,0.8067 ± 0.0000,0.9994,0.0,0.9994 ± 0.0000,0.6238,0.0,0.6238 ± 0.0000,0.6106,0.0,0.6106 ± 0.0000,0.8279,0.0,0.8279 ± 0.0000,0.2232,0.0,0.2232 ± 0.0000
NestedUNet_DP_Morph,LungInfection,True,psac,200.0,True,open,7,0.0001,48,1.5,,training,1.1608253121376038,0.08241504339626332,1.1608 ± 0.0824,310.5479089021683,6.124289604873848,310.5479 ± 6.1243,0.4677,0.007495331880577403,0.4677 ± 0.0075,0.61505,0.006717514421272247,0.6150 ± 0.0067,0.6736,0.004242640687119289,0.6736 ± 0.0042,1.0,0.0,1.0000 ± 0.0000,0.77075,0.0033234018715768,0.7708 ± 0.0033,0.99315,0.0009192388155424891,0.9931 ± 0.0009,0.6104499999999999,0.0019091883092037035,0.6104 ± 0.0019,0.59965,0.011242997820866124,0.5997 ± 0.0112,0.8285,0.004808326112068543,0.8285 ± 0.0048,0.24535,7.071067811866659e-05,0.2454 ± 0.0001
NestedUNet_DP_Morph,LungInfection,True,psac,200.0,True,open,9,0.0001,48,1.5,,training,1.0944050550460815,0.015496553260485674,1.0944 ± 0.0155,313.2631530761719,2.5139209348369254,313.2632 ± 2.5139,0.45165,0.0036062445840513878,0.4516 ± 0.0036,0.605,0.02375878784786805,0.6050 ± 0.0238,0.6815,0.017253405460951745,0.6815 ± 0.0173,1.0,0.0,1.0000 ± 0.0000,0.75905,0.01025304832720491,0.7591 ± 0.0103,0.9999,0.00014142135623729392,0.9999 ± 0.0001,0.6013,0.01088944443027281,0.6013 ± 0.0109,0.5783,0.0035355339059327407,0.5783 ± 0.0035,0.8159,0.019798989873223347,0.8159 ± 0.0198,0.25585,0.006434671708797581,0.2559 ± 0.0064
NestedUNet_DP_Morph,LungInfection,True,automatic,200.0,True,both,3,0.0001,48,2.0,,training,1.0700613260269165,0.004808955415092852,1.0701 ± 0.0048,280.3706451654434,2.528943251757966,280.3706 ± 2.5289,0.48335,0.012374368670764553,0.4834 ± 0.0124,0.6302,0.010040916292848968,0.6302 ± 0.0100,0.65915,0.008838834764831813,0.6592 ± 0.0088,1.0,0.0,1.0000 ± 0.0000,0.79035,0.02552655480083438,0.7903 ± 0.0255,0.9987,0.0012727922061358025,0.9987 ± 0.0013,0.6256999999999999,0.01753624817342641,0.6257 ± 0.0175,0.6183000000000001,0.017677669529663705,0.6183 ± 0.0177,0.8416,0.00014142135623729392,0.8416 ± 0.0001,0.22955,0.020718228688765838,0.2296 ± 0.0207
NestedUNet_DP_Morph,LungInfection,True,automatic,200.0,True,both,5,0.0001,48,2.0,,training,1.147088885307312,0.07344830137557061,1.1471 ± 0.0734,286.2042657136917,0.21227664862257484,286.2043 ± 0.2123,0.47824999999999995,0.003181980515339467,0.4782 ± 0.0032,0.6292,0.0016970562748476843,0.6292 ± 0.0017,0.65865,0.017182694782833095,0.6586 ± 0.0172,1.0,0.0,1.0000 ± 0.0000,0.79455,0.0012020815280171554,0.7945 ± 0.0012,0.99745,0.0014849242404918216,0.9974 ± 0.0015,0.6245,0.004525483399593955,0.6245 ± 0.0045,0.614,0.0028284271247461927,0.6140 ± 0.0028,0.8383499999999999,0.001060660171779783,0.8383 ± 0.0011,0.2252,0.0035355339059327407,0.2252 ± 0.0035
NestedUNet_DP_Morph,LungInfection,True,automatic,200.0,True,both,7,0.0001,48,2.0,,training,1.1477068066596985,0.01096028795525815,1.1477 ± 0.0110,298.2069262266159,15.99724450239081,298.2069 ± 15.9972,0.45235000000000003,0.0044547727214752685,0.4524 ± 0.0045,0.6043499999999999,0.009404520189781067,0.6043 ± 0.0094,0.70695,0.014495689014324197,0.7069 ± 0.0145,1.0,0.0,1.0000 ± 0.0000,0.72155,0.0013435028842544493,0.7216 ± 0.0013,0.9963,0.005232590180780425,0.9963 ± 0.0052,0.5851500000000001,0.001202081528017077,0.5852 ± 0.0012,0.5690500000000001,0.008980256121069185,0.5691 ± 0.0090,0.82715,0.0016263455967291157,0.8272 ± 0.0016,0.2819,0.0021213203435596446,0.2819 ± 0.0021
NestedUNet_DP_Morph,LungInfection,True,automatic,200.0,True,both,9,0.0001,48,2.0,,training,1.120273768901825,0.03875057116418917,1.1203 ± 0.0388,308.05213475227356,1.9465346653866202,308.0521 ± 1.9465,0.46575,0.0007778174593051951,0.4657 ± 0.0008,0.6161,0.014142135623730963,0.6161 ± 0.0141,0.6938500000000001,0.011950104602052673,0.6939 ± 0.0120,1.0,0.0,1.0000 ± 0.0000,0.7599,0.010040916292848968,0.7599 ± 0.0100,0.9953000000000001,0.006646803743153521,0.9953 ± 0.0066,0.60455,0.011242997820866124,0.6046 ± 0.0112,0.5924499999999999,0.00035355339059331333,0.5924 ± 0.0004,0.8309500000000001,0.008131727983645264,0.8310 ± 0.0081,0.2519,0.008626702730475892,0.2519 ± 0.0086
NestedUNet_DP_Morph,LungInfection,True,nsgd,200.0,True,both,3,0.0001,48,2.0,,training,1.2372093200683594,0.0,1.2372 ± 0.0000,294.20748233795166,0.0,294.2075 ± 0.0000,0.3967,0.0,0.3967 ± 0.0000,0.5764,0.0,0.5764 ± 0.0000,0.6606,0.0,0.6606 ± 0.0000,1.0,0.0,1.0000 ± 0.0000,0.702,0.0,0.7020 ± 0.0000,0.9999,0.0,0.9999 ± 0.0000,0.5657,0.0,0.5657 ± 0.0000,0.5097,0.0,0.5097 ± 0.0000,0.8157,0.0,0.8157 ± 0.0000,0.3073,0.0,0.3073 ± 0.0000
NestedUNet_DP_Morph,LungInfection,True,nsgd,200.0,True,both,5,0.0001,48,2.0,,training,1.1544015407562256,0.0,1.1544 ± 0.0000,291.3779556751251,0.0,291.3780 ± 0.0000,0.4321,0.0,0.4321 ± 0.0000,0.6069,0.0,0.6069 ± 0.0000,0.6625,0.0,0.6625 ± 0.0000,1.0,0.0,1.0000 ± 0.0000,0.7459,0.0,0.7459 ± 0.0000,0.9992,0.0,0.9992 ± 0.0000,0.5928,0.0,0.5928 ± 0.0000,0.5575,0.0,0.5575 ± 0.0000,0.8275,0.0,0.8275 ± 0.0000,0.2661,0.0,0.2661 ± 0.0000
NestedUNet_DP_Morph,LungInfection,True,nsgd,200.0,True,both,7,0.0001,48,2.0,,training,1.1808303594589231,0.0,1.1808 ± 0.0000,293.9743995666504,0.0,293.9744 ± 0.0000,0.423,0.0,0.4230 ± 0.0000,0.61,0.0,0.6100 ± 0.0000,0.711,0.0,0.7110 ± 0.0000,1.0,0.0,1.0000 ± 0.0000,0.6895,0.0,0.6895 ± 0.0000,0.9988,0.0,0.9988 ± 0.0000,0.5683,0.0,0.5683 ± 0.0000,0.5281,0.0,0.5281 ± 0.0000,0.8361,0.0,0.8361 ± 0.0000,0.3058,0.0,0.3058 ± 0.0000
NestedUNet_DP_Morph,LungInfection,True,nsgd,200.0,True,both,9,0.0001,48,2.0,,training,1.2350151538848877,0.0,1.2350 ± 0.0000,297.31360721588135,0.0,297.3136 ± 0.0000,0.3689,0.0,0.3689 ± 0.0000,0.5337,0.0,0.5337 ± 0.0000,0.6946,0.0,0.6946 ± 0.0000,1.0,0.0,1.0000 ± 0.0000,0.6592,0.0,0.6592 ± 0.0000,0.9998,0.0,0.9998 ± 0.0000,0.5393,0.0,0.5393 ± 0.0000,0.4731,0.0,0.4731 ± 0.0000,0.7806,0.0,0.7806 ± 0.0000,0.3357,0.0,0.3357 ± 0.0000
NestedUNet_DP_Morph,LungInfection,True,nsgd,200.0,True,close,3,0.0001,48,2.0,,training,1.2637057304382324,0.0,1.2637 ± 0.0000,287.70335507392883,0.0,287.7034 ± 0.0000,0.3683,0.0,0.3683 ± 0.0000,0.557,0.0,0.5570 ± 0.0000,0.6368,0.0,0.6368 ± 0.0000,1.0,0.0,1.0000 ± 0.0000,0.6937,0.0,0.6937 ± 0.0000,1.0,0.0,1.0000 ± 0.0000,0.557,0.0,0.5570 ± 0.0000,0.4875,0.0,0.4875 ± 0.0000,0.807,0.0,0.8070 ± 0.0000,0.3151,0.0,0.3151 ± 0.0000
NestedUNet_DP_Morph,LungInfection,True,nsgd,200.0,True,close,5,0.0001,48,2.0,,training,1.2601892948150637,0.0,1.2602 ± 0.0000,281.1320717334748,0.0,281.1321 ± 0.0000,0.3665,0.0,0.3665 ± 0.0000,0.55,0.0,0.5500 ± 0.0000,0.5782,0.0,0.5782 ± 0.0000,1.0,0.0,1.0000 ± 0.0000,0.7509,0.0,0.7509 ± 0.0000,1.0,0.0,1.0000 ± 0.0000,0.5743,0.0,0.5743 ± 0.0000,0.509,0.0,0.5090 ± 0.0000,0.7902,0.0,0.7902 ± 0.0000,0.2776,0.0,0.2776 ± 0.0000
NestedUNet_DP_Morph,LungInfection,True,nsgd,200.0,True,close,7,0.0001,48,2.0,,training,1.1920900344848633,0.0,1.1921 ± 0.0000,285.44068670272827,0.0,285.4407 ± 0.0000,0.401,0.0,0.4010 ± 0.0000,0.582,0.0,0.5820 ± 0.0000,0.639,0.0,0.6390 ± 0.0000,1.0,0.0,1.0000 ± 0.0000,0.7342,0.0,0.7342 ± 0.0000,0.9997,0.0,0.9997 ± 0.0000,0.5792,0.0,0.5792 ± 0.0000,0.5285,0.0,0.5285 ± 0.0000,0.8056,0.0,0.8056 ± 0.0000,0.2819,0.0,0.2819 ± 0.0000
NestedUNet_DP_Morph,LungInfection,True,nsgd,200.0,True,close,9,0.0001,48,2.0,,training,1.208094596862793,0.0,1.2081 ± 0.0000,310.59498834609985,0.0,310.5950 ± 0.0000,0.4369,0.0,0.4369 ± 0.0000,0.6255,0.0,0.6255 ± 0.0000,0.6291,0.0,0.6291 ± 0.0000,1.0,0.0,1.0000 ± 0.0000,0.7549,0.0,0.7549 ± 0.0000,0.998,0.0,0.9980 ± 0.0000,0.5986,0.0,0.5986 ± 0.0000,0.564,0.0,0.5640 ± 0.0000,0.845,0.0,0.8450 ± 0.0000,0.2616,0.0,0.2616 ± 0.0000
NestedUNet_DP_Morph,LungInfection,True,nsgd,200.0,True,open,3,0.0001,48,2.0,,training,1.2458429336547852,0.0,1.2458 ± 0.0000,299.85247588157654,0.0,299.8525 ± 0.0000,0.418,0.0,0.4180 ± 0.0000,0.6134,0.0,0.6134 ± 0.0000,0.6621,0.0,0.6621 ± 0.0000,1.0,0.0,1.0000 ± 0.0000,0.708,0.0,0.7080 ± 0.0000,0.9999,0.0,0.9999 ± 0.0000,0.5763,0.0,0.5763 ± 0.0000,0.5315,0.0,0.5315 ± 0.0000,0.8295,0.0,0.8295 ± 0.0000,0.2993,0.0,0.2993 ± 0.0000
NestedUNet_DP_Morph,LungInfection,True,nsgd,200.0,True,open,5,0.0001,48,2.0,,training,1.156055927276611,0.0,1.1561 ± 0.0000,282.9843099117279,0.0,282.9843 ± 0.0000,0.428,0.0,0.4280 ± 0.0000,0.6096,0.0,0.6096 ± 0.0000,0.6553,0.0,0.6553 ± 0.0000,1.0,0.0,1.0000 ± 0.0000,0.7415,0.0,0.7415 ± 0.0000,1.0,0.0,1.0000 ± 0.0000,0.5895,0.0,0.5895 ± 0.0000,0.5486,0.0,0.5486 ± 0.0000,0.8304,0.0,0.8304 ± 0.0000,0.2735,0.0,0.2735 ± 0.0000
NestedUNet_DP_Morph,LungInfection,True,nsgd,200.0,True,open,7,0.0001,48,2.0,,training,1.244764804840088,0.0,1.2448 ± 0.0000,302.4824802875519,0.0,302.4825 ± 0.0000,0.3828,0.0,0.3828 ± 0.0000,0.5669,0.0,0.5669 ± 0.0000,0.6686,0.0,0.6686 ± 0.0000,1.0,0.0,1.0000 ± 0.0000,0.6923,0.0,0.6923 ± 0.0000,1.0,0.0,1.0000 ± 0.0000,0.557,0.0,0.5570 ± 0.0000,0.4954,0.0,0.4954 ± 0.0000,0.8045,0.0,0.8045 ± 0.0000,0.3136,0.0,0.3136 ± 0.0000
NestedUNet_DP_Morph,LungInfection,True,nsgd,200.0,True,open,9,0.0001,48,2.0,,training,1.162579894065857,0.0,1.1626 ± 0.0000,289.3219804763794,0.0,289.3220 ± 0.0000,0.4381,0.0,0.4381 ± 0.0000,0.5905,0.0,0.5905 ± 0.0000,0.6733,0.0,0.6733 ± 0.0000,1.0,0.0,1.0000 ± 0.0000,0.7538,0.0,0.7538 ± 0.0000,1.0,0.0,1.0000 ± 0.0000,0.594,0.0,0.5940 ± 0.0000,0.5677,0.0,0.5677 ± 0.0000,0.8154,0.0,0.8154 ± 0.0000,0.2632,0.0,0.2632 ± 0.0000
NestedUNet_DP_Morph,LungInfection,True,psac,200.0,True,both,3,0.0001,48,2.0,,training,1.1295437812805176,0.0,1.1295 ± 0.0000,303.951776266098,0.0,303.9518 ± 0.0000,0.4583,0.0,0.4583 ± 0.0000,0.6201,0.0,0.6201 ± 0.0000,0.6532,0.0,0.6532 ± 0.0000,1.0,0.0,1.0000 ± 0.0000,0.768,0.0,0.7680 ± 0.0000,0.9996,0.0,0.9996 ± 0.0000,0.61,0.0,0.6100 ± 0.0000,0.5873,0.0,0.5873 ± 0.0000,0.8294,0.0,0.8294 ± 0.0000,0.2519,0.0,0.2519 ± 0.0000
NestedUNet_DP_Morph,LungInfection,True,psac,200.0,True,both,5,0.0001,48,2.0,,training,1.1478915214538574,0.0,1.1479 ± 0.0000,303.0810823440552,0.0,303.0811 ± 0.0000,0.4492,0.0,0.4492 ± 0.0000,0.5964,0.0,0.5964 ± 0.0000,0.6253,0.0,0.6253 ± 0.0000,1.0,0.0,1.0000 ± 0.0000,0.7837,0.0,0.7837 ± 0.0000,0.9929,0.0,0.9929 ± 0.0000,0.6072,0.0,0.6072 ± 0.0000,0.5918,0.0,0.5918 ± 0.0000,0.8144,0.0,0.8144 ± 0.0000,0.2449,0.0,0.2449 ± 0.0000
NestedUNet_DP_Morph,LungInfection,True,psac,200.0,True,both,7,0.0001,48,2.0,,training,1.1468586921691897,0.0,1.1469 ± 0.0000,310.5668783187866,0.0,310.5669 ± 0.0000,0.4504,0.0,0.4504 ± 0.0000,0.6067,0.0,0.6067 ± 0.0000,0.6415,0.0,0.6415 ± 0.0000,1.0,0.0,1.0000 ± 0.0000,0.7734,0.0,0.7734 ± 0.0000,0.9989,0.0,0.9989 ± 0.0000,0.6054,0.0,0.6054 ± 0.0000,0.5852,0.0,0.5852 ± 0.0000,0.8209,0.0,0.8209 ± 0.0000,0.2489,0.0,0.2489 ± 0.0000
NestedUNet_DP_Morph,LungInfection,True,psac,200.0,True,both,9,0.0001,48,2.0,,training,1.125418782234192,0.0,1.1254 ± 0.0000,308.951936006546,0.0,308.9519 ± 0.0000,0.4476,0.0,0.4476 ± 0.0000,0.6109,0.0,0.6109 ± 0.0000,0.7041,0.0,0.7041 ± 0.0000,1.0,0.0,1.0000 ± 0.0000,0.7421,0.0,0.7421 ± 0.0000,1.0,0.0,1.0000 ± 0.0000,0.5939,0.0,0.5939 ± 0.0000,0.5672,0.0,0.5672 ± 0.0000,0.8267,0.0,0.8267 ± 0.0000,0.2659,0.0,0.2659 ± 0.0000
NestedUNet_DP_Morph,LungInfection,True,psac,200.0,True,close,3,0.0001,48,2.0,,training,1.166334867477417,0.002830245171203556,1.1663 ± 0.0028,308.04937863349915,4.494630962394523,308.0494 ± 4.4946,0.462,0.0,0.4620 ± 0.0000,0.6369,0.0,0.6369 ± 0.0000,0.6228,0.0,0.6228 ± 0.0000,1.0,0.0,1.0000 ± 0.0000,0.7954,0.0,0.7954 ± 0.0000,1.0,0.0,1.0000 ± 0.0000,0.6233,0.0,0.6233 ± 0.0000,0.596,0.0,0.5960 ± 0.0000,0.8392,0.0,0.8392 ± 0.0000,0.2317,0.0,0.2317 ± 0.0000
NestedUNet_DP_Morph,LungInfection,True,psac,200.0,True,close,5,0.0001,48,2.0,,training,1.1762712001800537,0.0,1.1763 ± 0.0000,301.8863697052002,0.0,301.8864 ± 0.0000,0.4248,0.0,0.4248 ± 0.0000,0.5867,0.0,0.5867 ± 0.0000,0.6501,0.0,0.6501 ± 0.0000,1.0,0.0,1.0000 ± 0.0000,0.746,0.0,0.7460 ± 0.0000,0.9999,0.0,0.9999 ± 0.0000,0.589,0.0,0.5890 ± 0.0000,0.5562,0.0,0.5562 ± 0.0000,0.8189,0.0,0.8189 ± 0.0000,0.2693,0.0,0.2693 ± 0.0000
NestedUNet_DP_Morph,LungInfection,True,psac,200.0,True,close,7,0.0001,48,2.0,,training,1.1327086687088013,0.0,1.1327 ± 0.0000,325.46304154396057,0.0,325.4630 ± 0.0000,0.4665,0.0,0.4665 ± 0.0000,0.6106,0.0,0.6106 ± 0.0000,0.6062,0.0,0.6062 ± 0.0000,1.0,0.0,1.0000 ± 0.0000,0.8109,0.0,0.8109 ± 0.0000,0.9969,0.0,0.9969 ± 0.0000,0.6245,0.0,0.6245 ± 0.0000,0.6123,0.0,0.6123 ± 0.0000,0.8237,0.0,0.8237 ± 0.0000,0.2216,0.0,0.2216 ± 0.0000
NestedUNet_DP_Morph,LungInfection,True,psac,200.0,True,close,9,0.0001,48,2.0,,training,1.1956067085266113,0.06813156072961851,1.1956 ± 0.0681,306.5827724933624,0.8311082043022071,306.5828 ± 0.8311,0.4451,0.0,0.4451 ± 0.0000,0.6061,0.0,0.6061 ± 0.0000,0.6377,0.0,0.6377 ± 0.0000,1.0,0.0,1.0000 ± 0.0000,0.7686,0.0,0.7686 ± 0.0000,0.9966,0.0,0.9966 ± 0.0000,0.6022,0.0,0.6022 ± 0.0000,0.5764,0.0,0.5764 ± 0.0000,0.8247,0.0,0.8247 ± 0.0000,0.2509,0.0,0.2509 ± 0.0000
NestedUNet_DP_Morph,LungInfection,True,psac,200.0,True,open,3,0.0001,48,2.0,,training,1.157722234725952,0.0,1.1577 ± 0.0000,308.6618793010712,0.0,308.6619 ± 0.0000,0.4471,0.0,0.4471 ± 0.0000,0.6092,0.0,0.6092 ± 0.0000,0.6662,0.0,0.6662 ± 0.0000,1.0,0.0,1.0000 ± 0.0000,0.7294,0.0,0.7294 ± 0.0000,0.9997,0.0,0.9997 ± 0.0000,0.5894,0.0,0.5894 ± 0.0000,0.5667,0.0,0.5667 ± 0.0000,0.8333,0.0,0.8333 ± 0.0000,0.2808,0.0,0.2808 ± 0.0000
NestedUNet_DP_Morph,LungInfection,True,psac,200.0,True,open,5,0.0001,48,2.0,,training,1.0921099185943604,0.0,1.0921 ± 0.0000,310.6583015918732,0.0,310.6583 ± 0.0000,0.4656,0.0,0.4656 ± 0.0000,0.6376,0.0,0.6376 ± 0.0000,0.639,0.0,0.6390 ± 0.0000,1.0,0.0,1.0000 ± 0.0000,0.7794,0.0,0.7794 ± 0.0000,1.0,0.0,1.0000 ± 0.0000,0.6155,0.0,0.6155 ± 0.0000,0.5964,0.0,0.5964 ± 0.0000,0.8404,0.0,0.8404 ± 0.0000,0.2433,0.0,0.2433 ± 0.0000
NestedUNet_DP_Morph,LungInfection,True,psac,200.0,True,open,7,0.0001,48,2.0,,training,1.1636611819267273,0.0545628886137183,1.1637 ± 0.0546,309.2585361003876,0.622819490485693,309.2585 ± 0.6228,0.4325,0.0,0.4325 ± 0.0000,0.5909,0.0,0.5909 ± 0.0000,0.6439,0.0,0.6439 ± 0.0000,1.0,0.0,1.0000 ± 0.0000,0.7384,0.0,0.7384 ± 0.0000,0.9948,0.0,0.9948 ± 0.0000,0.5835,0.0,0.5835 ± 0.0000,0.558,0.0,0.5580 ± 0.0000,0.8045,0.0,0.8045 ± 0.0000,0.2773,0.0,0.2773 ± 0.0000
NestedUNet_DP_Morph,LungInfection,True,psac,200.0,True,open,9,0.0001,48,2.0,,training,1.100851058959961,0.008151537676794994,1.1009 ± 0.0082,311.98293447494507,2.7485022014536473,311.9829 ± 2.7485,0.4539,0.0,0.4539 ± 0.0000,0.6196,0.0,0.6196 ± 0.0000,0.7157,0.0,0.7157 ± 0.0000,1.0,0.0,1.0000 ± 0.0000,0.7285,0.0,0.7285 ± 0.0000,1.0,0.0,1.0000 ± 0.0000,0.5899,0.0,0.5899 ± 0.0000,0.5685,0.0,0.5685 ± 0.0000,0.8386,0.0,0.8386 ± 0.0000,0.2733,0.0,0.2733 ± 0.0000
