Model_Name,Dataset,DPSGD,Clipping_Strategy,Epsilon,Morphology,Operation,Kernel_Size,Learning_Rate,Batch_Size,Max_Grad_Norm,Noise_Multiplier,Stage,Training_Loss_mean,Training_Loss_std,Training_Loss_mean_std,Training_Time_Seconds_mean,Training_Time_Seconds_std,Training_Time_Seconds_mean_std,Mean_Dice_mean,Mean_Dice_std,Mean_Dice_mean_std,Max_Dice_mean,Max_Dice_std,Max_Dice_mean_std,Mean_Sensitivity_mean,Mean_Sensitivity_std,Mean_Sensitivity_mean_std,Max_Sensitivity_mean,Max_Sensitivity_std,Max_Sensitivity_mean_std,Mean_Specificity_mean,Mean_Specificity_std,Mean_Specificity_mean_std,Max_Specificity_mean,Max_Specificity_std,Max_Specificity_mean_std,S_measure_mean,S_measure_std,S_measure_mean_std,Mean_E_measure_mean,Mean_E_measure_std,Mean_E_measure_mean_std,Max_E_measure_mean,Max_E_measure_std,Max_E_measure_mean_std,MAE_mean,MAE_std,MAE_mean_std
UNet_DP_Morph,LungInfection,True,automatic,8.0,True,both,3,0.0001,24,1.2,,training,1.3822974562644958,0.004807353834849752,1.3823 ± 0.0048,95.44538903236389,0.38807739149509346,95.4454 ± 0.3881,0.22265000000000001,0.02750645378815671,0.2227 ± 0.0275,0.4034,0.04525483399593905,0.4034 ± 0.0453,0.5446,0.06519524522539968,0.5446 ± 0.0652,1.0,0.0,1.0000 ± 0.0000,0.52275,0.043628488399209964,0.5228 ± 0.0436,0.9974000000000001,0.00028284271247466634,0.9974 ± 0.0003,0.45715,0.015202795795510746,0.4572 ± 0.0152,0.36455,0.0020506096654409976,0.3645 ± 0.0021,0.7115,0.0329511760032931,0.7115 ± 0.0330,0.41464999999999996,0.04094148263070111,0.4146 ± 0.0409
UNet_DP_Morph,LungInfection,True,automatic,8.0,True,both,5,0.0001,24,1.2,,training,1.3659763932228088,0.05699509894758498,1.3660 ± 0.0570,96.18932616710663,0.21187608497433735,96.1893 ± 0.2119,0.20245,0.0028991378028648397,0.2024 ± 0.0029,0.37475,0.006576093065034913,0.3748 ± 0.0066,0.5562,0.014566399692442845,0.5562 ± 0.0146,1.0,0.0,1.0000 ± 0.0000,0.45145,0.03726452736853107,0.4515 ± 0.0373,0.9952,0.004242640687119289,0.9952 ± 0.0042,0.42415,0.005303300858899111,0.4242 ± 0.0053,0.32404999999999995,0.019586857838867367,0.3240 ± 0.0196,0.67935,0.021425335469952386,0.6794 ± 0.0214,0.46045,0.01491995308303612,0.4605 ± 0.0149
UNet_DP_Morph,LungInfection,True,automatic,8.0,True,both,7,0.0001,24,1.2,,training,1.370847761631012,0.02692585134597274,1.3708 ± 0.0269,94.77246725559235,0.32842830549678753,94.7725 ± 0.3284,0.21744999999999998,0.024112341238461264,0.2174 ± 0.0241,0.38685,0.006434671708797619,0.3869 ± 0.0064,0.57195,0.043628488399209964,0.5719 ± 0.0436,1.0,0.0,1.0000 ± 0.0000,0.4558,0.012020815280171319,0.4558 ± 0.0120,0.99525,0.004313351365237936,0.9952 ± 0.0043,0.4283,0.0002828427124746271,0.4283 ± 0.0003,0.3426,0.011879393923933985,0.3426 ± 0.0119,0.6942,0.004242640687119289,0.6942 ± 0.0042,0.45475,0.01689985207035847,0.4547 ± 0.0169
UNet_DP_Morph,LungInfection,True,automatic,8.0,True,both,9,0.0001,24,1.2,,training,1.3639325499534607,0.005863553858532757,1.3639 ± 0.0059,97.20885193347931,1.962371933770508,97.2089 ± 1.9624,0.20550000000000002,0.03379970414071696,0.2055 ± 0.0338,0.383,0.05176021638285527,0.3830 ± 0.0518,0.5262,0.05487148622007605,0.5262 ± 0.0549,1.0,0.0,1.0000 ± 0.0000,0.5121,0.01131370849898477,0.5121 ± 0.0113,0.9957,0.0022627416997969383,0.9957 ± 0.0023,0.44799999999999995,0.01824335495461292,0.4480 ± 0.0182,0.3627,0.01796051224213833,0.3627 ± 0.0180,0.6895,0.02177888886054562,0.6895 ± 0.0218,0.4194,0.000989949493661136,0.4194 ± 0.0010
UNet_DP_Morph,LungInfection,True,automatic,8.0,True,close,3,0.0001,24,1.2,,training,1.5182280540466309,0.06303482663289312,1.5182 ± 0.0630,93.48109352588654,1.8114403603303275,93.4811 ± 1.8114,0.21845,0.06088189386016175,0.2185 ± 0.0609,0.4032,0.06533666658163702,0.4032 ± 0.0653,0.56885,0.07700392847121502,0.5688 ± 0.0770,1.0,0.0,1.0000 ± 0.0000,0.473,0.030547012947258825,0.4730 ± 0.0305,0.9933000000000001,0.006646803743153521,0.9933 ± 0.0066,0.4209,0.012727922061357866,0.4209 ± 0.0127,0.36085,0.005727564927611032,0.3609 ± 0.0057,0.69655,0.06314463555995865,0.6966 ± 0.0631,0.46435000000000004,0.004737615433949857,0.4644 ± 0.0047
UNet_DP_Morph,LungInfection,True,automatic,8.0,True,close,5,0.0001,24,1.2,,training,1.4364454746246338,0.01896304725680953,1.4364 ± 0.0190,94.94610464572906,2.3856645344830096,94.9461 ± 2.3857,0.2155,0.02998132752230961,0.2155 ± 0.0300,0.4012,0.010465180361560928,0.4012 ± 0.0105,0.5589500000000001,0.06682159082212868,0.5590 ± 0.0668,1.0,0.0,1.0000 ± 0.0000,0.49,0.008768124086713167,0.4900 ± 0.0088,0.99485,0.005020458146424484,0.9949 ± 0.0050,0.43415,7.071067811864696e-05,0.4341 ± 0.0001,0.33175,0.008131727983645304,0.3317 ± 0.0081,0.7012,0.0004242640687119603,0.7012 ± 0.0004,0.44865,0.027223611075682063,0.4486 ± 0.0272
UNet_DP_Morph,LungInfection,True,automatic,8.0,True,close,7,0.0001,24,1.2,,training,1.4190701246261597,0.024428819159096154,1.4191 ± 0.0244,93.56351459026337,2.1560673855837718,93.5635 ± 2.1561,0.24465,0.0045961940777125634,0.2447 ± 0.0046,0.41859999999999997,0.0024041630560342714,0.4186 ± 0.0024,0.5911500000000001,0.02156675682618976,0.5912 ± 0.0216,1.0,0.0,1.0000 ± 0.0000,0.5403,0.03705239533417509,0.5403 ± 0.0371,0.9985999999999999,0.0004242640687119603,0.9986 ± 0.0004,0.45285,0.019162593770155407,0.4528 ± 0.0192,0.35575,0.0072831998462214225,0.3558 ± 0.0073,0.7031000000000001,0.018101933598375586,0.7031 ± 0.0181,0.43835,0.026233661582020888,0.4384 ± 0.0262
UNet_DP_Morph,LungInfection,True,automatic,8.0,True,close,9,0.0001,24,1.2,,training,1.5247390270233154,0.008564239617413824,1.5247 ± 0.0086,95.99757695198059,2.4223361701975406,95.9976 ± 2.4223,0.2307,0.024607315985291853,0.2307 ± 0.0246,0.41125,0.04334564568673538,0.4113 ± 0.0433,0.6070500000000001,0.03924442635585339,0.6071 ± 0.0392,1.0,0.0,1.0000 ± 0.0000,0.46205,0.1004798736066084,0.4621 ± 0.1005,0.9975,0.001272792206135724,0.9975 ± 0.0013,0.41864999999999997,0.03146625176280139,0.4186 ± 0.0315,0.33635,0.046315494167718865,0.3363 ± 0.0463,0.702,0.06901362184380705,0.7020 ± 0.0690,0.47685,0.06215468606629755,0.4768 ± 0.0622
UNet_DP_Morph,LungInfection,True,automatic,8.0,True,open,3,0.0001,24,1.2,,training,1.4154022336006165,0.010180065495624323,1.4154 ± 0.0102,92.49525463581085,1.3603200500074268,92.4953 ± 1.3603,0.19515,0.0036062445840513878,0.1951 ± 0.0036,0.361,0.049214631970583705,0.3610 ± 0.0492,0.55915,0.04122432534317573,0.5592 ± 0.0412,1.0,0.0,1.0000 ± 0.0000,0.45015,0.07771103525240157,0.4501 ± 0.0777,0.9891,0.0016970562748476843,0.9891 ± 0.0017,0.41945,0.030476302269140217,0.4194 ± 0.0305,0.3187,0.046951890270786764,0.3187 ± 0.0470,0.6659999999999999,0.03111269837220804,0.6660 ± 0.0311,0.46904999999999997,0.04716402230514271,0.4690 ± 0.0472
UNet_DP_Morph,LungInfection,True,automatic,8.0,True,open,5,0.0001,24,1.2,,training,1.3891416788101196,0.011702999719716967,1.3891 ± 0.0117,92.89349484443665,1.0225580720268108,92.8935 ± 1.0226,0.21775,0.0033234018715767605,0.2177 ± 0.0033,0.3702,0.028708535316173848,0.3702 ± 0.0287,0.63235,0.014354267658086905,0.6323 ± 0.0144,1.0,0.0,1.0000 ± 0.0000,0.4043,0.013010764773832454,0.4043 ± 0.0130,0.9986,0.00014142135623729392,0.9986 ± 0.0001,0.3935,0.019374725804511387,0.3935 ± 0.0194,0.29775,0.018596908345206192,0.2978 ± 0.0186,0.6839,0.027011479041326125,0.6839 ± 0.0270,0.51905,0.021849599538664267,0.5191 ± 0.0218
UNet_DP_Morph,LungInfection,True,automatic,8.0,True,open,7,0.0001,24,1.2,,training,1.3796371817588806,0.02811759563446662,1.3796 ± 0.0281,93.89762210845946,1.1260056572354757,93.8976 ± 1.1260,0.19385000000000002,0.0318905158315133,0.1939 ± 0.0319,0.35845000000000005,0.03245620125646253,0.3585 ± 0.0325,0.5303,0.02658721497261424,0.5303 ± 0.0266,1.0,0.0,1.0000 ± 0.0000,0.46235000000000004,0.05593214639185591,0.4624 ± 0.0559,0.9923500000000001,0.005444722215136366,0.9924 ± 0.0054,0.4394,0.023900209204105304,0.4394 ± 0.0239,0.3399,0.02305168106668146,0.3399 ± 0.0231,0.69015,0.012515790027001846,0.6902 ± 0.0125,0.43715,0.020718228688765838,0.4371 ± 0.0207
UNet_DP_Morph,LungInfection,True,automatic,8.0,True,open,9,0.0001,24,1.2,,training,1.3399789929389954,0.001677697451824648,1.3400 ± 0.0017,93.46391403675078,0.5853733642829562,93.4639 ± 0.5854,0.18295,0.004171930009000642,0.1830 ± 0.0042,0.36114999999999997,0.0424971175493115,0.3611 ± 0.0425,0.5297499999999999,0.05480077554195744,0.5297 ± 0.0548,1.0,0.0,1.0000 ± 0.0000,0.44584999999999997,0.09227743494484446,0.4458 ± 0.0923,0.98995,0.0013435028842544493,0.9899 ± 0.0013,0.42115,0.028496403281817868,0.4212 ± 0.0285,0.32805,0.05508361825443203,0.3281 ± 0.0551,0.6735500000000001,0.005020458146424484,0.6736 ± 0.0050,0.4528,0.05246732316404181,0.4528 ± 0.0525
UNet_DP_Morph,LungInfection,True,base,8.0,True,both,3,0.0001,24,1.2,,training,1.389971375465393,0.008193010175729713,1.3900 ± 0.0082,94.35906374454498,1.4833861502609227,94.3591 ± 1.4834,0.22215,0.0767210857587404,0.2221 ± 0.0767,0.3933,0.11172287142747449,0.3933 ± 0.1117,0.5726,0.13251181079435903,0.5726 ± 0.1325,1.0,0.0,1.0000 ± 0.0000,0.4976,0.03507249634685274,0.4976 ± 0.0351,0.9965999999999999,0.004666904755831249,0.9966 ± 0.0047,0.44175,0.01817264427649427,0.4417 ± 0.0182,0.3486,0.015839191898578686,0.3486 ± 0.0158,0.7027,0.045537676708413674,0.7027 ± 0.0455,0.4397,0.02022325394193527,0.4397 ± 0.0202
UNet_DP_Morph,LungInfection,True,base,8.0,True,both,5,0.0001,24,1.2,,training,1.360194444656372,0.02016945864858536,1.3602 ± 0.0202,107.02625322341919,18.811650044987,107.0263 ± 18.8117,0.19215,0.017182694782833116,0.1921 ± 0.0172,0.35375,0.015909902576697294,0.3538 ± 0.0159,0.5571999999999999,0.062225396744416156,0.5572 ± 0.0622,1.0,0.0,1.0000 ± 0.0000,0.42264999999999997,0.062437528778772136,0.4226 ± 0.0624,0.99305,0.0004949747468305288,0.9930 ± 0.0005,0.4214,0.013010764773832454,0.4214 ± 0.0130,0.32275,0.022980970388562814,0.3227 ± 0.0230,0.66265,0.02085965004500313,0.6626 ± 0.0209,0.46495,0.03655742058734452,0.4649 ± 0.0366
UNet_DP_Morph,LungInfection,True,base,8.0,True,both,7,0.0001,24,1.2,,training,1.3574588894844055,0.02370262895925345,1.3575 ± 0.0237,95.91176056861877,0.9272852895553388,95.9118 ± 0.9273,0.1946,0.01753624817342637,0.1946 ± 0.0175,0.36235,0.027647875144394023,0.3624 ± 0.0276,0.54055,0.01689985207035851,0.5405 ± 0.0169,1.0,0.0,1.0000 ± 0.0000,0.4628,0.053033008588991036,0.4628 ± 0.0530,0.9843500000000001,0.02043538597629125,0.9844 ± 0.0204,0.43645,0.01534421715174808,0.4365 ± 0.0153,0.32655,0.0021920310216782916,0.3266 ± 0.0022,0.68465,0.02510229073212242,0.6846 ± 0.0251,0.44425000000000003,0.014071424945612277,0.4443 ± 0.0141
UNet_DP_Morph,LungInfection,True,base,8.0,True,both,9,0.0001,24,1.2,,training,1.3781388998031616,0.04764094309537998,1.3781 ± 0.0476,97.08351159095764,0.05288181941399269,97.0835 ± 0.0529,0.22945,0.049568185361177,0.2294 ± 0.0496,0.4047,0.03648670990922584,0.4047 ± 0.0365,0.56175,0.07558971490884193,0.5617 ± 0.0756,1.0,0.0,1.0000 ± 0.0000,0.5369,0.014142135623730963,0.5369 ± 0.0141,0.9976,0.0007071067811865482,0.9976 ± 0.0007,0.45565,0.009404520189781067,0.4556 ± 0.0094,0.3817,0.02913279938488577,0.3817 ± 0.0291,0.7021999999999999,0.01329360748630712,0.7022 ± 0.0133,0.4151,0.008343860018001244,0.4151 ± 0.0083
UNet_DP_Morph,LungInfection,True,base,8.0,True,close,3,0.0001,24,1.2,,training,1.4368771314620972,0.04673326856584968,1.4369 ± 0.0467,91.76984548568726,1.332852611658079,91.7698 ± 1.3329,0.24755,0.0676701189595526,0.2475 ± 0.0677,0.42374999999999996,0.06936717523440034,0.4237 ± 0.0694,0.56875,0.07855956338982542,0.5687 ± 0.0786,1.0,0.0,1.0000 ± 0.0000,0.5653,0.043840620433565985,0.5653 ± 0.0438,0.9955,0.0033941125496954466,0.9955 ± 0.0034,0.47635,0.018738329701443488,0.4763 ± 0.0187,0.38634999999999997,0.03443610024378488,0.3863 ± 0.0344,0.69015,0.07191275964667189,0.6902 ± 0.0719,0.3975,0.005656854249492385,0.3975 ± 0.0057
UNet_DP_Morph,LungInfection,True,base,8.0,True,close,5,0.0001,24,1.2,,training,1.444327712059021,0.06654616487603272,1.4443 ± 0.0665,92.4787881374359,1.0099062624534265,92.4788 ± 1.0099,0.2197,0.047093311627024056,0.2197 ± 0.0471,0.38959999999999995,0.09659078631008239,0.3896 ± 0.0966,0.5889,0.04836610383315986,0.5889 ± 0.0484,1.0,0.0,1.0000 ± 0.0000,0.45465,0.07360981592151962,0.4546 ± 0.0736,0.9842,0.010748023074035516,0.9842 ± 0.0107,0.43065,0.03132483040656406,0.4306 ± 0.0313,0.32955,0.036557420587344486,0.3296 ± 0.0366,0.7016,0.07622611101190975,0.7016 ± 0.0762,0.46625,0.02241528496361352,0.4662 ± 0.0224
UNet_DP_Morph,LungInfection,True,base,8.0,True,close,7,0.0001,24,1.2,,training,1.7050265073776245,0.0011322329383965002,1.7050 ± 0.0011,94.79039454460144,1.3919377728233293,94.7904 ± 1.3919,0.15694999999999998,0.009828784258493007,0.1569 ± 0.0098,0.28859999999999997,0.010323759005323596,0.2886 ± 0.0103,0.46330000000000005,0.02305168106668146,0.4633 ± 0.0231,1.0,0.0,1.0000 ± 0.0000,0.4796,0.03337544007200502,0.4796 ± 0.0334,0.98105,0.00035355339059323483,0.9810 ± 0.0004,0.4066,0.007071067811865481,0.4066 ± 0.0071,0.3513,0.011455129855222065,0.3513 ± 0.0115,0.64435,0.0026162950903902515,0.6443 ± 0.0026,0.44055,0.01110157646462883,0.4405 ± 0.0111
UNet_DP_Morph,LungInfection,True,base,8.0,True,close,9,0.0001,24,1.2,,training,1.4508306980133057,0.025237532888323345,1.4508 ± 0.0252,94.87406885623932,1.3930597219306893,94.8741 ± 1.3931,0.21805,0.027365032431919397,0.2180 ± 0.0274,0.38339999999999996,0.02305168106668146,0.3834 ± 0.0231,0.5936999999999999,0.03068843430349616,0.5937 ± 0.0307,1.0,0.0,1.0000 ± 0.0000,0.46585,0.04405275246792193,0.4658 ± 0.0441,0.99895,0.0009192388155425676,0.9990 ± 0.0009,0.4215,0.005374011537017758,0.4215 ± 0.0054,0.3195,0.011455129855222065,0.3195 ± 0.0115,0.69245,0.02694076836320748,0.6925 ± 0.0269,0.48114999999999997,0.0023334523779156243,0.4811 ± 0.0023
UNet_DP_Morph,LungInfection,True,base,8.0,True,open,3,0.0001,24,1.2,,training,1.3910660147666931,0.013494325075126986,1.3911 ± 0.0135,92.24560308456421,1.1014964218894205,92.2456 ± 1.1015,0.2146,0.017253405460951762,0.2146 ± 0.0173,0.39259999999999995,0.030264170234784237,0.3926 ± 0.0303,0.55325,0.034718942956259505,0.5533 ± 0.0347,1.0,0.0,1.0000 ± 0.0000,0.49029999999999996,0.06675088014401008,0.4903 ± 0.0668,0.9982500000000001,0.001060660171779783,0.9983 ± 0.0011,0.4374,0.03903229432149744,0.4374 ± 0.0390,0.3546,0.038749451609022816,0.3546 ± 0.0387,0.7071000000000001,0.018101933598375586,0.7071 ± 0.0181,0.4373,0.07127636354360399,0.4373 ± 0.0713
UNet_DP_Morph,LungInfection,True,base,8.0,True,open,5,0.0001,24,1.2,,training,1.3542456030845642,0.07122960697626028,1.3542 ± 0.0712,93.96979176998138,3.1380252298526745,93.9698 ± 3.1380,0.2133,0.022768838354206837,0.2133 ± 0.0228,0.39785000000000004,0.06116473657263634,0.3979 ± 0.0612,0.5731999999999999,0.019233304448274095,0.5732 ± 0.0192,1.0,0.0,1.0000 ± 0.0000,0.45815,0.02312239174480007,0.4582 ± 0.0231,0.9979,0.00042426406871188177,0.9979 ± 0.0004,0.4284,0.01668772003600249,0.4284 ± 0.0167,0.33089999999999997,0.006081118318204307,0.3309 ± 0.0061,0.7010000000000001,0.03733523804664976,0.7010 ± 0.0373,0.46130000000000004,0.015980613254815982,0.4613 ± 0.0160
UNet_DP_Morph,LungInfection,True,base,8.0,True,open,7,0.0001,24,1.2,,training,1.383846640586853,0.020612843494919965,1.3838 ± 0.0206,107.86642456054688,18.78831215485477,107.8664 ± 18.7883,0.22039999999999998,0.012586500705120553,0.2204 ± 0.0126,0.3932,0.03464823227814082,0.3932 ± 0.0346,0.60975,0.009404520189781067,0.6098 ± 0.0094,1.0,0.0,1.0000 ± 0.0000,0.4291,0.0520430590953299,0.4291 ± 0.0520,0.9911,0.008485281374238578,0.9911 ± 0.0085,0.41905000000000003,0.0259508188695463,0.4191 ± 0.0260,0.3226,0.03450681092190349,0.3226 ± 0.0345,0.68365,0.040092954493277225,0.6836 ± 0.0401,0.48805,0.03019345955666555,0.4880 ± 0.0302
UNet_DP_Morph,LungInfection,True,base,8.0,True,open,9,0.0001,24,1.2,,training,1.408937156200409,0.02718952203025689,1.4089 ± 0.0272,108.72889602184296,17.76403769456919,108.7289 ± 17.7640,0.2042,0.052184480451567206,0.2042 ± 0.0522,0.3948,0.03705239533417509,0.3948 ± 0.0371,0.5036499999999999,0.11207642481806776,0.5036 ± 0.1121,1.0,0.0,1.0000 ± 0.0000,0.5156499999999999,0.03033488091290292,0.5156 ± 0.0303,0.98535,0.01491995308303616,0.9853 ± 0.0149,0.4467,0.005656854249492385,0.4467 ± 0.0057,0.37985,0.0034648232278140546,0.3799 ± 0.0035,0.6971499999999999,0.042214274836836874,0.6971 ± 0.0422,0.4024,0.0520430590953299,0.4024 ± 0.0520
UNet_DP_Morph,LungInfection,True,nsgd,8.0,True,both,3,0.0001,24,1.2,,training,1.398589849472046,0.029192930327373884,1.3986 ± 0.0292,94.36910307407379,1.927928854817839,94.3691 ± 1.9279,0.20345,0.028496403281817868,0.2034 ± 0.0285,0.36129999999999995,0.06448813844421314,0.3613 ± 0.0645,0.5308999999999999,0.03224406922210655,0.5309 ± 0.0322,1.0,0.0,1.0000 ± 0.0000,0.4907,0.13689587283771565,0.4907 ± 0.1369,0.99705,0.001909188309203625,0.9970 ± 0.0019,0.4292,0.05444722215136417,0.4292 ± 0.0544,0.35235,0.07205418100290918,0.3523 ± 0.0721,0.67535,0.030334880912902845,0.6754 ± 0.0303,0.4335,0.07537758287448598,0.4335 ± 0.0754
UNet_DP_Morph,LungInfection,True,nsgd,8.0,True,both,5,0.0001,24,1.2,,training,1.4114371538162231,0.014149034219895214,1.4114 ± 0.0141,94.47628235816956,0.3253075842456469,94.4763 ± 0.3253,0.19505,0.00799030662740797,0.1951 ± 0.0080,0.3155,0.04525483399593905,0.3155 ± 0.0453,0.5869,0.07297341981845168,0.5869 ± 0.0730,1.0,0.0,1.0000 ± 0.0000,0.39445,0.06837722574073915,0.3945 ± 0.0684,0.9969,0.0012727922061358025,0.9969 ± 0.0013,0.38705,0.046739758236430784,0.3871 ± 0.0467,0.29510000000000003,0.0444063058585152,0.2951 ± 0.0444,0.6442,0.09376235918533624,0.6442 ± 0.0938,0.51225,0.06455884912233174,0.5122 ± 0.0646
UNet_DP_Morph,LungInfection,True,nsgd,8.0,True,both,7,0.0001,24,1.2,,training,1.4266876578330994,0.07550902938666258,1.4267 ± 0.0755,95.04442548751831,0.9857635361020222,95.0444 ± 0.9858,0.2087,0.008061017305526637,0.2087 ± 0.0081,0.36185,0.012091525958289965,0.3619 ± 0.0121,0.56715,0.001202081528017077,0.5672 ± 0.0012,1.0,0.0,1.0000 ± 0.0000,0.46499999999999997,0.03521391770309008,0.4650 ± 0.0352,0.99735,0.0017677669529664096,0.9973 ± 0.0018,0.42410000000000003,0.009899494936611635,0.4241 ± 0.0099,0.33795,0.005586143571373699,0.3379 ± 0.0056,0.6916,0.004949747468305837,0.6916 ± 0.0049,0.4651,0.004384062043356583,0.4651 ± 0.0044
UNet_DP_Morph,LungInfection,True,nsgd,8.0,True,both,9,0.0001,24,1.2,,training,1.4389091730117798,0.09707700476253626,1.4389 ± 0.0971,96.24201464653014,0.4969150528661096,96.2420 ± 0.4969,0.19395,0.0481539717988039,0.1940 ± 0.0482,0.35860000000000003,0.05091168824543143,0.3586 ± 0.0509,0.5408000000000001,0.14410836200581842,0.5408 ± 0.1441,1.0,0.0,1.0000 ± 0.0000,0.4635,0.056709963851161144,0.4635 ± 0.0567,0.9918499999999999,0.002192031021678291,0.9918 ± 0.0022,0.42495,0.0197282791951047,0.4249 ± 0.0197,0.35314999999999996,0.0045961940777125634,0.3531 ± 0.0046,0.6780999999999999,0.007919595949289324,0.6781 ± 0.0079,0.4485,0.07014499269370551,0.4485 ± 0.0701
UNet_DP_Morph,LungInfection,True,nsgd,8.0,True,close,3,0.0001,24,1.2,,training,1.5309756994247437,0.019036382773218487,1.5310 ± 0.0190,93.80496430397034,2.490075933823392,93.8050 ± 2.4901,0.19205,0.0013435028842544493,0.1920 ± 0.0013,0.3133,0.022485995641732207,0.3133 ± 0.0225,0.5868500000000001,0.005161879502661778,0.5869 ± 0.0052,1.0,0.0,1.0000 ± 0.0000,0.39045,0.0027577164466275456,0.3905 ± 0.0028,0.9973000000000001,0.0019798989873223505,0.9973 ± 0.0020,0.3872,0.012869343417595162,0.3872 ± 0.0129,0.29415,0.0033234018715767605,0.2942 ± 0.0033,0.6671499999999999,0.01647558800164655,0.6671 ± 0.0165,0.5142,0.010889444430272888,0.5142 ± 0.0109
UNet_DP_Morph,LungInfection,True,nsgd,8.0,True,close,5,0.0001,24,1.2,,training,1.5537458658218384,0.01451891496242682,1.5537 ± 0.0145,93.67138147354126,2.0603709429910686,93.6714 ± 2.0604,0.18009999999999998,0.0222031529292576,0.1801 ± 0.0222,0.3127,0.022627416997969503,0.3127 ± 0.0226,0.55045,0.0856306312016909,0.5504 ± 0.0856,1.0,0.0,1.0000 ± 0.0000,0.40225,0.03585031380615794,0.4022 ± 0.0359,0.9959,0.0018384776310849781,0.9959 ± 0.0018,0.39244999999999997,0.024112341238461246,0.3924 ± 0.0241,0.30545,0.032739043968937155,0.3054 ± 0.0327,0.64655,0.0375473700810057,0.6465 ± 0.0375,0.49555,0.056780674529279714,0.4955 ± 0.0568
UNet_DP_Morph,LungInfection,True,nsgd,8.0,True,close,7,0.0001,24,1.2,,training,1.5322824120521545,0.08208292622999763,1.5323 ± 0.0821,92.96528244018555,0.06259447635965129,92.9653 ± 0.0626,0.20124999999999998,0.007424621202458736,0.2012 ± 0.0074,0.34985,0.009263098833543773,0.3498 ± 0.0093,0.57045,0.03259762261269986,0.5705 ± 0.0326,1.0,0.0,1.0000 ± 0.0000,0.44315000000000004,0.000494974746830568,0.4432 ± 0.0005,0.9964,0.0025455844122715264,0.9964 ± 0.0025,0.4133,0.02729432175380071,0.4133 ± 0.0273,0.31865,0.021001071401240464,0.3186 ± 0.0210,0.6814,0.017677669529663625,0.6814 ± 0.0177,0.4751,0.04044650788387054,0.4751 ± 0.0404
UNet_DP_Morph,LungInfection,True,nsgd,8.0,True,close,9,0.0001,24,1.2,,training,1.5281976461410522,0.0990115451091863,1.5282 ± 0.0990,94.716956615448,0.12389285283390562,94.7170 ± 0.1239,0.17605,0.03245620125646253,0.1761 ± 0.0325,0.31025,0.07148849557795997,0.3103 ± 0.0715,0.5315,0.08004448763031716,0.5315 ± 0.0800,1.0,0.0,1.0000 ± 0.0000,0.41505000000000003,0.010960155108391496,0.4151 ± 0.0110,0.9936499999999999,0.0009192388155424891,0.9936 ± 0.0009,0.40254999999999996,0.003040559159102173,0.4025 ± 0.0030,0.3004,0.01626345596729061,0.3004 ± 0.0163,0.65115,0.04504270196158314,0.6512 ± 0.0450,0.48255000000000003,0.03146625176280139,0.4826 ± 0.0315
UNet_DP_Morph,LungInfection,True,nsgd,8.0,True,open,3,0.0001,24,1.2,,training,1.543115258216858,0.02689896165662279,1.5431 ± 0.0269,92.84944605827332,0.4267300976770504,92.8494 ± 0.4267,0.18619999999999998,0.009050966799187814,0.1862 ± 0.0091,0.32495,0.05904341622907673,0.3250 ± 0.0590,0.5582,0.03592102448427659,0.5582 ± 0.0359,1.0,0.0,1.0000 ± 0.0000,0.39465,0.06455884912233183,0.3947 ± 0.0646,0.9879,0.0026870057685088986,0.9879 ± 0.0027,0.402,0.04129503602129438,0.4020 ± 0.0413,0.31595,0.034718942956259505,0.3160 ± 0.0347,0.6488,0.01088944443027281,0.6488 ± 0.0109,0.49,0.058548441482246125,0.4900 ± 0.0585
UNet_DP_Morph,LungInfection,True,nsgd,8.0,True,open,5,0.0001,24,1.2,,training,1.4451864957809448,0.052115926882872816,1.4452 ± 0.0521,92.25931334495544,0.1784740331798676,92.2593 ± 0.1785,0.1923,0.01626345596729061,0.1923 ± 0.0163,0.3455,0.03775950211536164,0.3455 ± 0.0378,0.5586,0.07848885271170676,0.5586 ± 0.0785,1.0,0.0,1.0000 ± 0.0000,0.43225,0.07855956338982545,0.4323 ± 0.0786,0.9903,0.006929646455628109,0.9903 ± 0.0069,0.4051,0.020788939366884484,0.4051 ± 0.0208,0.32715,0.022698127676088187,0.3271 ± 0.0227,0.6912,0.036769552621700424,0.6912 ± 0.0368,0.48285,0.051406662992261994,0.4829 ± 0.0514
UNet_DP_Morph,LungInfection,True,nsgd,8.0,True,open,7,0.0001,24,1.2,,training,1.4197096228599548,0.022820073951435486,1.4197 ± 0.0228,93.81516587734222,2.0441226585405525,93.8152 ± 2.0441,0.17425000000000002,0.02085965004500315,0.1743 ± 0.0209,0.3125,0.011737972567696651,0.3125 ± 0.0117,0.5316000000000001,0.051618795026618015,0.5316 ± 0.0516,1.0,0.0,1.0000 ± 0.0000,0.38534999999999997,0.007707463914933344,0.3853 ± 0.0077,0.99095,0.0016263455967290372,0.9909 ± 0.0016,0.4038,0.011455129855222065,0.4038 ± 0.0115,0.30110000000000003,0.01951614716074872,0.3011 ± 0.0195,0.6456999999999999,0.04949747468305829,0.6457 ± 0.0495,0.47465,0.02128391411371509,0.4747 ± 0.0213
UNet_DP_Morph,LungInfection,True,nsgd,8.0,True,open,9,0.0001,24,1.2,,training,1.4130714535713196,0.039954453745054345,1.4131 ± 0.0400,94.4830778837204,1.1309690387035125,94.4831 ± 1.1310,0.16355,0.0007778174593051951,0.1636 ± 0.0008,0.3022,0.022485995641732207,0.3022 ± 0.0225,0.4966,0.0019798989873223505,0.4966 ± 0.0020,1.0,0.0,1.0000 ± 0.0000,0.42869999999999997,0.027860007178750004,0.4287 ± 0.0279,0.99105,0.004030508652763348,0.9910 ± 0.0040,0.41000000000000003,0.012162236636408651,0.4100 ± 0.0122,0.32275,0.02128391411371509,0.3227 ± 0.0213,0.6458,0.01866761902332484,0.6458 ± 0.0187,0.4598,0.003959797974644662,0.4598 ± 0.0040
UNet_DP_Morph,LungInfection,True,psac,8.0,True,both,3,0.0001,24,1.2,,training,1.4595007300376892,0.0727291918462779,1.4595 ± 0.0727,101.93465638160706,1.1448874453683462,101.9347 ± 1.1449,0.19695000000000001,0.015485638507985393,0.1970 ± 0.0155,0.35934999999999995,0.021001071401240464,0.3593 ± 0.0210,0.5609,0.046951890270786764,0.5609 ± 0.0470,1.0,0.0,1.0000 ± 0.0000,0.44575,0.03684026329981911,0.4457 ± 0.0368,0.9934499999999999,0.005303300858899072,0.9934 ± 0.0053,0.4118,0.009192388155425127,0.4118 ± 0.0092,0.33215,0.028496403281817868,0.3322 ± 0.0285,0.6654500000000001,0.026516504294495515,0.6655 ± 0.0265,0.47165,0.02863782463805516,0.4717 ± 0.0286
UNet_DP_Morph,LungInfection,True,psac,8.0,True,both,5,0.0001,24,1.2,,training,1.464385986328125,0.1079519032027115,1.4644 ± 0.1080,102.40524923801422,0.629844695782923,102.4052 ± 0.6298,0.2111,0.02107178207935911,0.2111 ± 0.0211,0.36995,0.007566042558696089,0.3700 ± 0.0076,0.5712999999999999,0.017819090885900998,0.5713 ± 0.0178,1.0,0.0,1.0000 ± 0.0000,0.48675,0.10698525599352463,0.4868 ± 0.1070,0.9955,0.0024041630560342323,0.9955 ± 0.0024,0.43045,0.03415325753131025,0.4304 ± 0.0342,0.34555,0.059043416229076696,0.3456 ± 0.0590,0.6585000000000001,0.018101933598375586,0.6585 ± 0.0181,0.44955,0.06300321420372135,0.4496 ± 0.0630
UNet_DP_Morph,LungInfection,True,psac,8.0,True,both,7,0.0001,24,1.2,,training,1.3726835250854492,0.07991312217495979,1.3727 ± 0.0799,103.16781187057495,1.9812339971782853,103.1678 ± 1.9812,0.2104,0.02998132752230961,0.2104 ± 0.0300,0.3356,0.10847018023401638,0.3356 ± 0.1085,0.59865,0.05890199487283936,0.5987 ± 0.0589,1.0,0.0,1.0000 ± 0.0000,0.42155,0.16001826458251567,0.4215 ± 0.1600,0.9867,0.01555634918610406,0.9867 ± 0.0156,0.38845,0.08336788950189396,0.3885 ± 0.0834,0.31435,0.06809438302826452,0.3144 ± 0.0681,0.6729,0.08046875169902912,0.6729 ± 0.0805,0.5048,0.1066317026029314,0.5048 ± 0.1066
UNet_DP_Morph,LungInfection,True,psac,8.0,True,both,9,0.0001,24,1.2,,training,1.402341604232788,0.018164617358619153,1.4023 ± 0.0182,105.23155450820923,0.23497407524484362,105.2316 ± 0.2350,0.2021,0.023193102422918756,0.2021 ± 0.0232,0.37895,0.01534421715174808,0.3790 ± 0.0153,0.5318,0.008343860018001206,0.5318 ± 0.0083,1.0,0.0,1.0000 ± 0.0000,0.50005,0.044335595180396516,0.5000 ± 0.0443,0.99535,0.0009192388155424891,0.9953 ± 0.0009,0.44355,0.009970205614730322,0.4435 ± 0.0100,0.36234999999999995,0.03528462838120872,0.3623 ± 0.0353,0.6832,0.006081118318204346,0.6832 ± 0.0061,0.42725,0.021001071401240464,0.4273 ± 0.0210
UNet_DP_Morph,LungInfection,True,psac,8.0,True,close,3,0.0001,24,1.2,,training,1.4434340000152588,0.012965719301103509,1.4434 ± 0.0130,101.08794414997101,0.6425666377122293,101.0879 ± 0.6426,0.23785,0.0014849242404917434,0.2379 ± 0.0015,0.4427,0.02644579361637687,0.4427 ± 0.0264,0.6006,0.031395541084682704,0.6006 ± 0.0314,1.0,0.0,1.0000 ± 0.0000,0.50075,0.03132483040656406,0.5008 ± 0.0313,0.99935,7.071067811864696e-05,0.9993 ± 0.0001,0.4395,0.017677669529663705,0.4395 ± 0.0177,0.3463,0.01329360748630712,0.3463 ± 0.0133,0.73615,0.014495689014324197,0.7361 ± 0.0145,0.45985,0.03132483040656406,0.4598 ± 0.0313
UNet_DP_Morph,LungInfection,True,psac,8.0,True,close,5,0.0001,24,1.2,,training,1.554778516292572,0.023088296495358818,1.5548 ± 0.0231,102.98699486255646,1.5280668673042916,102.9870 ± 1.5281,0.17454999999999998,0.02736503243191938,0.1745 ± 0.0274,0.34255,0.08053946237714776,0.3426 ± 0.0805,0.495,0.013717871555019042,0.4950 ± 0.0137,1.0,0.0,1.0000 ± 0.0000,0.45745,0.06413458505361987,0.4575 ± 0.0641,0.99375,0.0028991378028648397,0.9938 ± 0.0029,0.43125,0.04023437584951456,0.4313 ± 0.0402,0.32930000000000004,0.035072496346852784,0.3293 ± 0.0351,0.679,0.007636753236814736,0.6790 ± 0.0076,0.43425,0.04094148263070111,0.4343 ± 0.0409
UNet_DP_Morph,LungInfection,True,psac,8.0,True,close,7,0.0001,24,1.2,,training,1.5949042439460754,0.032212920610573174,1.5949 ± 0.0322,101.50593531131744,1.270417113211021,101.5059 ± 1.2704,0.20650000000000002,0.021496046148071053,0.2065 ± 0.0215,0.37429999999999997,0.028708535316173848,0.3743 ± 0.0287,0.5831,0.10875302294649104,0.5831 ± 0.1088,1.0,0.0,1.0000 ± 0.0000,0.4527,0.09418662325404811,0.4527 ± 0.0942,0.99695,0.0004949747468305288,0.9970 ± 0.0005,0.4112,0.045961940777125586,0.4112 ± 0.0460,0.3295,0.050204581464244884,0.3295 ± 0.0502,0.6694,0.03790092347159901,0.6694 ± 0.0379,0.48065,0.0869034234078267,0.4807 ± 0.0869
UNet_DP_Morph,LungInfection,True,psac,8.0,True,close,9,0.0001,24,1.2,,training,1.582708477973938,0.08938267609838729,1.5827 ± 0.0894,119.87383365631104,18.07689965162434,119.8738 ± 18.0769,0.1723,0.008061017305526637,0.1723 ± 0.0081,0.3316,0.060104076400856514,0.3316 ± 0.0601,0.48,0.04171930009000626,0.4800 ± 0.0417,1.0,0.0,1.0000 ± 0.0000,0.47114999999999996,0.0765796644025031,0.4711 ± 0.0766,0.9895499999999999,0.007848885271170676,0.9895 ± 0.0078,0.41945,0.030476302269140217,0.4194 ± 0.0305,0.34565,0.03372899346259833,0.3457 ± 0.0337,0.68555,0.001909188309203625,0.6855 ± 0.0019,0.43315000000000003,0.059043416229076696,0.4332 ± 0.0590
UNet_DP_Morph,LungInfection,True,psac,8.0,True,open,3,0.0001,24,1.2,,training,1.488187313079834,0.040655861597972645,1.4882 ± 0.0407,101.58940255641937,2.769005631729823,101.5894 ± 2.7690,0.1638,0.03959797974644666,0.1638 ± 0.0396,0.30665,0.06922575387816303,0.3066 ± 0.0692,0.48905,0.08096372644585968,0.4890 ± 0.0810,1.0,0.0,1.0000 ± 0.0000,0.44855,0.0006363961030679012,0.4486 ± 0.0006,0.9796499999999999,0.00799030662740797,0.9796 ± 0.0080,0.4101,0.0164048773235279,0.4101 ± 0.0164,0.3399,0.005232590180780464,0.3399 ± 0.0052,0.64805,0.011384419177103419,0.6481 ± 0.0114,0.45294999999999996,0.011101576464628789,0.4529 ± 0.0111
UNet_DP_Morph,LungInfection,True,psac,8.0,True,open,5,0.0001,24,1.2,,training,1.4243520498275757,0.05180758053916712,1.4244 ± 0.0518,101.34636282920837,1.8067747042001714,101.3464 ± 1.8068,0.1754,0.004101219330881975,0.1754 ± 0.0041,0.32525,0.0020506096654409976,0.3252 ± 0.0021,0.53355,0.010677312395916868,0.5335 ± 0.0107,1.0,0.0,1.0000 ± 0.0000,0.42269999999999996,0.041860721446243594,0.4227 ± 0.0419,0.9879,0.008626702730475872,0.9879 ± 0.0086,0.40985000000000005,0.0060104076400856596,0.4099 ± 0.0060,0.32245,0.023829498525986655,0.3225 ± 0.0238,0.6551,0.023475945135393382,0.6551 ± 0.0235,0.4737,0.010182337649086262,0.4737 ± 0.0102
UNet_DP_Morph,LungInfection,True,psac,8.0,True,open,7,0.0001,24,1.2,,training,1.429016649723053,0.015817122190259377,1.4290 ± 0.0158,116.92349481582642,22.40218322800294,116.9235 ± 22.4022,0.16605,0.008555992052357225,0.1661 ± 0.0086,0.31320000000000003,0.030547012947258825,0.3132 ± 0.0305,0.50495,0.011667261889578045,0.5050 ± 0.0117,1.0,0.0,1.0000 ± 0.0000,0.42905,0.0021920310216782916,0.4290 ± 0.0022,0.9924,0.0018384776310850566,0.9924 ± 0.0018,0.40955,0.005727564927611032,0.4096 ± 0.0057,0.32545,0.0020506096654409976,0.3255 ± 0.0021,0.6476999999999999,0.01753624817342641,0.6477 ± 0.0175,0.4643,0.003676955262170035,0.4643 ± 0.0037
UNet_DP_Morph,LungInfection,True,psac,8.0,True,open,9,0.0001,24,1.2,,training,1.364497184753418,0.009433139046314258,1.3645 ± 0.0094,102.28161036968231,1.6267016195878106,102.2816 ± 1.6267,0.1848,0.00820243866176395,0.1848 ± 0.0082,0.32489999999999997,0.03167838379715734,0.3249 ± 0.0317,0.5493,0.0029698484809834867,0.5493 ± 0.0030,1.0,0.0,1.0000 ± 0.0000,0.4061,0.04539625535217634,0.4061 ± 0.0454,0.99085,0.008697413408594519,0.9909 ± 0.0087,0.40395000000000003,0.019586857838867367,0.4040 ± 0.0196,0.31105000000000005,0.0259508188695463,0.3111 ± 0.0260,0.6588499999999999,0.02382949852598662,0.6588 ± 0.0238,0.4779,0.018101933598375627,0.4779 ± 0.0181
UNet_DP_Morph,LungInfection,True,automatic,8.0,True,both,3,0.0001,24,1.5,,training,1.420391023159027,0.01788906126305493,1.4204 ± 0.0179,105.7521426677704,16.062990720082105,105.7521 ± 16.0630,0.20234999999999997,0.002333452377915605,0.2023 ± 0.0023,0.36645,0.036981684656056446,0.3664 ± 0.0370,0.5748500000000001,0.07601397897755388,0.5749 ± 0.0760,1.0,0.0,1.0000 ± 0.0000,0.439,0.1121471354961864,0.4390 ± 0.1121,0.9965999999999999,0.0008485281374238421,0.9966 ± 0.0008,0.41745,0.05508361825443203,0.4174 ± 0.0551,0.32389999999999997,0.047658997051973274,0.3239 ± 0.0477,0.70055,0.008273149339882636,0.7006 ± 0.0083,0.47165,0.0890247437513863,0.4717 ± 0.0890
UNet_DP_Morph,LungInfection,True,automatic,8.0,True,both,5,0.0001,24,1.5,,training,1.3725383877754211,0.03796798848103889,1.3725 ± 0.0380,109.50449347496033,18.05088762824777,109.5045 ± 18.0509,0.18255,0.01689985207035849,0.1825 ± 0.0169,0.3436,0.032526911934581175,0.3436 ± 0.0325,0.50025,0.059184837585314065,0.5002 ± 0.0592,1.0,0.0,1.0000 ± 0.0000,0.49355000000000004,0.07558971490884196,0.4936 ± 0.0756,0.9928999999999999,0.0007071067811865482,0.9929 ± 0.0007,0.42785,0.005586143571373738,0.4279 ± 0.0056,0.35185,0.042497117549311535,0.3518 ± 0.0425,0.6683,0.017677669529663625,0.6683 ± 0.0177,0.4316,0.02602152954766495,0.4316 ± 0.0260
UNet_DP_Morph,LungInfection,True,automatic,8.0,True,both,7,0.0001,24,1.5,,training,1.4357479810714722,0.002952471031885306,1.4357 ± 0.0030,97.28061282634734,0.14401696147348322,97.2806 ± 0.1440,0.20545,0.013505739520663062,0.2054 ± 0.0135,0.3572,0.015697770542341352,0.3572 ± 0.0157,0.5603,0.023900209204105342,0.5603 ± 0.0239,1.0,0.0,1.0000 ± 0.0000,0.48395,0.008838834764831853,0.4839 ± 0.0088,0.99675,0.00035355339059323483,0.9968 ± 0.0004,0.42885,0.009404520189781067,0.4289 ± 0.0094,0.35055000000000003,0.011808683245815339,0.3506 ± 0.0118,0.6576,0.01668772003600249,0.6576 ± 0.0167,0.45515,0.005161879502661778,0.4551 ± 0.0052
UNet_DP_Morph,LungInfection,True,automatic,8.0,True,both,9,0.0001,24,1.5,,training,1.3617229461669922,0.004878919183621093,1.3617 ± 0.0049,98.3124612569809,1.146646317650413,98.3125 ± 1.1466,0.1974,0.01244507934888324,0.1974 ± 0.0124,0.3732,0.021213203435596406,0.3732 ± 0.0212,0.5544,0.023617366491630758,0.5544 ± 0.0236,1.0,0.0,1.0000 ± 0.0000,0.45365,0.03726452736853103,0.4536 ± 0.0373,0.99455,0.004171930009000642,0.9946 ± 0.0042,0.43105000000000004,0.0017677669529663704,0.4311 ± 0.0018,0.3307,0.0025455844122715655,0.3307 ± 0.0025,0.6917500000000001,0.014778531726798863,0.6918 ± 0.0148,0.4536,0.000989949493661136,0.4536 ± 0.0010
UNet_DP_Morph,LungInfection,True,automatic,8.0,True,close,3,0.0001,24,1.5,,training,1.5369356274604797,0.09054955374626006,1.5369 ± 0.0905,92.86225616931915,1.1634268325039443,92.8623 ± 1.1634,0.18505,0.005020458146424484,0.1850 ± 0.0050,0.3392,0.0697207286249936,0.3392 ± 0.0697,0.5298,0.07198347032479054,0.5298 ± 0.0720,1.0,0.0,1.0000 ± 0.0000,0.46105,0.07884240610230007,0.4611 ± 0.0788,0.9916,0.00975807358037438,0.9916 ± 0.0098,0.41459999999999997,0.05176021638285527,0.4146 ± 0.0518,0.3292,0.06505382386916235,0.3292 ± 0.0651,0.66135,0.02085965004500321,0.6613 ± 0.0209,0.45904999999999996,0.08520636713297897,0.4590 ± 0.0852
UNet_DP_Morph,LungInfection,True,automatic,8.0,True,close,5,0.0001,24,1.5,,training,1.4440032243728638,0.05799456931317232,1.4440 ± 0.0580,92.91360664367676,0.1751619652364875,92.9136 ± 0.1752,0.23665,0.03174909447527598,0.2366 ± 0.0317,0.42595,0.032314779900225195,0.4259 ± 0.0323,0.5811,0.02531442276647836,0.5811 ± 0.0253,1.0,0.0,1.0000 ± 0.0000,0.49995,0.13456242045979996,0.5000 ± 0.1346,0.998,0.0026870057685088986,0.9980 ± 0.0027,0.4345,0.04087077195258242,0.4345 ± 0.0409,0.35114999999999996,0.05084097756731278,0.3511 ± 0.0508,0.7326999999999999,0.01357645019878171,0.7327 ± 0.0136,0.4474,0.06038691911333114,0.4474 ± 0.0604
UNet_DP_Morph,LungInfection,True,automatic,8.0,True,close,7,0.0001,24,1.5,,training,1.5245127081871033,0.00030354160297561583,1.5245 ± 0.0003,94.05468082427979,0.6161370233606238,94.0547 ± 0.6161,0.19425,0.06710443353460335,0.1943 ± 0.0671,0.37905,0.040517218561989185,0.3790 ± 0.0405,0.5072,0.1906359882078932,0.5072 ± 0.1906,1.0,0.0,1.0000 ± 0.0000,0.50545,0.07346839456528229,0.5054 ± 0.0735,0.993,0.007636753236814657,0.9930 ± 0.0076,0.42845,0.02694076836320748,0.4284 ± 0.0269,0.35735,0.0348603643124968,0.3574 ± 0.0349,0.7036,0.044547727214752454,0.7036 ± 0.0445,0.42585,0.10316687937511732,0.4259 ± 0.1032
UNet_DP_Morph,LungInfection,True,automatic,8.0,True,close,9,0.0001,24,1.5,,training,1.4483319520950317,0.09194098980299888,1.4483 ± 0.0919,92.97734951972961,0.5161579551970416,92.9773 ± 0.5162,0.24575000000000002,0.007141778489984148,0.2458 ± 0.0071,0.42784999999999995,0.041648589411887656,0.4278 ± 0.0416,0.59145,0.037405948724768406,0.5915 ± 0.0374,1.0,0.0,1.0000 ± 0.0000,0.5178,0.004525483399593955,0.5178 ± 0.0045,0.99575,0.003889087296526054,0.9958 ± 0.0039,0.45835000000000004,0.0058689862838483655,0.4584 ± 0.0059,0.36450000000000005,0.00042426406871192107,0.3645 ± 0.0004,0.7246,0.042992092296142065,0.7246 ± 0.0430,0.4343,0.02064751801064719,0.4343 ± 0.0206
UNet_DP_Morph,LungInfection,True,automatic,8.0,True,open,3,0.0001,24,1.5,,training,1.3521450757980347,0.004263406607967997,1.3521 ± 0.0043,93.65862715244293,1.0087900453174539,93.6586 ± 1.0088,0.2626,0.012162236636408611,0.2626 ± 0.0122,0.44545,0.0024748737341529184,0.4455 ± 0.0025,0.6382,0.031395541084682704,0.6382 ± 0.0314,1.0,0.0,1.0000 ± 0.0000,0.4938,0.019657568516986055,0.4938 ± 0.0197,0.99765,0.0028991378028648397,0.9977 ± 0.0029,0.42295000000000005,0.0017677669529663704,0.4230 ± 0.0018,0.34765,0.0071417784899841285,0.3477 ± 0.0071,0.7475499999999999,0.007424621202458795,0.7475 ± 0.0074,0.47440000000000004,0.010465180361560888,0.4744 ± 0.0105
UNet_DP_Morph,LungInfection,True,automatic,8.0,True,open,5,0.0001,24,1.5,,training,1.331031322479248,0.0006635599829555157,1.3310 ± 0.0007,93.32915425300598,1.9293980939569189,93.3292 ± 1.9294,0.22555,0.014495689014324237,0.2256 ± 0.0145,0.4214,0.031961226509631964,0.4214 ± 0.0320,0.554,0.03860803025278556,0.5540 ± 0.0386,1.0,0.0,1.0000 ± 0.0000,0.51805,0.033304729393886366,0.5181 ± 0.0333,0.9961,0.0,0.9961 ± 0.0000,0.4655,0.005656854249492346,0.4655 ± 0.0057,0.35885,0.009263098833543773,0.3589 ± 0.0093,0.68855,0.03825447686219225,0.6885 ± 0.0383,0.41285,0.02665792565073281,0.4128 ± 0.0267
UNet_DP_Morph,LungInfection,True,automatic,8.0,True,open,7,0.0001,24,1.5,,training,1.3755242228507996,0.036084867289572296,1.3755 ± 0.0361,93.9520252943039,1.8924725656269383,93.9520 ± 1.8925,0.2285,0.018526197667087546,0.2285 ± 0.0185,0.40625,0.0014849242404917434,0.4062 ± 0.0015,0.5502499999999999,0.02906208870676712,0.5502 ± 0.0291,1.0,0.0,1.0000 ± 0.0000,0.5362,0.0032526911934580745,0.5362 ± 0.0033,0.998,0.0018384776310849781,0.9980 ± 0.0018,0.4576,0.009899494936611674,0.4576 ± 0.0099,0.3718,0.00466690475583121,0.3718 ± 0.0047,0.7008000000000001,0.00777817459305203,0.7008 ± 0.0078,0.4144,0.017253405460951745,0.4144 ± 0.0173
UNet_DP_Morph,LungInfection,True,automatic,8.0,True,open,9,0.0001,24,1.5,,training,1.3667658567428589,0.06663501043269368,1.3668 ± 0.0666,94.95006704330444,0.9628026073828733,94.9501 ± 0.9628,0.23170000000000002,0.03634528855298856,0.2317 ± 0.0363,0.41555,0.079266670171012,0.4155 ± 0.0793,0.61595,0.02906208870676704,0.6159 ± 0.0291,1.0,0.0,1.0000 ± 0.0000,0.4611,0.040729350596345124,0.4611 ± 0.0407,0.9981500000000001,0.0007778174593051951,0.9982 ± 0.0008,0.42565,0.021849599538664305,0.4256 ± 0.0218,0.34175,0.014778531726798863,0.3417 ± 0.0148,0.7165999999999999,0.05784133470105958,0.7166 ± 0.0578,0.4774,0.01626345596729061,0.4774 ± 0.0163
UNet_DP_Morph,LungInfection,True,base,8.0,True,both,3,0.0001,24,1.5,,training,1.405050814151764,0.04306910585000941,1.4051 ± 0.0431,92.68653428554535,0.2464209907130084,92.6865 ± 0.2464,0.1716,0.0018384776310850174,0.1716 ± 0.0018,0.35485,0.0321733585439879,0.3548 ± 0.0322,0.50445,0.019869700551341955,0.5044 ± 0.0199,1.0,0.0,1.0000 ± 0.0000,0.4276,0.034506810921903525,0.4276 ± 0.0345,0.9897499999999999,0.0019091883092037035,0.9897 ± 0.0019,0.42410000000000003,0.009616652224137047,0.4241 ± 0.0096,0.32099999999999995,0.014707821048680177,0.3210 ± 0.0147,0.6698500000000001,0.0375473700810057,0.6699 ± 0.0375,0.44794999999999996,0.023263813101037402,0.4479 ± 0.0233
UNet_DP_Morph,LungInfection,True,base,8.0,True,both,5,0.0001,24,1.5,,training,1.3615951538085938,0.05928207124148311,1.3616 ± 0.0593,95.41447377204895,2.035219389673707,95.4145 ± 2.0352,0.221,0.06109402589451769,0.2210 ± 0.0611,0.42155,0.06597306268470488,0.4215 ± 0.0660,0.5550999999999999,0.07749890321804563,0.5551 ± 0.0775,1.0,0.0,1.0000 ± 0.0000,0.49005,0.05282087655463509,0.4900 ± 0.0528,0.996,0.0045254833995938765,0.9960 ± 0.0045,0.45125000000000004,0.014495689014324237,0.4513 ± 0.0145,0.3501,0.03351686142824235,0.3501 ± 0.0335,0.7121500000000001,0.03641599923110719,0.7122 ± 0.0364,0.4295,0.0009899494936611753,0.4295 ± 0.0010
UNet_DP_Morph,LungInfection,True,base,8.0,True,both,7,0.0001,24,1.5,,training,1.4083120226860046,0.010457560346220049,1.4083 ± 0.0105,97.42532575130463,1.5254399385303246,97.4253 ± 1.5254,0.15794999999999998,0.02948635277547902,0.1579 ± 0.0295,0.3062,0.06052834046956843,0.3062 ± 0.0605,0.4695,0.056568542494923775,0.4695 ± 0.0566,1.0,0.0,1.0000 ± 0.0000,0.4622,0.007071067811865481,0.4622 ± 0.0071,0.98645,0.010535891039679576,0.9865 ± 0.0105,0.41625,0.01647558800164655,0.4163 ± 0.0165,0.33345,0.006717514421272207,0.3335 ± 0.0067,0.63905,0.031183409050326766,0.6391 ± 0.0312,0.43615000000000004,0.0019091883092036642,0.4362 ± 0.0019
UNet_DP_Morph,LungInfection,True,base,8.0,True,both,9,0.0001,24,1.5,,training,1.4068882465362549,0.07347915286868074,1.4069 ± 0.0735,98.06502628326416,0.5848259610144766,98.0650 ± 0.5848,0.16755,0.025243712088359755,0.1676 ± 0.0252,0.30285,0.0539522474045336,0.3029 ± 0.0540,0.50435,0.06130615792887363,0.5043 ± 0.0613,1.0,0.0,1.0000 ± 0.0000,0.4177,0.03351686142824235,0.4177 ± 0.0335,0.98695,0.011384419177103419,0.9869 ± 0.0114,0.40759999999999996,0.015132085117392138,0.4076 ± 0.0151,0.31605,0.02326381310103744,0.3160 ± 0.0233,0.6335,0.01131370849898477,0.6335 ± 0.0113,0.46035,0.014354267658086905,0.4603 ± 0.0144
UNet_DP_Morph,LungInfection,True,base,8.0,True,close,3,0.0001,24,1.5,,training,1.4018357396125793,0.02370886669283322,1.4018 ± 0.0237,93.5809725522995,1.928301095783857,93.5810 ± 1.9283,0.22145,0.009970205614730322,0.2215 ± 0.0100,0.4121,0.03266833329081847,0.4121 ± 0.0327,0.5925499999999999,0.010535891039679576,0.5925 ± 0.0105,1.0,0.0,1.0000 ± 0.0000,0.4602,0.023051681066681422,0.4602 ± 0.0231,0.997,0.0015556349186103902,0.9970 ± 0.0016,0.42969999999999997,0.022910259710444168,0.4297 ± 0.0229,0.32220000000000004,0.024465894629054557,0.3222 ± 0.0245,0.7134,0.05911412690719538,0.7134 ± 0.0591,0.46365,0.03330472939388641,0.4637 ± 0.0333
UNet_DP_Morph,LungInfection,True,base,8.0,True,close,5,0.0001,24,1.5,,training,1.6046414971351624,0.02719137649159137,1.6046 ± 0.0272,91.73521208763123,1.527650625028418,91.7352 ± 1.5277,0.20265,0.0034648232278140937,0.2026 ± 0.0035,0.3856,0.008768124086713167,0.3856 ± 0.0088,0.54035,0.00841457069611993,0.5403 ± 0.0084,1.0,0.0,1.0000 ± 0.0000,0.49415,0.02750645378815665,0.4941 ± 0.0275,0.9964,0.0014142135623730963,0.9964 ± 0.0014,0.4317,0.009475230867899753,0.4317 ± 0.0095,0.3625,0.009192388155425127,0.3625 ± 0.0092,0.6948,0.023051681066681422,0.6948 ± 0.0231,0.4424,0.01951614716074872,0.4424 ± 0.0195
UNet_DP_Morph,LungInfection,True,base,8.0,True,close,7,0.0001,24,1.5,,training,1.5006213188171387,0.018681843483544847,1.5006 ± 0.0187,94.08957409858704,0.4715939006303306,94.0896 ± 0.4716,0.2334,0.011879393923933985,0.2334 ± 0.0119,0.41925,0.019445436482630033,0.4193 ± 0.0194,0.59375,0.04631549416771879,0.5938 ± 0.0463,1.0,0.0,1.0000 ± 0.0000,0.49219999999999997,0.0978635785162182,0.4922 ± 0.0979,0.9987,0.00028284271247458785,0.9987 ± 0.0003,0.4361,0.046951890270786764,0.4361 ± 0.0470,0.34735000000000005,0.05310371926710972,0.3474 ± 0.0531,0.7077,0.015132085117392178,0.7077 ± 0.0151,0.4557,0.062225396744416156,0.4557 ± 0.0622
UNet_DP_Morph,LungInfection,True,base,8.0,True,close,9,0.0001,24,1.5,,training,1.4493151307106018,0.03490323824472103,1.4493 ± 0.0349,109.60504531860352,19.41015383845503,109.6050 ± 19.4102,0.2014,0.007495331880577403,0.2014 ± 0.0075,0.3752,0.016546298679765235,0.3752 ± 0.0165,0.5536,0.025738686835190323,0.5536 ± 0.0257,1.0,0.0,1.0000 ± 0.0000,0.45875,0.013505739520663062,0.4587 ± 0.0135,0.99655,0.001060660171779783,0.9966 ± 0.0011,0.4334,0.004101219330881995,0.4334 ± 0.0041,0.32689999999999997,0.006505382386916267,0.3269 ± 0.0065,0.6687000000000001,0.02460731598529189,0.6687 ± 0.0246,0.4552,0.0028284271247461927,0.4552 ± 0.0028
UNet_DP_Morph,LungInfection,True,base,8.0,True,open,3,0.0001,24,1.5,,training,1.3876123428344727,0.019677857807554294,1.3876 ± 0.0197,94.12710428237915,0.39796976260278244,94.1271 ± 0.3980,0.23535,0.03160767311903867,0.2354 ± 0.0316,0.4158,0.03535533905932741,0.4158 ± 0.0354,0.6103000000000001,0.04299209229614214,0.6103 ± 0.0430,1.0,0.0,1.0000 ± 0.0000,0.4675,0.0342239682094289,0.4675 ± 0.0342,0.9985999999999999,0.0016970562748477628,0.9986 ± 0.0017,0.4233,0.003959797974644662,0.4233 ± 0.0040,0.3419,0.006505382386916227,0.3419 ± 0.0065,0.7375499999999999,0.028779245994292532,0.7375 ± 0.0288,0.4698,0.0022627416997969383,0.4698 ± 0.0023
UNet_DP_Morph,LungInfection,True,base,8.0,True,open,5,0.0001,24,1.5,,training,1.3793067932128906,0.08388504117862644,1.3793 ± 0.0839,94.66398322582245,0.7145443512495679,94.6640 ± 0.7145,0.22499999999999998,0.005515432893255071,0.2250 ± 0.0055,0.39915,0.033870414818835626,0.3992 ± 0.0339,0.6006,0.019233304448274095,0.6006 ± 0.0192,1.0,0.0,1.0000 ± 0.0000,0.4452,0.033658282784479646,0.4452 ± 0.0337,0.9969,0.00028284271247458785,0.9969 ± 0.0003,0.4336,0.023617366491630678,0.4336 ± 0.0236,0.33225,0.034718942956259505,0.3322 ± 0.0347,0.7039500000000001,0.026799347006970103,0.7040 ± 0.0268,0.46495,0.03217335854398794,0.4649 ± 0.0322
UNet_DP_Morph,LungInfection,True,base,8.0,True,open,7,0.0001,24,1.5,,training,1.338387370109558,0.016899031791534184,1.3384 ± 0.0169,95.8018946647644,0.6006290061573534,95.8019 ± 0.6006,0.26015,0.050416713498600836,0.2601 ± 0.0504,0.45135000000000003,0.013930003589374983,0.4514 ± 0.0139,0.5893999999999999,0.07240773439350241,0.5894 ± 0.0724,1.0,0.0,1.0000 ± 0.0000,0.54425,0.024395183950935873,0.5443 ± 0.0244,0.9982,0.0021213203435596446,0.9982 ± 0.0021,0.45925,0.004171930009000642,0.4592 ± 0.0042,0.3871,0.024324473272817223,0.3871 ± 0.0243,0.7476499999999999,0.010394469683442282,0.7476 ± 0.0104,0.4181,0.002121320343559605,0.4181 ± 0.0021
UNet_DP_Morph,LungInfection,True,base,8.0,True,open,9,0.0001,24,1.5,,training,1.377478837966919,0.012004771155054968,1.3775 ± 0.0120,94.72723066806792,0.49152952856338755,94.7272 ± 0.4915,0.18925,0.0014849242404917434,0.1893 ± 0.0015,0.36245000000000005,0.04094148263070111,0.3625 ± 0.0409,0.5336000000000001,0.02489015869776648,0.5336 ± 0.0249,1.0,0.0,1.0000 ± 0.0000,0.45394999999999996,0.04306280297426075,0.4539 ± 0.0431,0.99685,0.002192031021678291,0.9969 ± 0.0022,0.4315,0.01753624817342641,0.4315 ± 0.0175,0.3257,0.025173001410241105,0.3257 ± 0.0252,0.66565,0.0044547727214752295,0.6656 ± 0.0045,0.4487,0.029698484809834984,0.4487 ± 0.0297
UNet_DP_Morph,LungInfection,True,nsgd,8.0,True,both,3,0.0001,24,1.5,,training,1.4405381083488464,0.09262098705687365,1.4405 ± 0.0926,95.23624742031097,1.5653347966315847,95.2362 ± 1.5653,0.1809,0.04327493500861671,0.1809 ± 0.0433,0.2909,0.00933380951166242,0.2909 ± 0.0093,0.56665,0.1528057754144129,0.5666 ± 0.1528,1.0,0.0,1.0000 ± 0.0000,0.39475,0.10401540751254115,0.3947 ± 0.1040,0.9755,0.01626345596729061,0.9755 ± 0.0163,0.3751,0.03945655839020936,0.3751 ± 0.0395,0.3053,0.06137686860699232,0.3053 ± 0.0614,0.6462,0.022768838354206837,0.6462 ± 0.0228,0.5075000000000001,0.0862670273047588,0.5075 ± 0.0863
UNet_DP_Morph,LungInfection,True,nsgd,8.0,True,both,5,0.0001,24,1.5,,training,1.4567019939422607,0.05781333786457547,1.4567 ± 0.0578,95.2971214056015,0.689850344119621,95.2971 ± 0.6899,0.14850000000000002,0.004808326112068524,0.1485 ± 0.0048,0.2913,0.0329511760032931,0.2913 ± 0.0330,0.4607,0.019798989873223347,0.4607 ± 0.0198,1.0,0.0,1.0000 ± 0.0000,0.43015000000000003,0.05338656197958431,0.4302 ± 0.0534,0.98255,0.00487903679018719,0.9826 ± 0.0049,0.4098,0.01329360748630712,0.4098 ± 0.0133,0.3276,0.015697770542341352,0.3276 ± 0.0157,0.6262000000000001,0.017819090885900998,0.6262 ± 0.0178,0.4485,0.006505382386916227,0.4485 ± 0.0065
UNet_DP_Morph,LungInfection,True,nsgd,8.0,True,both,7,0.0001,24,1.5,,training,1.434884786605835,0.08842206512712715,1.4349 ± 0.0884,97.28814017772675,0.6281743318827493,97.2881 ± 0.6282,0.19669999999999999,0.009616652224137026,0.1967 ± 0.0096,0.3723,0.04355777772109132,0.3723 ± 0.0436,0.5167999999999999,0.03804234482783623,0.5168 ± 0.0380,1.0,0.0,1.0000 ± 0.0000,0.5083,0.06264966081312807,0.5083 ± 0.0626,0.99605,0.002333452377915664,0.9960 ± 0.0023,0.43765,0.03302188668141178,0.4376 ± 0.0330,0.36275,0.03825447686219221,0.3628 ± 0.0383,0.6895,0.014566399692442845,0.6895 ± 0.0146,0.42874999999999996,0.06215468606629755,0.4287 ± 0.0622
UNet_DP_Morph,LungInfection,True,nsgd,8.0,True,both,9,0.0001,24,1.5,,training,1.427588403224945,0.022144375676108833,1.4276 ± 0.0221,96.89985918998718,0.4331694617799187,96.8999 ± 0.4332,0.16175,0.02892066735052979,0.1618 ± 0.0289,0.29945,0.02085965004500313,0.2994 ± 0.0209,0.4962,0.0999848988597778,0.4962 ± 0.1000,1.0,0.0,1.0000 ± 0.0000,0.41979999999999995,0.04949747468305833,0.4198 ± 0.0495,0.9849,0.010748023074035594,0.9849 ± 0.0107,0.404,0.018384776310850212,0.4040 ± 0.0184,0.31235,0.03090056633785214,0.3124 ± 0.0309,0.65025,0.004879036790187112,0.6502 ± 0.0049,0.46519999999999995,0.0568513852073984,0.4652 ± 0.0569
UNet_DP_Morph,LungInfection,True,nsgd,8.0,True,close,3,0.0001,24,1.5,,training,1.5435840487480164,0.02407992754712329,1.5436 ± 0.0241,92.07812130451202,0.9400782067775575,92.0781 ± 0.9401,0.14665,0.00487903679018719,0.1467 ± 0.0049,0.2583,0.0002828427124746271,0.2583 ± 0.0003,0.48975,0.005727564927611032,0.4898 ± 0.0057,1.0,0.0,1.0000 ± 0.0000,0.3587,0.03493107499061545,0.3587 ± 0.0349,0.9874,0.011030865786510104,0.9874 ± 0.0110,0.38134999999999997,0.01463711037056153,0.3813 ± 0.0146,0.29115,0.00912167747730644,0.2912 ± 0.0091,0.62685,0.009828784258493027,0.6269 ± 0.0098,0.4941,0.012020815280171359,0.4941 ± 0.0120
UNet_DP_Morph,LungInfection,True,nsgd,8.0,True,close,5,0.0001,24,1.5,,training,1.517896294593811,0.010860905686469306,1.5179 ± 0.0109,106.82514584064484,15.94493115966952,106.8251 ± 15.9449,0.1847,0.02022325394193527,0.1847 ± 0.0202,0.33485,0.020293964620053916,0.3348 ± 0.0203,0.53865,0.04546696603029502,0.5386 ± 0.0455,1.0,0.0,1.0000 ± 0.0000,0.44484999999999997,0.003747665940288721,0.4448 ± 0.0037,0.9918,0.005515432893255091,0.9918 ± 0.0055,0.4155,0.005515432893255052,0.4155 ± 0.0055,0.3282,0.0033941125496954466,0.3282 ± 0.0034,0.66295,0.022980970388562776,0.6630 ± 0.0230,0.47175,0.015485638507985412,0.4718 ± 0.0155
UNet_DP_Morph,LungInfection,True,nsgd,8.0,True,close,7,0.0001,24,1.5,,training,1.5591711401939392,0.019730709955586952,1.5592 ± 0.0197,95.10665500164032,1.7974698601607244,95.1067 ± 1.7975,0.1721,0.010465180361560888,0.1721 ± 0.0105,0.3165,0.05868986283848342,0.3165 ± 0.0587,0.5076,0.09432804461028546,0.5076 ± 0.0943,1.0,0.0,1.0000 ± 0.0000,0.45805,0.09864139597552343,0.4581 ± 0.0986,0.98875,0.01265721138323922,0.9888 ± 0.0127,0.4066,0.049073210614346406,0.4066 ± 0.0491,0.33140000000000003,0.06745798692519663,0.3314 ± 0.0675,0.6632,0.008768124086713167,0.6632 ± 0.0088,0.45745,0.0895904291763356,0.4575 ± 0.0896
UNet_DP_Morph,LungInfection,True,nsgd,8.0,True,close,9,0.0001,24,1.5,,training,1.4945634007453918,0.030032748430801805,1.4946 ± 0.0300,106.2988862991333,18.705397839891017,106.2989 ± 18.7054,0.16355,0.007424621202458756,0.1636 ± 0.0074,0.26695,0.010394469683442242,0.2670 ± 0.0104,0.5183,0.00777817459305203,0.5183 ± 0.0078,1.0,0.0,1.0000 ± 0.0000,0.37485,0.025809397513309008,0.3749 ± 0.0258,0.99095,0.001767766952966331,0.9909 ± 0.0018,0.38605,0.010394469683442282,0.3861 ± 0.0104,0.2837,0.0072124891681027755,0.2837 ± 0.0072,0.6488,0.014142135623730963,0.6488 ± 0.0141,0.4941,0.008909545442950459,0.4941 ± 0.0089
UNet_DP_Morph,LungInfection,True,nsgd,8.0,True,open,3,0.0001,24,1.5,,training,1.4364429712295532,0.04911726290501973,1.4364 ± 0.0491,106.52608907222748,17.98655181269505,106.5261 ± 17.9866,0.17625,0.03599173516239527,0.1762 ± 0.0360,0.30720000000000003,0.0033941125496954076,0.3072 ± 0.0034,0.5342,0.11370277041479689,0.5342 ± 0.1137,1.0,0.0,1.0000 ± 0.0000,0.43710000000000004,0.0431335136523794,0.4371 ± 0.0431,0.99475,0.005727564927611032,0.9948 ± 0.0057,0.39675,0.029203510063004416,0.3967 ± 0.0292,0.30935,0.04037579720575185,0.3094 ± 0.0404,0.6312,0.017677669529663705,0.6312 ± 0.0177,0.48445,0.0665387481096541,0.4844 ± 0.0665
UNet_DP_Morph,LungInfection,True,nsgd,8.0,True,open,5,0.0001,24,1.5,,training,1.4902893900871277,0.04174316599585685,1.4903 ± 0.0417,107.28745532035828,18.467865619528975,107.2875 ± 18.4679,0.18135,0.015768481220460023,0.1814 ± 0.0158,0.27645,0.02510229073212246,0.2764 ± 0.0251,0.6043000000000001,0.02913279938488577,0.6043 ± 0.0291,1.0,0.0,1.0000 ± 0.0000,0.32189999999999996,0.017394826817189075,0.3219 ± 0.0174,0.9857,0.006363961030678934,0.9857 ± 0.0064,0.3485,0.012869343417595162,0.3485 ± 0.0129,0.2731,0.026587214972614164,0.2731 ± 0.0266,0.64815,0.03387041481883566,0.6482 ± 0.0339,0.55645,0.0016263455967290372,0.5565 ± 0.0016
UNet_DP_Morph,LungInfection,True,nsgd,8.0,True,open,7,0.0001,24,1.5,,training,1.4416853189468384,0.015497396197455736,1.4417 ± 0.0155,92.93015086650848,1.0649626906632175,92.9302 ± 1.0650,0.1727,0.006081118318204306,0.1727 ± 0.0061,0.32125000000000004,0.021142492757477756,0.3213 ± 0.0211,0.5283,0.013859292911256375,0.5283 ± 0.0139,1.0,0.0,1.0000 ± 0.0000,0.41705,0.005727564927611032,0.4170 ± 0.0057,0.9905999999999999,0.0005656854249492542,0.9906 ± 0.0006,0.4065,0.004242640687119249,0.4065 ± 0.0042,0.32255,0.005868986283848326,0.3226 ± 0.0059,0.6555,0.012020815280171319,0.6555 ± 0.0120,0.4759,0.0008485281374238421,0.4759 ± 0.0008
UNet_DP_Morph,LungInfection,True,nsgd,8.0,True,open,9,0.0001,24,1.5,,training,1.453827440738678,0.1147652784392853,1.4538 ± 0.1148,106.94666707515717,17.63238442681268,106.9467 ± 17.6324,0.17565,0.03259762261269982,0.1757 ± 0.0326,0.33095,0.055649303679381285,0.3310 ± 0.0556,0.48645,0.07474118677141808,0.4864 ± 0.0747,1.0,0.0,1.0000 ± 0.0000,0.51355,0.04263853890554879,0.5135 ± 0.0426,0.98955,0.008697413408594519,0.9896 ± 0.0087,0.4239,0.03323401871576776,0.4239 ± 0.0332,0.3657,0.030688434303496197,0.3657 ± 0.0307,0.6527499999999999,0.0334461507501237,0.6527 ± 0.0334,0.42510000000000003,0.00466690475583121,0.4251 ± 0.0047
UNet_DP_Morph,LungInfection,True,psac,8.0,True,both,3,0.0001,24,1.5,,training,1.4897880554199219,0.06570019333272205,1.4898 ± 0.0657,102.77792155742644,4.897503415003487,102.7779 ± 4.8975,0.1752,0.0164048773235279,0.1752 ± 0.0164,0.3573,0.027860007178749965,0.3573 ± 0.0279,0.49429999999999996,0.0026870057685088595,0.4943 ± 0.0027,1.0,0.0,1.0000 ± 0.0000,0.47545000000000004,0.021142492757477756,0.4755 ± 0.0211,0.99315,0.004171930009000642,0.9931 ± 0.0042,0.43355,0.0184554869889689,0.4335 ± 0.0185,0.3424,0.0,0.3424 ± 0.0000,0.6708000000000001,0.035213917703090035,0.6708 ± 0.0352,0.43255,0.020293964620053916,0.4325 ± 0.0203
UNet_DP_Morph,LungInfection,True,psac,8.0,True,both,5,0.0001,24,1.5,,training,1.4117019176483154,0.013306265837071377,1.4117 ± 0.0133,101.52727198600769,1.9476153105824796,101.5273 ± 1.9476,0.16649999999999998,0.02658721497261418,0.1665 ± 0.0266,0.3395,0.013717871555019042,0.3395 ± 0.0137,0.46445000000000003,0.08619631662664011,0.4645 ± 0.0862,1.0,0.0,1.0000 ± 0.0000,0.47514999999999996,0.0424971175493115,0.4751 ± 0.0425,0.9912,0.0059396969619669735,0.9912 ± 0.0059,0.42745,0.012798632739476514,0.4274 ± 0.0128,0.3446,0.01796051224213833,0.3446 ± 0.0180,0.6906,0.012727922061357866,0.6906 ± 0.0127,0.42215,0.05168950570473663,0.4222 ± 0.0517
UNet_DP_Morph,LungInfection,True,psac,8.0,True,both,7,0.0001,24,1.5,,training,1.3687177300453186,0.005227810795594274,1.3687 ± 0.0052,103.1206967830658,0.6044542541282122,103.1207 ± 0.6045,0.1765,0.0016970562748477038,0.1765 ± 0.0017,0.355,0.013717871555019042,0.3550 ± 0.0137,0.5004,0.020506096654409896,0.5004 ± 0.0205,1.0,0.0,1.0000 ± 0.0000,0.4706,0.0059396969619670125,0.4706 ± 0.0059,0.9962,0.0019798989873223505,0.9962 ± 0.0020,0.43435,0.004737615433949857,0.4344 ± 0.0047,0.3307,0.01895046173579947,0.3307 ± 0.0190,0.6596,0.013435028842544414,0.6596 ± 0.0134,0.43245,0.019021172413918153,0.4325 ± 0.0190
UNet_DP_Morph,LungInfection,True,psac,8.0,True,both,9,0.0001,24,1.5,,training,1.4084514379501343,0.0013783705337004355,1.4085 ± 0.0014,104.26971888542175,0.27741831191883054,104.2697 ± 0.2774,0.16895,0.0009192388155425087,0.1689 ± 0.0009,0.2878,0.007495331880577442,0.2878 ± 0.0075,0.5358,0.011313708498984693,0.5358 ± 0.0113,1.0,0.0,1.0000 ± 0.0000,0.3935,0.0022627416997969383,0.3935 ± 0.0023,0.9943,0.0012727922061358025,0.9943 ± 0.0013,0.39385000000000003,0.005161879502661817,0.3939 ± 0.0052,0.2965,0.009192388155425127,0.2965 ± 0.0092,0.6423,0.01951614716074876,0.6423 ± 0.0195,0.4941,0.009758073580374341,0.4941 ± 0.0098
UNet_DP_Morph,LungInfection,True,psac,8.0,True,close,3,0.0001,24,1.5,,training,1.4837818145751953,0.02615363678755614,1.4838 ± 0.0262,101.57296764850616,0.358951390363145,101.5730 ± 0.3590,0.2051,0.02884995667241114,0.2051 ± 0.0288,0.3604,0.05105310960166876,0.3604 ± 0.0511,0.5775,0.041436457377531676,0.5775 ± 0.0414,1.0,0.0,1.0000 ± 0.0000,0.43265,0.0383958982184295,0.4326 ± 0.0384,0.99785,0.002333452377915664,0.9979 ± 0.0023,0.40755,0.005020458146424484,0.4076 ± 0.0050,0.31815,0.019869700551341997,0.3181 ± 0.0199,0.6892,0.03889087296526015,0.6892 ± 0.0389,0.48815,0.004737615433949857,0.4881 ± 0.0047
UNet_DP_Morph,LungInfection,True,psac,8.0,True,close,5,0.0001,24,1.5,,training,1.4702661633491516,0.09167504318889498,1.4703 ± 0.0917,102.3202577829361,1.1911705855921195,102.3203 ± 1.1912,0.20465,0.048295393155041194,0.2046 ± 0.0483,0.3854,0.03705239533417509,0.3854 ± 0.0371,0.52595,0.13442099910356267,0.5260 ± 0.1344,1.0,0.0,1.0000 ± 0.0000,0.5203,0.03478965363437819,0.5203 ± 0.0348,0.99075,0.011525840533340711,0.9908 ± 0.0115,0.44395,0.021425335469952386,0.4440 ± 0.0214,0.36055,0.04065863991822648,0.3605 ± 0.0407,0.66995,0.04080006127446377,0.6700 ± 0.0408,0.41764999999999997,0.07714534982745236,0.4176 ± 0.0771
UNet_DP_Morph,LungInfection,True,psac,8.0,True,close,7,0.0001,24,1.5,,training,1.587389886379242,0.21603269146816853,1.5874 ± 0.2160,103.36153042316437,1.3609943995836111,103.3615 ± 1.3610,0.186,0.015273506473629432,0.1860 ± 0.0153,0.35185,0.011667261889578005,0.3518 ± 0.0117,0.49235,0.12197591975467943,0.4924 ± 0.1220,1.0,0.0,1.0000 ± 0.0000,0.5418000000000001,0.15909902576697318,0.5418 ± 0.1591,0.9878,0.013435028842544414,0.9878 ± 0.0134,0.4259,0.022344574285494873,0.4259 ± 0.0223,0.3715,0.12063241687042499,0.3715 ± 0.1206,0.65625,0.012232947314527337,0.6562 ± 0.0122,0.42005000000000003,0.09779286783809954,0.4201 ± 0.0978
UNet_DP_Morph,LungInfection,True,psac,8.0,True,close,9,0.0001,24,1.5,,training,1.5434783101081848,0.14134577850855978,1.5435 ± 0.1413,102.80325436592102,0.43904102353965835,102.8033 ± 0.4390,0.15845,0.027506453788156693,0.1585 ± 0.0275,0.32255,0.06017478707897516,0.3226 ± 0.0602,0.45135000000000003,0.047871129086329296,0.4514 ± 0.0479,1.0,0.0,1.0000 ± 0.0000,0.4762,0.020081832585697935,0.4762 ± 0.0201,0.99265,0.005727564927611032,0.9927 ± 0.0057,0.42905000000000004,0.01887975105768082,0.4291 ± 0.0189,0.3402,0.004384062043356583,0.3402 ± 0.0044,0.6583,0.03040559159102149,0.6583 ± 0.0304,0.42035,0.004171930009000642,0.4204 ± 0.0042
UNet_DP_Morph,LungInfection,True,psac,8.0,True,open,3,0.0001,24,1.5,,training,1.4028242826461792,0.035971323679683795,1.4028 ± 0.0360,100.87341272830965,0.008245440855277265,100.8734 ± 0.0082,0.19390000000000002,0.03592102448427661,0.1939 ± 0.0359,0.383,0.036628131265463174,0.3830 ± 0.0366,0.5078,0.07636753236814713,0.5078 ± 0.0764,1.0,0.0,1.0000 ± 0.0000,0.48329999999999995,0.003959797974644662,0.4833 ± 0.0040,0.98625,0.017041273426595803,0.9862 ± 0.0170,0.4303,0.008485281374238578,0.4303 ± 0.0085,0.35485,0.023688077169749324,0.3548 ± 0.0237,0.7048,0.03860803025278548,0.7048 ± 0.0386,0.42974999999999997,0.03655742058734452,0.4297 ± 0.0366
UNet_DP_Morph,LungInfection,True,psac,8.0,True,open,5,0.0001,24,1.5,,training,1.3835207223892212,0.059333490396666244,1.3835 ± 0.0593,102.98793029785156,0.5076645222851262,102.9879 ± 0.5077,0.20679999999999998,0.02333452377915607,0.2068 ± 0.0233,0.356,0.058124177413534206,0.3560 ± 0.0581,0.5646,0.046951890270786764,0.5646 ± 0.0470,1.0,0.0,1.0000 ± 0.0000,0.44725000000000004,0.10698525599352467,0.4473 ± 0.1070,0.9964999999999999,0.0021213203435596446,0.9965 ± 0.0021,0.42055,0.05239661248592317,0.4205 ± 0.0524,0.32720000000000005,0.04751757569573598,0.3272 ± 0.0475,0.679,0.058972705550958085,0.6790 ± 0.0590,0.4627,0.08400428560496186,0.4627 ± 0.0840
UNet_DP_Morph,LungInfection,True,psac,8.0,True,open,7,0.0001,24,1.5,,training,1.4306980967521667,0.05528090232494989,1.4307 ± 0.0553,101.83401679992676,0.9351950729090652,101.8340 ± 0.9352,0.16194999999999998,0.02340523445727472,0.1619 ± 0.0234,0.31635,0.05635641046056783,0.3164 ± 0.0564,0.45655,0.015768481220460002,0.4566 ± 0.0158,1.0,0.0,1.0000 ± 0.0000,0.4946,0.07919595949289332,0.4946 ± 0.0792,0.9855499999999999,0.0004949747468306073,0.9855 ± 0.0005,0.41769999999999996,0.02757716446627534,0.4177 ± 0.0276,0.36515,0.03500178566873414,0.3651 ± 0.0350,0.6550499999999999,0.006151828996322992,0.6550 ± 0.0062,0.42185,0.02283954903232548,0.4219 ± 0.0228
UNet_DP_Morph,LungInfection,True,psac,8.0,True,open,9,0.0001,24,1.5,,training,1.4620810151100159,0.08962822363781192,1.4621 ± 0.0896,103.15600967407227,0.5626442432306172,103.1560 ± 0.5626,0.19465,0.05197234841721123,0.1946 ± 0.0520,0.35795,0.06356889962867061,0.3579 ± 0.0636,0.5156,0.10550033175303285,0.5156 ± 0.1055,1.0,0.0,1.0000 ± 0.0000,0.5041,0.02460731598529181,0.5041 ± 0.0246,0.9887,0.014000714267493669,0.9887 ± 0.0140,0.4253,0.004525483399593916,0.4253 ± 0.0045,0.36385,0.01930401512639274,0.3639 ± 0.0193,0.6674,0.053457272657702996,0.6674 ± 0.0535,0.4387,0.040729350596345165,0.4387 ± 0.0407
UNet_DP_Morph,LungInfection,True,automatic,8.0,True,both,3,0.0001,24,2.0,,training,1.395827054977417,0.047379801222006634,1.3958 ± 0.0474,92.79601788520813,2.114924137829619,92.7960 ± 2.1149,0.22775,0.004737615433949877,0.2278 ± 0.0047,0.38949999999999996,0.015414927829866726,0.3895 ± 0.0154,0.6094999999999999,0.06363961030678926,0.6095 ± 0.0636,1.0,0.0,1.0000 ± 0.0000,0.47514999999999996,0.057204938597991674,0.4751 ± 0.0572,0.99775,0.0016263455967290372,0.9978 ± 0.0016,0.42335,0.03288046532517445,0.4234 ± 0.0329,0.3335,0.04539625535217634,0.3335 ± 0.0454,0.6890499999999999,0.038113055505954875,0.6890 ± 0.0381,0.47240000000000004,0.04879036790187179,0.4724 ± 0.0488
UNet_DP_Morph,LungInfection,True,automatic,8.0,True,both,5,0.0001,24,2.0,,training,1.361649751663208,0.03283003476646984,1.3616 ± 0.0328,95.03076899051666,0.120191853772467,95.0308 ± 0.1202,0.22215000000000001,0.006576093065034894,0.2222 ± 0.0066,0.4193,0.005656854249492385,0.4193 ± 0.0057,0.5745,0.0408707719525825,0.5745 ± 0.0409,1.0,0.0,1.0000 ± 0.0000,0.4945,0.03478965363437815,0.4945 ± 0.0348,0.9971000000000001,0.0005656854249492542,0.9971 ± 0.0006,0.4486,0.023051681066681422,0.4486 ± 0.0231,0.3429,0.017819090885900998,0.3429 ± 0.0178,0.6846000000000001,0.01357645019878171,0.6846 ± 0.0136,0.43915000000000004,0.03669884194358181,0.4392 ± 0.0367
UNet_DP_Morph,LungInfection,True,automatic,8.0,True,both,7,0.0001,24,2.0,,training,1.4369314908981323,0.053176678766195,1.4369 ± 0.0532,96.7375613451004,2.9007866887310274,96.7376 ± 2.9008,0.18575,0.0006363961030679012,0.1857 ± 0.0006,0.36360000000000003,0.018101933598375627,0.3636 ± 0.0181,0.494,0.0035355339059327407,0.4940 ± 0.0035,1.0,0.0,1.0000 ± 0.0000,0.5124,0.02446589462905452,0.5124 ± 0.0245,0.98645,0.0023334523779155853,0.9865 ± 0.0023,0.4448,0.0026870057685088595,0.4448 ± 0.0027,0.3684,0.025173001410241067,0.3684 ± 0.0252,0.6597500000000001,0.023122391744800148,0.6598 ± 0.0231,0.4111,0.0028284271247461927,0.4111 ± 0.0028
UNet_DP_Morph,LungInfection,True,automatic,8.0,True,both,9,0.0001,24,2.0,,training,1.377623975276947,0.011209628711048442,1.3776 ± 0.0112,98.7519211769104,2.414898431547106,98.7519 ± 2.4149,0.21415,0.04532554467405769,0.2142 ± 0.0453,0.38570000000000004,0.03606244584051392,0.3857 ± 0.0361,0.5627500000000001,0.08209509729575815,0.5628 ± 0.0821,1.0,0.0,1.0000 ± 0.0000,0.49550000000000005,0.023193102422918756,0.4955 ± 0.0232,0.9967999999999999,0.0033941125496954466,0.9968 ± 0.0034,0.44535,0.003747665940288721,0.4454 ± 0.0037,0.34935,0.013505739520663062,0.3493 ± 0.0135,0.6944,0.03577960312803929,0.6944 ± 0.0358,0.43705,0.01689985207035851,0.4370 ± 0.0169
UNet_DP_Morph,LungInfection,True,automatic,8.0,True,close,3,0.0001,24,2.0,,training,1.4380528330802917,0.07512347001648476,1.4381 ± 0.0751,92.39238333702087,0.6514469786934847,92.3924 ± 0.6514,0.237,0.0045254833995938964,0.2370 ± 0.0045,0.4366,0.02064751801064719,0.4366 ± 0.0206,0.5576,0.008909545442950459,0.5576 ± 0.0089,1.0,0.0,1.0000 ± 0.0000,0.53545,0.0010606601717798615,0.5354 ± 0.0011,0.9987,0.00014142135623729392,0.9987 ± 0.0001,0.4582,0.004949747468305837,0.4582 ± 0.0049,0.3749,0.011455129855222065,0.3749 ± 0.0115,0.7248,0.006081118318204267,0.7248 ± 0.0061,0.4172,0.006081118318204307,0.4172 ± 0.0061
UNet_DP_Morph,LungInfection,True,automatic,8.0,True,close,5,0.0001,24,2.0,,training,1.5621020197868347,0.013067967555590624,1.5621 ± 0.0131,93.66101574897766,2.0205721797044034,93.6610 ± 2.0206,0.222,0.007071067811865481,0.2220 ± 0.0071,0.3954,0.016829141392239823,0.3954 ± 0.0168,0.5772999999999999,0.08018590898655453,0.5773 ± 0.0802,1.0,0.0,1.0000 ± 0.0000,0.49585,0.13470384181603728,0.4959 ± 0.1347,0.9989,0.0,0.9989 ± 0.0000,0.4264,0.07806458864299484,0.4264 ± 0.0781,0.34395,0.0690843325219257,0.3439 ± 0.0691,0.7146,0.02291025971044413,0.7146 ± 0.0229,0.45825,0.11603622279271246,0.4582 ± 0.1160
UNet_DP_Morph,LungInfection,True,automatic,8.0,True,close,7,0.0001,24,2.0,,training,1.4528728723526,0.09242803878439046,1.4529 ± 0.0924,93.67798137664796,0.43325645287525527,93.6780 ± 0.4333,0.21945,0.0423556961930742,0.2195 ± 0.0424,0.37405,0.07742819253992698,0.3740 ± 0.0774,0.61015,0.033870414818835584,0.6101 ± 0.0339,1.0,0.0,1.0000 ± 0.0000,0.4414,0.07155920625607862,0.4414 ± 0.0716,0.9982500000000001,0.002192031021678291,0.9983 ± 0.0022,0.41085,0.02001112190757929,0.4108 ± 0.0200,0.3144,0.028567113959936514,0.3144 ± 0.0286,0.66345,0.08124656915833431,0.6634 ± 0.0812,0.492,0.020930360723121818,0.4920 ± 0.0209
UNet_DP_Morph,LungInfection,True,automatic,8.0,True,close,9,0.0001,24,2.0,,training,1.579528629779816,0.03188990716358584,1.5795 ± 0.0319,109.24528110027313,18.67446795364282,109.2453 ± 18.6745,0.2018,0.009899494936611674,0.2018 ± 0.0099,0.3436,0.017960512242138293,0.3436 ± 0.0180,0.5993999999999999,0.007919595949289324,0.5994 ± 0.0079,1.0,0.0,1.0000 ± 0.0000,0.40349999999999997,0.003959797974644662,0.4035 ± 0.0040,0.99775,7.071067811864696e-05,0.9978 ± 0.0001,0.38445,0.008555992052357225,0.3845 ± 0.0086,0.29935,0.0036062445840513878,0.2994 ± 0.0036,0.6972,0.007353910524340148,0.6972 ± 0.0074,0.51915,0.008131727983645342,0.5192 ± 0.0081
UNet_DP_Morph,LungInfection,True,automatic,8.0,True,open,3,0.0001,24,2.0,,training,1.3764973878860474,0.03304296064514688,1.3765 ± 0.0330,93.970822930336,1.3696044949721846,93.9708 ± 1.3696,0.2121,0.009899494936611655,0.2121 ± 0.0099,0.3898,0.022768838354206837,0.3898 ± 0.0228,0.5789500000000001,0.0017677669529664096,0.5790 ± 0.0018,1.0,0.0,1.0000 ± 0.0000,0.45094999999999996,0.025809397513309008,0.4509 ± 0.0258,0.9975,0.0014142135623730963,0.9975 ± 0.0014,0.428,0.012727922061357866,0.4280 ± 0.0127,0.32530000000000003,0.025173001410241105,0.3253 ± 0.0252,0.679,0.03846660889654819,0.6790 ± 0.0385,0.46430000000000005,0.016829141392239823,0.4643 ± 0.0168
UNet_DP_Morph,LungInfection,True,automatic,8.0,True,open,5,0.0001,24,2.0,,training,1.3580835461616516,0.035286774566169854,1.3581 ± 0.0353,95.25885462760925,1.112416164576411,95.2589 ± 1.1124,0.249,0.0151320851173921,0.2490 ± 0.0151,0.41059999999999997,0.019657568516986013,0.4106 ± 0.0197,0.6052,0.023193102422918794,0.6052 ± 0.0232,1.0,0.0,1.0000 ± 0.0000,0.5229,0.008768124086713167,0.5229 ± 0.0088,0.99905,0.0006363961030679012,0.9990 ± 0.0006,0.4419,0.010040916292848968,0.4419 ± 0.0100,0.3689,0.024748737341529183,0.3689 ± 0.0247,0.6984999999999999,0.006363961030678934,0.6985 ± 0.0064,0.4488,0.005656854249492385,0.4488 ± 0.0057
UNet_DP_Morph,LungInfection,True,automatic,8.0,True,open,7,0.0001,24,2.0,,training,1.3773543834686277,0.04149306659679304,1.3774 ± 0.0415,94.5982676744461,0.33269356656609,94.5983 ± 0.3327,0.22215000000000001,0.061871843353822925,0.2222 ± 0.0619,0.3881,0.09093393206059004,0.3881 ± 0.0909,0.55425,0.014637110370561491,0.5543 ± 0.0146,1.0,0.0,1.0000 ± 0.0000,0.49624999999999997,0.1339967350348507,0.4962 ± 0.1340,0.99605,0.0044547727214752295,0.9960 ± 0.0045,0.44279999999999997,0.05317442994522836,0.4428 ± 0.0532,0.35514999999999997,0.05960910165402594,0.3551 ± 0.0596,0.70215,0.05876057351660214,0.7022 ± 0.0588,0.43835,0.05932625894155136,0.4384 ± 0.0593
UNet_DP_Morph,LungInfection,True,automatic,8.0,True,open,9,0.0001,24,2.0,,training,1.3735536336898804,0.0029339264185405125,1.3736 ± 0.0029,96.95024383068085,0.09646014348772076,96.9502 ± 0.0965,0.20665,0.024960869375885125,0.2067 ± 0.0250,0.3669,0.014424978336205551,0.3669 ± 0.0144,0.552,0.02022325394193531,0.5520 ± 0.0202,1.0,0.0,1.0000 ± 0.0000,0.47809999999999997,0.0649124025129251,0.4781 ± 0.0649,0.9952000000000001,0.0019798989873223505,0.9952 ± 0.0020,0.43300000000000005,0.011737972567696691,0.4330 ± 0.0117,0.3527,0.02814284989122459,0.3527 ± 0.0281,0.6812499999999999,0.01223294731452726,0.6812 ± 0.0122,0.4419,0.016970562748477157,0.4419 ± 0.0170
UNet_DP_Morph,LungInfection,True,base,8.0,True,both,3,0.0001,24,2.0,,training,1.4118006825447083,0.044625167497031624,1.4118 ± 0.0446,92.56797921657562,0.9350944262348212,92.5680 ± 0.9351,0.19495,0.01562705986422269,0.1950 ± 0.0156,0.35555000000000003,0.038961583643378754,0.3556 ± 0.0390,0.56645,0.022980970388562776,0.5665 ± 0.0230,1.0,0.0,1.0000 ± 0.0000,0.41059999999999997,0.026162950903902242,0.4106 ± 0.0262,0.9948,0.0031112698372207804,0.9948 ± 0.0031,0.41225,0.0027577164466275456,0.4123 ± 0.0028,0.3112,0.010748023074035516,0.3112 ± 0.0107,0.6879500000000001,0.043628488399209964,0.6880 ± 0.0436,0.47885,0.00021213203435594088,0.4788 ± 0.0002
UNet_DP_Morph,LungInfection,True,base,8.0,True,both,5,0.0001,24,2.0,,training,1.3885009288787842,0.05749504486462136,1.3885 ± 0.0575,96.57053065299988,0.5565939788331713,96.5705 ± 0.5566,0.2042,0.04214356415871824,0.2042 ± 0.0421,0.38029999999999997,0.03804234482783627,0.3803 ± 0.0380,0.55945,0.10443967158125307,0.5595 ± 0.1044,1.0,0.0,1.0000 ± 0.0000,0.4558,0.029274220741123062,0.4558 ± 0.0293,0.9976499999999999,0.0020506096654409976,0.9976 ± 0.0021,0.4256,0.02064751801064719,0.4256 ± 0.0206,0.32915,0.01223294731452726,0.3291 ± 0.0122,0.6797,0.05176021638285531,0.6797 ± 0.0518,0.45925,0.05508361825443203,0.4592 ± 0.0551
UNet_DP_Morph,LungInfection,True,base,8.0,True,both,7,0.0001,24,2.0,,training,1.3651999235153198,0.017027158211007146,1.3652 ± 0.0170,95.20603692531586,0.4006747473401915,95.2060 ± 0.4007,0.2283,0.006363961030678933,0.2283 ± 0.0064,0.40275,0.01110157646462883,0.4027 ± 0.0111,0.5822,0.03153696244092008,0.5822 ± 0.0315,1.0,0.0,1.0000 ± 0.0000,0.4931,0.053033008588991036,0.4931 ± 0.0530,0.9926,0.0072124891681027755,0.9926 ± 0.0072,0.445,0.022768838354206837,0.4450 ± 0.0228,0.36655,0.009404520189781067,0.3665 ± 0.0094,0.69645,0.005586143571373738,0.6965 ± 0.0056,0.442,0.03634528855298854,0.4420 ± 0.0363
UNet_DP_Morph,LungInfection,True,base,8.0,True,both,9,0.0001,24,2.0,,training,1.3559078574180603,0.014933387070682794,1.3559 ± 0.0149,96.23397898674011,0.15637660909298987,96.2340 ± 0.1564,0.18645,0.013647160876900355,0.1865 ± 0.0136,0.37005,0.0410829039869384,0.3700 ± 0.0411,0.5011,0.026728636328851498,0.5011 ± 0.0267,1.0,0.0,1.0000 ± 0.0000,0.5112,0.08852976900455574,0.5112 ± 0.0885,0.9926999999999999,0.003676955262170035,0.9927 ± 0.0037,0.4501,0.03733523804664968,0.4501 ± 0.0373,0.35045000000000004,0.0465983368801935,0.3505 ± 0.0466,0.6649,0.011596551211459437,0.6649 ± 0.0116,0.41375,0.059326258941551316,0.4138 ± 0.0593
UNet_DP_Morph,LungInfection,True,base,8.0,True,close,3,0.0001,24,2.0,,training,1.5732905864715576,0.022594082549719913,1.5733 ± 0.0226,93.39510929584503,0.9416922624881207,93.3951 ± 0.9417,0.189,0.037193816690412385,0.1890 ± 0.0372,0.32535000000000003,0.07884240610230003,0.3254 ± 0.0788,0.49285,0.008555992052357225,0.4929 ± 0.0086,1.0,0.0,1.0000 ± 0.0000,0.52095,0.11023794718698275,0.5210 ± 0.1102,0.9943,0.0012727922061358025,0.9943 ± 0.0013,0.42574999999999996,0.04886107857999043,0.4257 ± 0.0489,0.37085,0.07134707422172264,0.3709 ± 0.0713,0.6649499999999999,0.0006363961030679012,0.6649 ± 0.0006,0.41835,0.07389265863399425,0.4183 ± 0.0739
UNet_DP_Morph,LungInfection,True,base,8.0,True,close,5,0.0001,24,2.0,,training,1.4658299684524536,0.08619890316187452,1.4658 ± 0.0862,94.76049959659576,0.37424260417769545,94.7605 ± 0.3742,0.24895,0.008273149339882617,0.2490 ± 0.0083,0.4393,0.036769552621700466,0.4393 ± 0.0368,0.58775,0.03174909447527594,0.5877 ± 0.0317,1.0,0.0,1.0000 ± 0.0000,0.5016499999999999,0.01689985207035843,0.5016 ± 0.0169,0.99455,0.0045961940777126025,0.9946 ± 0.0046,0.45205,0.012798632739476514,0.4521 ± 0.0128,0.37745,0.011384419177103419,0.3775 ± 0.0114,0.7389,0.015697770542341352,0.7389 ± 0.0157,0.4344,0.023900209204105304,0.4344 ± 0.0239
UNet_DP_Morph,LungInfection,True,base,8.0,True,close,7,0.0001,24,2.0,,training,1.5769716501235962,0.005456668183008428,1.5770 ± 0.0055,94.07495284080505,0.5449378464089883,94.0750 ± 0.5449,0.2462,0.02177888886054566,0.2462 ± 0.0218,0.42210000000000003,0.04935605332682103,0.4221 ± 0.0494,0.6487,0.04978031739553288,0.6487 ± 0.0498,1.0,0.0,1.0000 ± 0.0000,0.4478,0.022627416997969503,0.4478 ± 0.0226,0.9989,0.0008485281374239206,0.9989 ± 0.0008,0.4195,0.026587214972614202,0.4195 ± 0.0266,0.3369,0.009050966799187793,0.3369 ± 0.0091,0.72275,0.023263813101037364,0.7228 ± 0.0233,0.4929,0.04200214280248089,0.4929 ± 0.0420
UNet_DP_Morph,LungInfection,True,base,8.0,True,close,9,0.0001,24,2.0,,training,1.607486069202423,0.05003800295758872,1.6075 ± 0.0500,95.15939486026764,3.2174548433815073,95.1594 ± 3.2175,0.19155,0.015061374439273452,0.1915 ± 0.0151,0.29135,0.032739043968937155,0.2913 ± 0.0327,0.59755,0.04094148263070106,0.5976 ± 0.0409,1.0,0.0,1.0000 ± 0.0000,0.40285,0.029203510063004416,0.4028 ± 0.0292,0.998,0.0018384776310849781,0.9980 ± 0.0018,0.37639999999999996,0.006081118318204307,0.3764 ± 0.0061,0.29485,0.009687362902255733,0.2949 ± 0.0097,0.64625,0.0036062445840513878,0.6462 ± 0.0036,0.5295000000000001,0.01753624817342641,0.5295 ± 0.0175
UNet_DP_Morph,LungInfection,True,base,8.0,True,open,3,0.0001,24,2.0,,training,1.4016065001487732,0.024427048991458852,1.4016 ± 0.0244,94.15929341316222,0.7238889819140093,94.1593 ± 0.7239,0.19165,0.005586143571373719,0.1916 ± 0.0056,0.3356,0.026304372260139576,0.3356 ± 0.0263,0.5947,0.04652762620207488,0.5947 ± 0.0465,1.0,0.0,1.0000 ± 0.0000,0.36935,0.0184554869889689,0.3694 ± 0.0185,0.9916,0.006929646455628187,0.9916 ± 0.0069,0.39755,0.023546655813512028,0.3976 ± 0.0235,0.28535,0.02425376259469858,0.2853 ± 0.0243,0.6735500000000001,0.04348706704297267,0.6736 ± 0.0435,0.5035499999999999,0.03556747109368331,0.5035 ± 0.0356
UNet_DP_Morph,LungInfection,True,base,8.0,True,open,5,0.0001,24,2.0,,training,1.3937235474586487,0.0029464861793966016,1.3937 ± 0.0029,94.64660453796387,0.04518883944901632,94.6466 ± 0.0452,0.16749999999999998,0.021637467504308346,0.1675 ± 0.0216,0.3322,0.055437171645025346,0.3322 ± 0.0554,0.47914999999999996,0.03726452736853103,0.4791 ± 0.0373,1.0,0.0,1.0000 ± 0.0000,0.49670000000000003,0.02333452377915605,0.4967 ± 0.0233,0.9863999999999999,0.003676955262170035,0.9864 ± 0.0037,0.42385,0.014354267658086905,0.4239 ± 0.0144,0.3556,0.018526197667087546,0.3556 ± 0.0185,0.64055,0.018314065632731524,0.6405 ± 0.0183,0.4339,0.0026870057685088986,0.4339 ± 0.0027
UNet_DP_Morph,LungInfection,True,base,8.0,True,open,7,0.0001,24,2.0,,training,1.3299961686134338,0.03557236161167967,1.3300 ± 0.0356,96.00618124008179,1.1081532637306253,96.0062 ± 1.1082,0.18755,0.0016263455967290568,0.1875 ± 0.0016,0.39165,0.006576093065034874,0.3916 ± 0.0066,0.5054,0.008626702730475833,0.5054 ± 0.0086,1.0,0.0,1.0000 ± 0.0000,0.51025,0.00021213203435594088,0.5102 ± 0.0002,0.98995,0.009121677477306401,0.9899 ± 0.0091,0.44930000000000003,0.004101219330881955,0.4493 ± 0.0041,0.3466,0.01895046173579947,0.3466 ± 0.0190,0.6983,0.014424978336205551,0.6983 ± 0.0144,0.4177,0.00933380951166242,0.4177 ± 0.0093
UNet_DP_Morph,LungInfection,True,base,8.0,True,open,9,0.0001,24,2.0,,training,1.343384861946106,0.02313609102157017,1.3434 ± 0.0231,97.659383893013,0.08963977187429387,97.6594 ± 0.0896,0.21,0.014283556979968257,0.2100 ± 0.0143,0.38385,0.03684026329981911,0.3839 ± 0.0368,0.59515,0.017182694782833095,0.5951 ± 0.0172,1.0,0.0,1.0000 ± 0.0000,0.4264,0.018809040379562134,0.4264 ± 0.0188,0.99565,0.0027577164466275456,0.9957 ± 0.0028,0.42955,0.004030508652763309,0.4295 ± 0.0040,0.31425000000000003,0.016758430714121173,0.3143 ± 0.0168,0.6646,0.008485281374238578,0.6646 ± 0.0085,0.4681,0.0035355339059327407,0.4681 ± 0.0035
UNet_DP_Morph,LungInfection,True,nsgd,8.0,True,both,3,0.0001,24,2.0,,training,1.5734174251556396,0.06643590872032822,1.5734 ± 0.0664,93.40538454055786,0.45318348285120597,93.4054 ± 0.4532,0.16335,0.0012020815280171357,0.1633 ± 0.0012,0.2762,0.014990663761154805,0.2762 ± 0.0150,0.5055000000000001,0.00862670273047591,0.5055 ± 0.0086,1.0,0.0,1.0000 ± 0.0000,0.4279,0.035638181771801995,0.4279 ± 0.0356,0.9929,0.005374011537017797,0.9929 ± 0.0054,0.39175,0.0034648232278140937,0.3917 ± 0.0035,0.33275,0.0034648232278140937,0.3327 ± 0.0035,0.6463000000000001,0.014849242404917511,0.6463 ± 0.0148,0.4774,0.00014142135623729392,0.4774 ± 0.0001
UNet_DP_Morph,LungInfection,True,nsgd,8.0,True,both,5,0.0001,24,2.0,,training,1.4990347027778625,0.11463007134926219,1.4990 ± 0.1146,93.8338508605957,1.5643005129691172,93.8339 ± 1.5643,0.1451,0.0253144227664784,0.1451 ± 0.0253,0.2669,0.013010764773832494,0.2669 ± 0.0130,0.4528,0.0920653029104885,0.4528 ± 0.0921,1.0,0.0,1.0000 ± 0.0000,0.43625,0.03443610024378488,0.4363 ± 0.0344,0.9935,0.0025455844122715264,0.9935 ± 0.0025,0.39195,0.04136574669941303,0.3920 ± 0.0414,0.3261,0.009899494936611674,0.3261 ± 0.0099,0.64115,0.008131727983645342,0.6411 ± 0.0081,0.45620000000000005,0.07155920625607862,0.4562 ± 0.0716
UNet_DP_Morph,LungInfection,True,nsgd,8.0,True,both,7,0.0001,24,2.0,,training,1.4841700196266174,0.024994514159809533,1.4842 ± 0.0250,96.62247610092163,0.7534241446512815,96.6225 ± 0.7534,0.1432,0.018950461735799465,0.1432 ± 0.0190,0.25934999999999997,0.0010606601717798223,0.2593 ± 0.0011,0.45345,0.10047987360660837,0.4535 ± 0.1005,1.0,0.0,1.0000 ± 0.0000,0.44645,0.10698525599352463,0.4465 ± 0.1070,0.9821,0.00975807358037438,0.9821 ± 0.0098,0.3749,0.023758787847868012,0.3749 ± 0.0238,0.3368,0.060528340469568474,0.3368 ± 0.0605,0.6349,0.019798989873223347,0.6349 ± 0.0198,0.4657,0.07212489168102787,0.4657 ± 0.0721
UNet_DP_Morph,LungInfection,True,nsgd,8.0,True,both,9,0.0001,24,2.0,,training,1.4867311120033264,0.04449788401452841,1.4867 ± 0.0445,98.61096322536469,2.0598333177914534,98.6110 ± 2.0598,0.13335,0.013647160876900355,0.1333 ± 0.0136,0.27265,0.021142492757477798,0.2727 ± 0.0211,0.41525,0.022698127676088187,0.4153 ± 0.0227,1.0,0.0,1.0000 ± 0.0000,0.47575,0.005444722215136444,0.4758 ± 0.0054,0.98255,0.006010407640085699,0.9826 ± 0.0060,0.39854999999999996,0.023688077169749362,0.3985 ± 0.0237,0.33375,0.0006363961030679012,0.3337 ± 0.0006,0.6284000000000001,0.009758073580374301,0.6284 ± 0.0098,0.4334,0.015980613254815982,0.4334 ± 0.0160
UNet_DP_Morph,LungInfection,True,nsgd,8.0,True,close,3,0.0001,24,2.0,,training,1.574372410774231,0.07287190107533578,1.5744 ± 0.0729,94.37508916854858,1.1394373520937155,94.3751 ± 1.1394,0.14629999999999999,0.02828427124746191,0.1463 ± 0.0283,0.2586,0.0012727922061358025,0.2586 ± 0.0013,0.49505,0.12508718959190027,0.4950 ± 0.1251,1.0,0.0,1.0000 ± 0.0000,0.40405,0.10019703089413377,0.4041 ± 0.1002,0.9852,0.004384062043356583,0.9852 ± 0.0044,0.3482,0.04412346314604057,0.3482 ± 0.0441,0.29205000000000003,0.05041671349860082,0.2921 ± 0.0504,0.60215,0.05055813485483815,0.6021 ± 0.0506,0.51185,0.0945401766446414,0.5119 ± 0.0945
UNet_DP_Morph,LungInfection,True,nsgd,8.0,True,close,5,0.0001,24,2.0,,training,1.6026109457015991,0.0945136334361037,1.6026 ± 0.0945,93.22060775756836,0.0719949094515211,93.2206 ± 0.0720,0.15615,0.010253048327204929,0.1562 ± 0.0103,0.2834,0.00820243866176395,0.2834 ± 0.0082,0.47375,0.05678067452927979,0.4738 ± 0.0568,1.0,0.0,1.0000 ± 0.0000,0.458,0.03493107499061545,0.4580 ± 0.0349,0.9930000000000001,0.004949747468305837,0.9930 ± 0.0049,0.4074,0.019233304448274095,0.4074 ± 0.0192,0.33315,0.0028991378028648397,0.3332 ± 0.0029,0.63995,0.00685893577750954,0.6400 ± 0.0069,0.45535000000000003,0.04589123009900695,0.4554 ± 0.0459
UNet_DP_Morph,LungInfection,True,nsgd,8.0,True,close,7,0.0001,24,2.0,,training,1.5610279440879822,0.03538185785641027,1.5610 ± 0.0354,94.50395822525024,1.268769845783821,94.5040 ± 1.2688,0.17615,0.0023334523779156243,0.1762 ± 0.0023,0.31235,0.00756604255869605,0.3124 ± 0.0076,0.5245500000000001,0.003747665940288682,0.5246 ± 0.0037,1.0,0.0,1.0000 ± 0.0000,0.44345,0.008838834764831853,0.4435 ± 0.0088,0.9966999999999999,0.0004242640687119603,0.9967 ± 0.0004,0.40695000000000003,0.010535891039679536,0.4070 ± 0.0105,0.3117,0.0011313708498984691,0.3117 ± 0.0011,0.6757500000000001,0.008980256121069185,0.6758 ± 0.0090,0.47675,0.010677312395916868,0.4768 ± 0.0107
UNet_DP_Morph,LungInfection,True,nsgd,8.0,True,close,9,0.0001,24,2.0,,training,1.6798476576805115,0.05738588452697799,1.6798 ± 0.0574,94.24198925495148,2.04787237935886,94.2420 ± 2.0479,0.1532,0.008485281374238578,0.1532 ± 0.0085,0.26225,0.006434671708797581,0.2622 ± 0.0064,0.49385,0.05027529214236352,0.4939 ± 0.0503,1.0,0.0,1.0000 ± 0.0000,0.36134999999999995,0.08379215357060588,0.3613 ± 0.0838,0.93285,0.07756961389616428,0.9328 ± 0.0776,0.38075000000000003,0.012374368670764592,0.3808 ± 0.0124,0.3125,0.01555634918610406,0.3125 ± 0.0156,0.64025,0.0031819805153394274,0.6402 ± 0.0032,0.489,0.037476659402886976,0.4890 ± 0.0375
UNet_DP_Morph,LungInfection,True,nsgd,8.0,True,open,3,0.0001,24,2.0,,training,1.4105588793754578,0.04198610043067348,1.4106 ± 0.0420,93.66725873947144,2.723199931006001,93.6673 ± 2.7232,0.17775,0.004313351365237936,0.1777 ± 0.0043,0.31779999999999997,0.029839906166072277,0.3178 ± 0.0298,0.5423,0.014990663761154805,0.5423 ± 0.0150,1.0,0.0,1.0000 ± 0.0000,0.39265000000000005,0.017465537495307725,0.3927 ± 0.0175,0.99395,0.0006363961030678226,0.9940 ± 0.0006,0.40005,0.011525840533340711,0.4001 ± 0.0115,0.30645,0.0047376154339498966,0.3065 ± 0.0047,0.6617500000000001,0.061871843353822925,0.6618 ± 0.0619,0.483,0.012020815280171319,0.4830 ± 0.0120
UNet_DP_Morph,LungInfection,True,nsgd,8.0,True,open,5,0.0001,24,2.0,,training,1.47567480802536,0.003227689952661287,1.4757 ± 0.0032,94.34611260890962,0.6482119551891825,94.3461 ± 0.6482,0.1483,0.0550129075763134,0.1483 ± 0.0550,0.2974,0.05614427842621189,0.2974 ± 0.0561,0.45509999999999995,0.1537250142299554,0.4551 ± 0.1537,1.0,0.0,1.0000 ± 0.0000,0.4394,0.04270924958366747,0.4394 ± 0.0427,0.9786,0.027011479041326125,0.9786 ± 0.0270,0.39325,0.020576807332528545,0.3932 ± 0.0206,0.3214,0.021496046148071032,0.3214 ± 0.0215,0.6342000000000001,0.03775950211536164,0.6342 ± 0.0378,0.4545,0.05416437943888954,0.4545 ± 0.0542
UNet_DP_Morph,LungInfection,True,nsgd,8.0,True,open,7,0.0001,24,2.0,,training,1.4445091485977173,0.007756705999944938,1.4445 ± 0.0078,94.60337257385254,1.6177835150303095,94.6034 ± 1.6178,0.1434,0.02220315292925758,0.1434 ± 0.0222,0.28435,0.036274577874869894,0.2843 ± 0.0363,0.43215000000000003,0.013647160876900395,0.4322 ± 0.0136,1.0,0.0,1.0000 ± 0.0000,0.4479,0.08018590898655453,0.4479 ± 0.0802,0.9894,0.0014142135623730963,0.9894 ± 0.0014,0.40945,0.017889801564019644,0.4094 ± 0.0179,0.3266,0.05048742417671951,0.3266 ± 0.0505,0.6533500000000001,0.0007778174593051951,0.6534 ± 0.0008,0.43305000000000005,0.028072139213105946,0.4331 ± 0.0281
UNet_DP_Morph,LungInfection,True,nsgd,8.0,True,open,9,0.0001,24,2.0,,training,1.4187326431274414,0.001651819286838959,1.4187 ± 0.0017,96.89478552341461,0.4255393649129206,96.8948 ± 0.4255,0.17335,0.01803122292025696,0.1734 ± 0.0180,0.29985,0.05423509011700819,0.2999 ± 0.0542,0.54625,0.01421284630184961,0.5463 ± 0.0142,1.0,0.0,1.0000 ± 0.0000,0.37529999999999997,0.04723473298326139,0.3753 ± 0.0472,0.9944999999999999,0.0033941125496954466,0.9945 ± 0.0034,0.38734999999999997,0.027082189719444733,0.3873 ± 0.0271,0.28715,0.03783021279348029,0.2872 ± 0.0378,0.6192500000000001,0.053669404692058935,0.6193 ± 0.0537,0.50455,0.025243712088359713,0.5046 ± 0.0252
UNet_DP_Morph,LungInfection,True,psac,8.0,True,both,3,0.0001,24,2.0,,training,1.4317004084587097,0.03847880828499092,1.4317 ± 0.0385,101.43088400363922,0.621271015271463,101.4309 ± 0.6213,0.198,0.009616652224137047,0.1980 ± 0.0096,0.38925,0.0259508188695463,0.3892 ± 0.0260,0.5606,0.07071067811865474,0.5606 ± 0.0707,1.0,0.0,1.0000 ± 0.0000,0.42795000000000005,0.054517932829482814,0.4280 ± 0.0545,0.9973000000000001,0.00028284271247466634,0.9973 ± 0.0003,0.42455,0.03132483040656406,0.4245 ± 0.0313,0.3196,0.02644579361637687,0.3196 ± 0.0264,0.70915,0.023546655813512028,0.7091 ± 0.0235,0.46535,0.05805346673541552,0.4653 ± 0.0581
UNet_DP_Morph,LungInfection,True,psac,8.0,True,both,5,0.0001,24,2.0,,training,1.391638457775116,0.006099239035405519,1.3916 ± 0.0061,101.02247965335846,0.7222208096499482,101.0225 ± 0.7222,0.19,0.025455844122715714,0.1900 ± 0.0255,0.3738,0.017677669529663664,0.3738 ± 0.0177,0.50215,0.06540737725975562,0.5021 ± 0.0654,1.0,0.0,1.0000 ± 0.0000,0.50685,0.042779960261786126,0.5069 ± 0.0428,0.9933000000000001,0.006788225099390815,0.9933 ± 0.0068,0.4397,0.0026870057685088595,0.4397 ± 0.0027,0.3527,0.024324473272817223,0.3527 ± 0.0243,0.687,0.05614427842621189,0.6870 ± 0.0561,0.4212,0.0342239682094289,0.4212 ± 0.0342
UNet_DP_Morph,LungInfection,True,psac,8.0,True,both,7,0.0001,24,2.0,,training,1.389484167098999,0.012198309483416995,1.3895 ± 0.0122,103.63389766216278,0.6647743179547915,103.6339 ± 0.6648,0.18505,0.013364318164425749,0.1850 ± 0.0134,0.3205,0.011737972567696691,0.3205 ± 0.0117,0.56305,0.07884240610230007,0.5631 ± 0.0788,1.0,0.0,1.0000 ± 0.0000,0.3964,0.08499423509862303,0.3964 ± 0.0850,0.98985,0.008131727983645342,0.9899 ± 0.0081,0.39844999999999997,0.031890515831513276,0.3984 ± 0.0319,0.30195,0.04136574669941303,0.3019 ± 0.0414,0.6591,0.0021213203435596446,0.6591 ± 0.0021,0.49029999999999996,0.058124177413534206,0.4903 ± 0.0581
UNet_DP_Morph,LungInfection,True,psac,8.0,True,both,9,0.0001,24,2.0,,training,1.3477556705474854,0.016040079018882006,1.3478 ± 0.0160,104.94199597835541,1.625031930037183,104.9420 ± 1.6250,0.2389,0.003818376618407368,0.2389 ± 0.0038,0.42195,0.015061374439273452,0.4219 ± 0.0151,0.6303,0.0302641702347842,0.6303 ± 0.0303,1.0,0.0,1.0000 ± 0.0000,0.45399999999999996,0.0431335136523794,0.4540 ± 0.0431,0.9989,0.00014142135623729392,0.9989 ± 0.0001,0.4173,0.006929646455628187,0.4173 ± 0.0069,0.3257,0.007636753236814736,0.3257 ± 0.0076,0.7115,0.013859292911256375,0.7115 ± 0.0139,0.48660000000000003,0.027011479041326125,0.4866 ± 0.0270
UNet_DP_Morph,LungInfection,True,psac,8.0,True,close,3,0.0001,24,2.0,,training,1.421304166316986,0.02232982180955677,1.4213 ± 0.0223,100.76847434043884,0.6697228637321626,100.7685 ± 0.6697,0.2142,0.015839191898578648,0.2142 ± 0.0158,0.34845000000000004,0.006151828996322954,0.3485 ± 0.0062,0.61075,0.05451793282948278,0.6108 ± 0.0545,1.0,0.0,1.0000 ± 0.0000,0.4346,0.03903229432149744,0.4346 ± 0.0390,0.998,0.001979898987322272,0.9980 ± 0.0020,0.3973,0.018526197667087546,0.3973 ± 0.0185,0.2999,0.0164048773235279,0.2999 ± 0.0164,0.65175,0.013647160876900355,0.6518 ± 0.0136,0.5027999999999999,0.03790092347159894,0.5028 ± 0.0379
UNet_DP_Morph,LungInfection,True,psac,8.0,True,close,5,0.0001,24,2.0,,training,1.5011118650436401,0.0347654180500901,1.5011 ± 0.0348,102.38196361064911,0.6438239624970163,102.3820 ± 0.6438,0.2275,0.022061731573020285,0.2275 ± 0.0221,0.40335,0.017606958851545017,0.4033 ± 0.0176,0.5977,0.002545584412271605,0.5977 ± 0.0025,1.0,0.0,1.0000 ± 0.0000,0.4661,0.0519016377390926,0.4661 ± 0.0519,0.99585,0.004030508652763348,0.9959 ± 0.0040,0.4173,0.022768838354206837,0.4173 ± 0.0228,0.3302,0.02998132752230961,0.3302 ± 0.0300,0.7102999999999999,0.016829141392239785,0.7103 ± 0.0168,0.47819999999999996,0.025173001410241105,0.4782 ± 0.0252
UNet_DP_Morph,LungInfection,True,psac,8.0,True,close,7,0.0001,24,2.0,,training,1.509663701057434,0.08874018953968739,1.5097 ± 0.0887,101.92804193496704,0.3149293442683143,101.9280 ± 0.3149,0.22039999999999998,0.008626702730475892,0.2204 ± 0.0086,0.37485,0.049002499936227725,0.3749 ± 0.0490,0.56315,0.05055813485483815,0.5632 ± 0.0506,1.0,0.0,1.0000 ± 0.0000,0.5071,0.05161879502661794,0.5071 ± 0.0516,0.9981,0.0014142135623730963,0.9981 ± 0.0014,0.4222,0.006222539674441601,0.4222 ± 0.0062,0.35119999999999996,0.03747665940288701,0.3512 ± 0.0375,0.7162999999999999,0.020364675298172603,0.7163 ± 0.0204,0.45805,0.036415999231107186,0.4581 ± 0.0364
UNet_DP_Morph,LungInfection,True,psac,8.0,True,close,9,0.0001,24,2.0,,training,1.5603254437446594,0.1411547689911084,1.5603 ± 0.1412,104.70538473129272,0.38693335743912377,104.7054 ± 0.3869,0.14945,0.015627059864222706,0.1494 ± 0.0156,0.2691,0.016122034611053316,0.2691 ± 0.0161,0.46645000000000003,0.03556747109368331,0.4665 ± 0.0356,1.0,0.0,1.0000 ± 0.0000,0.4159,0.007919595949289324,0.4159 ± 0.0079,0.99255,0.005444722215136366,0.9926 ± 0.0054,0.39454999999999996,0.01887975105768082,0.3945 ± 0.0189,0.3042,0.014849242404917471,0.3042 ± 0.0148,0.6313,0.005798275605729679,0.6313 ± 0.0058,0.45899999999999996,0.009758073580374341,0.4590 ± 0.0098
UNet_DP_Morph,LungInfection,True,psac,8.0,True,open,3,0.0001,24,2.0,,training,1.4366050362586975,0.01960174059914362,1.4366 ± 0.0196,103.20537555217741,2.005764980298172,103.2054 ± 2.0058,0.22094999999999998,0.03401183617507294,0.2209 ± 0.0340,0.3573,0.03832518754031089,0.3573 ± 0.0383,0.6154999999999999,0.016546298679765196,0.6155 ± 0.0165,1.0,0.0,1.0000 ± 0.0000,0.41900000000000004,0.0622253967444162,0.4190 ± 0.0622,0.9802500000000001,0.023688077169749324,0.9803 ± 0.0237,0.39875,0.0014849242404917434,0.3987 ± 0.0015,0.32365,0.03783021279348029,0.3236 ± 0.0378,0.67955,0.08152941187080891,0.6795 ± 0.0815,0.50395,0.0027577164466275456,0.5040 ± 0.0028
UNet_DP_Morph,LungInfection,True,psac,8.0,True,open,5,0.0001,24,2.0,,training,1.4469755291938782,0.06169076363388055,1.4470 ± 0.0617,117.34618186950684,20.848426845006895,117.3462 ± 20.8484,0.18705,0.021425335469952386,0.1870 ± 0.0214,0.33115,0.03981011178080264,0.3311 ± 0.0398,0.5682,0.03733523804664976,0.5682 ± 0.0373,1.0,0.0,1.0000 ± 0.0000,0.3761,0.019374725804511387,0.3761 ± 0.0194,0.972,0.004808326112068543,0.9720 ± 0.0048,0.39525,0.007707463914933383,0.3952 ± 0.0077,0.31115000000000004,0.018031222920256978,0.3112 ± 0.0180,0.6727000000000001,0.00622253967444164,0.6727 ± 0.0062,0.4983,0.0014142135623730963,0.4983 ± 0.0014
UNet_DP_Morph,LungInfection,True,psac,8.0,True,open,7,0.0001,24,2.0,,training,1.3699772357940674,0.05683890272700361,1.3700 ± 0.0568,102.54268705844879,1.559640925985137,102.5427 ± 1.5596,0.1861,0.0462447834896002,0.1861 ± 0.0462,0.33885,0.0690843325219257,0.3388 ± 0.0691,0.5409,0.08555992052357228,0.5409 ± 0.0856,1.0,0.0,1.0000 ± 0.0000,0.4373,0.006505382386916267,0.4373 ± 0.0065,0.99495,0.0036062445840514662,0.9950 ± 0.0036,0.40764999999999996,0.0060104076400856596,0.4076 ± 0.0060,0.31715000000000004,0.011667261889578045,0.3172 ± 0.0117,0.6646,0.030122748878546903,0.6646 ± 0.0301,0.47445000000000004,0.019728279195104663,0.4745 ± 0.0197
UNet_DP_Morph,LungInfection,True,psac,8.0,True,open,9,0.0001,24,2.0,,training,1.423019528388977,0.008532713774727519,1.4230 ± 0.0085,103.80929517745972,2.989818197287612,103.8093 ± 2.9898,0.2062,0.0028284271247461927,0.2062 ± 0.0028,0.34855,0.009970205614730322,0.3486 ± 0.0100,0.59175,0.036698841943581854,0.5917 ± 0.0367,1.0,0.0,1.0000 ± 0.0000,0.4433,0.07170062761231592,0.4433 ± 0.0717,0.9967999999999999,0.0022627416997969383,0.9968 ± 0.0023,0.40969999999999995,0.026728636328851498,0.4097 ± 0.0267,0.33545,0.022132442251138973,0.3355 ± 0.0221,0.6610499999999999,0.003747665940288682,0.6610 ± 0.0037,0.488,0.038890872965260066,0.4880 ± 0.0389
UNet_DP_Morph,LungInfection,True,automatic,200.0,True,both,3,0.0001,24,1.2,,training,1.162480890750885,0.026443522811614068,1.1625 ± 0.0264,126.33182847499847,0.578466675923789,126.3318 ± 0.5785,0.36065,0.003889087296526015,0.3607 ± 0.0039,0.53035,0.0028991378028648397,0.5303 ± 0.0029,0.7037500000000001,0.027647875144394023,0.7038 ± 0.0276,1.0,0.0,1.0000 ± 0.0000,0.5926,0.04992173875177025,0.5926 ± 0.0499,0.9964500000000001,0.0009192388155424891,0.9965 ± 0.0009,0.5014,0.0213546247918337,0.5014 ± 0.0214,0.4514,0.02333452377915605,0.4514 ± 0.0233,0.7733,0.013293607486307042,0.7733 ± 0.0133,0.3929,0.03747665940288701,0.3929 ± 0.0375
UNet_DP_Morph,LungInfection,True,automatic,200.0,True,both,5,0.0001,24,1.2,,training,1.1653771996498108,0.025327980025227726,1.1654 ± 0.0253,129.8868670463562,1.4824334628971925,129.8869 ± 1.4824,0.31984999999999997,0.007283199846221462,0.3198 ± 0.0073,0.4851,0.00466690475583121,0.4851 ± 0.0047,0.7175,0.039597979746446695,0.7175 ± 0.0396,1.0,0.0,1.0000 ± 0.0000,0.51355,0.0028991378028648397,0.5135 ± 0.0029,0.9962500000000001,0.005161879502661778,0.9963 ± 0.0052,0.44684999999999997,0.01732411613907043,0.4468 ± 0.0173,0.39505,0.0006363961030679012,0.3951 ± 0.0006,0.7523,0.018384776310850254,0.7523 ± 0.0184,0.4556,0.007636753236814736,0.4556 ± 0.0076
UNet_DP_Morph,LungInfection,True,automatic,200.0,True,both,7,0.0001,24,1.2,,training,1.1028161644935608,0.010434801048024167,1.1028 ± 0.0104,131.12239563465118,2.7936682816044676,131.1224 ± 2.7937,0.34809999999999997,0.020081832585697977,0.3481 ± 0.0201,0.53,0.009192388155425127,0.5300 ± 0.0092,0.7181500000000001,0.008273149339882558,0.7182 ± 0.0083,1.0,0.0,1.0000 ± 0.0000,0.53525,0.04730544366138,0.5353 ± 0.0473,0.9895,0.005374011537017719,0.9895 ± 0.0054,0.46665,0.024536605307173203,0.4667 ± 0.0245,0.4216,0.03705239533417509,0.4216 ± 0.0371,0.77025,0.009121677477306401,0.7702 ± 0.0091,0.43689999999999996,0.036628131265463174,0.4369 ± 0.0366
UNet_DP_Morph,LungInfection,True,automatic,200.0,True,both,9,0.0001,24,1.2,,training,1.1054716110229492,0.024083889350883153,1.1055 ± 0.0241,152.7405573129654,26.196127722938275,152.7406 ± 26.1961,0.3366,0.0329511760032931,0.3366 ± 0.0330,0.51095,0.03825447686219225,0.5110 ± 0.0383,0.7356499999999999,0.03952726906832797,0.7356 ± 0.0395,1.0,0.0,1.0000 ± 0.0000,0.5097,0.09673220766631965,0.5097 ± 0.0967,0.99305,0.006151828996322914,0.9930 ± 0.0062,0.45065,0.057770624022940927,0.4506 ± 0.0578,0.40275,0.057204938597991674,0.4027 ± 0.0572,0.77195,0.008555992052357225,0.7720 ± 0.0086,0.45435000000000003,0.06979143930311225,0.4544 ± 0.0698
UNet_DP_Morph,LungInfection,True,automatic,200.0,True,close,3,0.0001,24,1.2,,training,1.2236710786819458,0.009806728711514823,1.2237 ± 0.0098,132.24697256088257,2.559166082475552,132.2470 ± 2.5592,0.37465,0.046315494167718865,0.3746 ± 0.0463,0.53825,0.0044547727214752295,0.5383 ± 0.0045,0.6273500000000001,0.0047376154339498966,0.6274 ± 0.0047,1.0,0.0,1.0000 ± 0.0000,0.71625,0.04829539315504114,0.7163 ± 0.0483,0.99595,0.0028991378028648397,0.9960 ± 0.0029,0.5540499999999999,0.026092240225783634,0.5540 ± 0.0261,0.5053000000000001,0.06745798692519667,0.5053 ± 0.0675,0.77405,0.0033234018715767215,0.7741 ± 0.0033,0.29935,0.04065863991822648,0.2994 ± 0.0407
UNet_DP_Morph,LungInfection,True,automatic,200.0,True,close,5,0.0001,24,1.2,,training,1.3139999508857727,0.04306387964079406,1.3140 ± 0.0431,132.25644850730896,1.80909817566488,132.2564 ± 1.8091,0.3691,0.008768124086713205,0.3691 ± 0.0088,0.5348999999999999,0.005374011537017719,0.5349 ± 0.0054,0.66155,0.0016263455967290372,0.6615 ± 0.0016,1.0,0.0,1.0000 ± 0.0000,0.655,0.005232590180780425,0.6550 ± 0.0052,0.99685,0.00035355339059323483,0.9969 ± 0.0004,0.5232,0.0005656854249491757,0.5232 ± 0.0006,0.47805,0.0058689862838483655,0.4780 ± 0.0059,0.7684,0.00622253967444164,0.7684 ± 0.0062,0.34535,0.0021920310216782916,0.3453 ± 0.0022
UNet_DP_Morph,LungInfection,True,automatic,200.0,True,close,7,0.0001,24,1.2,,training,1.3443729281425476,0.0398704972228208,1.3444 ± 0.0399,132.6626455783844,3.6143822301269184,132.6626 ± 3.6144,0.3731,0.006788225099390855,0.3731 ± 0.0068,0.538,0.0015556349186103902,0.5380 ± 0.0016,0.6718,0.027718585822512673,0.6718 ± 0.0277,1.0,0.0,1.0000 ± 0.0000,0.6385000000000001,0.04044650788387054,0.6385 ± 0.0404,0.9928,0.005798275605729679,0.9928 ± 0.0058,0.5223,0.017394826817189037,0.5223 ± 0.0174,0.47950000000000004,0.01895046173579947,0.4795 ± 0.0190,0.7777499999999999,7.071067811872547e-05,0.7777 ± 0.0001,0.35740000000000005,0.03167838379715734,0.3574 ± 0.0317
UNet_DP_Morph,LungInfection,True,automatic,200.0,True,close,9,0.0001,24,1.2,,training,1.3530468940734863,0.02661725212117613,1.3530 ± 0.0266,134.7175121307373,1.8985428919242755,134.7175 ± 1.8985,0.3507,0.003818376618407368,0.3507 ± 0.0038,0.5196000000000001,0.01357645019878171,0.5196 ± 0.0136,0.62495,0.02467802666341046,0.6250 ± 0.0247,1.0,0.0,1.0000 ± 0.0000,0.6731,0.04115361466505709,0.6731 ± 0.0412,0.99355,0.004171930009000642,0.9936 ± 0.0042,0.5285,0.02022325394193523,0.5285 ± 0.0202,0.4737,0.014566399692442885,0.4737 ± 0.0146,0.76305,0.011808683245815299,0.7631 ± 0.0118,0.33665,0.02934493141924171,0.3367 ± 0.0293
UNet_DP_Morph,LungInfection,True,automatic,200.0,True,open,3,0.0001,24,1.2,,training,1.1575033068656921,0.030886306406844272,1.1575 ± 0.0309,146.33580195903778,24.669859514541024,146.3358 ± 24.6699,0.3633,0.013010764773832454,0.3633 ± 0.0130,0.5467500000000001,0.010677312395916868,0.5468 ± 0.0107,0.69495,0.00487903679018719,0.6949 ± 0.0049,1.0,0.0,1.0000 ± 0.0000,0.6011,0.02687005768508883,0.6011 ± 0.0269,0.99695,0.0021920310216783697,0.9970 ± 0.0022,0.49965,0.022556706319850815,0.4996 ± 0.0226,0.4538,0.026728636328851498,0.4538 ± 0.0267,0.7865,0.010182337649086262,0.7865 ± 0.0102,0.3855,0.021496046148071032,0.3855 ± 0.0215
UNet_DP_Morph,LungInfection,True,automatic,200.0,True,open,5,0.0001,24,1.2,,training,1.1194038391113281,0.019709889412422573,1.1194 ± 0.0197,148.19005000591278,20.280262881907895,148.1901 ± 20.2803,0.35545,0.011242997820866124,0.3554 ± 0.0112,0.51895,0.010535891039679576,0.5190 ± 0.0105,0.69285,0.03033488091290292,0.6928 ± 0.0303,1.0,0.0,1.0000 ± 0.0000,0.5775,0.04256782822743018,0.5775 ± 0.0426,0.9909,0.0036769552621701133,0.9909 ± 0.0037,0.48834999999999995,0.01817264427649427,0.4883 ± 0.0182,0.44675,0.026092240225783596,0.4467 ± 0.0261,0.7612,0.0072124891681027755,0.7612 ± 0.0072,0.4065,0.03082985565973349,0.4065 ± 0.0308
UNet_DP_Morph,LungInfection,True,automatic,200.0,True,open,7,0.0001,24,1.2,,training,1.154694139957428,0.028817570494535708,1.1547 ± 0.0288,132.04677617549896,4.691599201288365,132.0468 ± 4.6916,0.3411,0.010748023074035516,0.3411 ± 0.0107,0.5137,0.014849242404917511,0.5137 ± 0.0148,0.70645,0.047871129086329255,0.7065 ± 0.0479,1.0,0.0,1.0000 ± 0.0000,0.5479,0.08640844866099609,0.5479 ± 0.0864,0.9956,0.0022627416997969383,0.9956 ± 0.0023,0.47025,0.04108290398693844,0.4703 ± 0.0411,0.42284999999999995,0.03316330803764908,0.4228 ± 0.0332,0.77895,0.008838834764831813,0.7790 ± 0.0088,0.4273,0.0657609306503489,0.4273 ± 0.0658
UNet_DP_Morph,LungInfection,True,automatic,200.0,True,open,9,0.0001,24,1.2,,training,1.1716023087501526,0.050066157052394,1.1716 ± 0.0501,150.34132075309753,20.99790452076083,150.3413 ± 20.9979,0.32489999999999997,0.004525483399593916,0.3249 ± 0.0045,0.5204500000000001,0.023405234457274736,0.5205 ± 0.0234,0.7336,0.011030865786510104,0.7336 ± 0.0110,1.0,0.0,1.0000 ± 0.0000,0.49324999999999997,0.015485638507985374,0.4932 ± 0.0155,0.99875,0.0010606601717798615,0.9988 ± 0.0011,0.44410000000000005,0.0032526911934581135,0.4441 ± 0.0033,0.39015,0.0009192388155424891,0.3901 ± 0.0009,0.7848999999999999,0.0033941125496954466,0.7849 ± 0.0034,0.46565,0.009828784258493027,0.4657 ± 0.0098
UNet_DP_Morph,LungInfection,True,base,200.0,True,both,3,0.0001,24,1.2,,training,1.1576710939407349,0.02056884218507459,1.1577 ± 0.0206,130.20898354053497,1.3576840175141613,130.2090 ± 1.3577,0.3517,0.0026870057685088986,0.3517 ± 0.0027,0.5304,0.00820243866176399,0.5304 ± 0.0082,0.70065,0.01930401512639274,0.7006 ± 0.0193,1.0,0.0,1.0000 ± 0.0000,0.5757000000000001,0.02503158005400377,0.5757 ± 0.0250,0.99605,7.071067811864696e-05,0.9960 ± 0.0001,0.48945000000000005,0.012515790027001886,0.4895 ± 0.0125,0.43355,0.015061374439273452,0.4335 ± 0.0151,0.7725,0.007919595949289324,0.7725 ± 0.0079,0.4062,0.018526197667087546,0.4062 ± 0.0185
UNet_DP_Morph,LungInfection,True,base,200.0,True,both,5,0.0001,24,1.2,,training,1.15452241897583,0.0613030969212775,1.1545 ± 0.0613,131.2047060728073,0.13556432671092639,131.2047 ± 0.1356,0.34165,0.021001071401240464,0.3417 ± 0.0210,0.52715,0.004313351365237936,0.5272 ± 0.0043,0.732,0.004242640687119289,0.7320 ± 0.0042,1.0,0.0,1.0000 ± 0.0000,0.5142,0.052043059095329934,0.5142 ± 0.0520,0.988,0.008768124086713167,0.9880 ± 0.0088,0.45455,0.03797163414971758,0.4546 ± 0.0380,0.40975,0.03938584771209068,0.4098 ± 0.0394,0.7785500000000001,0.009545941546018361,0.7786 ± 0.0095,0.45185,0.04080006127446381,0.4518 ± 0.0408
UNet_DP_Morph,LungInfection,True,base,200.0,True,both,7,0.0001,24,1.2,,training,1.1554497480392456,0.021606666182806846,1.1554 ± 0.0216,130.99313163757324,2.456856125001903,130.9931 ± 2.4569,0.33625,0.02976919548795367,0.3362 ± 0.0298,0.49520000000000003,0.0217788888605457,0.4952 ± 0.0218,0.692,0.008061017305526618,0.6920 ± 0.0081,1.0,0.0,1.0000 ± 0.0000,0.55785,0.06979143930311225,0.5578 ± 0.0698,0.9965999999999999,0.0025455844122715264,0.9966 ± 0.0025,0.48369999999999996,0.025173001410241067,0.4837 ± 0.0252,0.4313,0.04468914857098979,0.4313 ± 0.0447,0.7489,0.01626345596729053,0.7489 ± 0.0163,0.4089,0.03648670990922584,0.4089 ± 0.0365
UNet_DP_Morph,LungInfection,True,base,200.0,True,both,9,0.0001,24,1.2,,training,1.147764503955841,0.035492451186903015,1.1478 ± 0.0355,131.40613663196564,3.580653455962802,131.4061 ± 3.5807,0.33835,0.020576807332528545,0.3383 ± 0.0206,0.50945,0.01887975105768086,0.5094 ± 0.0189,0.73735,0.015485638507985334,0.7373 ± 0.0155,1.0,0.0,1.0000 ± 0.0000,0.5116499999999999,0.04617407281148157,0.5116 ± 0.0462,0.99665,0.0007778174593051951,0.9967 ± 0.0008,0.4592,0.019374725804511387,0.4592 ± 0.0194,0.40835,0.032314779900225236,0.4083 ± 0.0323,0.76075,0.0017677669529664096,0.7608 ± 0.0018,0.45005,0.02778929650063132,0.4501 ± 0.0278
UNet_DP_Morph,LungInfection,True,base,200.0,True,close,3,0.0001,24,1.2,,training,1.292634904384613,0.0757484234862043,1.2926 ± 0.0757,133.5738960504532,1.3274340442261345,133.5739 ± 1.3274,0.38044999999999995,0.0045961940777125634,0.3804 ± 0.0046,0.54325,0.001767766952966331,0.5433 ± 0.0018,0.6898,0.0545886435076015,0.6898 ± 0.0546,1.0,0.0,1.0000 ± 0.0000,0.6421,0.0722663130372652,0.6421 ± 0.0723,0.99695,0.0007778174593052736,0.9970 ± 0.0008,0.52615,0.025385133444597086,0.5262 ± 0.0254,0.48550000000000004,0.02884995667241114,0.4855 ± 0.0288,0.7753,0.00028284271247458785,0.7753 ± 0.0003,0.3539,0.054305800795126834,0.3539 ± 0.0543
UNet_DP_Morph,LungInfection,True,base,200.0,True,close,5,0.0001,24,1.2,,training,1.2966176271438599,0.007287358694927621,1.2966 ± 0.0073,134.99222028255463,1.09723166658228,134.9922 ± 1.0972,0.37115,0.0009192388155425283,0.3711 ± 0.0009,0.5434,0.007495331880577363,0.5434 ± 0.0075,0.6657,0.010748023074035516,0.6657 ± 0.0107,1.0,0.0,1.0000 ± 0.0000,0.65225,0.034294678887547544,0.6522 ± 0.0343,0.9971000000000001,0.0007071067811865482,0.9971 ± 0.0007,0.5232,0.01682914139223986,0.5232 ± 0.0168,0.47650000000000003,0.011879393923933985,0.4765 ± 0.0119,0.7762,0.003818376618407407,0.7762 ± 0.0038,0.34740000000000004,0.026162950903902242,0.3474 ± 0.0262
UNet_DP_Morph,LungInfection,True,base,200.0,True,close,7,0.0001,24,1.2,,training,1.254600167274475,0.0008741256381159423,1.2546 ± 0.0009,133.47891199588776,0.78943694082991,133.4789 ± 0.7894,0.36995,0.02156675682618968,0.3700 ± 0.0216,0.5273000000000001,0.0021213203435596446,0.5273 ± 0.0021,0.6259,0.018950461735799427,0.6259 ± 0.0190,1.0,0.0,1.0000 ± 0.0000,0.6971,0.003111269837220859,0.6971 ± 0.0031,0.9927999999999999,0.006505382386916227,0.9928 ± 0.0065,0.5454,0.0011313708498985084,0.5454 ± 0.0011,0.49850000000000005,0.01711198410471449,0.4985 ± 0.0171,0.7606999999999999,0.0005656854249492542,0.7607 ± 0.0006,0.3159,0.00014142135623729392,0.3159 ± 0.0001
UNet_DP_Morph,LungInfection,True,base,200.0,True,close,9,0.0001,24,1.2,,training,1.2746869325637817,0.012567515876372583,1.2747 ± 0.0126,133.29618346691132,0.4939211093352897,133.2962 ± 0.4939,0.36125,0.0036062445840513878,0.3613 ± 0.0036,0.5367999999999999,0.015697770542341432,0.5368 ± 0.0157,0.6227,0.011596551211459359,0.6227 ± 0.0116,1.0,0.0,1.0000 ± 0.0000,0.6916,0.011172287142747477,0.6916 ± 0.0112,0.9966999999999999,0.0022627416997969383,0.9967 ± 0.0023,0.54085,0.006576093065034874,0.5409 ± 0.0066,0.48555,0.007848885271170676,0.4855 ± 0.0078,0.7719499999999999,0.01774838020778235,0.7719 ± 0.0177,0.3214,0.01131370849898477,0.3214 ± 0.0113
UNet_DP_Morph,LungInfection,True,base,200.0,True,open,3,0.0001,24,1.2,,training,1.125687599182129,0.0346656143128163,1.1257 ± 0.0347,130.66101348400116,1.7088903344075606,130.6610 ± 1.7089,0.37755,0.00487903679018719,0.3775 ± 0.0049,0.5439499999999999,0.002192031021678291,0.5439 ± 0.0022,0.66205,0.009263098833543773,0.6621 ± 0.0093,1.0,0.0,1.0000 ± 0.0000,0.6516,0.01357645019878171,0.6516 ± 0.0136,0.99575,0.0012020815280171554,0.9958 ± 0.0012,0.5221499999999999,0.009263098833543773,0.5221 ± 0.0093,0.48495,0.008980256121069147,0.4849 ± 0.0090,0.7722,0.004101219330881995,0.7722 ± 0.0041,0.34995,0.009828784258492988,0.3499 ± 0.0098
UNet_DP_Morph,LungInfection,True,base,200.0,True,open,5,0.0001,24,1.2,,training,1.167535424232483,0.005046495053300408,1.1675 ± 0.0050,130.84608268737793,0.057992377677049754,130.8461 ± 0.0580,0.3607,0.021071782079359114,0.3607 ± 0.0211,0.5228999999999999,0.013717871555019003,0.5229 ± 0.0137,0.69845,0.036133156518632525,0.6985 ± 0.0361,1.0,0.0,1.0000 ± 0.0000,0.5810500000000001,0.0625789501350094,0.5811 ± 0.0626,0.9944999999999999,0.004949747468305837,0.9945 ± 0.0049,0.48519999999999996,0.03139554108468267,0.4852 ± 0.0314,0.45315,0.044335595180396516,0.4531 ± 0.0443,0.7683,0.0031112698372207804,0.7683 ± 0.0031,0.4053,0.046527626202074804,0.4053 ± 0.0465
UNet_DP_Morph,LungInfection,True,base,200.0,True,open,7,0.0001,24,1.2,,training,1.1028454303741455,0.004085209732463937,1.1028 ± 0.0041,128.290629029274,0.9166560229482854,128.2906 ± 0.9167,0.33599999999999997,0.011879393923933985,0.3360 ± 0.0119,0.52475,0.0017677669529664096,0.5248 ± 0.0018,0.73455,0.00799030662740797,0.7346 ± 0.0080,1.0,0.0,1.0000 ± 0.0000,0.5019,0.01711198410471445,0.5019 ± 0.0171,0.9962,0.0011313708498985084,0.9962 ± 0.0011,0.44630000000000003,0.014566399692442885,0.4463 ± 0.0146,0.39795,0.017182694782833137,0.3980 ± 0.0172,0.77545,0.004171930009000642,0.7754 ± 0.0042,0.46375,0.01378858223313765,0.4637 ± 0.0138
UNet_DP_Morph,LungInfection,True,base,200.0,True,open,9,0.0001,24,1.2,,training,1.1080920696258545,0.04150166455388927,1.1081 ± 0.0415,133.82757818698883,4.323909757704538,133.8276 ± 4.3239,0.36129999999999995,0.005232590180780464,0.3613 ± 0.0052,0.5258,0.012869343417595162,0.5258 ± 0.0129,0.70585,0.04136574669941303,0.7058 ± 0.0414,1.0,0.0,1.0000 ± 0.0000,0.5799,0.046951890270786764,0.5799 ± 0.0470,0.98505,0.00841457069611993,0.9850 ± 0.0084,0.49055,0.023405234457274736,0.4905 ± 0.0234,0.4514,0.021071782079359114,0.4514 ± 0.0211,0.77605,0.005727564927611032,0.7761 ± 0.0057,0.40190000000000003,0.03394112549695427,0.4019 ± 0.0339
UNet_DP_Morph,LungInfection,True,nsgd,200.0,True,both,3,0.0001,24,1.2,,training,1.29935622215271,0.08962207019792949,1.2994 ± 0.0896,130.85403728485107,2.513644114335906,130.8540 ± 2.5136,0.3199,0.03705239533417509,0.3199 ± 0.0371,0.50395,0.017606958851545017,0.5040 ± 0.0176,0.6848000000000001,0.052467323164041776,0.6848 ± 0.0525,1.0,0.0,1.0000 ± 0.0000,0.5414,0.12247089450151004,0.5414 ± 0.1225,0.9983500000000001,0.0006363961030679012,0.9984 ± 0.0006,0.46635000000000004,0.0628617928474841,0.4664 ± 0.0629,0.40254999999999996,0.07360981592151962,0.4025 ± 0.0736,0.7438,0.02460731598529181,0.7438 ± 0.0246,0.4373,0.09036824663564075,0.4373 ± 0.0904
UNet_DP_Morph,LungInfection,True,nsgd,200.0,True,both,5,0.0001,24,1.2,,training,1.321128487586975,0.022003183733597182,1.3211 ± 0.0220,132.57381010055542,3.2717317234812304,132.5738 ± 3.2717,0.27795000000000003,0.00912167747730644,0.2780 ± 0.0091,0.44825000000000004,0.005161879502661817,0.4483 ± 0.0052,0.64885,0.004171930009000642,0.6489 ± 0.0042,1.0,0.0,1.0000 ± 0.0000,0.51305,0.010677312395916868,0.5131 ± 0.0107,0.99855,0.0009192388155424891,0.9986 ± 0.0009,0.4477,0.003959797974644662,0.4477 ± 0.0040,0.3761,0.007495331880577403,0.3761 ± 0.0075,0.7331,0.00975807358037438,0.7331 ± 0.0098,0.44715,0.0019091883092037035,0.4471 ± 0.0019
UNet_DP_Morph,LungInfection,True,nsgd,200.0,True,both,7,0.0001,24,1.2,,training,1.2165058851242065,0.038680185927175974,1.2165 ± 0.0387,131.55651009082794,1.7815919622149123,131.5565 ± 1.7816,0.27685,0.06908433252192568,0.2768 ± 0.0691,0.4674,0.06335676759431468,0.4674 ± 0.0634,0.6637500000000001,0.057912045379178226,0.6638 ± 0.0579,1.0,0.0,1.0000 ± 0.0000,0.48405,0.07261986642785843,0.4840 ± 0.0726,0.99385,0.0045961940777125235,0.9939 ± 0.0046,0.45099999999999996,0.024607315985291853,0.4510 ± 0.0246,0.3651,0.050204581464244884,0.3651 ± 0.0502,0.7429,0.033941125496954314,0.7429 ± 0.0339,0.4514,0.02022325394193527,0.4514 ± 0.0202
UNet_DP_Morph,LungInfection,True,nsgd,200.0,True,both,9,0.0001,24,1.2,,training,1.1999553442001343,0.022869385764193388,1.2000 ± 0.0229,133.01273930072784,3.963251082801903,133.0127 ± 3.9633,0.31855,0.009263098833543773,0.3185 ± 0.0093,0.5076,0.004808326112068543,0.5076 ± 0.0048,0.66615,0.016051323932934587,0.6662 ± 0.0161,1.0,0.0,1.0000 ± 0.0000,0.5662,0.008061017305526618,0.5662 ± 0.0081,0.9982,0.0008485281374238421,0.9982 ± 0.0008,0.4789,0.00466690475583121,0.4789 ± 0.0047,0.41274999999999995,0.007424621202458756,0.4127 ± 0.0074,0.7771,0.013293607486307042,0.7771 ± 0.0133,0.4164,0.007071067811865481,0.4164 ± 0.0071
UNet_DP_Morph,LungInfection,True,nsgd,200.0,True,close,3,0.0001,24,1.2,,training,1.2883511185646057,0.037434915141073256,1.2884 ± 0.0374,144.42096436023712,17.655110007529746,144.4210 ± 17.6551,0.34135000000000004,0.04023437584951456,0.3414 ± 0.0402,0.5138,0.006788225099390815,0.5138 ± 0.0068,0.6529499999999999,0.0023334523779155853,0.6529 ± 0.0023,1.0,0.0,1.0000 ± 0.0000,0.63085,0.06979143930311225,0.6309 ± 0.0698,0.9963500000000001,0.0006363961030679012,0.9964 ± 0.0006,0.50945,0.0361331565186326,0.5094 ± 0.0361,0.451,0.05925554826343268,0.4510 ± 0.0593,0.7636499999999999,0.003747665940288682,0.7636 ± 0.0037,0.36705,0.05649783181680513,0.3670 ± 0.0565
UNet_DP_Morph,LungInfection,True,nsgd,200.0,True,close,5,0.0001,24,1.2,,training,1.3677651286125183,0.01927333235554673,1.3678 ± 0.0193,132.37491023540497,3.741066047269205,132.3749 ± 3.7411,0.3296,0.021496046148071032,0.3296 ± 0.0215,0.51505,0.027647875144393985,0.5151 ± 0.0276,0.6210500000000001,0.017889801564019644,0.6211 ± 0.0179,1.0,0.0,1.0000 ± 0.0000,0.62835,0.04504270196158306,0.6283 ± 0.0450,0.9986999999999999,0.000989949493661136,0.9987 ± 0.0010,0.5064,0.014424978336205551,0.5064 ± 0.0144,0.443,0.026304372260139576,0.4430 ± 0.0263,0.7699,0.007636753236814736,0.7699 ± 0.0076,0.3677,0.02913279938488573,0.3677 ± 0.0291
UNet_DP_Morph,LungInfection,True,nsgd,200.0,True,close,7,0.0001,24,1.2,,training,1.392818570137024,0.008684105254578649,1.3928 ± 0.0087,132.94186782836914,2.4581036717178257,132.9419 ± 2.4581,0.29955,0.057770624022940927,0.2995 ± 0.0578,0.48560000000000003,0.043416356364853984,0.4856 ± 0.0434,0.6038,0.04242640687119289,0.6038 ± 0.0424,1.0,0.0,1.0000 ± 0.0000,0.6065,0.054871486220076086,0.6065 ± 0.0549,0.9987,0.0011313708498985084,0.9987 ± 0.0011,0.49960000000000004,0.015980613254815982,0.4996 ± 0.0160,0.42295,0.05013387078612619,0.4229 ± 0.0501,0.75485,0.013222896808188396,0.7549 ± 0.0132,0.37045,0.015909902576697294,0.3705 ± 0.0159
UNet_DP_Morph,LungInfection,True,nsgd,200.0,True,close,9,0.0001,24,1.2,,training,1.3629710674285889,0.038946385422370625,1.3630 ± 0.0389,133.85604906082153,2.81571462371094,133.8560 ± 2.8157,0.3254,0.005515432893255052,0.3254 ± 0.0055,0.50755,0.019445436482630033,0.5075 ± 0.0194,0.6299,0.02022325394193523,0.6299 ± 0.0202,1.0,0.0,1.0000 ± 0.0000,0.6318,0.028849956672411102,0.6318 ± 0.0288,0.9985999999999999,0.0018384776310850566,0.9986 ± 0.0018,0.50395,0.00954594154601844,0.5040 ± 0.0095,0.43835,0.010111626970967616,0.4384 ± 0.0101,0.76095,0.010394469683442204,0.7610 ± 0.0104,0.36929999999999996,0.018809040379562172,0.3693 ± 0.0188
UNet_DP_Morph,LungInfection,True,nsgd,200.0,True,open,3,0.0001,24,1.2,,training,1.2726466655731201,0.043502628333792474,1.2726 ± 0.0435,127.52946138381958,2.1378233635625783,127.5295 ± 2.1378,0.33035000000000003,0.01308147545195114,0.3304 ± 0.0131,0.51405,0.012374368670764632,0.5141 ± 0.0124,0.6868000000000001,0.010606601717798222,0.6868 ± 0.0106,1.0,0.0,1.0000 ± 0.0000,0.5628,0.04002224381515858,0.5628 ± 0.0400,0.9944,0.0004242640687119603,0.9944 ± 0.0004,0.4817,0.019374725804511387,0.4817 ± 0.0194,0.4189,0.019516147160748683,0.4189 ± 0.0195,0.77205,0.0071417784899841285,0.7721 ± 0.0071,0.41590000000000005,0.02955706345359769,0.4159 ± 0.0296
UNet_DP_Morph,LungInfection,True,nsgd,200.0,True,open,5,0.0001,24,1.2,,training,1.2143862843513489,0.08173175868820486,1.2144 ± 0.0817,132.4617760181427,1.5856585127457097,132.4618 ± 1.5857,0.33895,0.002050609665440958,0.3389 ± 0.0021,0.5028,0.010323759005323596,0.5028 ± 0.0103,0.67525,0.03387041481883566,0.6753 ± 0.0339,1.0,0.0,1.0000 ± 0.0000,0.5945,0.013717871555019003,0.5945 ± 0.0137,0.9971,0.0014142135623730963,0.9971 ± 0.0014,0.497,0.00028284271247458785,0.4970 ± 0.0003,0.43765,0.005586143571373738,0.4376 ± 0.0056,0.75785,0.01025304832720491,0.7579 ± 0.0103,0.3953,0.008061017305526656,0.3953 ± 0.0081
UNet_DP_Morph,LungInfection,True,nsgd,200.0,True,open,7,0.0001,24,1.2,,training,1.2147367000579834,0.008634709148123568,1.2147 ± 0.0086,133.34501600265503,4.362254454717567,133.3450 ± 4.3623,0.27380000000000004,0.021637467504308366,0.2738 ± 0.0216,0.4728,0.029698484809835023,0.4728 ± 0.0297,0.66795,0.07813529932111345,0.6680 ± 0.0781,1.0,0.0,1.0000 ± 0.0000,0.4856,0.05642712113868648,0.4856 ± 0.0564,0.99785,0.002333452377915664,0.9979 ± 0.0023,0.4386,0.024324473272817223,0.4386 ± 0.0243,0.3649,0.025173001410241067,0.3649 ± 0.0252,0.74385,0.017182694782833095,0.7439 ± 0.0172,0.4599,0.053315851301465655,0.4599 ± 0.0533
UNet_DP_Morph,LungInfection,True,nsgd,200.0,True,open,9,0.0001,24,1.2,,training,1.2134983539581299,0.012507498764092913,1.2135 ± 0.0125,134.43441832065582,2.744604292315966,134.4344 ± 2.7446,0.30469999999999997,0.003818376618407368,0.3047 ± 0.0038,0.47724999999999995,0.006858935777509501,0.4772 ± 0.0069,0.68865,0.0023334523779155853,0.6886 ± 0.0023,1.0,0.0,1.0000 ± 0.0000,0.521,0.003818376618407407,0.5210 ± 0.0038,0.99265,0.00841457069611993,0.9927 ± 0.0084,0.45045,0.0021920310216782916,0.4505 ± 0.0022,0.38845,0.005727564927611032,0.3885 ± 0.0057,0.75175,0.0028991378028648397,0.7518 ± 0.0029,0.4479,0.005656854249492385,0.4479 ± 0.0057
UNet_DP_Morph,LungInfection,True,psac,200.0,True,both,3,0.0001,24,1.2,,training,1.2290189862251282,0.05158900698278946,1.2290 ± 0.0516,135.20673847198486,1.5607729903361494,135.2067 ± 1.5608,0.30645,0.006434671708797581,0.3065 ± 0.0064,0.4918,0.013859292911256375,0.4918 ± 0.0139,0.6868000000000001,0.0011313708498984299,0.6868 ± 0.0011,1.0,0.0,1.0000 ± 0.0000,0.5215000000000001,0.012020815280171319,0.5215 ± 0.0120,0.99985,7.071067811864696e-05,0.9999 ± 0.0001,0.44930000000000003,0.011172287142747438,0.4493 ± 0.0112,0.37925,0.004171930009000603,0.3792 ± 0.0042,0.7725,0.009050966799187833,0.7725 ± 0.0091,0.45135000000000003,0.006717514421272207,0.4514 ± 0.0067
UNet_DP_Morph,LungInfection,True,psac,200.0,True,both,5,0.0001,24,1.2,,training,1.1943504810333252,0.09537983546669959,1.1944 ± 0.0954,137.98419380187988,1.5726203008651678,137.9842 ± 1.5726,0.3412,0.02262741699796954,0.3412 ± 0.0226,0.50885,0.016334166645409216,0.5089 ± 0.0163,0.67415,0.07219560235914647,0.6742 ± 0.0722,1.0,0.0,1.0000 ± 0.0000,0.58975,0.11801612178003482,0.5897 ± 0.1180,0.99215,0.005727564927611032,0.9921 ± 0.0057,0.4855,0.06081118318204306,0.4855 ± 0.0608,0.4411,0.05685138520739844,0.4411 ± 0.0569,0.7675000000000001,0.004666904755831249,0.7675 ± 0.0047,0.3974,0.08386286424872452,0.3974 ± 0.0839
UNet_DP_Morph,LungInfection,True,psac,200.0,True,both,7,0.0001,24,1.2,,training,1.095494031906128,0.04158511531394084,1.0955 ± 0.0416,139.32116639614105,4.846918093071135,139.3212 ± 4.8469,0.35245,0.004313351365237936,0.3524 ± 0.0043,0.51205,0.015909902576697294,0.5121 ± 0.0159,0.69745,0.012374368670764632,0.6975 ± 0.0124,1.0,0.0,1.0000 ± 0.0000,0.5894999999999999,0.027718585822512673,0.5895 ± 0.0277,0.9957499999999999,0.0006363961030679012,0.9957 ± 0.0006,0.48624999999999996,0.022839549032325445,0.4862 ± 0.0228,0.44594999999999996,0.02397091988222395,0.4459 ± 0.0240,0.7638,0.006646803743153521,0.7638 ± 0.0066,0.39649999999999996,0.020506096654409858,0.3965 ± 0.0205
UNet_DP_Morph,LungInfection,True,psac,200.0,True,both,9,0.0001,24,1.2,,training,1.2223931550979614,0.045533769257229476,1.2224 ± 0.0455,157.3884153366089,21.26626699222122,157.3884 ± 21.2663,0.30065,0.0045961940777125634,0.3006 ± 0.0046,0.46725,0.030476302269140217,0.4672 ± 0.0305,0.69285,0.0321733585439879,0.6928 ± 0.0322,1.0,0.0,1.0000 ± 0.0000,0.502,0.047093311627024056,0.5020 ± 0.0471,0.99715,0.0019091883092037035,0.9971 ± 0.0019,0.44545,0.01661700935788388,0.4455 ± 0.0166,0.3869,0.008768124086713205,0.3869 ± 0.0088,0.7379,0.02927422074112314,0.7379 ± 0.0293,0.45875,0.026233661582020926,0.4587 ± 0.0262
UNet_DP_Morph,LungInfection,True,psac,200.0,True,close,3,0.0001,24,1.2,,training,1.3792223930358887,0.03572805207007891,1.3792 ± 0.0357,139.2401201725006,1.8001606835570538,139.2401 ± 1.8002,0.35765,0.02439518395093591,0.3577 ± 0.0244,0.5238499999999999,0.0036062445840513878,0.5238 ± 0.0036,0.6782999999999999,0.021920310216782993,0.6783 ± 0.0219,1.0,0.0,1.0000 ± 0.0000,0.61295,0.06455884912233174,0.6129 ± 0.0646,0.9984,0.0004242640687119603,0.9984 ± 0.0004,0.4984,0.03733523804664976,0.4984 ± 0.0373,0.45575,0.04871965722375314,0.4557 ± 0.0487,0.7691,0.012586500705120572,0.7691 ± 0.0126,0.37775000000000003,0.04871965722375314,0.3778 ± 0.0487
UNet_DP_Morph,LungInfection,True,psac,200.0,True,close,5,0.0001,24,1.2,,training,1.3127057552337646,0.018588446067244704,1.3127 ± 0.0186,137.21540641784668,2.101045686377174,137.2154 ± 2.1010,0.3786,0.02333452377915609,0.3786 ± 0.0233,0.52155,0.01774838020778235,0.5215 ± 0.0177,0.661,0.003959797974644622,0.6610 ± 0.0040,1.0,0.0,1.0000 ± 0.0000,0.6829000000000001,0.023617366491630678,0.6829 ± 0.0236,0.99485,0.0020506096654409976,0.9949 ± 0.0021,0.54125,0.012232947314527337,0.5413 ± 0.0122,0.5016,0.031395541084682746,0.5016 ± 0.0314,0.7583500000000001,0.017465537495307763,0.7584 ± 0.0175,0.3236,0.02248599564173225,0.3236 ± 0.0225
UNet_DP_Morph,LungInfection,True,psac,200.0,True,close,7,0.0001,24,1.2,,training,1.4919980764389038,0.004337416473953127,1.4920 ± 0.0043,140.57928133010864,2.2578862479785817,140.5793 ± 2.2579,0.34245000000000003,0.01576848122046004,0.3425 ± 0.0158,0.5015000000000001,0.006081118318204346,0.5015 ± 0.0061,0.6252,0.022344574285494877,0.6252 ± 0.0223,1.0,0.0,1.0000 ± 0.0000,0.6301,0.0016970562748476843,0.6301 ± 0.0017,0.9927999999999999,0.005091168824543131,0.9928 ± 0.0051,0.5142,0.002545584412271605,0.5142 ± 0.0025,0.47895,0.004171930009000642,0.4789 ± 0.0042,0.76935,0.007566042558696089,0.7693 ± 0.0076,0.3517,0.02333452377915609,0.3517 ± 0.0233
UNet_DP_Morph,LungInfection,True,psac,200.0,True,close,9,0.0001,24,1.2,,training,1.4178406596183777,0.10088581546246592,1.4178 ± 0.1009,136.09807193279266,1.4040819657532582,136.0981 ± 1.4041,0.34755,0.019869700551341955,0.3476 ± 0.0199,0.5266500000000001,0.01534421715174804,0.5267 ± 0.0153,0.66615,0.01491995308303616,0.6662 ± 0.0149,1.0,0.0,1.0000 ± 0.0000,0.6116,0.060104076400856514,0.6116 ± 0.0601,0.9977,0.0007071067811865482,0.9977 ± 0.0007,0.5043,0.026304372260139576,0.5043 ± 0.0263,0.4506,0.03238549057834384,0.4506 ± 0.0324,0.77465,0.005727564927611032,0.7746 ± 0.0057,0.37839999999999996,0.04737615433949868,0.3784 ± 0.0474
UNet_DP_Morph,LungInfection,True,psac,200.0,True,open,3,0.0001,24,1.2,,training,1.2450411319732666,0.037427244414644116,1.2450 ± 0.0374,138.15195608139038,0.9527551358726543,138.1520 ± 0.9528,0.34475,0.0034648232278140937,0.3448 ± 0.0035,0.52835,0.002474873734152958,0.5283 ± 0.0025,0.70095,0.0004949747468306073,0.7009 ± 0.0005,1.0,0.0,1.0000 ± 0.0000,0.5529,0.008909545442950537,0.5529 ± 0.0089,0.99475,0.0014849242404917434,0.9948 ± 0.0015,0.47715,0.004171930009000642,0.4772 ± 0.0042,0.42774999999999996,0.007283199846221462,0.4277 ± 0.0073,0.76815,0.005444722215136444,0.7681 ± 0.0054,0.42475,0.006293250352560286,0.4248 ± 0.0063
UNet_DP_Morph,LungInfection,True,psac,200.0,True,open,5,0.0001,24,1.2,,training,1.2468340992927551,0.07111210156261191,1.2468 ± 0.0711,142.18599808216095,0.8992783715450616,142.1860 ± 0.8993,0.33340000000000003,0.02687005768508879,0.3334 ± 0.0269,0.5047,0.03592102448427662,0.5047 ± 0.0359,0.71225,0.011525840533340789,0.7123 ± 0.0115,1.0,0.0,1.0000 ± 0.0000,0.5284500000000001,0.029203510063004413,0.5285 ± 0.0292,0.9987,0.0,0.9987 ± 0.0000,0.45685,0.02269812767608815,0.4568 ± 0.0227,0.4108,0.025738686835190323,0.4108 ± 0.0257,0.7743,0.007071067811865481,0.7743 ± 0.0071,0.4441,0.025738686835190323,0.4441 ± 0.0257
UNet_DP_Morph,LungInfection,True,psac,200.0,True,open,7,0.0001,24,1.2,,training,1.2358407378196716,0.05553091743031652,1.2358 ± 0.0555,140.36471378803253,0.8220936677553031,140.3647 ± 0.8221,0.3076,0.03394112549695427,0.3076 ± 0.0339,0.4977,0.03648670990922584,0.4977 ± 0.0365,0.68265,0.03726452736853103,0.6826 ± 0.0373,1.0,0.0,1.0000 ± 0.0000,0.52275,0.010253048327204988,0.5228 ± 0.0103,0.9936499999999999,0.006010407640085699,0.9936 ± 0.0060,0.4642,0.0011313708498985084,0.4642 ± 0.0011,0.39835,0.011808683245815339,0.3983 ± 0.0118,0.7675000000000001,0.036203867196751255,0.7675 ± 0.0362,0.43665,0.0013435028842544493,0.4366 ± 0.0013
UNet_DP_Morph,LungInfection,True,psac,200.0,True,open,9,0.0001,24,1.2,,training,1.185176134109497,0.0064039607501392825,1.1852 ± 0.0064,141.75460398197174,0.8505458250732494,141.7546 ± 0.8505,0.353,0.016546298679765235,0.3530 ± 0.0165,0.5152000000000001,0.006363961030678934,0.5152 ± 0.0064,0.7124,0.00735391052434007,0.7124 ± 0.0074,1.0,0.0,1.0000 ± 0.0000,0.57635,0.048295393155041215,0.5764 ± 0.0483,0.9964999999999999,0.003676955262170035,0.9965 ± 0.0037,0.48835000000000006,0.020152543263816623,0.4884 ± 0.0202,0.44345,0.02665792565073285,0.4435 ± 0.0267,0.76225,0.004313351365237936,0.7622 ± 0.0043,0.4032,0.03648670990922584,0.4032 ± 0.0365
UNet_DP_Morph,LungInfection,True,automatic,200.0,True,both,3,0.0001,24,1.5,,training,1.1873427629470825,0.0008697423658708092,1.1873 ± 0.0009,131.5194001197815,0.07869963011263412,131.5194 ± 0.0787,0.34214999999999995,0.013222896808188436,0.3421 ± 0.0132,0.5179,0.024748737341529183,0.5179 ± 0.0247,0.72635,0.012091525958289965,0.7264 ± 0.0121,1.0,0.0,1.0000 ± 0.0000,0.5212,0.016122034611053236,0.5212 ± 0.0161,0.9949,0.0066468037431536,0.9949 ± 0.0066,0.45765,0.0007778174593051951,0.4577 ± 0.0008,0.41405000000000003,0.01647558800164659,0.4141 ± 0.0165,0.76675,0.01421284630184961,0.7668 ± 0.0142,0.44905,0.010960155108391456,0.4491 ± 0.0110
UNet_DP_Morph,LungInfection,True,automatic,200.0,True,both,5,0.0001,24,1.5,,training,1.1534053683280945,0.017350255951691658,1.1534 ± 0.0174,132.15606486797333,0.19127099649953333,132.1561 ± 0.1913,0.35565,0.008131727983645304,0.3557 ± 0.0081,0.5298,0.005374011537017719,0.5298 ± 0.0054,0.6976,0.0028284271247461927,0.6976 ± 0.0028,1.0,0.0,1.0000 ± 0.0000,0.57735,0.008838834764831813,0.5774 ± 0.0088,0.996,0.0014142135623730963,0.9960 ± 0.0014,0.49005,0.008980256121069147,0.4900 ± 0.0090,0.4414,0.012727922061357866,0.4414 ± 0.0127,0.77335,7.071067811864696e-05,0.7733 ± 0.0001,0.40464999999999995,0.006151828996322954,0.4046 ± 0.0062
UNet_DP_Morph,LungInfection,True,automatic,200.0,True,both,7,0.0001,24,1.5,,training,1.1084154844284058,0.031021260615776314,1.1084 ± 0.0310,133.21617376804352,0.6090207808706605,133.2162 ± 0.6090,0.34305,0.011384419177103419,0.3431 ± 0.0114,0.51525,0.008131727983645342,0.5152 ± 0.0081,0.7081500000000001,0.03698168465605637,0.7082 ± 0.0370,1.0,0.0,1.0000 ± 0.0000,0.55645,0.07148849557795993,0.5565 ± 0.0715,0.9998,0.00014142135623729392,0.9998 ± 0.0001,0.47345000000000004,0.043204224330498045,0.4735 ± 0.0432,0.42545,0.03924442635585338,0.4254 ± 0.0392,0.7675,0.012727922061357866,0.7675 ± 0.0127,0.42279999999999995,0.05246732316404181,0.4228 ± 0.0525
UNet_DP_Morph,LungInfection,True,automatic,200.0,True,both,9,0.0001,24,1.5,,training,1.124629259109497,0.011154584926893057,1.1246 ± 0.0112,131.90839278697968,1.1739952390617379,131.9084 ± 1.1740,0.35495,0.011808683245815339,0.3549 ± 0.0118,0.5094000000000001,0.0021213203435596446,0.5094 ± 0.0021,0.7085,0.015839191898578648,0.7085 ± 0.0158,1.0,0.0,1.0000 ± 0.0000,0.5680499999999999,0.04886107857999047,0.5680 ± 0.0489,0.998,0.0026870057685088986,0.9980 ± 0.0027,0.477,0.021213203435596406,0.4770 ± 0.0212,0.4451,0.025173001410241067,0.4451 ± 0.0252,0.75885,0.005303300858899072,0.7589 ± 0.0053,0.4144,0.03903229432149744,0.4144 ± 0.0390
UNet_DP_Morph,LungInfection,True,automatic,200.0,True,close,3,0.0001,24,1.5,,training,1.2376586198806765,0.03814239214017697,1.2377 ± 0.0381,130.7518413066864,2.206300191275188,130.7518 ± 2.2063,0.3819,0.010040916292848968,0.3819 ± 0.0100,0.5428999999999999,0.0024041630560342323,0.5429 ± 0.0024,0.66045,0.018031222920256936,0.6604 ± 0.0180,1.0,0.0,1.0000 ± 0.0000,0.68005,0.03542604973744597,0.6801 ± 0.0354,0.99805,0.0013435028842544493,0.9980 ± 0.0013,0.53845,0.018314065632731604,0.5384 ± 0.0183,0.50065,0.018314065632731524,0.5007 ± 0.0183,0.7801,0.004101219330881995,0.7801 ± 0.0041,0.3257,0.027435743110038043,0.3257 ± 0.0274
UNet_DP_Morph,LungInfection,True,automatic,200.0,True,close,5,0.0001,24,1.5,,training,1.3249777555465698,0.10717100639350151,1.3250 ± 0.1072,130.95219337940216,3.8324218702274786,130.9522 ± 3.8324,0.37795,0.016334166645409254,0.3780 ± 0.0163,0.53215,0.018738329701443488,0.5322 ± 0.0187,0.6672,0.01046518036156085,0.6672 ± 0.0105,1.0,0.0,1.0000 ± 0.0000,0.6709499999999999,0.025243712088359713,0.6709 ± 0.0252,0.99665,0.0014849242404917434,0.9967 ± 0.0015,0.5353,0.019374725804511467,0.5353 ± 0.0194,0.49234999999999995,0.015202795795510786,0.4923 ± 0.0152,0.76935,0.009263098833543773,0.7693 ± 0.0093,0.3325,0.021778888860545662,0.3325 ± 0.0218
UNet_DP_Morph,LungInfection,True,automatic,200.0,True,close,7,0.0001,24,1.5,,training,1.2438300848007202,0.009273149609366906,1.2438 ± 0.0093,133.6820466518402,2.2401471452025286,133.6820 ± 2.2401,0.3608,0.007071067811865481,0.3608 ± 0.0071,0.5218499999999999,0.0020506096654409976,0.5218 ± 0.0021,0.61415,0.03712310601229374,0.6141 ± 0.0371,1.0,0.0,1.0000 ± 0.0000,0.7081,0.015273506473629392,0.7081 ± 0.0153,0.9922500000000001,0.006151828996322992,0.9923 ± 0.0062,0.5446500000000001,0.003181980515339506,0.5447 ± 0.0032,0.4916,0.0028284271247461927,0.4916 ± 0.0028,0.76815,0.00021213203435594088,0.7681 ± 0.0002,0.30820000000000003,0.00820243866176395,0.3082 ± 0.0082
UNet_DP_Morph,LungInfection,True,automatic,200.0,True,close,9,0.0001,24,1.5,,training,1.3182762265205383,0.08953550057108796,1.3183 ± 0.0895,134.35216212272644,1.6782308623394018,134.3522 ± 1.6782,0.39344999999999997,0.000636396103067862,0.3934 ± 0.0006,0.54305,0.0036062445840513878,0.5431 ± 0.0036,0.62605,0.02580939751330897,0.6260 ± 0.0258,1.0,0.0,1.0000 ± 0.0000,0.7153499999999999,0.02510229073212242,0.7153 ± 0.0251,0.99285,0.004030508652763348,0.9929 ± 0.0040,0.55575,0.008697413408594519,0.5557 ± 0.0087,0.5285,0.012869343417595162,0.5285 ± 0.0129,0.7724500000000001,0.0033234018715768,0.7725 ± 0.0033,0.30045,0.01421284630184961,0.3004 ± 0.0142
UNet_DP_Morph,LungInfection,True,automatic,200.0,True,open,3,0.0001,24,1.5,,training,1.1861318349838257,0.03263430480198525,1.1861 ± 0.0326,129.2368607521057,3.6733706221279876,129.2369 ± 3.6734,0.33904999999999996,0.0450427019615831,0.3390 ± 0.0450,0.52565,0.020718228688765838,0.5256 ± 0.0207,0.7161,0.022203152929257577,0.7161 ± 0.0222,1.0,0.0,1.0000 ± 0.0000,0.5311,0.11271282092113566,0.5311 ± 0.1127,0.99255,0.009404520189781067,0.9926 ± 0.0094,0.4606,0.07269057710597708,0.4606 ± 0.0727,0.4108,0.07933738084913061,0.4108 ± 0.0793,0.7738,0.004384062043356583,0.7738 ± 0.0044,0.4405,0.08994398256692883,0.4405 ± 0.0899
UNet_DP_Morph,LungInfection,True,automatic,200.0,True,open,5,0.0001,24,1.5,,training,1.1148177981376648,0.0007514783089492406,1.1148 ± 0.0008,129.03855431079865,1.369815566389537,129.0386 ± 1.3698,0.37560000000000004,0.020364675298172565,0.3756 ± 0.0204,0.5346500000000001,0.007707463914933382,0.5347 ± 0.0077,0.69225,0.0004949747468306073,0.6923 ± 0.0005,1.0,0.0,1.0000 ± 0.0000,0.61095,0.03754737008100562,0.6109 ± 0.0375,0.994,0.002545584412271605,0.9940 ± 0.0025,0.5072,0.02418305191657993,0.5072 ± 0.0242,0.475,0.037193816690412385,0.4750 ± 0.0372,0.77135,0.013930003589375023,0.7713 ± 0.0139,0.38044999999999995,0.030334880912902883,0.3804 ± 0.0303
UNet_DP_Morph,LungInfection,True,automatic,200.0,True,open,7,0.0001,24,1.5,,training,1.1438584327697754,0.017560231550972933,1.1439 ± 0.0176,130.52762722969055,0.9045775791020334,130.5276 ± 0.9046,0.36,0.027718585822512673,0.3600 ± 0.0277,0.51685,0.01491995308303616,0.5169 ± 0.0149,0.7099,0.010748023074035516,0.7099 ± 0.0107,1.0,0.0,1.0000 ± 0.0000,0.5799000000000001,0.055012907576313386,0.5799 ± 0.0550,0.9947,0.004384062043356583,0.9947 ± 0.0044,0.49285,0.030052038200428257,0.4929 ± 0.0301,0.4488,0.044264884502277904,0.4488 ± 0.0443,0.7681,0.006363961030678934,0.7681 ± 0.0064,0.40245,0.04263853890554879,0.4024 ± 0.0426
UNet_DP_Morph,LungInfection,True,automatic,200.0,True,open,9,0.0001,24,1.5,,training,1.1068459153175354,0.023062334036676107,1.1068 ± 0.0231,129.8944343328476,0.6536259707614979,129.8944 ± 0.6536,0.36145,0.02326381310103744,0.3614 ± 0.0233,0.5204,0.006929646455628187,0.5204 ± 0.0069,0.74675,0.022273863607376227,0.7468 ± 0.0223,1.0,0.0,1.0000 ± 0.0000,0.5508500000000001,0.05140666299226207,0.5509 ± 0.0514,0.9964,0.004666904755831249,0.9964 ± 0.0047,0.47905,0.03090056633785214,0.4790 ± 0.0309,0.43855,0.04306280297426071,0.4385 ± 0.0431,0.77205,0.01110157646462883,0.7721 ± 0.0111,0.4215,0.03846660889654819,0.4215 ± 0.0385
UNet_DP_Morph,LungInfection,True,base,200.0,True,both,3,0.0001,24,1.5,,training,1.1409697532653809,0.031046042962700717,1.1410 ± 0.0310,132.20127367973328,0.7904816769107981,132.2013 ± 0.7905,0.34485,0.0024748737341529184,0.3448 ± 0.0025,0.54965,0.006434671708797581,0.5496 ± 0.0064,0.70295,0.005868986283848326,0.7029 ± 0.0059,1.0,0.0,1.0000 ± 0.0000,0.54145,0.007000357133746834,0.5414 ± 0.0070,0.9976499999999999,0.00035355339059331333,0.9976 ± 0.0004,0.4652,0.0007071067811865482,0.4652 ± 0.0007,0.4169,0.0021213203435596446,0.4169 ± 0.0021,0.7866500000000001,0.0034648232278140937,0.7867 ± 0.0035,0.43505,0.006293250352560286,0.4350 ± 0.0063
UNet_DP_Morph,LungInfection,True,base,200.0,True,both,5,0.0001,24,1.5,,training,1.1348666548728943,0.01599885940103851,1.1349 ± 0.0160,130.6944863796234,1.2296582447152875,130.6945 ± 1.2297,0.34925,0.014071424945612317,0.3493 ± 0.0141,0.51605,0.00601040764008562,0.5161 ± 0.0060,0.70685,0.0034648232278140937,0.7068 ± 0.0035,1.0,0.0,1.0000 ± 0.0000,0.5627,0.045113412639701714,0.5627 ± 0.0451,0.9935499999999999,0.004454772721475308,0.9935 ± 0.0045,0.47905,0.028637824638055198,0.4790 ± 0.0286,0.43455,0.028496403281817868,0.4345 ± 0.0285,0.7631,0.004384062043356583,0.7631 ± 0.0044,0.4175,0.03606244584051392,0.4175 ± 0.0361
UNet_DP_Morph,LungInfection,True,base,200.0,True,both,7,0.0001,24,1.5,,training,1.1054543256759644,0.019325678741397262,1.1055 ± 0.0193,134.72580742835999,3.0069473508720255,134.7258 ± 3.0069,0.34915,0.019162593770155445,0.3492 ± 0.0192,0.5271,0.00975807358037438,0.5271 ± 0.0098,0.7252000000000001,0.015414927829866688,0.7252 ± 0.0154,1.0,0.0,1.0000 ± 0.0000,0.5276,0.014283556979968257,0.5276 ± 0.0143,0.9876,0.00028284271247458785,0.9876 ± 0.0003,0.4609,0.01400071426749363,0.4609 ± 0.0140,0.4215,0.03040559159102153,0.4215 ± 0.0304,0.774,0.01131370849898477,0.7740 ± 0.0113,0.44305,0.01025304832720491,0.4430 ± 0.0103
UNet_DP_Morph,LungInfection,True,base,200.0,True,both,9,0.0001,24,1.5,,training,1.1453553438186646,0.04531477423236687,1.1454 ± 0.0453,135.4207445383072,0.8207088909006292,135.4207 ± 0.8207,0.36529999999999996,0.009475230867899753,0.3653 ± 0.0095,0.5181,0.0014142135623730963,0.5181 ± 0.0014,0.68765,0.034294678887547544,0.6876 ± 0.0343,1.0,0.0,1.0000 ± 0.0000,0.61615,0.01619274528917196,0.6161 ± 0.0162,0.99235,0.0013435028842544493,0.9923 ± 0.0013,0.5084500000000001,0.00035355339059331333,0.5085 ± 0.0004,0.4686,0.0021213203435596446,0.4686 ± 0.0021,0.7601,0.0022627416997970167,0.7601 ± 0.0023,0.37555,0.008273149339882636,0.3755 ± 0.0083
UNet_DP_Morph,LungInfection,True,base,200.0,True,close,3,0.0001,24,1.5,,training,1.3327166438102722,0.11723272353850708,1.3327 ± 0.1172,131.56125271320343,0.6607892491344095,131.5613 ± 0.6608,0.3768,0.0022627416997969777,0.3768 ± 0.0023,0.5385,0.019233304448274095,0.5385 ± 0.0192,0.68405,0.04306280297426079,0.6841 ± 0.0431,1.0,0.0,1.0000 ± 0.0000,0.63215,0.0678115403157899,0.6321 ± 0.0678,0.9896,0.0011313708498984299,0.9896 ± 0.0011,0.52105,0.02750645378815665,0.5211 ± 0.0275,0.48285,0.015485638507985412,0.4829 ± 0.0155,0.7685,0.01753624817342641,0.7685 ± 0.0175,0.362,0.054305800795126834,0.3620 ± 0.0543
UNet_DP_Morph,LungInfection,True,base,200.0,True,close,5,0.0001,24,1.5,,training,1.408805787563324,0.026995477939712735,1.4088 ± 0.0270,129.0079036951065,0.9546313449809651,129.0079 ± 0.9546,0.37045,0.0014849242404917434,0.3705 ± 0.0015,0.5194000000000001,0.0033941125496954466,0.5194 ± 0.0034,0.67545,0.02863782463805516,0.6754 ± 0.0286,1.0,0.0,1.0000 ± 0.0000,0.6414500000000001,0.017465537495307763,0.6415 ± 0.0175,0.99485,0.00035355339059323483,0.9949 ± 0.0004,0.5172000000000001,0.0035355339059327407,0.5172 ± 0.0035,0.48025,0.010535891039679576,0.4803 ± 0.0105,0.7582,0.0011313708498985084,0.7582 ± 0.0011,0.35614999999999997,0.008838834764831853,0.3561 ± 0.0088
UNet_DP_Morph,LungInfection,True,base,200.0,True,close,7,0.0001,24,1.5,,training,1.3165782690048218,0.05460528834332042,1.3166 ± 0.0546,132.04727172851562,3.2926267822737794,132.0473 ± 3.2926,0.3581,0.013435028842544376,0.3581 ± 0.0134,0.5178499999999999,0.023122391744800148,0.5178 ± 0.0231,0.6192,0.027860007178749965,0.6192 ± 0.0279,1.0,0.0,1.0000 ± 0.0000,0.6922999999999999,0.017677669529663705,0.6923 ± 0.0177,0.9975,0.0033941125496954466,0.9975 ± 0.0034,0.53625,0.002333452377915664,0.5363 ± 0.0023,0.4884,0.004101219330881995,0.4884 ± 0.0041,0.76755,0.0013435028842544493,0.7675 ± 0.0013,0.3209,0.011455129855222065,0.3209 ± 0.0115
UNet_DP_Morph,LungInfection,True,base,200.0,True,close,9,0.0001,24,1.5,,training,1.3339585661888123,0.05309769557208559,1.3340 ± 0.0531,149.17606806755066,21.46127641418367,149.1761 ± 21.4613,0.36550000000000005,0.009616652224137047,0.3655 ± 0.0096,0.54105,0.006717514421272168,0.5411 ± 0.0067,0.6193500000000001,0.010253048327204988,0.6194 ± 0.0103,1.0,0.0,1.0000 ± 0.0000,0.68865,0.01421284630184961,0.6886 ± 0.0142,0.9919,0.004949747468305837,0.9919 ± 0.0049,0.5391,0.0026870057685088986,0.5391 ± 0.0027,0.49385,0.009970205614730322,0.4939 ± 0.0100,0.7732,0.00975807358037438,0.7732 ± 0.0098,0.32275,0.011667261889578045,0.3227 ± 0.0117
UNet_DP_Morph,LungInfection,True,base,200.0,True,open,3,0.0001,24,1.5,,training,1.111812710762024,0.018659421360137048,1.1118 ± 0.0187,131.14484417438507,1.0652442316112603,131.1448 ± 1.0652,0.35745,0.020152543263816585,0.3574 ± 0.0202,0.5344,0.0029698484809834867,0.5344 ± 0.0030,0.6682,0.015839191898578648,0.6682 ± 0.0158,1.0,0.0,1.0000 ± 0.0000,0.61505,0.04136574669941303,0.6150 ± 0.0414,0.9956499999999999,0.005020458146424484,0.9956 ± 0.0050,0.50375,0.030052038200428295,0.5038 ± 0.0301,0.4566,0.03082985565973345,0.4566 ± 0.0308,0.7749,0.005656854249492385,0.7749 ± 0.0057,0.3782,0.03323401871576773,0.3782 ± 0.0332
UNet_DP_Morph,LungInfection,True,base,200.0,True,open,5,0.0001,24,1.5,,training,1.1291384100914001,0.028124507717622566,1.1291 ± 0.0281,129.60640037059784,1.6111366198453334,129.6064 ± 1.6111,0.34485,7.071067811864696e-05,0.3448 ± 0.0001,0.54905,0.010394469683442282,0.5491 ± 0.0104,0.7083,0.0029698484809834867,0.7083 ± 0.0030,1.0,0.0,1.0000 ± 0.0000,0.5358,0.0015556349186104687,0.5358 ± 0.0016,0.9924999999999999,0.000989949493661136,0.9925 ± 0.0010,0.46325,0.004030508652763348,0.4632 ± 0.0040,0.41600000000000004,0.0025455844122715655,0.4160 ± 0.0025,0.78915,0.003889087296526054,0.7892 ± 0.0039,0.43745,0.0014849242404917434,0.4375 ± 0.0015
UNet_DP_Morph,LungInfection,True,base,200.0,True,open,7,0.0001,24,1.5,,training,1.1387813091278076,0.01014558937354241,1.1388 ± 0.0101,129.11342084407806,3.1287876521834406,129.1134 ± 3.1288,0.2982,0.1220466304327981,0.2982 ± 0.1220,0.437,0.12473363620130698,0.4370 ± 0.1247,0.66905,0.015768481220460002,0.6691 ± 0.0158,1.0,0.0,1.0000 ± 0.0000,0.4929,0.2340523445727472,0.4929 ± 0.2341,0.98455,0.01930401512639274,0.9846 ± 0.0193,0.45135000000000003,0.10882373362460965,0.4514 ± 0.1088,0.3897,0.15542207050480314,0.3897 ± 0.1554,0.7144,0.07438763338082477,0.7144 ± 0.0744,0.43735,0.13215825740376577,0.4374 ± 0.1322
UNet_DP_Morph,LungInfection,True,base,200.0,True,open,9,0.0001,24,1.5,,training,1.1147610545158386,0.01936908999536364,1.1148 ± 0.0194,132.56098973751068,1.1915883451545493,132.5610 ± 1.1916,0.35175,0.006576093065034874,0.3518 ± 0.0066,0.52115,0.025667976157071674,0.5212 ± 0.0257,0.69875,0.004171930009000642,0.6987 ± 0.0042,1.0,0.0,1.0000 ± 0.0000,0.5835999999999999,0.014990663761154805,0.5836 ± 0.0150,0.9935,0.007353910524340148,0.9935 ± 0.0074,0.4914,0.0164048773235279,0.4914 ± 0.0164,0.4406,0.004384062043356583,0.4406 ± 0.0044,0.7706999999999999,0.004808326112068543,0.7707 ± 0.0048,0.4001,0.011879393923933985,0.4001 ± 0.0119
UNet_DP_Morph,LungInfection,True,nsgd,200.0,True,both,3,0.0001,24,1.5,,training,1.3690947890281677,0.05991722424854228,1.3691 ± 0.0599,129.6098563671112,1.9634743267401589,129.6099 ± 1.9635,0.3123,0.0014142135623730963,0.3123 ± 0.0014,0.49515,0.0026162950903902125,0.4951 ± 0.0026,0.69045,0.042497117549311535,0.6905 ± 0.0425,1.0,0.0,1.0000 ± 0.0000,0.5312,0.047941839764447935,0.5312 ± 0.0479,0.9986,0.0014142135623730963,0.9986 ± 0.0014,0.46295,0.024112341238461246,0.4629 ± 0.0241,0.40305,0.02043538597629121,0.4031 ± 0.0204,0.7592,0.014000714267493669,0.7592 ± 0.0140,0.4406,0.03493107499061545,0.4406 ± 0.0349
UNet_DP_Morph,LungInfection,True,nsgd,200.0,True,both,5,0.0001,24,1.5,,training,1.2787283062934875,0.022276548193038998,1.2787 ± 0.0223,131.3230437040329,0.937345067945313,131.3230 ± 0.9373,0.31225,0.009828784258492988,0.3123 ± 0.0098,0.48495,0.009263098833543773,0.4849 ± 0.0093,0.6755,0.019657568516986055,0.6755 ± 0.0197,1.0,0.0,1.0000 ± 0.0000,0.5521,0.055012907576313386,0.5521 ± 0.0550,0.9977,0.0015556349186103902,0.9977 ± 0.0016,0.46925,0.03457752160002221,0.4693 ± 0.0346,0.40335,0.02934493141924171,0.4033 ± 0.0293,0.7502,0.013152186130069748,0.7502 ± 0.0132,0.4265,0.04384062043356595,0.4265 ± 0.0438
UNet_DP_Morph,LungInfection,True,nsgd,200.0,True,both,7,0.0001,24,1.5,,training,1.286472499370575,0.038077907461955454,1.2865 ± 0.0381,131.21848940849304,2.326557625543948,131.2185 ± 2.3266,0.2656,0.04624478348960022,0.2656 ± 0.0462,0.45575,0.03882016228714146,0.4557 ± 0.0388,0.6474500000000001,0.09355022715098021,0.6475 ± 0.0936,1.0,0.0,1.0000 ± 0.0000,0.48855,0.020718228688765838,0.4885 ± 0.0207,0.99785,0.0026162950903902515,0.9979 ± 0.0026,0.4409,0.012869343417595162,0.4409 ± 0.0129,0.36605,0.0034648232278140937,0.3660 ± 0.0035,0.73665,0.024678026663410537,0.7367 ± 0.0247,0.45965,0.03712310601229374,0.4597 ± 0.0371
UNet_DP_Morph,LungInfection,True,nsgd,200.0,True,both,9,0.0001,24,1.5,,training,1.2383189797401428,0.03664794918567785,1.2383 ± 0.0366,135.87674272060394,0.3641057813486433,135.8767 ± 0.3641,0.28569999999999995,0.0253144227664784,0.2857 ± 0.0253,0.44945,0.01463711037056153,0.4495 ± 0.0146,0.6527000000000001,0.011596551211459437,0.6527 ± 0.0116,1.0,0.0,1.0000 ± 0.0000,0.52475,0.05225519112968584,0.5248 ± 0.0523,0.9963,0.0028284271247461927,0.9963 ± 0.0028,0.45955,0.014354267658086905,0.4596 ± 0.0144,0.39144999999999996,0.023263813101037402,0.3914 ± 0.0233,0.7393000000000001,0.01824335495461288,0.7393 ± 0.0182,0.43295,0.021425335469952386,0.4330 ± 0.0214
UNet_DP_Morph,LungInfection,True,nsgd,200.0,True,close,3,0.0001,24,1.5,,training,1.3625361323356628,0.03269137163486916,1.3625 ± 0.0327,128.08302688598633,5.147779662243484,128.0830 ± 5.1478,0.3084,0.023475945135393382,0.3084 ± 0.0235,0.5096,0.022910259710444168,0.5096 ± 0.0229,0.6185,0.024324473272817303,0.6185 ± 0.0243,1.0,0.0,1.0000 ± 0.0000,0.6084,0.030547012947258863,0.6084 ± 0.0305,0.9989,0.0011313708498985084,0.9989 ± 0.0011,0.49634999999999996,0.012940054095713768,0.4963 ± 0.0129,0.41779999999999995,0.027435743110038043,0.4178 ± 0.0274,0.7604,0.010323759005323634,0.7604 ± 0.0103,0.3857,0.01866761902332484,0.3857 ± 0.0187
UNet_DP_Morph,LungInfection,True,nsgd,200.0,True,close,5,0.0001,24,1.5,,training,1.3620861768722534,0.04700772884335246,1.3621 ± 0.0470,134.0365433692932,2.0852079122311444,134.0365 ± 2.0852,0.2734,0.03394112549695427,0.2734 ± 0.0339,0.4724,0.011455129855222065,0.4724 ± 0.0115,0.6313500000000001,0.009263098833543773,0.6314 ± 0.0093,1.0,0.0,1.0000 ± 0.0000,0.5462,0.06576093065034894,0.5462 ± 0.0658,0.9992000000000001,0.0005656854249492542,0.9992 ± 0.0006,0.4582,0.04087077195258242,0.4582 ± 0.0409,0.364,0.0479418397644479,0.3640 ± 0.0479,0.7523,0.006505382386916227,0.7523 ± 0.0065,0.43125,0.04956818536117698,0.4313 ± 0.0496
UNet_DP_Morph,LungInfection,True,nsgd,200.0,True,close,7,0.0001,24,1.5,,training,1.4642906188964844,0.08644622086893644,1.4643 ± 0.0864,133.64050424098969,0.5864708682181798,133.6405 ± 0.5865,0.28515,0.008838834764831853,0.2852 ± 0.0088,0.485,0.004384062043356583,0.4850 ± 0.0044,0.6254,0.023193102422918794,0.6254 ± 0.0232,1.0,0.0,1.0000 ± 0.0000,0.5635,0.05883128419472071,0.5635 ± 0.0588,0.9984,0.0019798989873223505,0.9984 ± 0.0020,0.4629,0.04143645737753172,0.4629 ± 0.0414,0.3886,0.035213917703090035,0.3886 ± 0.0352,0.7512,0.014424978336205551,0.7512 ± 0.0144,0.42364999999999997,0.044759859249108434,0.4236 ± 0.0448
UNet_DP_Morph,LungInfection,True,nsgd,200.0,True,close,9,0.0001,24,1.5,,training,1.4513386487960815,0.03579498126551421,1.4513 ± 0.0358,134.43250405788422,1.617239820684499,134.4325 ± 1.6172,0.28585,0.03259762261269986,0.2858 ± 0.0326,0.4827,0.021071782079359114,0.4827 ± 0.0211,0.6315500000000001,0.01534421715174804,0.6316 ± 0.0153,1.0,0.0,1.0000 ± 0.0000,0.5407,0.03082985565973345,0.5407 ± 0.0308,0.9996,0.00028284271247466634,0.9996 ± 0.0003,0.45499999999999996,0.0032526911934581135,0.4550 ± 0.0033,0.3861,0.02913279938488577,0.3861 ± 0.0291,0.7544,0.016970562748477157,0.7544 ± 0.0170,0.4374,0.0164048773235279,0.4374 ± 0.0164
UNet_DP_Morph,LungInfection,True,nsgd,200.0,True,open,3,0.0001,24,1.5,,training,1.3109089136123657,0.04860678027585594,1.3109 ± 0.0486,130.81619441509247,1.7173888249412972,130.8162 ± 1.7174,0.3073,0.03068843430349616,0.3073 ± 0.0307,0.4995,0.014849242404917511,0.4995 ± 0.0148,0.65935,0.09015611460128477,0.6593 ± 0.0902,1.0,0.0,1.0000 ± 0.0000,0.5615,0.05331585130146562,0.5615 ± 0.0533,0.99335,0.008414570696119852,0.9933 ± 0.0084,0.48014999999999997,0.01576848122046004,0.4801 ± 0.0158,0.40645,0.003889087296526015,0.4064 ± 0.0039,0.76115,0.005868986283848326,0.7611 ± 0.0059,0.41755,0.03867874093090417,0.4175 ± 0.0387
UNet_DP_Morph,LungInfection,True,nsgd,200.0,True,open,5,0.0001,24,1.5,,training,1.2267690896987915,0.02658404040454923,1.2268 ± 0.0266,148.63047397136688,23.847569105296873,148.6305 ± 23.8476,0.30075,0.05635641046056783,0.3008 ± 0.0564,0.5055499999999999,0.0383958982184295,0.5055 ± 0.0384,0.64435,0.022273863607376227,0.6443 ± 0.0223,1.0,0.0,1.0000 ± 0.0000,0.54055,0.0765796644025031,0.5405 ± 0.0766,0.99895,0.0007778174593052736,0.9990 ± 0.0008,0.4689,0.029839906166072315,0.4689 ± 0.0298,0.39385000000000003,0.05678067452927975,0.3939 ± 0.0568,0.7624,0.023617366491630678,0.7624 ± 0.0236,0.4189,0.030122748878546903,0.4189 ± 0.0301
UNet_DP_Morph,LungInfection,True,nsgd,200.0,True,open,7,0.0001,24,1.5,,training,1.2562370300292969,0.003356912190195845,1.2562 ± 0.0034,129.04041421413422,3.1784959824919774,129.0404 ± 3.1785,0.2742,0.004808326112068543,0.2742 ± 0.0048,0.4762,0.0019798989873223505,0.4762 ± 0.0020,0.6219,0.0016970562748476843,0.6219 ± 0.0017,1.0,0.0,1.0000 ± 0.0000,0.5321499999999999,0.026233661582020926,0.5321 ± 0.0262,0.99675,0.0031819805153394274,0.9968 ± 0.0032,0.46835,0.0013435028842544493,0.4683 ± 0.0013,0.37785,0.007424621202458756,0.3779 ± 0.0074,0.76275,0.02085965004500313,0.7628 ± 0.0209,0.4158,0.0005656854249492542,0.4158 ± 0.0006
UNet_DP_Morph,LungInfection,True,nsgd,200.0,True,open,9,0.0001,24,1.5,,training,1.2472718358039856,0.023494254940215748,1.2473 ± 0.0235,131.84011018276215,3.4341274083037683,131.8401 ± 3.4341,0.2802,0.053881536726414936,0.2802 ± 0.0539,0.4658,0.01400071426749363,0.4658 ± 0.0140,0.6767,0.04681046891454947,0.6767 ± 0.0468,1.0,0.0,1.0000 ± 0.0000,0.48075,0.04447701653663385,0.4808 ± 0.0445,0.99905,0.00035355339059323483,0.9990 ± 0.0004,0.4393,0.015980613254815982,0.4393 ± 0.0160,0.36119999999999997,0.050770266889194136,0.3612 ± 0.0508,0.7376,0.024748737341529183,0.7376 ± 0.0247,0.46865,0.01647558800164655,0.4687 ± 0.0165
UNet_DP_Morph,LungInfection,True,psac,200.0,True,both,3,0.0001,24,1.5,,training,1.2123624682426453,0.028513101660892853,1.2124 ± 0.0285,136.3708494901657,3.5964898814096795,136.3708 ± 3.5965,0.3518,0.01668772003600249,0.3518 ± 0.0167,0.5244500000000001,0.010960155108391456,0.5245 ± 0.0110,0.6987,0.01470782104868014,0.6987 ± 0.0147,1.0,0.0,1.0000 ± 0.0000,0.5594,0.050346002820482134,0.5594 ± 0.0503,0.9946,0.004242640687119289,0.9946 ± 0.0042,0.47450000000000003,0.03535533905932737,0.4745 ± 0.0354,0.43715000000000004,0.037405948724768365,0.4372 ± 0.0374,0.767,0.010889444430272888,0.7670 ± 0.0109,0.4224,0.039597979746446695,0.4224 ± 0.0396
UNet_DP_Morph,LungInfection,True,psac,200.0,True,both,5,0.0001,24,1.5,,training,1.1601592898368835,0.014218745107332077,1.1602 ± 0.0142,140.4146636724472,1.8351063215313765,140.4147 ± 1.8351,0.3464,0.006505382386916227,0.3464 ± 0.0065,0.5222,0.011596551211459359,0.5222 ± 0.0116,0.69935,0.011242997820866124,0.6994 ± 0.0112,1.0,0.0,1.0000 ± 0.0000,0.5570999999999999,0.03210264786586925,0.5571 ± 0.0321,0.9924999999999999,0.006505382386916227,0.9925 ± 0.0065,0.47065,0.009404520189781067,0.4707 ± 0.0094,0.4274,0.0151320851173921,0.4274 ± 0.0151,0.77095,0.012374368670764553,0.7710 ± 0.0124,0.4216,0.022910259710444168,0.4216 ± 0.0229
UNet_DP_Morph,LungInfection,True,psac,200.0,True,both,7,0.0001,24,1.5,,training,1.2222955226898193,0.013161955027770076,1.2223 ± 0.0132,139.95834946632385,0.7315027258038054,139.9583 ± 0.7315,0.34885,0.005868986283848326,0.3488 ± 0.0059,0.50895,0.005161879502661778,0.5090 ± 0.0052,0.6918500000000001,0.0321733585439879,0.6919 ± 0.0322,1.0,0.0,1.0000 ± 0.0000,0.5868500000000001,0.06059905114768712,0.5869 ± 0.0606,0.9933000000000001,0.0021213203435596446,0.9933 ± 0.0021,0.491,0.026728636328851498,0.4910 ± 0.0267,0.44725000000000004,0.030052038200428295,0.4473 ± 0.0301,0.7629999999999999,0.0022627416997969383,0.7630 ± 0.0023,0.3981,0.04751757569573598,0.3981 ± 0.0475
UNet_DP_Morph,LungInfection,True,psac,200.0,True,both,9,0.0001,24,1.5,,training,1.1753230690956116,0.015917600277109194,1.1753 ± 0.0159,159.67427325248718,23.047767411481164,159.6743 ± 23.0478,0.33915,0.0009192388155424891,0.3392 ± 0.0009,0.50365,0.006151828996322954,0.5037 ± 0.0062,0.7034499999999999,0.04645691552395616,0.7034 ± 0.0465,1.0,0.0,1.0000 ± 0.0000,0.5662,0.04822468247692249,0.5662 ± 0.0482,0.9986999999999999,0.0004242640687119603,0.9987 ± 0.0004,0.48495,0.015768481220460002,0.4849 ± 0.0158,0.42835,0.021708178182427013,0.4284 ± 0.0217,0.75495,0.006293250352560286,0.7550 ± 0.0063,0.41435,0.034294678887547544,0.4143 ± 0.0343
UNet_DP_Morph,LungInfection,True,psac,200.0,True,close,3,0.0001,24,1.5,,training,1.3797136545181274,0.07345066159908738,1.3797 ± 0.0735,138.21854627132416,3.6494627380164757,138.2185 ± 3.6495,0.34735,0.011525840533340711,0.3473 ± 0.0115,0.5162500000000001,0.013505739520663062,0.5163 ± 0.0135,0.67645,0.021849599538664267,0.6764 ± 0.0218,1.0,0.0,1.0000 ± 0.0000,0.59985,0.008980256121069107,0.5998 ± 0.0090,0.99705,0.0027577164466275456,0.9970 ± 0.0028,0.4961,0.01470782104868014,0.4961 ± 0.0147,0.44625,0.007848885271170676,0.4462 ± 0.0078,0.7639499999999999,0.007848885271170676,0.7639 ± 0.0078,0.38915,0.010111626970967616,0.3891 ± 0.0101
UNet_DP_Morph,LungInfection,True,psac,200.0,True,close,5,0.0001,24,1.5,,training,1.3482550978660583,0.0013533353056846503,1.3483 ± 0.0014,136.55983412265778,0.32904499818418886,136.5598 ± 0.3290,0.3557,0.015839191898578686,0.3557 ± 0.0158,0.51315,0.004171930009000642,0.5131 ± 0.0042,0.6633,0.026021529547664908,0.6633 ± 0.0260,1.0,0.0,1.0000 ± 0.0000,0.63535,0.046739758236430826,0.6353 ± 0.0467,0.99475,0.006151828996322992,0.9948 ± 0.0062,0.5147999999999999,0.02248599564173217,0.5148 ± 0.0225,0.46615,0.036274577874869894,0.4662 ± 0.0363,0.7609999999999999,0.0022627416997969383,0.7610 ± 0.0023,0.3627,0.03464823227814082,0.3627 ± 0.0346
UNet_DP_Morph,LungInfection,True,psac,200.0,True,close,7,0.0001,24,1.5,,training,1.34995836019516,0.09238395318084822,1.3500 ± 0.0924,137.5642341375351,1.5000061699153246,137.5642 ± 1.5000,0.35935,0.014071424945612317,0.3594 ± 0.0141,0.515,0.03266833329081851,0.5150 ± 0.0327,0.6138,0.009899494936611674,0.6138 ± 0.0099,1.0,0.0,1.0000 ± 0.0000,0.6931,0.0038183766184073284,0.6931 ± 0.0038,0.99575,0.004171930009000642,0.9958 ± 0.0042,0.5358,0.010323759005323634,0.5358 ± 0.0103,0.492,0.01711198410471445,0.4920 ± 0.0171,0.7604,0.013717871555019003,0.7604 ± 0.0137,0.32035,0.004030508652763309,0.3204 ± 0.0040
UNet_DP_Morph,LungInfection,True,psac,200.0,True,close,9,0.0001,24,1.5,,training,1.4045608043670654,0.05535229908632735,1.4046 ± 0.0554,158.2547391653061,24.61913224202291,158.2547 ± 24.6191,0.34095,0.004171930009000603,0.3409 ± 0.0042,0.5165500000000001,0.017465537495307763,0.5166 ± 0.0175,0.6139,0.024041630560342638,0.6139 ± 0.0240,1.0,0.0,1.0000 ± 0.0000,0.6710499999999999,0.04080006127446377,0.6710 ± 0.0408,0.9973000000000001,0.0038183766184073284,0.9973 ± 0.0038,0.5222,0.02262741699796954,0.5222 ± 0.0226,0.46315,0.023546655813512028,0.4632 ± 0.0235,0.7682,0.010748023074035516,0.7682 ± 0.0107,0.33795,0.030334880912902883,0.3379 ± 0.0303
UNet_DP_Morph,LungInfection,True,psac,200.0,True,open,3,0.0001,24,1.5,,training,1.2935831546783447,0.02013540399498856,1.2936 ± 0.0201,138.4750565290451,1.289781061290866,138.4751 ± 1.2898,0.31165,0.017182694782833095,0.3116 ± 0.0172,0.49745,0.005303300858899072,0.4975 ± 0.0053,0.73315,0.007566042558696089,0.7331 ± 0.0076,1.0,0.0,1.0000 ± 0.0000,0.4687,0.041436457377531676,0.4687 ± 0.0414,0.99915,0.0007778174593051951,0.9991 ± 0.0008,0.4323,0.027860007178749965,0.4323 ± 0.0279,0.37370000000000003,0.03365828278447969,0.3737 ± 0.0337,0.75885,0.0009192388155424891,0.7589 ± 0.0009,0.48525,0.03302188668141182,0.4853 ± 0.0330
UNet_DP_Morph,LungInfection,True,psac,200.0,True,open,5,0.0001,24,1.5,,training,1.2261053919792175,0.0352107416514562,1.2261 ± 0.0352,139.9640371799469,2.817381615863243,139.9640 ± 2.8174,0.28005,0.08944900782009826,0.2801 ± 0.0894,0.45055,0.0908632213824714,0.4506 ± 0.0909,0.6495500000000001,0.043628488399209964,0.6496 ± 0.0436,1.0,0.0,1.0000 ± 0.0000,0.49015,0.12438008281071368,0.4901 ± 0.1244,0.98645,0.007000357133746756,0.9865 ± 0.0070,0.44525000000000003,0.05395224740453356,0.4453 ± 0.0540,0.3732,0.08951971849821691,0.3732 ± 0.0895,0.7462,0.03592102448427659,0.7462 ± 0.0359,0.44789999999999996,0.06038691911333114,0.4479 ± 0.0604
UNet_DP_Morph,LungInfection,True,psac,200.0,True,open,7,0.0001,24,1.5,,training,1.2108677625656128,0.04315500112727462,1.2109 ± 0.0432,140.45640361309052,1.3742285100160219,140.4564 ± 1.3742,0.3211,0.0038183766184073284,0.3211 ± 0.0038,0.5065000000000001,0.025880108191427654,0.5065 ± 0.0259,0.72495,0.034718942956259505,0.7249 ± 0.0347,1.0,0.0,1.0000 ± 0.0000,0.50755,0.04179001076812499,0.5075 ± 0.0418,0.9993000000000001,0.0004242640687119603,0.9993 ± 0.0004,0.45415000000000005,0.020293964620053916,0.4542 ± 0.0203,0.39305,0.008131727983645304,0.3931 ± 0.0081,0.76695,0.0044547727214752295,0.7670 ± 0.0045,0.45594999999999997,0.026233661582020888,0.4559 ± 0.0262
UNet_DP_Morph,LungInfection,True,psac,200.0,True,open,9,0.0001,24,1.5,,training,1.1798951029777527,0.0433069826630049,1.1799 ± 0.0433,138.66092836856842,2.493528772240808,138.6609 ± 2.4935,0.2971,0.06703372285648469,0.2971 ± 0.0670,0.46824999999999994,0.045325544674057694,0.4682 ± 0.0453,0.6890499999999999,0.026092240225783634,0.6890 ± 0.0261,1.0,0.0,1.0000 ± 0.0000,0.49434999999999996,0.09680291834443834,0.4943 ± 0.0968,0.9913,0.004101219330881995,0.9913 ± 0.0041,0.44915,0.05112382027978741,0.4491 ± 0.0511,0.38380000000000003,0.06972072862499357,0.3838 ± 0.0697,0.7514,0.016970562748477157,0.7514 ± 0.0170,0.45595,0.05847773080412748,0.4560 ± 0.0585
UNet_DP_Morph,LungInfection,True,automatic,200.0,True,both,3,0.0001,24,2.0,,training,1.185790240764618,0.02170992596165854,1.1858 ± 0.0217,132.3061864376068,1.4458419061948022,132.3062 ± 1.4458,0.34604999999999997,0.008980256121069147,0.3460 ± 0.0090,0.5259,0.020081832585697935,0.5259 ± 0.0201,0.7139500000000001,0.007848885271170676,0.7140 ± 0.0078,1.0,0.0,1.0000 ± 0.0000,0.5484,0.004101219330881995,0.5484 ± 0.0041,0.9964,0.004525483399593955,0.9964 ± 0.0045,0.4763,0.00014142135623729392,0.4763 ± 0.0001,0.4228,0.00735391052434007,0.4228 ± 0.0074,0.77155,0.011242997820866124,0.7715 ± 0.0112,0.42769999999999997,0.0016970562748477233,0.4277 ± 0.0017
UNet_DP_Morph,LungInfection,True,automatic,200.0,True,both,5,0.0001,24,2.0,,training,1.1098368763923645,0.003839999367827555,1.1098 ± 0.0038,133.16557908058167,1.153549128499527,133.1656 ± 1.1535,0.3634,0.006929646455628187,0.3634 ± 0.0069,0.53795,0.0072831998462214225,0.5380 ± 0.0073,0.6806,0.03733523804664968,0.6806 ± 0.0373,1.0,0.0,1.0000 ± 0.0000,0.5928,0.06519524522539973,0.5928 ± 0.0652,0.98915,0.006576093065034874,0.9891 ± 0.0066,0.4931,0.024041630560342597,0.4931 ± 0.0240,0.4578,0.03040559159102153,0.4578 ± 0.0304,0.7756000000000001,0.006929646455628109,0.7756 ± 0.0069,0.39525,0.04928534264870235,0.3952 ± 0.0493
UNet_DP_Morph,LungInfection,True,automatic,200.0,True,both,7,0.0001,24,2.0,,training,1.2217349410057068,0.1228603393390757,1.2217 ± 0.1229,133.85259640216827,0.3040502311432883,133.8526 ± 0.3041,0.3175,0.0016970562748476843,0.3175 ± 0.0017,0.5066999999999999,0.015414927829866688,0.5067 ± 0.0154,0.7486999999999999,0.010323759005323634,0.7487 ± 0.0103,1.0,0.0,1.0000 ± 0.0000,0.46085,0.019586857838867367,0.4608 ± 0.0196,0.98675,0.017182694782833095,0.9868 ± 0.0172,0.43074999999999997,0.015909902576697336,0.4307 ± 0.0159,0.3778,0.021920310216782955,0.3778 ± 0.0219,0.7820499999999999,0.0033234018715768,0.7820 ± 0.0033,0.48760000000000003,0.012727922061357828,0.4876 ± 0.0127
UNet_DP_Morph,LungInfection,True,automatic,200.0,True,both,9,0.0001,24,2.0,,training,1.1284173727035522,0.0070228450736732504,1.1284 ± 0.0070,135.0338350534439,1.169024271160969,135.0338 ± 1.1690,0.3573,0.023475945135393382,0.3573 ± 0.0235,0.53205,0.017465537495307683,0.5321 ± 0.0175,0.7266,0.012586500705120572,0.7266 ± 0.0126,1.0,0.0,1.0000 ± 0.0000,0.56255,0.043345645686735296,0.5625 ± 0.0433,0.9977,0.002545584412271605,0.9977 ± 0.0025,0.48160000000000003,0.03111269837220812,0.4816 ± 0.0311,0.4364,0.02814284989122459,0.4364 ± 0.0281,0.7736000000000001,0.013435028842544414,0.7736 ± 0.0134,0.41455,0.0383958982184295,0.4145 ± 0.0384
UNet_DP_Morph,LungInfection,True,automatic,200.0,True,close,3,0.0001,24,2.0,,training,1.2987098693847656,0.04648156758654246,1.2987 ± 0.0465,128.3606070280075,0.3091257232283642,128.3606 ± 0.3091,0.35205,0.0060104076400856596,0.3520 ± 0.0060,0.5265,0.008061017305526618,0.5265 ± 0.0081,0.65455,0.04405275246792193,0.6545 ± 0.0441,1.0,0.0,1.0000 ± 0.0000,0.64805,0.04150716805565032,0.6481 ± 0.0415,0.99755,0.0027577164466275456,0.9976 ± 0.0028,0.5153,0.023758787847868012,0.5153 ± 0.0238,0.45965,0.011384419177103419,0.4597 ± 0.0114,0.7740499999999999,0.014778531726798863,0.7740 ± 0.0148,0.3524,0.027152900397563417,0.3524 ± 0.0272
UNet_DP_Morph,LungInfection,True,automatic,200.0,True,close,5,0.0001,24,2.0,,training,1.2871260046958923,0.08757988680018247,1.2871 ± 0.0876,128.15363585948944,2.527065862537897,128.1536 ± 2.5271,0.37145,0.008980256121069185,0.3715 ± 0.0090,0.5415,0.004101219330881995,0.5415 ± 0.0041,0.63365,0.001060660171779783,0.6337 ± 0.0011,1.0,0.0,1.0000 ± 0.0000,0.70035,0.0007778174593051951,0.7004 ± 0.0008,0.99785,0.0014849242404917434,0.9979 ± 0.0015,0.54695,0.002192031021678291,0.5470 ± 0.0022,0.4991,0.015273506473629432,0.4991 ± 0.0153,0.7774,0.0014142135623730963,0.7774 ± 0.0014,0.31210000000000004,0.0016970562748477233,0.3121 ± 0.0017
UNet_DP_Morph,LungInfection,True,automatic,200.0,True,close,7,0.0001,24,2.0,,training,1.3379557728767395,0.0422378014099807,1.3380 ± 0.0422,128.12006747722626,0.7311566158838239,128.1201 ± 0.7312,0.33135000000000003,0.062437528778772136,0.3314 ± 0.0624,0.52905,0.011242997820866124,0.5291 ± 0.0112,0.58395,0.03415325753131025,0.5839 ± 0.0342,1.0,0.0,1.0000 ± 0.0000,0.6874,0.03309259735953039,0.6874 ± 0.0331,0.9970000000000001,0.0007071067811865482,0.9970 ± 0.0007,0.5318,0.018667619023324918,0.5318 ± 0.0187,0.46309999999999996,0.07085209947489207,0.4631 ± 0.0709,0.7678,0.009050966799187833,0.7678 ± 0.0091,0.3275,0.03040559159102153,0.3275 ± 0.0304
UNet_DP_Morph,LungInfection,True,automatic,200.0,True,close,9,0.0001,24,2.0,,training,1.4203113913536072,0.043550760034792066,1.4203 ± 0.0436,131.63986432552338,0.8070617413528017,131.6399 ± 0.8071,0.3735,0.019374725804511387,0.3735 ± 0.0194,0.5267,0.004949747468305837,0.5267 ± 0.0049,0.64245,0.021001071401240426,0.6424 ± 0.0210,1.0,0.0,1.0000 ± 0.0000,0.6908,0.045537676708413674,0.6908 ± 0.0455,0.9961,0.005232590180780503,0.9961 ± 0.0052,0.5427,0.01824335495461288,0.5427 ± 0.0182,0.4984,0.03478965363437815,0.4984 ± 0.0348,0.7616499999999999,0.0020506096654409976,0.7616 ± 0.0021,0.3205,0.03648670990922584,0.3205 ± 0.0365
UNet_DP_Morph,LungInfection,True,automatic,200.0,True,open,3,0.0001,24,2.0,,training,1.1830540299415588,0.025499433404970198,1.1831 ± 0.0255,130.85914278030396,0.19783899278407702,130.8591 ± 0.1978,0.34795,0.008697413408594559,0.3479 ± 0.0087,0.528,0.0021213203435596446,0.5280 ± 0.0021,0.7037,0.033516861428242346,0.7037 ± 0.0335,1.0,0.0,1.0000 ± 0.0000,0.55685,0.04263853890554883,0.5568 ± 0.0426,0.9961,0.004384062043356583,0.9961 ± 0.0044,0.4785,0.022768838354206837,0.4785 ± 0.0228,0.427,0.02800142853498726,0.4270 ± 0.0280,0.7692,0.00028284271247458785,0.7692 ± 0.0003,0.4228,0.032102647865869256,0.4228 ± 0.0321
UNet_DP_Morph,LungInfection,True,automatic,200.0,True,open,5,0.0001,24,2.0,,training,1.236435890197754,0.003064581648924127,1.2364 ± 0.0031,130.72893011569977,1.6355544808238167,130.7289 ± 1.6356,0.3327,0.018101933598375586,0.3327 ± 0.0181,0.50315,0.03981011178080264,0.5031 ± 0.0398,0.7236,0.020788939366884484,0.7236 ± 0.0208,1.0,0.0,1.0000 ± 0.0000,0.5073,0.008485281374238578,0.5073 ± 0.0085,0.9863,0.0005656854249492542,0.9863 ± 0.0006,0.4496,0.018526197667087546,0.4496 ± 0.0185,0.4066,0.010606601717798222,0.4066 ± 0.0106,0.76915,0.013647160876900434,0.7692 ± 0.0136,0.4602,0.011172287142747477,0.4602 ± 0.0112
UNet_DP_Morph,LungInfection,True,automatic,200.0,True,open,7,0.0001,24,2.0,,training,1.1355823278427124,0.005079369595138905,1.1356 ± 0.0051,129.8408454656601,3.319505513443127,129.8408 ± 3.3195,0.35155000000000003,0.010394469683442242,0.3516 ± 0.0104,0.5209999999999999,0.014990663761154805,0.5210 ± 0.0150,0.7173499999999999,0.0019091883092037035,0.7173 ± 0.0019,1.0,0.0,1.0000 ± 0.0000,0.5609999999999999,0.0217788888605457,0.5610 ± 0.0218,0.9952,0.003959797974644701,0.9952 ± 0.0040,0.47815,0.010677312395916868,0.4782 ± 0.0107,0.43325,0.020293964620053916,0.4333 ± 0.0203,0.7753,0.006222539674441561,0.7753 ± 0.0062,0.4164,0.016970562748477157,0.4164 ± 0.0170
UNet_DP_Morph,LungInfection,True,automatic,200.0,True,open,9,0.0001,24,2.0,,training,1.1432458758354187,0.03337044165807668,1.1432 ± 0.0334,126.87313795089722,0.034208068125371985,126.8731 ± 0.0342,0.35435,0.02397091988222399,0.3543 ± 0.0240,0.5057,0.003676955262170035,0.5057 ± 0.0037,0.7193,0.01598061325481602,0.7193 ± 0.0160,1.0,0.0,1.0000 ± 0.0000,0.57175,0.06738727624707794,0.5717 ± 0.0674,0.9961,0.0014142135623730963,0.9961 ± 0.0014,0.48715,0.03203193718775061,0.4872 ± 0.0320,0.4449,0.04285067093990477,0.4449 ± 0.0429,0.76695,0.009263098833543773,0.7670 ± 0.0093,0.40845,0.05112382027978737,0.4084 ± 0.0511
UNet_DP_Morph,LungInfection,True,base,200.0,True,both,3,0.0001,24,2.0,,training,1.2302913665771484,0.021092306043579895,1.2303 ± 0.0211,133.68483352661133,1.2378633931833884,133.6848 ± 1.2379,0.3513,0.0004242640687119603,0.3513 ± 0.0004,0.52805,0.019869700551341997,0.5281 ± 0.0199,0.70575,0.001767766952966331,0.7057 ± 0.0018,1.0,0.0,1.0000 ± 0.0000,0.5762,0.0025455844122715264,0.5762 ± 0.0025,0.9975,0.0007071067811865482,0.9975 ± 0.0007,0.4928,0.003818376618407368,0.4928 ± 0.0038,0.43810000000000004,0.0032526911934581135,0.4381 ± 0.0033,0.7713,0.017253405460951745,0.7713 ± 0.0173,0.40545,0.003040559159102173,0.4054 ± 0.0030
UNet_DP_Morph,LungInfection,True,base,200.0,True,both,5,0.0001,24,2.0,,training,1.148600697517395,0.005987381299457606,1.1486 ± 0.0060,133.75978910923004,1.1802892808309609,133.7598 ± 1.1803,0.35155000000000003,0.005727564927611071,0.3516 ± 0.0057,0.5297000000000001,0.015273506473629392,0.5297 ± 0.0153,0.67315,0.00841457069611993,0.6732 ± 0.0084,1.0,0.0,1.0000 ± 0.0000,0.5968500000000001,0.015061374439273452,0.5969 ± 0.0151,0.9952000000000001,0.0005656854249492542,0.9952 ± 0.0006,0.49705,0.0034648232278140937,0.4970 ± 0.0035,0.446,0.008343860018001284,0.4460 ± 0.0083,0.7696000000000001,0.015839191898578724,0.7696 ± 0.0158,0.392,0.011737972567696691,0.3920 ± 0.0117
UNet_DP_Morph,LungInfection,True,base,200.0,True,both,7,0.0001,24,2.0,,training,1.092198729515076,0.014340212324740628,1.0922 ± 0.0143,133.3223773241043,0.30121931162250853,133.3224 ± 0.3012,0.37765,0.0334461507501237,0.3776 ± 0.0334,0.53205,0.0027577164466275456,0.5321 ± 0.0028,0.69425,0.015485638507985412,0.6943 ± 0.0155,1.0,0.0,1.0000 ± 0.0000,0.6224,0.07693321779309638,0.6224 ± 0.0769,0.9852000000000001,0.005091168824543131,0.9852 ± 0.0051,0.51375,0.037405948724768365,0.5138 ± 0.0374,0.47985,0.05522503961066936,0.4798 ± 0.0552,0.7731,0.010182337649086262,0.7731 ± 0.0102,0.36805,0.0589019948728394,0.3680 ± 0.0589
UNet_DP_Morph,LungInfection,True,base,200.0,True,both,9,0.0001,24,2.0,,training,1.164373517036438,0.0032476675588556077,1.1644 ± 0.0032,136.0766303539276,0.383181613572068,136.0766 ± 0.3832,0.31665,0.011525840533340711,0.3166 ± 0.0115,0.49624999999999997,0.007141778489984089,0.4962 ± 0.0071,0.7044,0.017253405460951745,0.7044 ± 0.0173,1.0,0.0,1.0000 ± 0.0000,0.513,0.0377595021153616,0.5130 ± 0.0378,0.9961,0.0007071067811865482,0.9961 ± 0.0007,0.45394999999999996,0.019021172413918114,0.4539 ± 0.0190,0.39495,0.028354981925580534,0.3950 ± 0.0284,0.75545,0.007707463914933382,0.7554 ± 0.0077,0.44589999999999996,0.034082546853191564,0.4459 ± 0.0341
UNet_DP_Morph,LungInfection,True,base,200.0,True,close,3,0.0001,24,2.0,,training,1.3179775476455688,0.07056377106348519,1.3180 ± 0.0706,129.09085536003113,2.3067597335118246,129.0909 ± 2.3068,0.3671,0.004384062043356583,0.3671 ± 0.0044,0.53235,0.008131727983645342,0.5323 ± 0.0081,0.6604000000000001,0.03478965363437815,0.6604 ± 0.0348,1.0,0.0,1.0000 ± 0.0000,0.6534500000000001,0.050416713498600864,0.6535 ± 0.0504,0.99545,0.002899137802864918,0.9954 ± 0.0029,0.5240499999999999,0.022273863607376227,0.5240 ± 0.0223,0.48050000000000004,0.007353910524340109,0.4805 ± 0.0074,0.7677,0.013010764773832534,0.7677 ± 0.0130,0.3476,0.03889087296526011,0.3476 ± 0.0389
UNet_DP_Morph,LungInfection,True,base,200.0,True,close,5,0.0001,24,2.0,,training,1.3235836029052734,0.02676678913969247,1.3236 ± 0.0268,129.18310034275055,4.709261091037947,129.1831 ± 4.7093,0.379,0.009899494936611674,0.3790 ± 0.0099,0.52935,0.01223294731452726,0.5293 ± 0.0122,0.6366499999999999,0.016758430714121135,0.6366 ± 0.0168,1.0,0.0,1.0000 ± 0.0000,0.70125,0.022980970388562776,0.7013 ± 0.0230,0.99515,0.0007778174593051951,0.9951 ± 0.0008,0.54735,0.0012020815280171554,0.5474 ± 0.0012,0.5085,0.025173001410241064,0.5085 ± 0.0252,0.76545,0.0030405591591021333,0.7654 ± 0.0030,0.3113,0.01711198410471445,0.3113 ± 0.0171
UNet_DP_Morph,LungInfection,True,base,200.0,True,close,7,0.0001,24,2.0,,training,1.4323104619979858,0.03303183387714,1.4323 ± 0.0330,142.09942042827606,22.42912467368286,142.0994 ± 22.4291,0.353,0.004101219330881955,0.3530 ± 0.0041,0.5226500000000001,0.014495689014324277,0.5227 ± 0.0145,0.6549499999999999,0.017606958851545056,0.6549 ± 0.0176,1.0,0.0,1.0000 ± 0.0000,0.6371,0.003535533905932662,0.6371 ± 0.0035,0.99895,0.0013435028842544493,0.9990 ± 0.0013,0.5171,0.001979898987322272,0.5171 ± 0.0020,0.47195,0.005020458146424484,0.4719 ± 0.0050,0.7671,0.021920310216782913,0.7671 ± 0.0219,0.36185,0.0023334523779155853,0.3619 ± 0.0023
UNet_DP_Morph,LungInfection,True,base,200.0,True,close,9,0.0001,24,2.0,,training,1.3357828855514526,0.06355407580654733,1.3358 ± 0.0636,150.73645091056824,27.92350433945229,150.7365 ± 27.9235,0.347,0.00862670273047591,0.3470 ± 0.0086,0.52595,0.0016263455967290372,0.5260 ± 0.0016,0.61435,0.021001071401240426,0.6143 ± 0.0210,1.0,0.0,1.0000 ± 0.0000,0.69075,0.03726452736853103,0.6907 ± 0.0373,0.9996,0.0004242640687119603,0.9996 ± 0.0004,0.53625,0.015768481220460002,0.5363 ± 0.0158,0.47065,0.0007778174593051951,0.4707 ± 0.0008,0.76685,0.0007778174593051951,0.7669 ± 0.0008,0.32445,0.025667976157071674,0.3245 ± 0.0257
UNet_DP_Morph,LungInfection,True,base,200.0,True,open,3,0.0001,24,2.0,,training,1.1308278441429138,0.02231684058021541,1.1308 ± 0.0223,130.1760721206665,3.526885035443514,130.1761 ± 3.5269,0.35415,0.009263098833543773,0.3542 ± 0.0093,0.54345,0.005727564927611032,0.5434 ± 0.0057,0.6859,0.007495331880577442,0.6859 ± 0.0075,1.0,0.0,1.0000 ± 0.0000,0.5789500000000001,0.035001785668734096,0.5790 ± 0.0350,0.99215,0.007000357133746834,0.9921 ± 0.0070,0.48505000000000004,0.024819448019647833,0.4851 ± 0.0248,0.44025000000000003,0.019728279195104663,0.4403 ± 0.0197,0.7869999999999999,0.0022627416997969383,0.7870 ± 0.0023,0.4063,0.02814284989122459,0.4063 ± 0.0281
UNet_DP_Morph,LungInfection,True,base,200.0,True,open,5,0.0001,24,2.0,,training,1.1338943243026733,0.0938942433503876,1.1339 ± 0.0939,131.9757685661316,0.14137873734409528,131.9758 ± 0.1414,0.33404999999999996,0.06597306268470488,0.3340 ± 0.0660,0.49975,0.029910616844190965,0.4998 ± 0.0299,0.6882,0.0329511760032931,0.6882 ± 0.0330,1.0,0.0,1.0000 ± 0.0000,0.548,0.1554220705048032,0.5480 ± 0.1554,0.9964500000000001,0.0020506096654409976,0.9965 ± 0.0021,0.46924999999999994,0.08662058069535207,0.4692 ± 0.0866,0.42225,0.10740952006223656,0.4223 ± 0.1074,0.7536499999999999,0.0036062445840513878,0.7536 ± 0.0036,0.42535,0.11179358210559313,0.4254 ± 0.1118
UNet_DP_Morph,LungInfection,True,base,200.0,True,open,7,0.0001,24,2.0,,training,1.155098795890808,0.041952467245561786,1.1551 ± 0.0420,130.5855941772461,0.7610146234807095,130.5856 ± 0.7610,0.33345,0.022980970388562814,0.3335 ± 0.0230,0.5017499999999999,0.022132442251138935,0.5017 ± 0.0221,0.73915,7.071067811864696e-05,0.7391 ± 0.0001,1.0,0.0,1.0000 ± 0.0000,0.50895,0.04787112908632921,0.5090 ± 0.0479,0.99765,7.071067811864696e-05,0.9977 ± 0.0001,0.45320000000000005,0.03167838379715734,0.4532 ± 0.0317,0.4004,0.028991378028648436,0.4004 ± 0.0290,0.7577499999999999,0.0004949747468306073,0.7577 ± 0.0005,0.4578,0.03959797974644665,0.4578 ± 0.0396
UNet_DP_Morph,LungInfection,True,base,200.0,True,open,9,0.0001,24,2.0,,training,1.105029046535492,0.005723120559294301,1.1050 ± 0.0057,131.59957134723663,0.351175128225501,131.5996 ± 0.3512,0.3611,0.01895046173579947,0.3611 ± 0.0190,0.52565,0.002192031021678291,0.5256 ± 0.0022,0.7548,0.008909545442950459,0.7548 ± 0.0089,1.0,0.0,1.0000 ± 0.0000,0.5243,0.0342239682094289,0.5243 ± 0.0342,0.99105,0.0045961940777125235,0.9910 ± 0.0046,0.4637,0.02870853531617381,0.4637 ± 0.0287,0.43285,0.029910616844190965,0.4329 ± 0.0299,0.76065,0.007848885271170676,0.7607 ± 0.0078,0.4436,0.029415642097360355,0.4436 ± 0.0294
UNet_DP_Morph,LungInfection,True,nsgd,200.0,True,both,3,0.0001,24,2.0,,training,1.3387632369995117,0.06117294745307586,1.3388 ± 0.0612,131.9762077331543,1.4038359967453486,131.9762 ± 1.4038,0.24075,0.058760573516602105,0.2407 ± 0.0588,0.4337,0.06689230150024737,0.4337 ± 0.0669,0.5848,0.06137686860699232,0.5848 ± 0.0614,1.0,0.0,1.0000 ± 0.0000,0.481,0.10422753954689709,0.4810 ± 0.1042,0.9931000000000001,0.00933380951166242,0.9931 ± 0.0093,0.45025,0.0321733585439879,0.4502 ± 0.0322,0.3535,0.04270924958366747,0.3535 ± 0.0427,0.7318,0.04115361466505709,0.7318 ± 0.0412,0.43635,0.017889801564019644,0.4364 ± 0.0179
UNet_DP_Morph,LungInfection,True,nsgd,200.0,True,both,5,0.0001,24,2.0,,training,1.262611985206604,0.022139233760590505,1.2626 ± 0.0221,133.03353869915009,2.4783525350290057,133.0335 ± 2.4784,0.28295000000000003,0.04871965722375314,0.2830 ± 0.0487,0.4481,0.04058792924010783,0.4481 ± 0.0406,0.6366,0.03790092347159894,0.6366 ± 0.0379,1.0,0.0,1.0000 ± 0.0000,0.54605,0.1280570380728838,0.5461 ± 0.1281,0.9984500000000001,0.0017677669529664096,0.9985 ± 0.0018,0.4593,0.06491240251292506,0.4593 ± 0.0649,0.3857,0.09036824663564079,0.3857 ± 0.0904,0.728,0.031961226509631964,0.7280 ± 0.0320,0.43055,0.09128748545118327,0.4305 ± 0.0913
UNet_DP_Morph,LungInfection,True,nsgd,200.0,True,both,7,0.0001,24,2.0,,training,1.332785725593567,0.013990393482100209,1.3328 ± 0.0140,135.66533172130585,0.25391672342697386,135.6653 ± 0.2539,0.23104999999999998,0.042779960261786106,0.2310 ± 0.0428,0.41264999999999996,0.03684026329981911,0.4126 ± 0.0368,0.59665,0.03839589821842954,0.5967 ± 0.0384,1.0,0.0,1.0000 ± 0.0000,0.46765,0.04871965722375314,0.4677 ± 0.0487,0.99535,0.004454772721475308,0.9953 ± 0.0045,0.44055,0.015202795795510746,0.4405 ± 0.0152,0.35124999999999995,0.041648589411887656,0.3512 ± 0.0416,0.6962,0.051194530957906055,0.6962 ± 0.0512,0.44994999999999996,0.014495689014324237,0.4499 ± 0.0145
UNet_DP_Morph,LungInfection,True,nsgd,200.0,True,both,9,0.0001,24,2.0,,training,1.385132908821106,0.008857750270443533,1.3851 ± 0.0089,134.93635714054108,0.1845352557579163,134.9364 ± 0.1845,0.22825,0.00912167747730646,0.2283 ± 0.0091,0.4133,0.004949747468305837,0.4133 ± 0.0049,0.57365,0.013505739520663062,0.5736 ± 0.0135,1.0,0.0,1.0000 ± 0.0000,0.51095,0.0013435028842544493,0.5110 ± 0.0013,0.9945999999999999,0.0004242640687119603,0.9946 ± 0.0004,0.44894999999999996,0.0019091883092036642,0.4489 ± 0.0019,0.3731,0.006929646455628148,0.3731 ± 0.0069,0.71295,0.03146625176280135,0.7129 ± 0.0315,0.42965,0.0012020815280171162,0.4296 ± 0.0012
UNet_DP_Morph,LungInfection,True,nsgd,200.0,True,close,3,0.0001,24,2.0,,training,1.4870598912239075,0.029216111094054566,1.4871 ± 0.0292,146.10792875289917,22.303583204722614,146.1079 ± 22.3036,0.26025,0.0450427019615831,0.2602 ± 0.0450,0.43945,0.05437651147324548,0.4395 ± 0.0544,0.64225,0.02793071785686861,0.6422 ± 0.0279,1.0,0.0,1.0000 ± 0.0000,0.48455000000000004,0.04716402230514275,0.4846 ± 0.0472,0.9963500000000001,0.004030508652763269,0.9964 ± 0.0040,0.44285,0.009970205614730322,0.4429 ± 0.0100,0.35155000000000003,0.043204224330498045,0.3516 ± 0.0432,0.7020500000000001,0.06045762979144983,0.7021 ± 0.0605,0.46230000000000004,0.0059396969619670125,0.4623 ± 0.0059
UNet_DP_Morph,LungInfection,True,nsgd,200.0,True,close,5,0.0001,24,2.0,,training,1.4777552485466003,0.09386499343752103,1.4778 ± 0.0939,128.1279284954071,1.0179138264957084,128.1279 ± 1.0179,0.2835,0.027860007178750004,0.2835 ± 0.0279,0.44345,0.0348603643124968,0.4435 ± 0.0349,0.5846,0.017819090885900998,0.5846 ± 0.0178,1.0,0.0,1.0000 ± 0.0000,0.6123000000000001,0.03733523804664976,0.6123 ± 0.0373,0.9944500000000001,0.0072831998462215015,0.9945 ± 0.0073,0.4828,0.02757716446627534,0.4828 ± 0.0276,0.4194,0.018243354954612958,0.4194 ± 0.0182,0.7463500000000001,0.005020458146424484,0.7464 ± 0.0050,0.3836,0.019374725804511387,0.3836 ± 0.0194
UNet_DP_Morph,LungInfection,True,nsgd,200.0,True,close,7,0.0001,24,2.0,,training,1.4915278553962708,0.03155273237549869,1.4915 ± 0.0316,129.22848093509674,1.233752726754424,129.2285 ± 1.2338,0.21660000000000001,0.05727564927611034,0.2166 ± 0.0573,0.4309,0.03705239533417509,0.4309 ± 0.0371,0.57735,0.1341381563910881,0.5774 ± 0.1341,1.0,0.0,1.0000 ± 0.0000,0.45605,0.015061374439273452,0.4561 ± 0.0151,0.9968,0.0029698484809834867,0.9968 ± 0.0030,0.43989999999999996,0.016122034611053274,0.4399 ± 0.0161,0.33305,0.0027577164466275456,0.3331 ± 0.0028,0.72745,0.03415325753131025,0.7275 ± 0.0342,0.449,0.0479418397644479,0.4490 ± 0.0479
UNet_DP_Morph,LungInfection,True,nsgd,200.0,True,close,9,0.0001,24,2.0,,training,1.4599611163139343,0.03849162092693808,1.4600 ± 0.0385,128.9904658794403,0.3853516705081969,128.9905 ± 0.3854,0.28045,0.035426049737446015,0.2804 ± 0.0354,0.49124999999999996,0.03867874093090413,0.4912 ± 0.0387,0.5845,0.03450681092190349,0.5845 ± 0.0345,1.0,0.0,1.0000 ± 0.0000,0.5897,0.047093311627024056,0.5897 ± 0.0471,0.997,0.004242640687119289,0.9970 ± 0.0042,0.49175,0.006717514421272207,0.4918 ± 0.0067,0.41264999999999996,0.008980256121069147,0.4126 ± 0.0090,0.76375,0.014071424945612317,0.7638 ± 0.0141,0.3779,0.0016970562748477233,0.3779 ± 0.0017
UNet_DP_Morph,LungInfection,True,nsgd,200.0,True,open,3,0.0001,24,2.0,,training,1.4319002032279968,0.10099303704507732,1.4319 ± 0.1010,127.54351162910461,2.345104936287036,127.5435 ± 2.3451,0.21295,0.03995153313703993,0.2130 ± 0.0400,0.39685000000000004,0.05522503961066936,0.3969 ± 0.0552,0.5728,0.06236681810065353,0.5728 ± 0.0624,1.0,0.0,1.0000 ± 0.0000,0.4661,0.03634528855298854,0.4661 ± 0.0363,0.9955499999999999,0.0038890872965259755,0.9955 ± 0.0039,0.43979999999999997,0.013293607486307082,0.4398 ± 0.0133,0.3409,0.008768124086713205,0.3409 ± 0.0088,0.67425,0.06342747827243331,0.6743 ± 0.0634,0.44925,0.0013435028842544493,0.4492 ± 0.0013
UNet_DP_Morph,LungInfection,True,nsgd,200.0,True,open,5,0.0001,24,2.0,,training,1.3148338794708252,0.005561023779921402,1.3148 ± 0.0056,130.715189576149,2.5587606297928773,130.7152 ± 2.5588,0.24765,0.01308147545195114,0.2477 ± 0.0131,0.4333,0.020081832585697977,0.4333 ± 0.0201,0.60395,0.009404520189781067,0.6039 ± 0.0094,1.0,0.0,1.0000 ± 0.0000,0.5078499999999999,0.006151828996322992,0.5078 ± 0.0062,0.99875,0.0004949747468306073,0.9988 ± 0.0005,0.44699999999999995,0.005374011537017758,0.4470 ± 0.0054,0.35675,0.0060104076400856596,0.3568 ± 0.0060,0.7281,0.02955706345359765,0.7281 ± 0.0296,0.44195,0.007707463914933383,0.4420 ± 0.0077
UNet_DP_Morph,LungInfection,True,nsgd,200.0,True,open,7,0.0001,24,2.0,,training,1.3156495690345764,0.031338120622881056,1.3156 ± 0.0313,129.06454622745514,1.371524705390351,129.0645 ± 1.3715,0.27325,0.044335595180396516,0.2732 ± 0.0443,0.45594999999999997,0.04801255044256659,0.4559 ± 0.0480,0.64195,0.01732411613907039,0.6420 ± 0.0173,1.0,0.0,1.0000 ± 0.0000,0.50905,0.09284312036979367,0.5091 ± 0.0928,0.9974000000000001,0.0035355339059327407,0.9974 ± 0.0035,0.456,0.03648670990922584,0.4560 ± 0.0365,0.3751,0.042992092296142106,0.3751 ± 0.0430,0.725,0.03676955262170051,0.7250 ± 0.0368,0.4441,0.04044650788387054,0.4441 ± 0.0404
UNet_DP_Morph,LungInfection,True,nsgd,200.0,True,open,9,0.0001,24,2.0,,training,1.2890527844429016,0.024459923533297352,1.2891 ± 0.0245,131.34442710876465,2.477723872636617,131.3444 ± 2.4777,0.26425,0.04857823586751581,0.2642 ± 0.0486,0.45515,0.04405275246792193,0.4551 ± 0.0441,0.6235999999999999,0.02064751801064719,0.6236 ± 0.0206,1.0,0.0,1.0000 ± 0.0000,0.50915,0.06993286065934953,0.5091 ± 0.0699,0.9972000000000001,0.000989949493661136,0.9972 ± 0.0010,0.44945,0.02679934700697014,0.4495 ± 0.0268,0.3674,0.043416356364854025,0.3674 ± 0.0434,0.7468,0.01951614716074876,0.7468 ± 0.0195,0.44755,0.02863782463805516,0.4476 ± 0.0286
UNet_DP_Morph,LungInfection,True,psac,200.0,True,both,3,0.0001,24,2.0,,training,1.2051710486412048,0.022180284791039957,1.2052 ± 0.0222,138.36400294303894,0.8455780603329673,138.3640 ± 0.8456,0.31385,0.008555992052357225,0.3139 ± 0.0086,0.50485,0.013647160876900355,0.5049 ± 0.0136,0.71075,0.014637110370561491,0.7107 ± 0.0146,1.0,0.0,1.0000 ± 0.0000,0.5135000000000001,0.019374725804511387,0.5135 ± 0.0194,0.999,0.0,0.9990 ± 0.0000,0.4548,0.0164048773235279,0.4548 ± 0.0164,0.3832,0.0029698484809834867,0.3832 ± 0.0030,0.7552000000000001,0.0021213203435596446,0.7552 ± 0.0021,0.45325,0.017041273426595803,0.4532 ± 0.0170
UNet_DP_Morph,LungInfection,True,psac,200.0,True,both,5,0.0001,24,2.0,,training,1.1802852153778076,0.06707856386642218,1.1803 ± 0.0671,139.29269754886627,1.2529005457951052,139.2927 ± 1.2529,0.34215,0.047871129086329255,0.3422 ± 0.0479,0.5162,0.02687005768508883,0.5162 ± 0.0269,0.6760999999999999,0.013859292911256297,0.6761 ± 0.0139,1.0,0.0,1.0000 ± 0.0000,0.57935,0.09072180002623402,0.5794 ± 0.0907,0.99585,0.004313351365237936,0.9959 ± 0.0043,0.4879,0.05062884553295684,0.4879 ± 0.0506,0.4397,0.06547808793787427,0.4397 ± 0.0655,0.7706500000000001,0.0016263455967291157,0.7707 ± 0.0016,0.4024,0.06830651506262046,0.4024 ± 0.0683
UNet_DP_Morph,LungInfection,True,psac,200.0,True,both,7,0.0001,24,2.0,,training,1.2348156571388245,0.03174053873246339,1.2348 ± 0.0317,156.4637669324875,26.616822729083342,156.4638 ± 26.6168,0.33609999999999995,0.0059396969619670125,0.3361 ± 0.0059,0.5205,0.014424978336205551,0.5205 ± 0.0144,0.66215,0.024819448019647833,0.6622 ± 0.0248,1.0,0.0,1.0000 ± 0.0000,0.5949,0.018243354954612958,0.5949 ± 0.0182,0.99055,0.011384419177103419,0.9906 ± 0.0114,0.49460000000000004,0.006222539674441601,0.4946 ± 0.0062,0.43755,0.005586143571373738,0.4375 ± 0.0056,0.7807,0.006788225099390815,0.7807 ± 0.0068,0.3933,0.01244507934888324,0.3933 ± 0.0124
UNet_DP_Morph,LungInfection,True,psac,200.0,True,both,9,0.0001,24,2.0,,training,1.2033650279045105,0.02421766344805673,1.2034 ± 0.0242,142.4545761346817,0.4916026954924025,142.4546 ± 0.4916,0.27749999999999997,0.016546298679765235,0.2775 ± 0.0165,0.44435,0.026516504294495556,0.4444 ± 0.0265,0.6992,0.004242640687119289,0.6992 ± 0.0042,1.0,0.0,1.0000 ± 0.0000,0.44445,0.027647875144394023,0.4445 ± 0.0276,0.9938,0.0031112698372207804,0.9938 ± 0.0031,0.41165,0.023546655813512028,0.4117 ± 0.0235,0.3522,0.017253405460951745,0.3522 ± 0.0173,0.72565,0.011808683245815299,0.7257 ± 0.0118,0.48755,0.029203510063004416,0.4875 ± 0.0292
UNet_DP_Morph,LungInfection,True,psac,200.0,True,close,3,0.0001,24,2.0,,training,1.306476891040802,0.09328066952976599,1.3065 ± 0.0933,137.0627794265747,3.185942993449064,137.0628 ± 3.1859,0.36725,0.012798632739476514,0.3673 ± 0.0128,0.5253000000000001,0.0007071067811865482,0.5253 ± 0.0007,0.6677,0.05091168824543139,0.6677 ± 0.0509,1.0,0.0,1.0000 ± 0.0000,0.6494500000000001,0.07346839456528229,0.6495 ± 0.0735,0.9915499999999999,0.006434671708797581,0.9915 ± 0.0064,0.52005,0.03542604973744606,0.5201 ± 0.0354,0.4791,0.03634528855298854,0.4791 ± 0.0363,0.76885,0.0045961940777126025,0.7689 ± 0.0046,0.34924999999999995,0.05381082604829627,0.3492 ± 0.0538
UNet_DP_Morph,LungInfection,True,psac,200.0,True,close,5,0.0001,24,2.0,,training,1.3205938339233398,0.02326101428055646,1.3206 ± 0.0233,138.44396817684174,4.956892370652794,138.4440 ± 4.9569,0.34785,0.004171930009000642,0.3478 ± 0.0042,0.51865,0.00035355339059331333,0.5187 ± 0.0004,0.6333500000000001,0.010677312395916868,0.6334 ± 0.0107,1.0,0.0,1.0000 ± 0.0000,0.6570499999999999,0.026233661582020926,0.6570 ± 0.0262,0.99945,0.0006363961030679012,0.9994 ± 0.0006,0.51705,0.007990306627408048,0.5171 ± 0.0080,0.4676,0.011030865786510143,0.4676 ± 0.0110,0.76865,0.0006363961030679012,0.7687 ± 0.0006,0.3488,0.020506096654409896,0.3488 ± 0.0205
UNet_DP_Morph,LungInfection,True,psac,200.0,True,close,7,0.0001,24,2.0,,training,1.3689685463905334,0.04886834361771439,1.3690 ± 0.0489,139.2881076335907,1.4083025511631393,139.2881 ± 1.4083,0.36085,0.0021920310216782916,0.3609 ± 0.0022,0.5138,0.0011313708498984299,0.5138 ± 0.0011,0.63165,0.027365032431919435,0.6317 ± 0.0274,1.0,0.0,1.0000 ± 0.0000,0.6758,0.05670996385116107,0.6758 ± 0.0567,0.9957,0.004242640687119289,0.9957 ± 0.0042,0.53045,0.02156675682618968,0.5304 ± 0.0216,0.49605,0.016334166645409293,0.4960 ± 0.0163,0.7576499999999999,0.002616295090390173,0.7576 ± 0.0026,0.3348,0.042284985514955555,0.3348 ± 0.0423
UNet_DP_Morph,LungInfection,True,psac,200.0,True,close,9,0.0001,24,2.0,,training,1.3412501215934753,0.05624572798106113,1.3413 ± 0.0562,137.65493524074554,3.4795869991076187,137.6549 ± 3.4796,0.34919999999999995,0.008909545442950499,0.3492 ± 0.0089,0.5194000000000001,0.0035355339059327407,0.5194 ± 0.0035,0.6229,0.00933380951166242,0.6229 ± 0.0093,1.0,0.0,1.0000 ± 0.0000,0.6738999999999999,0.03719381669041246,0.6739 ± 0.0372,0.9979,0.0011313708498985084,0.9979 ± 0.0011,0.5262,0.01711198410471445,0.5262 ± 0.0171,0.467,0.019233304448274095,0.4670 ± 0.0192,0.7713000000000001,0.0033941125496954466,0.7713 ± 0.0034,0.33715,0.02736503243191936,0.3372 ± 0.0274
UNet_DP_Morph,LungInfection,True,psac,200.0,True,open,3,0.0001,24,2.0,,training,1.2071313858032227,0.035287027447261074,1.2071 ± 0.0353,138.389582157135,0.32732254077924566,138.3896 ± 0.3273,0.3457,0.008909545442950499,0.3457 ± 0.0089,0.5207999999999999,0.010606601717798222,0.5208 ± 0.0106,0.6920999999999999,0.0033941125496954466,0.6921 ± 0.0034,1.0,0.0,1.0000 ± 0.0000,0.5751999999999999,0.017819090885900998,0.5752 ± 0.0178,0.9994,0.0,0.9994 ± 0.0000,0.48735,0.01265721138323922,0.4874 ± 0.0127,0.43215000000000003,0.010535891039679536,0.4322 ± 0.0105,0.76475,0.007848885271170676,0.7648 ± 0.0078,0.4108,0.013010764773832454,0.4108 ± 0.0130
UNet_DP_Morph,LungInfection,True,psac,200.0,True,open,5,0.0001,24,2.0,,training,1.164065957069397,0.015525550292261013,1.1641 ± 0.0155,138.54581022262573,3.449214125609334,138.5458 ± 3.4492,0.3429,0.02814284989122459,0.3429 ± 0.0281,0.50945,0.014071424945612277,0.5094 ± 0.0141,0.6825,0.021354624791833737,0.6825 ± 0.0214,1.0,0.0,1.0000 ± 0.0000,0.57045,0.06583164132846754,0.5705 ± 0.0658,0.9933000000000001,0.004666904755831249,0.9933 ± 0.0047,0.4823,0.03464823227814086,0.4823 ± 0.0346,0.43565,0.050982398923550075,0.4356 ± 0.0510,0.766,0.0014142135623730963,0.7660 ± 0.0014,0.41295,0.049851028073651604,0.4129 ± 0.0499
UNet_DP_Morph,LungInfection,True,psac,200.0,True,open,7,0.0001,24,2.0,,training,1.1510496139526367,0.05437398643869248,1.1510 ± 0.0544,156.62727808952332,26.898864213109032,156.6273 ± 26.8989,0.3164,0.04369919907732865,0.3164 ± 0.0437,0.49815,0.07092281015301072,0.4981 ± 0.0709,0.69685,0.011950104602052673,0.6968 ± 0.0120,1.0,0.0,1.0000 ± 0.0000,0.5154,0.052325901807804526,0.5154 ± 0.0523,0.9982,0.0007071067811865482,0.9982 ± 0.0007,0.4556,0.025597265478953028,0.4556 ± 0.0256,0.3956,0.03648670990922584,0.3956 ± 0.0365,0.75725,0.047446865017617294,0.7572 ± 0.0474,0.4451,0.031395541084682704,0.4451 ± 0.0314
UNet_DP_Morph,LungInfection,True,psac,200.0,True,open,9,0.0001,24,2.0,,training,1.1539732813835144,0.003059776908193885,1.1540 ± 0.0031,138.99196255207062,2.392679118774365,138.9920 ± 2.3927,0.33085,0.0122329473145273,0.3308 ± 0.0122,0.4942,0.017394826817189037,0.4942 ± 0.0174,0.6939,0.0016970562748477628,0.6939 ± 0.0017,1.0,0.0,1.0000 ± 0.0000,0.5543499999999999,0.017889801564019644,0.5543 ± 0.0179,0.9957,0.0026870057685088986,0.9957 ± 0.0027,0.46985,0.02043538597629121,0.4698 ± 0.0204,0.41685,0.014919953083036157,0.4168 ± 0.0149,0.7725,0.011879393923934025,0.7725 ± 0.0119,0.4197,0.014990663761154805,0.4197 ± 0.0150
UNet_DP_Morph,LungInfection,True,automatic,8.0,True,both,3,0.0001,48,1.2,,training,1.4751383662223816,0.08105201431542115,1.4751 ± 0.0811,123.22915983200073,22.79146703088981,123.2292 ± 22.7915,0.19515,0.012940054095713827,0.1951 ± 0.0129,0.3646,0.0164048773235279,0.3646 ± 0.0164,0.5191,0.031536962440920004,0.5191 ± 0.0315,1.0,0.0,1.0000 ± 0.0000,0.4789,0.10422753954689709,0.4789 ± 0.1042,0.9914499999999999,0.0019091883092037035,0.9914 ± 0.0019,0.43520000000000003,0.01202081528017128,0.4352 ± 0.0120,0.35345000000000004,0.046739758236430784,0.3535 ± 0.0467,0.66885,0.019728279195104625,0.6688 ± 0.0197,0.42464999999999997,0.05267945519839776,0.4246 ± 0.0527
UNet_DP_Morph,LungInfection,True,automatic,8.0,True,both,5,0.0001,48,1.2,,training,1.3711931705474854,0.03656357119495888,1.3712 ± 0.0366,119.68281555175781,17.83760973909197,119.6828 ± 17.8376,0.1899,0.005374011537017778,0.1899 ± 0.0054,0.35415,0.019162593770155445,0.3542 ± 0.0192,0.5206500000000001,0.010253048327204988,0.5207 ± 0.0103,1.0,0.0,1.0000 ± 0.0000,0.48495,0.0030405591591021333,0.4849 ± 0.0030,0.9946999999999999,0.0004242640687119603,0.9947 ± 0.0004,0.43445,0.005868986283848326,0.4345 ± 0.0059,0.34625,0.0006363961030679012,0.3463 ± 0.0006,0.6709499999999999,0.009545941546018361,0.6709 ± 0.0095,0.43784999999999996,0.008697413408594559,0.4378 ± 0.0087
UNet_DP_Morph,LungInfection,True,automatic,8.0,True,both,7,0.0001,48,1.2,,training,1.3699223399162292,0.032669961035825305,1.3699 ± 0.0327,141.8109554052353,1.313574137387024,141.8110 ± 1.3136,0.21439999999999998,0.05105310960166874,0.2144 ± 0.0511,0.3649,0.08103443712397837,0.3649 ± 0.0810,0.5583,0.09390378054157353,0.5583 ± 0.0939,1.0,0.0,1.0000 ± 0.0000,0.5004500000000001,0.007707463914933382,0.5005 ± 0.0077,0.99695,0.0036062445840514662,0.9970 ± 0.0036,0.4286,0.015414927829866726,0.4286 ± 0.0154,0.33995,0.02679934700697014,0.3399 ± 0.0268,0.7055,0.01244507934888328,0.7055 ± 0.0124,0.44689999999999996,0.01400071426749363,0.4469 ± 0.0140
UNet_DP_Morph,LungInfection,True,automatic,8.0,True,close,3,0.0001,48,1.2,,training,1.4776118993759155,0.006134052332275517,1.4776 ± 0.0061,138.54268860816956,1.4156222786377233,138.5427 ± 1.4156,0.20375,0.0020506096654409776,0.2037 ± 0.0021,0.36824999999999997,0.011808683245815339,0.3682 ± 0.0118,0.5467500000000001,0.022132442251138935,0.5468 ± 0.0221,1.0,0.0,1.0000 ± 0.0000,0.4759,0.06802367235014588,0.4759 ± 0.0680,0.99935,7.071067811864696e-05,0.9993 ± 0.0001,0.4209,0.02064751801064719,0.4209 ± 0.0206,0.32755,0.019162593770155445,0.3276 ± 0.0192,0.71745,0.007424621202458717,0.7175 ± 0.0074,0.46315,0.0309005663378521,0.4632 ± 0.0309
UNet_DP_Morph,LungInfection,True,automatic,8.0,True,close,7,0.0001,48,1.2,,training,1.540006697177887,0.034290423067372316,1.5400 ± 0.0343,138.8054163455963,0.681373601359736,138.8054 ± 0.6814,0.19405,0.035001785668734096,0.1941 ± 0.0350,0.35475,0.03924442635585338,0.3548 ± 0.0392,0.5519000000000001,0.10323759005323595,0.5519 ± 0.1032,1.0,0.0,1.0000 ± 0.0000,0.43920000000000003,0.034082546853191564,0.4392 ± 0.0341,0.9971,0.0028284271247461927,0.9971 ± 0.0028,0.41369999999999996,0.016122034611053274,0.4137 ± 0.0161,0.3198,0.024041630560342597,0.3198 ± 0.0240,0.67755,0.017465537495307683,0.6775 ± 0.0175,0.47325000000000006,0.051406662992262035,0.4733 ± 0.0514
UNet_DP_Morph,LungInfection,True,automatic,8.0,True,close,9,0.0001,48,1.2,,training,1.5615817308425903,0.16471814476288202,1.5616 ± 0.1647,139.04426181316376,1.1857393741056015,139.0443 ± 1.1857,0.1835,0.021920310216782975,0.1835 ± 0.0219,0.3682,0.0007071067811865482,0.3682 ± 0.0007,0.5246500000000001,0.08223651865199544,0.5247 ± 0.0822,1.0,0.0,1.0000 ± 0.0000,0.43084999999999996,0.032314779900225236,0.4308 ± 0.0323,0.9952,0.0031112698372207804,0.9952 ± 0.0031,0.41885,0.022556706319850895,0.4189 ± 0.0226,0.32625000000000004,0.004030508652763309,0.3263 ± 0.0040,0.68585,0.009970205614730322,0.6858 ± 0.0100,0.45794999999999997,0.054800775541957406,0.4579 ± 0.0548
UNet_DP_Morph,LungInfection,True,automatic,8.0,True,open,3,0.0001,48,1.2,,training,1.3921698331832886,0.06454081782388438,1.3922 ± 0.0645,137.95930314064026,1.7434000053808865,137.9593 ± 1.7434,0.2304,0.015132085117392119,0.2304 ± 0.0151,0.39980000000000004,0.04751757569573598,0.3998 ± 0.0475,0.5862499999999999,0.008980256121069185,0.5862 ± 0.0090,1.0,0.0,1.0000 ± 0.0000,0.49315000000000003,0.03768879143724299,0.4932 ± 0.0377,0.99725,0.001060660171779783,0.9972 ± 0.0011,0.43345,0.021142492757477798,0.4335 ± 0.0211,0.34755,0.009828784258492988,0.3476 ± 0.0098,0.7242,0.04044650788387054,0.7242 ± 0.0404,0.45840000000000003,0.028708535316173848,0.4584 ± 0.0287
UNet_DP_Morph,LungInfection,True,automatic,8.0,True,open,5,0.0001,48,1.2,,training,1.4077116250991821,0.03461722973072579,1.4077 ± 0.0346,138.00217628479004,1.9040819993429712,138.0022 ± 1.9041,0.22999999999999998,0.024041630560342617,0.2300 ± 0.0240,0.4158,0.011172287142747477,0.4158 ± 0.0112,0.5704499999999999,0.024819448019647833,0.5704 ± 0.0248,1.0,0.0,1.0000 ± 0.0000,0.51935,0.018738329701443488,0.5193 ± 0.0187,0.99525,0.0033234018715768,0.9952 ± 0.0033,0.44535,0.003040559159102173,0.4454 ± 0.0030,0.3798,0.0022627416997969777,0.3798 ± 0.0023,0.7097,0.019233304448274095,0.7097 ± 0.0192,0.4334,0.0024041630560342714,0.4334 ± 0.0024
UNet_DP_Morph,LungInfection,True,automatic,8.0,True,open,9,0.0001,48,1.2,,training,1.3847057819366455,0.03702566924203216,1.3847 ± 0.0370,139.32437753677368,0.5231681562161715,139.3244 ± 0.5232,0.20425,0.004313351365237955,0.2042 ± 0.0043,0.33385,0.0028991378028648397,0.3338 ± 0.0029,0.5561499999999999,0.05805346673541552,0.5561 ± 0.0581,1.0,0.0,1.0000 ± 0.0000,0.4738,0.0683065150626205,0.4738 ± 0.0683,0.99055,0.006010407640085699,0.9906 ± 0.0060,0.4147,0.020081832585697935,0.4147 ± 0.0201,0.3246,0.039597979746446695,0.3246 ± 0.0396,0.68225,0.011950104602052673,0.6823 ± 0.0120,0.4693,0.04808326112068519,0.4693 ± 0.0481
UNet_DP_Morph,LungInfection,True,base,8.0,True,both,7,0.0001,48,1.2,,training,1.3774919509887695,0.016007710239225485,1.3775 ± 0.0160,139.60810458660126,0.029586919067253567,139.6081 ± 0.0296,0.18315,0.012515790027001886,0.1832 ± 0.0125,0.3627,0.0024041630560342714,0.3627 ± 0.0024,0.48535000000000006,0.057204938597991715,0.4854 ± 0.0572,1.0,0.0,1.0000 ± 0.0000,0.48905,0.06583164132846754,0.4890 ± 0.0658,0.9896,0.006081118318204346,0.9896 ± 0.0061,0.4405,0.0022627416997969383,0.4405 ± 0.0023,0.36085,0.037405948724768365,0.3609 ± 0.0374,0.68085,0.02382949852598662,0.6808 ± 0.0238,0.4107,0.035638181771801995,0.4107 ± 0.0356
UNet_DP_Morph,LungInfection,True,base,8.0,True,close,3,0.0001,48,1.2,,training,1.4742472171783447,0.0013257712667586827,1.4742 ± 0.0013,120.16495549678802,21.629280664431246,120.1650 ± 21.6293,0.2229,0.028708535316173827,0.2229 ± 0.0287,0.40355,0.036981684656056446,0.4036 ± 0.0370,0.6171500000000001,0.04490128060534577,0.6172 ± 0.0449,1.0,0.0,1.0000 ± 0.0000,0.42310000000000003,0.045820519420888293,0.4231 ± 0.0458,0.996,0.002545584412271605,0.9960 ± 0.0025,0.4105,0.005798275605729718,0.4105 ± 0.0058,0.3184,0.014849242404917511,0.3184 ± 0.0148,0.7242999999999999,0.018101933598375586,0.7243 ± 0.0181,0.4933,0.0021213203435596446,0.4933 ± 0.0021
UNet_DP_Morph,LungInfection,True,base,8.0,True,close,7,0.0001,48,1.2,,training,1.5485620498657227,0.05142454997990011,1.5486 ± 0.0514,139.9049937725067,1.3169642612938461,139.9050 ± 1.3170,0.2107,0.007636753236814697,0.2107 ± 0.0076,0.39625,0.032314779900225195,0.3962 ± 0.0323,0.571,0.0007071067811865482,0.5710 ± 0.0007,1.0,0.0,1.0000 ± 0.0000,0.45389999999999997,0.0016970562748477233,0.4539 ± 0.0017,0.9975,0.0018384776310850566,0.9975 ± 0.0018,0.42889999999999995,0.010323759005323596,0.4289 ± 0.0103,0.32955,0.017041273426595803,0.3296 ± 0.0170,0.69075,0.017606958851545056,0.6907 ± 0.0176,0.46614999999999995,0.005303300858899111,0.4661 ± 0.0053
UNet_DP_Morph,LungInfection,True,base,8.0,True,close,9,0.0001,48,1.2,,training,1.498138964176178,0.02388891802967176,1.4981 ± 0.0239,140.8171352148056,2.3061877164838247,140.8171 ± 2.3062,0.22649999999999998,0.013435028842544395,0.2265 ± 0.0134,0.38645,0.017889801564019644,0.3865 ± 0.0179,0.60625,0.014354267658086905,0.6062 ± 0.0144,1.0,0.0,1.0000 ± 0.0000,0.46635,0.0184554869889689,0.4663 ± 0.0185,0.99915,0.00021213203435594088,0.9991 ± 0.0002,0.40764999999999996,0.017606958851545017,0.4076 ± 0.0176,0.32535000000000003,0.015909902576697336,0.3254 ± 0.0159,0.711,0.04157787873376897,0.7110 ± 0.0416,0.4931,0.014142135623730963,0.4931 ± 0.0141
UNet_DP_Morph,LungInfection,True,base,8.0,True,open,5,0.0001,48,1.2,,training,1.350903868675232,0.0410404094437862,1.3509 ± 0.0410,122.86916100978851,24.620776306289603,122.8692 ± 24.6208,0.23075,0.03867874093090415,0.2308 ± 0.0387,0.39649999999999996,0.031112698372208078,0.3965 ± 0.0311,0.5733999999999999,0.054730064863838794,0.5734 ± 0.0547,1.0,0.0,1.0000 ± 0.0000,0.5182,0.004808326112068465,0.5182 ± 0.0048,0.9962,0.0008485281374238421,0.9962 ± 0.0008,0.45285,0.013930003589374983,0.4528 ± 0.0139,0.3699,0.0026870057685088986,0.3699 ± 0.0027,0.6810499999999999,0.02778929650063132,0.6810 ± 0.0278,0.43065,0.0026162950903902125,0.4306 ± 0.0026
UNet_DP_Morph,LungInfection,True,base,8.0,True,open,9,0.0001,48,1.2,,training,1.364689290523529,0.02044990377857685,1.3647 ± 0.0204,137.98098599910736,0.7449420070947771,137.9810 ± 0.7449,0.18614999999999998,0.01689985207035849,0.1861 ± 0.0169,0.35945,0.016334166645409254,0.3594 ± 0.0163,0.5520499999999999,0.05494219689819474,0.5520 ± 0.0549,1.0,0.0,1.0000 ± 0.0000,0.42545,0.04730544366138,0.4254 ± 0.0473,0.9934499999999999,0.005444722215136366,0.9934 ± 0.0054,0.41295,0.017182694782833095,0.4129 ± 0.0172,0.32135,0.021566756826189717,0.3214 ± 0.0216,0.6657,0.023051681066681498,0.6657 ± 0.0231,0.47365,0.03811305550595495,0.4737 ± 0.0381
UNet_DP_Morph,LungInfection,True,nsgd,8.0,True,both,3,0.0001,48,1.2,,training,1.446702241897583,0.057472116979030964,1.4467 ± 0.0575,139.3302859067917,1.1687056409862266,139.3303 ± 1.1687,0.16355,0.0017677669529663704,0.1636 ± 0.0018,0.30855,0.012091525958289965,0.3085 ± 0.0121,0.49415,0.015909902576697294,0.4941 ± 0.0159,1.0,0.0,1.0000 ± 0.0000,0.4684,0.031961226509631964,0.4684 ± 0.0320,0.9883500000000001,0.001202081528017077,0.9884 ± 0.0012,0.414,0.007919595949289324,0.4140 ± 0.0079,0.3265,0.031395541084682704,0.3265 ± 0.0314,0.6207499999999999,0.02382949852598662,0.6207 ± 0.0238,0.45385,0.02241528496361356,0.4538 ± 0.0224
UNet_DP_Morph,LungInfection,True,nsgd,8.0,True,both,5,0.0001,48,1.2,,training,1.4695590734481812,0.0413485872000977,1.4696 ± 0.0413,139.2089400291443,0.8668193976328817,139.2089 ± 0.8668,0.1441,0.0008485281374238617,0.1441 ± 0.0008,0.28390000000000004,0.023758787847868012,0.2839 ± 0.0238,0.4361,0.01866761902332484,0.4361 ± 0.0187,1.0,0.0,1.0000 ± 0.0000,0.47909999999999997,0.0072124891681028145,0.4791 ± 0.0072,0.9803,0.0019798989873223505,0.9803 ± 0.0020,0.41255,0.01774838020778231,0.4125 ± 0.0177,0.34985,0.005586143571373738,0.3498 ± 0.0056,0.632,0.017394826817189037,0.6320 ± 0.0174,0.43085,0.029203510063004416,0.4309 ± 0.0292
UNet_DP_Morph,LungInfection,True,nsgd,8.0,True,both,9,0.0001,48,1.2,,training,1.4196040630340576,0.03379013997554817,1.4196 ± 0.0338,124.82311975955963,22.51649407912158,124.8231 ± 22.5165,0.16185,0.01803122292025696,0.1618 ± 0.0180,0.28435,0.01887975105768082,0.2843 ± 0.0189,0.50895,0.05197234841721121,0.5090 ± 0.0520,1.0,0.0,1.0000 ± 0.0000,0.39505,0.014071424945612317,0.3951 ± 0.0141,0.98125,0.018031222920256936,0.9812 ± 0.0180,0.3879,0.006929646455628148,0.3879 ± 0.0069,0.30585,0.01803122292025694,0.3059 ± 0.0180,0.6526,0.00014142135623729392,0.6526 ± 0.0001,0.4831,0.0213546247918337,0.4831 ± 0.0214
UNet_DP_Morph,LungInfection,True,nsgd,8.0,True,close,3,0.0001,48,1.2,,training,1.5244422554969788,0.016383575834245795,1.5244 ± 0.0164,138.64583957195282,1.3144939502089257,138.6458 ± 1.3145,0.16920000000000002,0.00155563491861041,0.1692 ± 0.0016,0.3407,0.031961226509631964,0.3407 ± 0.0320,0.46595,0.033304729393886366,0.4659 ± 0.0333,1.0,0.0,1.0000 ± 0.0000,0.47714999999999996,0.02665792565073285,0.4771 ± 0.0267,0.99495,0.0016263455967290372,0.9950 ± 0.0016,0.4436,0.023051681066681422,0.4436 ± 0.0231,0.33615,0.016617009357883843,0.3362 ± 0.0166,0.6602,0.011172287142747477,0.6602 ± 0.0112,0.41195,0.04065863991822648,0.4119 ± 0.0407
UNet_DP_Morph,LungInfection,True,nsgd,8.0,True,close,5,0.0001,48,1.2,,training,1.5133287906646729,0.03730501855396237,1.5133 ± 0.0373,138.37641513347626,3.1275839381899697,138.3764 ± 3.1276,0.1956,0.015697770542341352,0.1956 ± 0.0157,0.3322,0.000989949493661136,0.3322 ± 0.0010,0.5892999999999999,0.02955706345359765,0.5893 ± 0.0296,1.0,0.0,1.0000 ± 0.0000,0.39590000000000003,0.0002828427124746271,0.3959 ± 0.0003,0.9984,0.0015556349186104687,0.9984 ± 0.0016,0.3906,0.01329360748630712,0.3906 ± 0.0133,0.29064999999999996,0.003040559159102173,0.2906 ± 0.0030,0.635,0.07283199846221437,0.6350 ± 0.0728,0.51315,0.015202795795510824,0.5131 ± 0.0152
UNet_DP_Morph,LungInfection,True,nsgd,8.0,True,close,7,0.0001,48,1.2,,training,1.5405167937278748,0.006102273608498303,1.5405 ± 0.0061,137.67373287677765,0.5194250103062019,137.6737 ± 0.5194,0.14905000000000002,0.02368807716974934,0.1491 ± 0.0237,0.2738,0.02262741699796954,0.2738 ± 0.0226,0.4493,0.05628569978244918,0.4493 ± 0.0563,1.0,0.0,1.0000 ± 0.0000,0.4542,0.028284271247461926,0.4542 ± 0.0283,0.991,0.006222539674441561,0.9910 ± 0.0062,0.40505,0.00912167747730644,0.4051 ± 0.0091,0.31965,0.0072831998462214225,0.3196 ± 0.0073,0.6417,0.009899494936611674,0.6417 ± 0.0099,0.45035000000000003,0.011808683245815339,0.4504 ± 0.0118
UNet_DP_Morph,LungInfection,True,nsgd,8.0,True,close,9,0.0001,48,1.2,,training,1.5807634592056274,0.020662913950950906,1.5808 ± 0.0207,122.86372900009155,20.52564301405008,122.8637 ± 20.5256,0.18409999999999999,0.025597265478953007,0.1841 ± 0.0256,0.33025000000000004,0.005303300858899111,0.3303 ± 0.0053,0.5602499999999999,0.07346839456528229,0.5602 ± 0.0735,1.0,0.0,1.0000 ± 0.0000,0.3967,0.004101219330881995,0.3967 ± 0.0041,0.98815,0.015768481220460002,0.9881 ± 0.0158,0.39549999999999996,0.029415642097360396,0.3955 ± 0.0294,0.31005,0.018738329701443488,0.3100 ± 0.0187,0.67805,0.042214274836836874,0.6781 ± 0.0422,0.498,0.047941839764447935,0.4980 ± 0.0479
UNet_DP_Morph,LungInfection,True,nsgd,8.0,True,open,7,0.0001,48,1.2,,training,1.4030774235725403,0.01007621566089348,1.4031 ± 0.0101,138.9799783229828,1.358792479629998,138.9800 ± 1.3588,0.17795,0.004030508652763309,0.1779 ± 0.0040,0.30375,0.012798632739476514,0.3038 ± 0.0128,0.5628500000000001,0.031041987694089394,0.5629 ± 0.0310,1.0,0.0,1.0000 ± 0.0000,0.37424999999999997,0.03443610024378488,0.3742 ± 0.0344,0.99275,0.0013435028842544493,0.9928 ± 0.0013,0.38805,0.01930401512639274,0.3881 ± 0.0193,0.30179999999999996,0.026587214972614202,0.3018 ± 0.0266,0.64665,0.01619274528917196,0.6466 ± 0.0162,0.5063,0.028567113959936514,0.5063 ± 0.0286
UNet_DP_Morph,LungInfection,True,psac,8.0,True,both,3,0.0001,48,1.2,,training,1.463438868522644,0.011190999804006627,1.4634 ± 0.0112,152.8112416267395,2.4992120218814113,152.8112 ± 2.4992,0.18430000000000002,0.010606601717798203,0.1843 ± 0.0106,0.3549,0.03167838379715734,0.3549 ± 0.0317,0.4877,0.03266833329081851,0.4877 ± 0.0327,1.0,0.0,1.0000 ± 0.0000,0.49535,0.028779245994292532,0.4954 ± 0.0288,0.99455,0.0020506096654409976,0.9946 ± 0.0021,0.43735,0.0034648232278140937,0.4374 ± 0.0035,0.3587,0.013435028842544414,0.3587 ± 0.0134,0.6782,0.00975807358037438,0.6782 ± 0.0098,0.42195000000000005,0.01534421715174808,0.4220 ± 0.0153
UNet_DP_Morph,LungInfection,True,psac,8.0,True,both,5,0.0001,48,1.2,,training,1.4507685899734497,0.0621033812808022,1.4508 ± 0.0621,150.48844361305237,4.240816571515734,150.4884 ± 4.2408,0.1829,0.018101933598375624,0.1829 ± 0.0181,0.35855000000000004,0.02552655480083434,0.3586 ± 0.0255,0.5129,0.058548441482246166,0.5129 ± 0.0585,1.0,0.0,1.0000 ± 0.0000,0.47534999999999994,0.0383958982184295,0.4753 ± 0.0384,0.99425,0.0044547727214752295,0.9942 ± 0.0045,0.42979999999999996,0.007636753236814696,0.4298 ± 0.0076,0.3417,0.0035355339059327407,0.3417 ± 0.0035,0.6551,0.022061731573020285,0.6551 ± 0.0221,0.4433,0.026587214972614202,0.4433 ± 0.0266
UNet_DP_Morph,LungInfection,True,psac,8.0,True,both,9,0.0001,48,1.2,,training,1.3882872462272644,0.025379904942593148,1.3883 ± 0.0254,151.90694344043732,5.922404177457937,151.9069 ± 5.9224,0.2069,0.032102647865869256,0.2069 ± 0.0321,0.35675,0.031183409050326766,0.3568 ± 0.0312,0.63315,0.08464068170802969,0.6331 ± 0.0846,1.0,0.0,1.0000 ± 0.0000,0.3699,0.014424978336205551,0.3699 ± 0.0144,0.99485,0.0027577164466275456,0.9949 ± 0.0028,0.3869,0.01979898987322331,0.3869 ± 0.0198,0.2883,0.012445079348883201,0.2883 ± 0.0124,0.6656500000000001,0.069225753878163,0.6657 ± 0.0692,0.5239,0.03790092347159894,0.5239 ± 0.0379
UNet_DP_Morph,LungInfection,True,psac,8.0,True,close,5,0.0001,48,1.2,,training,1.5231314897537231,0.09195717419282676,1.5231 ± 0.0920,148.72620391845703,1.6031366422357836,148.7262 ± 1.6031,0.18215,0.03811305550595492,0.1822 ± 0.0381,0.32825000000000004,0.02679934700697014,0.3283 ± 0.0268,0.52495,0.08209509729575815,0.5250 ± 0.0821,1.0,0.0,1.0000 ± 0.0000,0.43895,0.0020506096654409976,0.4390 ± 0.0021,0.9797,0.0019798989873223505,0.9797 ± 0.0020,0.40705,0.01661700935788388,0.4071 ± 0.0166,0.3217,0.0072124891681027755,0.3217 ± 0.0072,0.6825,0.03832518754031089,0.6825 ± 0.0383,0.4663,0.0369109739779378,0.4663 ± 0.0369
UNet_DP_Morph,LungInfection,True,psac,8.0,True,close,7,0.0001,48,1.2,,training,1.5726146697998047,0.10652632819867855,1.5726 ± 0.1065,148.24066257476807,3.5663209986581874,148.2407 ± 3.5663,0.19595,0.03613315651863259,0.1960 ± 0.0361,0.3571,0.030122748878546945,0.3571 ± 0.0301,0.5143,0.0649124025129251,0.5143 ± 0.0649,1.0,0.0,1.0000 ± 0.0000,0.5064,0.012727922061357828,0.5064 ± 0.0127,0.9956,0.005232590180780425,0.9956 ± 0.0052,0.43005,0.009263098833543773,0.4300 ± 0.0093,0.34835,0.009263098833543773,0.3483 ± 0.0093,0.68615,0.03981011178080264,0.6862 ± 0.0398,0.429,0.025173001410241067,0.4290 ± 0.0252
UNet_DP_Morph,LungInfection,True,psac,8.0,True,close,9,0.0001,48,1.2,,training,1.541915476322174,0.009325495995217436,1.5419 ± 0.0093,153.55545961856842,1.1323234698272586,153.5555 ± 1.1323,0.17015000000000002,0.01972827919510468,0.1702 ± 0.0197,0.25839999999999996,0.0008485281374238814,0.2584 ± 0.0008,0.5717,0.0736805265996383,0.5717 ± 0.0737,1.0,0.0,1.0000 ± 0.0000,0.3248,0.028991378028648436,0.3248 ± 0.0290,0.9953,0.004384062043356583,0.9953 ± 0.0044,0.3335,0.05105310960166872,0.3335 ± 0.0511,0.26315,0.013222896808188436,0.2631 ± 0.0132,0.52545,0.05154808434849929,0.5254 ± 0.0515,0.56385,0.07417550134646883,0.5638 ± 0.0742
UNet_DP_Morph,LungInfection,True,psac,8.0,True,open,3,0.0001,48,1.2,,training,1.439590573310852,0.02513958361238403,1.4396 ± 0.0251,152.73345851898193,0.5008269547574967,152.7335 ± 0.5008,0.18064999999999998,0.05324514062334703,0.1806 ± 0.0532,0.34355,0.07728677118368965,0.3436 ± 0.0773,0.5256,0.10691454531540595,0.5256 ± 0.1069,1.0,0.0,1.0000 ± 0.0000,0.4225,0.018809040379562172,0.4225 ± 0.0188,0.9903500000000001,0.012374368670764553,0.9904 ± 0.0124,0.41475,0.0004949747468306073,0.4148 ± 0.0005,0.313,0.019657568516986055,0.3130 ± 0.0197,0.66805,0.0622961074225348,0.6681 ± 0.0623,0.4635,0.032102647865869256,0.4635 ± 0.0321
UNet_DP_Morph,LungInfection,True,psac,8.0,True,open,5,0.0001,48,1.2,,training,1.3863382935523987,0.07353520817720023,1.3863 ± 0.0735,131.10275495052338,22.20299132138166,131.1028 ± 22.2030,0.19915,0.010253048327204948,0.1991 ± 0.0103,0.3751,0.012869343417595162,0.3751 ± 0.0129,0.55105,0.05112382027978741,0.5511 ± 0.0511,1.0,0.0,1.0000 ± 0.0000,0.43025,0.052113769773448546,0.4303 ± 0.0521,0.98935,0.007848885271170676,0.9893 ± 0.0078,0.43445,0.0197282791951047,0.4345 ± 0.0197,0.32084999999999997,0.00799030662740801,0.3208 ± 0.0080,0.6797,0.025597265478953028,0.6797 ± 0.0256,0.4518,0.0431335136523794,0.4518 ± 0.0431
UNet_DP_Morph,LungInfection,True,psac,8.0,True,open,7,0.0001,48,1.2,,training,1.406826376914978,0.014314587040845848,1.4068 ± 0.0143,136.34631180763245,29.364567467375544,136.3463 ± 29.3646,0.1573,0.014707821048680177,0.1573 ± 0.0147,0.30345,0.015061374439273452,0.3034 ± 0.0151,0.47629999999999995,0.00820243866176395,0.4763 ± 0.0082,1.0,0.0,1.0000 ± 0.0000,0.43979999999999997,0.03945655839020936,0.4398 ± 0.0395,0.9862,0.013435028842544414,0.9862 ± 0.0134,0.41425,0.009828784258493027,0.4143 ± 0.0098,0.3281,0.017394826817189037,0.3281 ± 0.0174,0.6388,0.00028284271247466634,0.6388 ± 0.0003,0.44525000000000003,0.014778531726798825,0.4453 ± 0.0148
UNet_DP_Morph,LungInfection,True,psac,8.0,True,open,9,0.0001,48,1.2,,training,1.4024004340171814,0.015313551644251217,1.4024 ± 0.0153,150.56186258792877,3.003732895029797,150.5619 ± 3.0037,0.176,0.013859292911256337,0.1760 ± 0.0139,0.32915,0.01025304832720491,0.3291 ± 0.0103,0.49060000000000004,0.014707821048680177,0.4906 ± 0.0147,1.0,0.0,1.0000 ± 0.0000,0.5036,0.10026774157225248,0.5036 ± 0.1003,0.98855,0.0013435028842544493,0.9886 ± 0.0013,0.4222,0.013859292911256337,0.4222 ± 0.0139,0.3649,0.05218448045156719,0.3649 ± 0.0522,0.6479,0.00014142135623729392,0.6479 ± 0.0001,0.43415,0.0348603643124968,0.4341 ± 0.0349
UNet_DP_Morph,LungInfection,True,automatic,8.0,True,both,3,0.0001,48,1.5,,training,1.4464300870895386,0.02698291817885649,1.4464 ± 0.0270,138.70540368556976,1.2191904848317279,138.7054 ± 1.2192,0.1757,0.004242640687119289,0.1757 ± 0.0042,0.3761,0.013717871555019003,0.3761 ± 0.0137,0.46950000000000003,0.053315851301465655,0.4695 ± 0.0533,1.0,0.0,1.0000 ± 0.0000,0.5155000000000001,0.04624478348960022,0.5155 ± 0.0462,0.98895,0.0010606601717798615,0.9889 ± 0.0011,0.44645,0.0321733585439879,0.4465 ± 0.0322,0.37,0.017677669529663705,0.3700 ± 0.0177,0.66995,0.001202081528017077,0.6700 ± 0.0012,0.3985,0.05769991334482228,0.3985 ± 0.0577
UNet_DP_Morph,LungInfection,True,automatic,8.0,True,both,5,0.0001,48,1.5,,training,1.4037173986434937,0.015221587220800288,1.4037 ± 0.0152,125.31721270084381,22.1439182985088,125.3172 ± 22.1439,0.19440000000000002,0.034082546853191585,0.1944 ± 0.0341,0.3711,0.07311484117468901,0.3711 ± 0.0731,0.5309999999999999,0.013717871555019003,0.5310 ± 0.0137,1.0,0.0,1.0000 ± 0.0000,0.46355,0.09100464273870869,0.4636 ± 0.0910,0.995,0.0016970562748476843,0.9950 ± 0.0017,0.43520000000000003,0.034789653634378116,0.4352 ± 0.0348,0.33935000000000004,0.04730544366138004,0.3394 ± 0.0473,0.6727000000000001,0.05628569978244918,0.6727 ± 0.0563,0.4397,0.042284985514955555,0.4397 ± 0.0423
UNet_DP_Morph,LungInfection,True,automatic,8.0,True,close,3,0.0001,48,1.5,,training,1.5478847026824951,0.03290859649209415,1.5479 ± 0.0329,137.19864761829376,1.597432487758319,137.1986 ± 1.5974,0.16725,0.0020506096654409776,0.1673 ± 0.0021,0.31605,0.01689985207035851,0.3160 ± 0.0169,0.50135,0.039668690424565306,0.5013 ± 0.0397,1.0,0.0,1.0000 ± 0.0000,0.44815000000000005,0.05593214639185591,0.4482 ± 0.0559,0.9915,0.000989949493661136,0.9915 ± 0.0010,0.41035,0.010111626970967616,0.4103 ± 0.0101,0.3285,0.020788939366884484,0.3285 ± 0.0208,0.6533500000000001,0.0334461507501237,0.6534 ± 0.0334,0.45865,0.030759144981614805,0.4587 ± 0.0308
UNet_DP_Morph,LungInfection,True,automatic,8.0,True,open,3,0.0001,48,1.5,,training,1.4564648866653442,0.011358575673685783,1.4565 ± 0.0114,121.26049816608429,24.310504357369137,121.2605 ± 24.3105,0.2089,0.018101933598375624,0.2089 ± 0.0181,0.37905,0.04320422433049809,0.3790 ± 0.0432,0.5793999999999999,0.012445079348883201,0.5794 ± 0.0124,1.0,0.0,1.0000 ± 0.0000,0.44955,0.03302188668141174,0.4496 ± 0.0330,0.9966999999999999,0.000989949493661136,0.9967 ± 0.0010,0.42215,0.029910616844190965,0.4222 ± 0.0299,0.33275,0.005020458146424484,0.3327 ± 0.0050,0.68745,0.018172644276494312,0.6875 ± 0.0182,0.46725,0.023829498525986616,0.4672 ± 0.0238
UNet_DP_Morph,LungInfection,True,automatic,8.0,True,open,5,0.0001,48,1.5,,training,1.3782460689544678,0.011649726103199354,1.3782 ± 0.0116,136.34908056259155,1.017189237876109,136.3491 ± 1.0172,0.1778,0.0222031529292576,0.1778 ± 0.0222,0.31735,0.024536605307173203,0.3174 ± 0.0245,0.5413,0.0999848988597778,0.5413 ± 0.1000,1.0,0.0,1.0000 ± 0.0000,0.4105,0.0520430590953299,0.4105 ± 0.0520,0.99385,0.0004949747468305288,0.9939 ± 0.0005,0.402,0.03464823227814082,0.4020 ± 0.0346,0.29910000000000003,0.022485995641732207,0.2991 ± 0.0225,0.6372,0.055154328932550754,0.6372 ± 0.0552,0.48214999999999997,0.06950859659063763,0.4821 ± 0.0695
UNet_DP_Morph,LungInfection,True,automatic,8.0,True,open,7,0.0001,48,1.5,,training,1.3833494186401367,0.02037210069622574,1.3833 ± 0.0204,137.1704843044281,1.3269480067691068,137.1705 ± 1.3269,0.1636,0.02998132752230961,0.1636 ± 0.0300,0.32525,0.06272037149124676,0.3252 ± 0.0627,0.49405,0.0499924494298889,0.4940 ± 0.0500,1.0,0.0,1.0000 ± 0.0000,0.43285,0.04758828637385467,0.4329 ± 0.0476,0.9916,0.0005656854249492542,0.9916 ± 0.0006,0.41564999999999996,0.01308147545195114,0.4156 ± 0.0131,0.3176,0.03181980515339467,0.3176 ± 0.0318,0.6384000000000001,0.06349818895055195,0.6384 ± 0.0635,0.45235000000000003,0.003040559159102173,0.4524 ± 0.0030
UNet_DP_Morph,LungInfection,True,automatic,8.0,True,open,9,0.0001,48,1.5,,training,1.3889771103858948,0.07530419570289963,1.3890 ± 0.0753,139.24714422225952,1.2634236023439112,139.2471 ± 1.2634,0.21084999999999998,0.06965001794687493,0.2108 ± 0.0697,0.37735,0.11122789668064392,0.3774 ± 0.1112,0.5421,0.10069200564096435,0.5421 ± 0.1007,1.0,0.0,1.0000 ± 0.0000,0.50105,0.03726452736853103,0.5010 ± 0.0373,0.9974000000000001,0.003252691193458153,0.9974 ± 0.0033,0.43485,0.023405234457274736,0.4349 ± 0.0234,0.35545000000000004,0.008838834764831853,0.3555 ± 0.0088,0.68555,0.07035712472806142,0.6855 ± 0.0704,0.44315000000000004,0.009545941546018401,0.4432 ± 0.0095
UNet_DP_Morph,LungInfection,True,base,8.0,True,both,3,0.0001,48,1.5,,training,1.4949901103973389,0.05967656574354523,1.4950 ± 0.0597,136.5444358587265,0.33244742897077634,136.5444 ± 0.3324,0.1753,0.03478965363437813,0.1753 ± 0.0348,0.3396,0.08372144289248723,0.3396 ± 0.0837,0.49515,0.05154808434849929,0.4951 ± 0.0515,1.0,0.0,1.0000 ± 0.0000,0.4464,0.008061017305526656,0.4464 ± 0.0081,0.9898,0.006929646455628187,0.9898 ± 0.0069,0.42645,0.025667976157071674,0.4264 ± 0.0257,0.33455,0.005727564927611032,0.3346 ± 0.0057,0.6865,0.04794183976444798,0.6865 ± 0.0479,0.439,0.011172287142747477,0.4390 ± 0.0112
UNet_DP_Morph,LungInfection,True,base,8.0,True,both,5,0.0001,48,1.5,,training,1.4176856875419617,0.029856406016632222,1.4177 ± 0.0299,137.59316837787628,1.1830652408612823,137.5932 ± 1.1831,0.18745,0.05734635995422901,0.1875 ± 0.0573,0.34565,0.07063996744053609,0.3457 ± 0.0706,0.5324,0.15429069965490463,0.5324 ± 0.1543,1.0,0.0,1.0000 ± 0.0000,0.4417,0.05303300858899107,0.4417 ± 0.0530,0.9922,0.00622253967444164,0.9922 ± 0.0062,0.41469999999999996,0.010323759005323596,0.4147 ± 0.0103,0.328,0.017253405460951745,0.3280 ± 0.0173,0.6576500000000001,0.026516504294495515,0.6577 ± 0.0265,0.45775,0.07445834405894342,0.4577 ± 0.0745
UNet_DP_Morph,LungInfection,True,base,8.0,True,both,7,0.0001,48,1.5,,training,1.4055659174919128,0.0057998278235841276,1.4056 ± 0.0058,120.67401206493378,18.568424796915483,120.6740 ± 18.5684,0.1587,0.0164048773235279,0.1587 ± 0.0164,0.3104,0.05883128419472075,0.3104 ± 0.0588,0.46315,0.009828784258493027,0.4632 ± 0.0098,1.0,0.0,1.0000 ± 0.0000,0.46665,0.09270169901355638,0.4667 ± 0.0927,0.98335,0.0016263455967291157,0.9833 ± 0.0016,0.41885,0.022698127676088187,0.4189 ± 0.0227,0.33985,0.057629202666703634,0.3398 ± 0.0576,0.6451,0.029557063453597727,0.6451 ± 0.0296,0.43055,0.040092954493277225,0.4305 ± 0.0401
UNet_DP_Morph,LungInfection,True,base,8.0,True,both,9,0.0001,48,1.5,,training,1.4082257747650146,0.026370777351084264,1.4082 ± 0.0264,139.19857823848724,0.2944791876086464,139.1986 ± 0.2945,0.1723,0.005232590180780444,0.1723 ± 0.0052,0.3288,0.003818376618407368,0.3288 ± 0.0038,0.5034000000000001,0.019374725804511387,0.5034 ± 0.0194,1.0,0.0,1.0000 ± 0.0000,0.48019999999999996,0.026587214972614202,0.4802 ± 0.0266,0.9916499999999999,0.0017677669529664096,0.9916 ± 0.0018,0.423,0.0072124891681027755,0.4230 ± 0.0072,0.3415,0.019374725804511425,0.3415 ± 0.0194,0.66595,0.025667976157071674,0.6660 ± 0.0257,0.4437,0.010465180361560888,0.4437 ± 0.0105
UNet_DP_Morph,LungInfection,True,base,8.0,True,close,3,0.0001,48,1.5,,training,1.6131973266601562,0.10349681272771565,1.6132 ± 0.1035,137.4049642086029,0.2583595070222042,137.4050 ± 0.2584,0.1809,0.03394112549695427,0.1809 ± 0.0339,0.35135,0.05084097756731274,0.3513 ± 0.0508,0.5019,0.10776307345282979,0.5019 ± 0.1078,1.0,0.0,1.0000 ± 0.0000,0.48834999999999995,0.0740340799902315,0.4883 ± 0.0740,0.98495,0.009970205614730322,0.9849 ± 0.0100,0.41985,0.0026162950903902515,0.4199 ± 0.0026,0.3621,0.04539625535217634,0.3621 ± 0.0454,0.66515,0.03684026329981915,0.6652 ± 0.0368,0.44115,0.054093668760770895,0.4411 ± 0.0541
UNet_DP_Morph,LungInfection,True,base,8.0,True,close,5,0.0001,48,1.5,,training,1.4931339621543884,0.07930258292743082,1.4931 ± 0.0793,138.5458586215973,0.3856348973302102,138.5459 ± 0.3856,0.2002,0.03436538956566621,0.2002 ± 0.0344,0.31505,0.07954951288348662,0.3150 ± 0.0795,0.5908500000000001,0.07898382745853737,0.5909 ± 0.0790,1.0,0.0,1.0000 ± 0.0000,0.4139,0.010182337649086262,0.4139 ± 0.0102,0.9963500000000001,0.002192031021678291,0.9964 ± 0.0022,0.38875000000000004,0.007424621202458756,0.3888 ± 0.0074,0.2922,0.011879393923933985,0.2922 ± 0.0119,0.64715,0.07587255762131652,0.6472 ± 0.0759,0.50415,0.015627059864222706,0.5041 ± 0.0156
UNet_DP_Morph,LungInfection,True,base,8.0,True,close,7,0.0001,48,1.5,,training,1.584691345691681,0.0017628340858168107,1.5847 ± 0.0018,139.43024110794067,0.5315590879924883,139.4302 ± 0.5316,0.18935000000000002,0.02736503243191938,0.1894 ± 0.0274,0.35055000000000003,0.006717514421272207,0.3506 ± 0.0067,0.5542,0.09899494936611662,0.5542 ± 0.0990,1.0,0.0,1.0000 ± 0.0000,0.4414,0.07127636354360399,0.4414 ± 0.0713,0.9932000000000001,0.0022627416997969383,0.9932 ± 0.0023,0.41115,0.03882016228714146,0.4112 ± 0.0388,0.32855,0.02892066735052979,0.3286 ± 0.0289,0.64495,0.00841457069611993,0.6450 ± 0.0084,0.47450000000000003,0.081317279836453,0.4745 ± 0.0813
UNet_DP_Morph,LungInfection,True,base,8.0,True,close,9,0.0001,48,1.5,,training,1.6211967468261719,0.045105557276358794,1.6212 ± 0.0451,138.83186542987823,0.7811916685620268,138.8319 ± 0.7812,0.17985,0.035426049737446036,0.1799 ± 0.0354,0.3096,0.06477098115668777,0.3096 ± 0.0648,0.5246,0.08456997102991111,0.5246 ± 0.0846,1.0,0.0,1.0000 ± 0.0000,0.44989999999999997,0.021637467504308366,0.4499 ± 0.0216,0.9944999999999999,0.005091168824543131,0.9945 ± 0.0051,0.4085,0.01400071426749363,0.4085 ± 0.0140,0.32689999999999997,0.009758073580374341,0.3269 ± 0.0098,0.6537,0.008768124086713245,0.6537 ± 0.0088,0.46645000000000003,0.015909902576697336,0.4665 ± 0.0159
UNet_DP_Morph,LungInfection,True,base,8.0,True,open,3,0.0001,48,1.5,,training,1.413794994354248,0.054144876170187255,1.4138 ± 0.0541,138.33277189731598,0.7229983347112772,138.3328 ± 0.7230,0.21050000000000002,0.012303657992645926,0.2105 ± 0.0123,0.3947,0.027718585822512673,0.3947 ± 0.0277,0.5614,0.1025304832720494,0.5614 ± 0.1025,1.0,0.0,1.0000 ± 0.0000,0.4719,0.10578317446550747,0.4719 ± 0.1058,0.9956,0.0011313708498984299,0.9956 ± 0.0011,0.43220000000000003,0.047658997051973274,0.4322 ± 0.0477,0.33240000000000003,0.059396969619670004,0.3324 ± 0.0594,0.69005,0.028496403281817868,0.6901 ± 0.0285,0.44880000000000003,0.0861256059485215,0.4488 ± 0.0861
UNet_DP_Morph,LungInfection,True,base,8.0,True,open,5,0.0001,48,1.5,,training,1.4022024869918823,0.004497911673082454,1.4022 ± 0.0045,136.76663053035736,1.9690827235778066,136.7666 ± 1.9691,0.22060000000000002,0.012586500705120553,0.2206 ± 0.0126,0.38155,0.004313351365237936,0.3816 ± 0.0043,0.55165,0.043628488399209964,0.5516 ± 0.0436,1.0,0.0,1.0000 ± 0.0000,0.5232,0.04398204178980328,0.5232 ± 0.0440,0.9952,0.0029698484809834867,0.9952 ± 0.0030,0.4417,0.02842569260369922,0.4417 ± 0.0284,0.36729999999999996,0.0253144227664784,0.3673 ± 0.0253,0.70185,0.048295393155041215,0.7018 ± 0.0483,0.42405000000000004,0.04730544366138004,0.4241 ± 0.0473
UNet_DP_Morph,LungInfection,True,base,8.0,True,open,7,0.0001,48,1.5,,training,1.4092433452606201,0.014641477997896342,1.4092 ± 0.0146,122.43437278270721,21.466056372566985,122.4344 ± 21.4661,0.19085000000000002,0.05338656197958432,0.1909 ± 0.0534,0.34140000000000004,0.08584276323604688,0.3414 ± 0.0858,0.5431,0.09814642122869281,0.5431 ± 0.0981,1.0,0.0,1.0000 ± 0.0000,0.45194999999999996,0.028779245994292494,0.4519 ± 0.0288,0.99395,0.006576093065034952,0.9940 ± 0.0066,0.41425,0.007000357133746834,0.4143 ± 0.0070,0.32565,0.018596908345206192,0.3256 ± 0.0186,0.67645,0.06696301217836606,0.6764 ± 0.0670,0.46865,0.01661700935788388,0.4687 ± 0.0166
UNet_DP_Morph,LungInfection,True,base,8.0,True,open,9,0.0001,48,1.5,,training,1.3938392400741577,0.021086742659576614,1.3938 ± 0.0211,136.83438205718994,1.2694293596693196,136.8344 ± 1.2694,0.19445,0.0020506096654409776,0.1945 ± 0.0021,0.3641,0.05642712113868652,0.3641 ± 0.0564,0.53355,0.05013387078612619,0.5335 ± 0.0501,1.0,0.0,1.0000 ± 0.0000,0.4649,0.07269057710597708,0.4649 ± 0.0727,0.9913000000000001,0.004808326112068543,0.9913 ± 0.0048,0.42264999999999997,0.03217335854398794,0.4226 ± 0.0322,0.3349,0.04751757569573598,0.3349 ± 0.0475,0.69255,0.020576807332528466,0.6925 ± 0.0206,0.4506,0.06236681810065349,0.4506 ± 0.0624
UNet_DP_Morph,LungInfection,True,nsgd,8.0,True,both,3,0.0001,48,1.5,,training,1.4770216345787048,0.034743754569955654,1.4770 ± 0.0347,119.53768169879913,19.388310475570997,119.5377 ± 19.3883,0.14965,0.033587572106361,0.1497 ± 0.0336,0.30405,0.06484169183480641,0.3040 ± 0.0648,0.45799999999999996,0.10069200564096438,0.4580 ± 0.1007,1.0,0.0,1.0000 ± 0.0000,0.4384,0.06774082963767125,0.4384 ± 0.0677,0.9726,0.013010764773832454,0.9726 ± 0.0130,0.39485000000000003,0.017606958851545017,0.3949 ± 0.0176,0.33630000000000004,0.0280014285349873,0.3363 ± 0.0280,0.6613,0.03931513703397211,0.6613 ± 0.0393,0.45375,0.035426049737446015,0.4537 ± 0.0354
UNet_DP_Morph,LungInfection,True,nsgd,8.0,True,both,9,0.0001,48,1.5,,training,1.4344964027404785,0.054631419389397015,1.4345 ± 0.0546,142.278710603714,1.9191338190579699,142.2787 ± 1.9191,0.1727,0.023900209204105304,0.1727 ± 0.0239,0.29545,0.04744686501761733,0.2954 ± 0.0474,0.51715,0.09439875528840407,0.5171 ± 0.0944,1.0,0.0,1.0000 ± 0.0000,0.44489999999999996,0.08796408357960651,0.4449 ± 0.0880,0.98845,0.00799030662740797,0.9885 ± 0.0080,0.40075,0.0013435028842544493,0.4007 ± 0.0013,0.32025000000000003,0.02962777413171634,0.3203 ± 0.0296,0.6535,0.007636753236814736,0.6535 ± 0.0076,0.46814999999999996,0.04985102807365156,0.4681 ± 0.0499
UNet_DP_Morph,LungInfection,True,nsgd,8.0,True,close,3,0.0001,48,1.5,,training,1.6190062761306763,0.07043665616837633,1.6190 ± 0.0704,138.62848925590515,0.04122534981505185,138.6285 ± 0.0412,0.16049999999999998,0.00014142135623731355,0.1605 ± 0.0001,0.2806,0.030547012947258863,0.2806 ± 0.0305,0.51385,0.07672108575874044,0.5139 ± 0.0767,1.0,0.0,1.0000 ± 0.0000,0.3843,0.17394826817189069,0.3843 ± 0.1739,0.9572499999999999,0.04673975823643074,0.9572 ± 0.0467,0.3487,0.0917824601980139,0.3487 ± 0.0918,0.30805,0.09043895731375942,0.3080 ± 0.0904,0.5915,0.05020458146424484,0.5915 ± 0.0502,0.5165500000000001,0.12339013331705254,0.5166 ± 0.1234
UNet_DP_Morph,LungInfection,True,nsgd,8.0,True,close,5,0.0001,48,1.5,,training,1.5166475772857666,0.02461072495726933,1.5166 ± 0.0246,137.76138019561768,1.631106302431977,137.7614 ± 1.6311,0.17604999999999998,0.007990306627407991,0.1760 ± 0.0080,0.2679,0.01088944443027285,0.2679 ± 0.0109,0.57505,0.08845905832643709,0.5750 ± 0.0885,1.0,0.0,1.0000 ± 0.0000,0.35515,0.1047225142937277,0.3552 ± 0.1047,0.9698500000000001,0.02778929650063132,0.9699 ± 0.0278,0.34640000000000004,0.07240773439350245,0.3464 ± 0.0724,0.28300000000000003,0.032951176003293135,0.2830 ± 0.0330,0.6144000000000001,0.06038691911333118,0.6144 ± 0.0604,0.5424,0.09347951647286161,0.5424 ± 0.0935
UNet_DP_Morph,LungInfection,True,nsgd,8.0,True,open,3,0.0001,48,1.5,,training,1.4337510466575623,0.055305853259268185,1.4338 ± 0.0553,140.71806967258453,1.2544367141296302,140.7181 ± 1.2544,0.16855,0.01817264427649427,0.1686 ± 0.0182,0.33865,0.01774838020778235,0.3387 ± 0.0177,0.48014999999999997,0.07148849557795993,0.4801 ± 0.0715,1.0,0.0,1.0000 ± 0.0000,0.46699999999999997,0.058124177413534206,0.4670 ± 0.0581,0.97835,0.02085965004500313,0.9784 ± 0.0209,0.42335,0.018738329701443488,0.4234 ± 0.0187,0.33745,0.046881179592668076,0.3375 ± 0.0469,0.6757,0.018526197667087546,0.6757 ± 0.0185,0.4333,0.050346002820482176,0.4333 ± 0.0503
UNet_DP_Morph,LungInfection,True,nsgd,8.0,True,open,7,0.0001,48,1.5,,training,1.4051593542099,0.016540277817009296,1.4052 ± 0.0165,124.72211563587189,23.272591682667624,124.7221 ± 23.2726,0.1879,0.0164048773235279,0.1879 ± 0.0164,0.34745000000000004,0.018314065632731566,0.3475 ± 0.0183,0.5418000000000001,0.03493107499061545,0.5418 ± 0.0349,1.0,0.0,1.0000 ± 0.0000,0.44035,0.0027577164466275456,0.4404 ± 0.0028,0.99325,0.006293250352560286,0.9932 ± 0.0063,0.4163,0.0033941125496954466,0.4163 ± 0.0034,0.3298,0.022485995641732207,0.3298 ± 0.0225,0.67945,0.03443610024378484,0.6794 ± 0.0344,0.46525,0.008838834764831813,0.4652 ± 0.0088
UNet_DP_Morph,LungInfection,True,nsgd,8.0,True,open,9,0.0001,48,1.5,,training,1.4078448414802551,0.011883472525040616,1.4078 ± 0.0119,123.78122270107269,26.714164078879733,123.7812 ± 26.7142,0.1576,0.03889087296526011,0.1576 ± 0.0389,0.30935,0.07120565286548534,0.3094 ± 0.0712,0.45504999999999995,0.05805346673541555,0.4550 ± 0.0581,1.0,0.0,1.0000 ± 0.0000,0.49595,0.04136574669941303,0.4960 ± 0.0414,0.98645,0.01491995308303616,0.9865 ± 0.0149,0.4145,0.03365828278447969,0.4145 ± 0.0337,0.35245000000000004,0.022556706319850857,0.3525 ± 0.0226,0.6556,0.0328097546470558,0.6556 ± 0.0328,0.42865,0.01378858223313769,0.4286 ± 0.0138
UNet_DP_Morph,LungInfection,True,psac,8.0,True,both,7,0.0001,48,1.5,,training,1.429778277873993,0.02637339045569194,1.4298 ± 0.0264,149.9719569683075,5.186689969963529,149.9720 ± 5.1867,0.1851,0.027011479041326104,0.1851 ± 0.0270,0.29615,0.03372899346259833,0.2962 ± 0.0337,0.57315,0.11900607127369595,0.5732 ± 0.1190,1.0,0.0,1.0000 ± 0.0000,0.39580000000000004,0.07368052659963825,0.3958 ± 0.0737,0.9913000000000001,0.003111269837220859,0.9913 ± 0.0031,0.3748,0.05868986283848346,0.3748 ± 0.0587,0.29955,0.05805346673541555,0.2995 ± 0.0581,0.6332,0.03931513703397203,0.6332 ± 0.0393,0.51235,0.09355022715098026,0.5123 ± 0.0936
UNet_DP_Morph,LungInfection,True,psac,8.0,True,close,3,0.0001,48,1.5,,training,1.5687800645828247,0.14487203673607224,1.5688 ± 0.1449,147.52440190315247,3.617546278338328,147.5244 ± 3.6175,0.18335,0.03882016228714144,0.1834 ± 0.0388,0.3284,0.07665037508062175,0.3284 ± 0.0767,0.53855,0.055932146391855876,0.5385 ± 0.0559,1.0,0.0,1.0000 ± 0.0000,0.4284,0.02375878784786797,0.4284 ± 0.0238,0.9891000000000001,0.01357645019878171,0.9891 ± 0.0136,0.4071,0.02022325394193527,0.4071 ± 0.0202,0.32294999999999996,0.006858935777509501,0.3229 ± 0.0069,0.6738,0.06194255403194157,0.6738 ± 0.0619,0.47809999999999997,0.005798275605729718,0.4781 ± 0.0058
UNet_DP_Morph,LungInfection,True,psac,8.0,True,close,5,0.0001,48,1.5,,training,1.629127860069275,0.13824655215015969,1.6291 ± 0.1382,147.2097988128662,1.7334843692128195,147.2098 ± 1.7335,0.2238,0.028708535316173848,0.2238 ± 0.0287,0.36745,0.055225039610669324,0.3674 ± 0.0552,0.6245,0.06010407640085659,0.6245 ± 0.0601,1.0,0.0,1.0000 ± 0.0000,0.43365,0.039103004999616046,0.4336 ± 0.0391,0.9978,0.0005656854249492542,0.9978 ± 0.0006,0.3987,0.014000714267493669,0.3987 ± 0.0140,0.32735000000000003,0.009404520189781105,0.3274 ± 0.0094,0.6971,0.035779603128039364,0.6971 ± 0.0358,0.5073,0.025880108191427616,0.5073 ± 0.0259
UNet_DP_Morph,LungInfection,True,psac,8.0,True,close,7,0.0001,48,1.5,,training,1.5857270956039429,0.1456337145823611,1.5857 ± 0.1456,147.18264722824097,2.1183801794075228,147.1826 ± 2.1184,0.17370000000000002,0.013717871555019022,0.1737 ± 0.0137,0.2954,0.008909545442950499,0.2954 ± 0.0089,0.5166,0.015839191898578724,0.5166 ± 0.0158,1.0,0.0,1.0000 ± 0.0000,0.44889999999999997,0.045961940777125586,0.4489 ± 0.0460,0.9831000000000001,0.020506096654409896,0.9831 ± 0.0205,0.40900000000000003,0.0029698484809835258,0.4090 ± 0.0030,0.31125,0.002050609665440958,0.3113 ± 0.0021,0.6774500000000001,0.024960869375885125,0.6775 ± 0.0250,0.4697,0.005515432893255091,0.4697 ± 0.0055
UNet_DP_Morph,LungInfection,True,psac,8.0,True,open,3,0.0001,48,1.5,,training,1.4197036027908325,0.006899439101233353,1.4197 ± 0.0069,149.14092361927032,1.9841156615046722,149.1409 ± 1.9841,0.18159999999999998,0.013576450198781728,0.1816 ± 0.0136,0.324,0.07848885271170676,0.3240 ± 0.0785,0.5441,0.029415642097360355,0.5441 ± 0.0294,1.0,0.0,1.0000 ± 0.0000,0.3987,0.08456997102991111,0.3987 ± 0.0846,0.98095,0.0071417784899841285,0.9809 ± 0.0071,0.40590000000000004,0.044547727214752496,0.4059 ± 0.0445,0.31215,0.05550788232314399,0.3121 ± 0.0555,0.62905,0.06611448404094214,0.6290 ± 0.0661,0.48145000000000004,0.05989194436650061,0.4815 ± 0.0599
UNet_DP_Morph,LungInfection,True,psac,8.0,True,open,5,0.0001,48,1.5,,training,1.3865218758583069,0.023495435051974052,1.3865 ± 0.0235,153.11247384548187,1.919444188450404,153.1125 ± 1.9194,0.20079999999999998,0.018384776310850233,0.2008 ± 0.0184,0.34835000000000005,0.003889087296526015,0.3484 ± 0.0039,0.5747500000000001,0.069225753878163,0.5748 ± 0.0692,1.0,0.0,1.0000 ± 0.0000,0.4315,0.01682914139223986,0.4315 ± 0.0168,0.99615,0.0027577164466275456,0.9961 ± 0.0028,0.406,0.013576450198781747,0.4060 ± 0.0136,0.31825000000000003,0.028637824638055198,0.3183 ± 0.0286,0.6954,0.010606601717798222,0.6954 ± 0.0106,0.4829,0.03592102448427659,0.4829 ± 0.0359
UNet_DP_Morph,LungInfection,True,psac,8.0,True,open,7,0.0001,48,1.5,,training,1.368709921836853,0.020708432547342673,1.3687 ± 0.0207,148.5556664466858,2.094889549096279,148.5557 ± 2.0949,0.23725000000000002,0.0058689862838483455,0.2373 ± 0.0059,0.39944999999999997,0.029203510063004378,0.3994 ± 0.0292,0.6288,0.041860721446243636,0.6288 ± 0.0419,1.0,0.0,1.0000 ± 0.0000,0.4629,0.05487148622007613,0.4629 ± 0.0549,0.99935,0.00021213203435601938,0.9993 ± 0.0002,0.43285,0.03203193718775061,0.4329 ± 0.0320,0.3366,0.0369109739779378,0.3366 ± 0.0369,0.6977,0.015414927829866766,0.6977 ± 0.0154,0.47300000000000003,0.04483056992722712,0.4730 ± 0.0448
UNet_DP_Morph,LungInfection,True,psac,8.0,True,open,9,0.0001,48,1.5,,training,1.4358855485916138,0.01861289123938102,1.4359 ± 0.0186,154.17280387878418,2.6901618593952916,154.1728 ± 2.6902,0.14925,0.006717514421272207,0.1492 ± 0.0067,0.264,0.0021213203435596446,0.2640 ± 0.0021,0.4781,0.03493107499061545,0.4781 ± 0.0349,1.0,0.0,1.0000 ± 0.0000,0.42055,0.04348706704297267,0.4205 ± 0.0435,0.9840500000000001,0.0036062445840513878,0.9841 ± 0.0036,0.3941,0.013717871555019003,0.3941 ± 0.0137,0.3106,0.004525483399593916,0.3106 ± 0.0045,0.64715,0.010394469683442204,0.6472 ± 0.0104,0.47004999999999997,0.03316330803764908,0.4700 ± 0.0332
UNet_DP_Morph,LungInfection,True,automatic,8.0,True,both,3,0.0001,48,2.0,,training,1.4067444205284119,0.015377614853987932,1.4067 ± 0.0154,120.62096810340881,21.131762237281855,120.6210 ± 21.1318,0.2341,0.008909545442950499,0.2341 ± 0.0089,0.4112,0.02602152954766495,0.4112 ± 0.0260,0.6442,0.014283556979968257,0.6442 ± 0.0143,1.0,0.0,1.0000 ± 0.0000,0.4357,0.004242640687119289,0.4357 ± 0.0042,0.9981,0.0012727922061358025,0.9981 ± 0.0013,0.4083,0.011172287142747477,0.4083 ± 0.0112,0.32299999999999995,0.006788225099390855,0.3230 ± 0.0068,0.7139500000000001,0.01930401512639274,0.7140 ± 0.0193,0.50505,0.005586143571373738,0.5050 ± 0.0056
UNet_DP_Morph,LungInfection,True,automatic,8.0,True,close,5,0.0001,48,2.0,,training,1.457962989807129,0.034034085934729064,1.4580 ± 0.0340,139.13105750083923,1.4499038508669082,139.1311 ± 1.4499,0.2234,0.00155563491861041,0.2234 ± 0.0016,0.37865000000000004,0.021142492757477756,0.3787 ± 0.0211,0.6175999999999999,0.0018384776310850566,0.6176 ± 0.0018,1.0,0.0,1.0000 ± 0.0000,0.4497,0.024465894629054557,0.4497 ± 0.0245,0.99795,0.0009192388155425676,0.9980 ± 0.0009,0.4141,0.01400071426749363,0.4141 ± 0.0140,0.31265,0.0019091883092036642,0.3126 ± 0.0019,0.69425,0.013081475451951102,0.6943 ± 0.0131,0.4867,0.018526197667087546,0.4867 ± 0.0185
UNet_DP_Morph,LungInfection,True,automatic,8.0,True,close,7,0.0001,48,2.0,,training,1.5540776252746582,0.0010617634076864424,1.5541 ± 0.0011,137.0061150789261,0.823926887078133,137.0061 ± 0.8239,0.1749,0.048083261120685235,0.1749 ± 0.0481,0.3498,0.07028641404994285,0.3498 ± 0.0703,0.4726,0.09008540392316616,0.4726 ± 0.0901,1.0,0.0,1.0000 ± 0.0000,0.47705,0.002899137802864879,0.4770 ± 0.0029,0.98925,0.0004949747468306073,0.9892 ± 0.0005,0.43420000000000003,0.01555634918610402,0.4342 ± 0.0156,0.3533,0.010748023074035516,0.3533 ± 0.0107,0.68965,0.0801151983084358,0.6896 ± 0.0801,0.4185,0.01979898987322331,0.4185 ± 0.0198
UNet_DP_Morph,LungInfection,True,automatic,8.0,True,open,5,0.0001,48,2.0,,training,1.395016074180603,0.01713674001713547,1.3950 ± 0.0171,124.23630964756012,24.522459172656472,124.2363 ± 24.5225,0.16405,0.006717514421272207,0.1641 ± 0.0067,0.31684999999999997,0.008273149339882598,0.3168 ± 0.0083,0.49075,0.003889087296526015,0.4908 ± 0.0039,1.0,0.0,1.0000 ± 0.0000,0.45235000000000003,0.010253048327204948,0.4524 ± 0.0103,0.99055,0.0034648232278140937,0.9906 ± 0.0035,0.4152,0.003676955262170035,0.4152 ± 0.0037,0.3245,0.014283556979968257,0.3245 ± 0.0143,0.6682,0.0029698484809834867,0.6682 ± 0.0030,0.449,0.007636753236814736,0.4490 ± 0.0076
UNet_DP_Morph,LungInfection,True,automatic,8.0,True,open,7,0.0001,48,2.0,,training,1.3736907243728638,0.009088715000283232,1.3737 ± 0.0091,137.0737910270691,1.4755749905327116,137.0738 ± 1.4756,0.1729,0.014990663761154805,0.1729 ± 0.0150,0.35355000000000003,0.008980256121069147,0.3536 ± 0.0090,0.48565,0.03245620125646257,0.4857 ± 0.0325,1.0,0.0,1.0000 ± 0.0000,0.498,0.031678383797157296,0.4980 ± 0.0317,0.99245,0.00035355339059331333,0.9925 ± 0.0004,0.43394999999999995,0.0024748737341529184,0.4339 ± 0.0025,0.34725,0.014495689014324197,0.3473 ± 0.0145,0.6448499999999999,0.01491995308303616,0.6448 ± 0.0149,0.42605000000000004,0.006151828996322954,0.4261 ± 0.0062
UNet_DP_Morph,LungInfection,True,automatic,8.0,True,open,9,0.0001,48,2.0,,training,1.3303938508033752,0.0021784020121340688,1.3304 ± 0.0022,139.1493240594864,0.01995821864384876,139.1493 ± 0.0200,0.2298,0.01753624817342637,0.2298 ± 0.0175,0.3667,0.06236681810065349,0.3667 ± 0.0624,0.65575,0.01223294731452726,0.6558 ± 0.0122,1.0,0.0,1.0000 ± 0.0000,0.4095,0.05359869401394032,0.4095 ± 0.0536,0.99085,0.008697413408594519,0.9909 ± 0.0087,0.39664999999999995,0.03316330803764908,0.3966 ± 0.0332,0.3006,0.02998132752230961,0.3006 ± 0.0300,0.65965,0.03712310601229374,0.6596 ± 0.0371,0.5174000000000001,0.03889087296526015,0.5174 ± 0.0389
UNet_DP_Morph,LungInfection,True,base,8.0,True,both,3,0.0001,48,2.0,,training,1.383231520652771,0.07801061343317803,1.3832 ± 0.0780,139.04934978485107,5.461374805875337,139.0493 ± 5.4614,0.21545,0.06441742776609449,0.2155 ± 0.0644,0.37270000000000003,0.08923687578574231,0.3727 ± 0.0892,0.5811999999999999,0.07792316728675751,0.5812 ± 0.0779,1.0,0.0,1.0000 ± 0.0000,0.45,0.0683065150626205,0.4500 ± 0.0683,0.99295,0.00954594154601844,0.9929 ± 0.0095,0.41800000000000004,0.022627416997969503,0.4180 ± 0.0226,0.33155,0.029203510063004416,0.3316 ± 0.0292,0.701,0.047093311627024056,0.7010 ± 0.0471,0.4737,0.010182337649086262,0.4737 ± 0.0102
UNet_DP_Morph,LungInfection,True,base,8.0,True,both,5,0.0001,48,2.0,,training,1.379025936126709,0.02567518576326047,1.3790 ± 0.0257,138.1247808933258,0.3949220396932425,138.1248 ± 0.3949,0.2665,0.054305800795126855,0.2665 ± 0.0543,0.45094999999999996,0.06385174234114524,0.4509 ± 0.0639,0.6093999999999999,0.09220672426672577,0.6094 ± 0.0922,1.0,0.0,1.0000 ± 0.0000,0.5348999999999999,0.008343860018001206,0.5349 ± 0.0083,0.9984,0.0019798989873223505,0.9984 ± 0.0020,0.4627,0.00820243866176399,0.4627 ± 0.0082,0.38680000000000003,0.013293607486307082,0.3868 ± 0.0133,0.7279500000000001,0.05055813485483815,0.7280 ± 0.0506,0.42674999999999996,0.015909902576697336,0.4267 ± 0.0159
UNet_DP_Morph,LungInfection,True,base,8.0,True,both,7,0.0001,48,2.0,,training,1.399097204208374,0.011800106058686068,1.3991 ± 0.0118,138.80046546459198,3.215788525578801,138.8005 ± 3.2158,0.1719,0.005656854249492385,0.1719 ± 0.0057,0.352,0.006505382386916227,0.3520 ± 0.0065,0.47909999999999997,0.011030865786510143,0.4791 ± 0.0110,1.0,0.0,1.0000 ± 0.0000,0.50465,0.017889801564019644,0.5047 ± 0.0179,0.9952000000000001,0.0004242640687119603,0.9952 ± 0.0004,0.4286,0.004101219330881955,0.4286 ± 0.0041,0.3591,0.009899494936611635,0.3591 ± 0.0099,0.6642,0.01046518036156085,0.6642 ± 0.0105,0.42395,0.0036062445840513878,0.4239 ± 0.0036
UNet_DP_Morph,LungInfection,True,base,8.0,True,both,9,0.0001,48,2.0,,training,1.3695370554924011,0.018006398089309258,1.3695 ± 0.0180,140.91021418571472,0.9607734895081548,140.9102 ± 0.9608,0.19505,0.000494974746830568,0.1951 ± 0.0005,0.3746,0.035638181771801995,0.3746 ± 0.0356,0.54085,0.028072139213105907,0.5409 ± 0.0281,1.0,0.0,1.0000 ± 0.0000,0.44575,0.05013387078612624,0.4457 ± 0.0501,0.99685,0.0006363961030679012,0.9969 ± 0.0006,0.42455,0.02778929650063132,0.4245 ± 0.0278,0.32084999999999997,0.024112341238461246,0.3208 ± 0.0241,0.70835,0.009970205614730322,0.7084 ± 0.0100,0.45405,0.03726452736853103,0.4541 ± 0.0373
UNet_DP_Morph,LungInfection,True,base,8.0,True,close,5,0.0001,48,2.0,,training,1.439469814300537,0.025083106835379274,1.4395 ± 0.0251,123.86630916595459,23.09426786085584,123.8663 ± 23.0943,0.1936,0.010040916292848968,0.1936 ± 0.0100,0.35860000000000003,0.059538390975907296,0.3586 ± 0.0595,0.5313,0.037476659402886976,0.5313 ± 0.0375,1.0,0.0,1.0000 ± 0.0000,0.4577,0.07707463914933367,0.4577 ± 0.0771,0.9936499999999999,0.005303300858899072,0.9936 ± 0.0053,0.42565,0.05239661248592317,0.4256 ± 0.0524,0.32435,0.04617407281148153,0.3244 ± 0.0462,0.6695500000000001,0.046315494167718865,0.6696 ± 0.0463,0.44630000000000003,0.06858935777509513,0.4463 ± 0.0686
UNet_DP_Morph,LungInfection,True,base,8.0,True,open,3,0.0001,48,2.0,,training,1.3875234723091125,0.05113078644577918,1.3875 ± 0.0511,138.3530012369156,2.1677848838193867,138.3530 ± 2.1678,0.19035000000000002,0.03401183617507294,0.1904 ± 0.0340,0.34195,0.08167083322704623,0.3419 ± 0.0817,0.5031,0.02446589462905452,0.5031 ± 0.0245,1.0,0.0,1.0000 ± 0.0000,0.48739999999999994,0.14651252506185264,0.4874 ± 0.1465,0.9897499999999999,0.010535891039679576,0.9897 ± 0.0105,0.4344,0.053457272657702996,0.4344 ± 0.0535,0.35255000000000003,0.07587255762131656,0.3526 ± 0.0759,0.66845,0.054093668760770895,0.6684 ± 0.0541,0.42584999999999995,0.0794080915272493,0.4258 ± 0.0794
UNet_DP_Morph,LungInfection,True,base,8.0,True,open,7,0.0001,48,2.0,,training,1.4006844758987427,0.04240461863638666,1.4007 ± 0.0424,136.89304339885712,0.15032954785605088,136.8930 ± 0.1503,0.18080000000000002,0.007353910524340089,0.1808 ± 0.0074,0.32465,0.01732411613907039,0.3246 ± 0.0173,0.5367500000000001,0.03302188668141182,0.5368 ± 0.0330,1.0,0.0,1.0000 ± 0.0000,0.4209,0.053174429945228405,0.4209 ± 0.0532,0.97885,0.014071424945612317,0.9788 ± 0.0141,0.41490000000000005,0.013859292911256337,0.4149 ± 0.0139,0.308,0.024041630560342638,0.3080 ± 0.0240,0.64615,0.03726452736853103,0.6462 ± 0.0373,0.4621,0.007071067811865481,0.4621 ± 0.0071
UNet_DP_Morph,LungInfection,True,base,8.0,True,open,9,0.0001,48,2.0,,training,1.3826406598091125,0.02340439785919052,1.3826 ± 0.0234,137.97929084300995,0.3921492828234279,137.9793 ± 0.3921,0.2017,0.05416437943888954,0.2017 ± 0.0542,0.33925,0.10854089091213502,0.3392 ± 0.1085,0.6275,0.11313708498984763,0.6275 ± 0.1131,1.0,0.0,1.0000 ± 0.0000,0.3489,0.02729432175380075,0.3489 ± 0.0273,0.97845,0.024536605307173245,0.9785 ± 0.0245,0.36905,0.007424621202458756,0.3690 ± 0.0074,0.2851,0.013717871555019042,0.2851 ± 0.0137,0.6547000000000001,0.062366818100653455,0.6547 ± 0.0624,0.53735,0.01760695885154498,0.5373 ± 0.0176
UNet_DP_Morph,LungInfection,True,nsgd,8.0,True,both,3,0.0001,48,2.0,,training,1.5131909251213074,0.08237239078557029,1.5132 ± 0.0824,136.05844938755035,2.1098252120967813,136.0584 ± 2.1098,0.14525,0.03655742058734451,0.1452 ± 0.0366,0.3065,0.06901362184380705,0.3065 ± 0.0690,0.4333,0.036203867196751206,0.4333 ± 0.0362,1.0,0.0,1.0000 ± 0.0000,0.45735000000000003,0.06851864709697648,0.4574 ± 0.0685,0.9872000000000001,0.006363961030678934,0.9872 ± 0.0064,0.40065,0.05480077554195744,0.4007 ± 0.0548,0.33585,0.03924442635585338,0.3358 ± 0.0392,0.6499999999999999,0.05769991334482228,0.6500 ± 0.0577,0.43795,0.04122432534317573,0.4380 ± 0.0412
UNet_DP_Morph,LungInfection,True,nsgd,8.0,True,both,7,0.0001,48,2.0,,training,1.4452994465827942,0.011649304634714088,1.4453 ± 0.0116,137.600160241127,0.7837980296739405,137.6002 ± 0.7838,0.1723,0.016263455967290587,0.1723 ± 0.0163,0.28605,0.040092954493277266,0.2861 ± 0.0401,0.53615,0.025385133444597086,0.5362 ± 0.0254,1.0,0.0,1.0000 ± 0.0000,0.39949999999999997,0.01824335495461292,0.3995 ± 0.0182,0.9974000000000001,0.0007071067811865482,0.9974 ± 0.0007,0.3901,0.00975807358037438,0.3901 ± 0.0098,0.3,0.00933380951166242,0.3000 ± 0.0093,0.64,0.048648946545634446,0.6400 ± 0.0486,0.4988,0.00466690475583121,0.4988 ± 0.0047
UNet_DP_Morph,LungInfection,True,nsgd,8.0,True,both,9,0.0001,48,2.0,,training,1.4026505947113037,1.7701676374418485e-05,1.4027 ± 0.0000,140.47353887557983,2.4164673058360955,140.4735 ± 2.4165,0.1904,0.016829141392239844,0.1904 ± 0.0168,0.3065,0.053174429945228405,0.3065 ± 0.0532,0.58425,0.025667976157071674,0.5843 ± 0.0257,1.0,0.0,1.0000 ± 0.0000,0.39605,0.026233661582020926,0.3961 ± 0.0262,0.995,0.004384062043356583,0.9950 ± 0.0044,0.38465,0.011384419177103419,0.3846 ± 0.0114,0.2908,0.018384776310850254,0.2908 ± 0.0184,0.6485,0.02262741699796954,0.6485 ± 0.0226,0.5145,0.004525483399593955,0.5145 ± 0.0045
UNet_DP_Morph,LungInfection,True,nsgd,8.0,True,close,3,0.0001,48,2.0,,training,1.5592660903930664,0.010089955533508346,1.5593 ± 0.0101,123.26743304729462,21.305218266678025,123.2674 ± 21.3052,0.1471,0.0014142135623730963,0.1471 ± 0.0014,0.3174,0.0011313708498984691,0.3174 ± 0.0011,0.4132,0.0033941125496954466,0.4132 ± 0.0034,1.0,0.0,1.0000 ± 0.0000,0.4955,0.03478965363437815,0.4955 ± 0.0348,0.9785999999999999,0.011879393923934025,0.9786 ± 0.0119,0.42715000000000003,0.0036062445840514268,0.4272 ± 0.0036,0.36129999999999995,0.016687720036002527,0.3613 ± 0.0167,0.65655,0.011667261889578005,0.6565 ± 0.0117,0.40264999999999995,0.0003535533905932741,0.4026 ± 0.0004
UNet_DP_Morph,LungInfection,True,nsgd,8.0,True,close,7,0.0001,48,2.0,,training,1.574385643005371,0.08451016323574001,1.5744 ± 0.0845,136.7130399942398,1.265291044907732,136.7130 ± 1.2653,0.1497,0.007919595949289324,0.1497 ± 0.0079,0.2581,0.0004242640687119603,0.2581 ± 0.0004,0.4889,0.014566399692442845,0.4889 ± 0.0146,1.0,0.0,1.0000 ± 0.0000,0.38285,0.04023437584951456,0.3829 ± 0.0402,0.97495,0.029910616844190965,0.9749 ± 0.0299,0.38115,0.0027577164466275456,0.3811 ± 0.0028,0.29374999999999996,0.004737615433949857,0.2937 ± 0.0047,0.64945,0.024536605307173165,0.6494 ± 0.0245,0.49065000000000003,0.0036062445840514268,0.4907 ± 0.0036
UNet_DP_Morph,LungInfection,True,nsgd,8.0,True,close,9,0.0001,48,2.0,,training,1.5899543762207031,0.023930643409697545,1.5900 ± 0.0239,139.7191572189331,3.209392825610949,139.7192 ± 3.2094,0.1202,0.00820243866176395,0.1202 ± 0.0082,0.2579,0.00014142135623733317,0.2579 ± 0.0001,0.40285000000000004,0.040092954493277266,0.4029 ± 0.0401,1.0,0.0,1.0000 ± 0.0000,0.42774999999999996,0.07742819253992694,0.4277 ± 0.0774,0.9884999999999999,0.007919595949289324,0.9885 ± 0.0079,0.37645,0.026233661582020926,0.3765 ± 0.0262,0.2982,0.02149604614807107,0.2982 ± 0.0215,0.6248,0.0005656854249492542,0.6248 ± 0.0006,0.4544,0.03945655839020936,0.4544 ± 0.0395
UNet_DP_Morph,LungInfection,True,nsgd,8.0,True,open,3,0.0001,48,2.0,,training,1.5416720509529114,0.11957827995183536,1.5417 ± 0.1196,140.53056263923645,0.4135007076916327,140.5306 ± 0.4135,0.1724,0.02418305191657993,0.1724 ± 0.0242,0.30069999999999997,0.00042426406871192107,0.3007 ± 0.0004,0.5093,0.098712106653642,0.5093 ± 0.0987,1.0,0.0,1.0000 ± 0.0000,0.46240000000000003,0.0816001225489276,0.4624 ± 0.0816,0.98595,0.017041273426595803,0.9859 ± 0.0170,0.40085000000000004,0.01463711037056153,0.4009 ± 0.0146,0.33904999999999996,0.05310371926710972,0.3390 ± 0.0531,0.6384,0.010040916292848968,0.6384 ± 0.0100,0.46420000000000006,0.06561950929411164,0.4642 ± 0.0656
UNet_DP_Morph,LungInfection,True,nsgd,8.0,True,open,5,0.0001,48,2.0,,training,1.4319581985473633,0.02555076826645631,1.4320 ± 0.0256,136.58359503746033,0.15503094451374408,136.5836 ± 0.1550,0.16065000000000002,0.0126572113832392,0.1607 ± 0.0127,0.30535,0.009121677477306479,0.3054 ± 0.0091,0.48445000000000005,0.060316208435212494,0.4845 ± 0.0603,1.0,0.0,1.0000 ± 0.0000,0.43915,0.07120565286548534,0.4391 ± 0.0712,0.9774499999999999,0.011808683245815377,0.9774 ± 0.0118,0.41235,0.015768481220460002,0.4123 ± 0.0158,0.33305,0.03924442635585338,0.3331 ± 0.0392,0.6542,0.024324473272817223,0.6542 ± 0.0243,0.45294999999999996,0.04447701653663385,0.4529 ± 0.0445
UNet_DP_Morph,LungInfection,True,nsgd,8.0,True,open,7,0.0001,48,2.0,,training,1.4220519065856934,0.06793397630379959,1.4221 ± 0.0679,137.0990184545517,1.4907180160278877,137.0990 ± 1.4907,0.18645,0.023405234457274736,0.1865 ± 0.0234,0.2943,0.04666904755831214,0.2943 ± 0.0467,0.5667500000000001,0.006434671708797581,0.5668 ± 0.0064,1.0,0.0,1.0000 ± 0.0000,0.40675,0.05734635995422897,0.4068 ± 0.0573,0.99195,0.009404520189781145,0.9919 ± 0.0094,0.38685,0.03174909447527598,0.3869 ± 0.0317,0.30169999999999997,0.012727922061357828,0.3017 ± 0.0127,0.6414,0.05246732316404185,0.6414 ± 0.0525,0.5038,0.03040559159102153,0.5038 ± 0.0304
UNet_DP_Morph,LungInfection,True,nsgd,8.0,True,open,9,0.0001,48,2.0,,training,1.438589334487915,0.07000321797829012,1.4386 ± 0.0700,124.21484613418579,20.32698131478307,124.2148 ± 20.3270,0.16255,0.04419417382415922,0.1626 ± 0.0442,0.2849,0.03832518754031089,0.2849 ± 0.0383,0.51635,0.1068438346372873,0.5163 ± 0.1068,1.0,0.0,1.0000 ± 0.0000,0.40635,0.0036062445840513878,0.4063 ± 0.0036,0.98855,0.0036062445840513878,0.9886 ± 0.0036,0.383,0.015414927829866726,0.3830 ± 0.0154,0.29715,0.011242997820866085,0.2972 ± 0.0112,0.5589,0.06250823945689075,0.5589 ± 0.0625,0.49365000000000003,0.02552655480083438,0.4937 ± 0.0255
UNet_DP_Morph,LungInfection,True,psac,8.0,True,both,3,0.0001,48,2.0,,training,1.4526005983352661,0.013172238858806733,1.4526 ± 0.0132,148.3985276222229,2.2039578380223466,148.3985 ± 2.2040,0.20750000000000002,0.05614427842621188,0.2075 ± 0.0561,0.3765,0.04780041840821061,0.3765 ± 0.0478,0.5705,0.1090358656589656,0.5705 ± 0.1090,1.0,0.0,1.0000 ± 0.0000,0.45599999999999996,0.010182337649086302,0.4560 ± 0.0102,0.9949,0.0033941125496953686,0.9949 ± 0.0034,0.42410000000000003,0.005091168824543171,0.4241 ± 0.0051,0.33895,0.010818733752154202,0.3389 ± 0.0108,0.68665,0.02821356056934328,0.6866 ± 0.0282,0.46665,0.02397091988222395,0.4667 ± 0.0240
UNet_DP_Morph,LungInfection,True,psac,8.0,True,both,5,0.0001,48,2.0,,training,1.447888195514679,0.040640267264023616,1.4479 ± 0.0406,148.5452927350998,6.35098637624594,148.5453 ± 6.3510,0.2,0.0072124891681027955,0.2000 ± 0.0072,0.3667,0.013576450198781747,0.3667 ± 0.0136,0.5719000000000001,0.030547012947258863,0.5719 ± 0.0305,1.0,0.0,1.0000 ± 0.0000,0.42335,0.019869700551341997,0.4234 ± 0.0199,0.9943500000000001,0.0033234018715768,0.9944 ± 0.0033,0.4113,0.01753624817342641,0.4113 ± 0.0175,0.33115,0.015061374439273452,0.3311 ± 0.0151,0.6931499999999999,0.007707463914933382,0.6931 ± 0.0077,0.4838,0.026587214972614202,0.4838 ± 0.0266
UNet_DP_Morph,LungInfection,True,psac,8.0,True,both,7,0.0001,48,2.0,,training,1.4294509291648865,0.07555286210911374,1.4295 ± 0.0756,117.14722466468811,0.7337041399952263,117.1472 ± 0.7337,0.17475000000000002,0.030334880912902904,0.1748 ± 0.0303,0.33004999999999995,0.09227743494484446,0.3300 ± 0.0923,0.52235,0.06965001794687492,0.5223 ± 0.0697,1.0,0.0,1.0000 ± 0.0000,0.43894999999999995,0.037405948724768365,0.4389 ± 0.0374,0.98295,0.01110157646462883,0.9829 ± 0.0111,0.4053,0.017819090885900998,0.4053 ± 0.0178,0.33155,0.02694076836320748,0.3316 ± 0.0269,0.6695,0.05784133470105958,0.6695 ± 0.0578,0.46725,0.01774838020778235,0.4672 ± 0.0177
UNet_DP_Morph,LungInfection,True,psac,8.0,True,both,9,0.0001,48,2.0,,training,1.4010723233222961,0.011015078858322156,1.4011 ± 0.0110,151.987908244133,1.7460048492062539,151.9879 ± 1.7460,0.16720000000000002,0.06491240251292507,0.1672 ± 0.0649,0.3295,0.07537758287448595,0.3295 ± 0.0754,0.4813,0.13774440097513943,0.4813 ± 0.1377,1.0,0.0,1.0000 ± 0.0000,0.47105,0.010677312395916868,0.4711 ± 0.0107,0.9916,0.005798275605729679,0.9916 ± 0.0058,0.42364999999999997,0.008414570696119892,0.4236 ± 0.0084,0.3376,0.017394826817189075,0.3376 ± 0.0174,0.66795,0.04419417382415922,0.6680 ± 0.0442,0.4346,0.03846660889654819,0.4346 ± 0.0385
UNet_DP_Morph,LungInfection,True,psac,8.0,True,close,5,0.0001,48,2.0,,training,1.5638381242752075,0.015809114289042307,1.5638 ± 0.0158,135.77136743068695,26.563287802104806,135.7714 ± 26.5633,0.1625,0.005656854249492385,0.1625 ± 0.0057,0.2911,0.04468914857098979,0.2911 ± 0.0447,0.49149999999999994,0.07537758287448595,0.4915 ± 0.0754,1.0,0.0,1.0000 ± 0.0000,0.45315,0.10882373362460969,0.4531 ± 0.1088,0.9922500000000001,0.003747665940288682,0.9923 ± 0.0037,0.4026,0.04850752518939716,0.4026 ± 0.0485,0.32475,0.052962297910872425,0.3247 ± 0.0530,0.63585,0.020576807332528542,0.6359 ± 0.0206,0.45885,0.0802566196646731,0.4588 ± 0.0803
UNet_DP_Morph,LungInfection,True,psac,8.0,True,open,3,0.0001,48,2.0,,training,1.4327327013015747,0.009964020750157322,1.4327 ± 0.0100,137.34280121326447,25.085317184702745,137.3428 ± 25.0853,0.19885,0.019021172413918114,0.1988 ± 0.0190,0.36114999999999997,0.017465537495307725,0.3611 ± 0.0175,0.58665,0.07375123727775695,0.5867 ± 0.0738,1.0,0.0,1.0000 ± 0.0000,0.37615,0.016051323932934625,0.3761 ± 0.0161,0.9956,0.0038183766184073284,0.9956 ± 0.0038,0.39575000000000005,0.03825447686219221,0.3958 ± 0.0383,0.29879999999999995,0.015273506473629432,0.2988 ± 0.0153,0.6960500000000001,0.03302188668141182,0.6961 ± 0.0330,0.50215,0.06017478707897516,0.5021 ± 0.0602
UNet_DP_Morph,LungInfection,True,psac,8.0,True,open,5,0.0001,48,2.0,,training,1.388287901878357,0.0240275811612726,1.3883 ± 0.0240,151.19654941558838,2.7576251396949214,151.1965 ± 2.7576,0.18455,0.014354267658086924,0.1845 ± 0.0144,0.36365000000000003,0.01732411613907043,0.3637 ± 0.0173,0.5016,0.0014142135623730963,0.5016 ± 0.0014,1.0,0.0,1.0000 ± 0.0000,0.48185,0.07162991693419722,0.4819 ± 0.0716,0.99675,0.002474873734152958,0.9968 ± 0.0025,0.4438,0.021637467504308366,0.4438 ± 0.0216,0.3399,0.02644579361637687,0.3399 ± 0.0264,0.6873499999999999,0.01647558800164655,0.6873 ± 0.0165,0.42264999999999997,0.02892066735052979,0.4226 ± 0.0289
UNet_DP_Morph,LungInfection,True,psac,8.0,True,open,9,0.0001,48,2.0,,training,1.427377700805664,0.0439178590853218,1.4274 ± 0.0439,152.43093883991241,2.90099067947782,152.4309 ± 2.9010,0.16854999999999998,0.009828784258493007,0.1685 ± 0.0098,0.3045,0.05246732316404181,0.3045 ± 0.0525,0.4848,0.025738686835190323,0.4848 ± 0.0257,1.0,0.0,1.0000 ± 0.0000,0.5047999999999999,0.084994235098623,0.5048 ± 0.0850,0.99545,0.0017677669529664096,0.9954 ± 0.0018,0.42015,0.03217335854398794,0.4202 ± 0.0322,0.3392,0.0533158513014657,0.3392 ± 0.0533,0.64545,0.007424621202458717,0.6454 ± 0.0074,0.43855,0.0487196572237531,0.4385 ± 0.0487
UNet_DP_Morph,LungInfection,True,automatic,200.0,True,both,3,0.0001,48,1.2,,training,1.1748716831207275,0.008417231409807826,1.1749 ± 0.0084,153.0925099849701,1.1074934126703386,153.0925 ± 1.1075,0.32225,0.06130615792887367,0.3222 ± 0.0613,0.49970000000000003,0.028708535316173848,0.4997 ± 0.0287,0.6889,0.05840702012600883,0.6889 ± 0.0584,1.0,0.0,1.0000 ± 0.0000,0.5347000000000001,0.17267547596575492,0.5347 ± 0.1727,0.99305,0.008980256121069107,0.9930 ± 0.0090,0.4615,0.08315575746753798,0.4615 ± 0.0832,0.40285,0.11052078989945738,0.4028 ± 0.1105,0.7562,0.00975807358037438,0.7562 ± 0.0098,0.43315000000000003,0.1229658692483406,0.4332 ± 0.1230
UNet_DP_Morph,LungInfection,True,automatic,200.0,True,both,5,0.0001,48,1.2,,training,1.1463183164596558,0.02406669343669071,1.1463 ± 0.0241,154.17557966709137,1.5696594004635804,154.1756 ± 1.5697,0.35235,0.02510229073212242,0.3523 ± 0.0251,0.51625,0.009970205614730322,0.5162 ± 0.0100,0.6871,0.0151320851173921,0.6871 ± 0.0151,1.0,0.0,1.0000 ± 0.0000,0.58955,0.03655742058734448,0.5896 ± 0.0366,0.9944500000000001,0.002192031021678291,0.9945 ± 0.0022,0.49215,0.02425376259469858,0.4921 ± 0.0243,0.44695,0.03146625176280135,0.4470 ± 0.0315,0.7634000000000001,0.003676955262170035,0.7634 ± 0.0037,0.3974,0.029698484809834984,0.3974 ± 0.0297
UNet_DP_Morph,LungInfection,True,automatic,200.0,True,close,5,0.0001,48,1.2,,training,1.312825858592987,0.05263205718973723,1.3128 ± 0.0526,153.1280163526535,4.15656889885252,153.1280 ± 4.1566,0.35295,0.01308147545195114,0.3529 ± 0.0131,0.52005,0.007000357133746834,0.5201 ± 0.0070,0.67595,0.028496403281817868,0.6760 ± 0.0285,1.0,0.0,1.0000 ± 0.0000,0.6184000000000001,0.03818376618407352,0.6184 ± 0.0382,0.9995,0.00014142135623737242,0.9995 ± 0.0001,0.50385,0.008697413408594559,0.5039 ± 0.0087,0.45375,0.026092240225783596,0.4537 ± 0.0261,0.76065,0.006010407640085699,0.7607 ± 0.0060,0.37670000000000003,0.027435743110038043,0.3767 ± 0.0274
UNet_DP_Morph,LungInfection,True,automatic,200.0,True,open,3,0.0001,48,1.2,,training,1.2135167121887207,0.09915231558321269,1.2135 ± 0.0992,134.02965259552002,23.980063118387477,134.0297 ± 23.9801,0.32415000000000005,0.026092240225783596,0.3242 ± 0.0261,0.50525,0.02199102089490164,0.5052 ± 0.0220,0.72995,0.00954594154601844,0.7299 ± 0.0095,1.0,0.0,1.0000 ± 0.0000,0.5025,0.044123463146040535,0.5025 ± 0.0441,0.99785,0.0026162950903902515,0.9979 ± 0.0026,0.45445,0.022980970388562814,0.4545 ± 0.0230,0.38980000000000004,0.04157787873376901,0.3898 ± 0.0416,0.74875,0.017182694782833095,0.7488 ± 0.0172,0.45975,0.029486352775479042,0.4597 ± 0.0295
UNet_DP_Morph,LungInfection,True,automatic,200.0,True,open,5,0.0001,48,1.2,,training,1.127150058746338,0.015756515022100712,1.1272 ± 0.0158,152.43418955802917,2.6344339475950354,152.4342 ± 2.6344,0.35250000000000004,0.04539625535217634,0.3525 ± 0.0454,0.50775,0.022698127676088187,0.5078 ± 0.0227,0.71265,0.026657925650732887,0.7127 ± 0.0267,1.0,0.0,1.0000 ± 0.0000,0.56985,0.09199459223236983,0.5698 ± 0.0920,0.991,0.011737972567696651,0.9910 ± 0.0117,0.4859,0.05006316010800754,0.4859 ± 0.0501,0.44005,0.0801151983084358,0.4400 ± 0.0801,0.75375,0.01421284630184961,0.7538 ± 0.0142,0.4102,0.07170062761231592,0.4102 ± 0.0717
UNet_DP_Morph,LungInfection,True,automatic,200.0,True,open,9,0.0001,48,1.2,,training,1.137451410293579,0.03339244231299921,1.1375 ± 0.0334,153.7184830904007,0.11231342767401255,153.7185 ± 0.1123,0.3347,0.009899494936611674,0.3347 ± 0.0099,0.5098,0.006929646455628187,0.5098 ± 0.0069,0.74115,0.01930401512639274,0.7411 ± 0.0193,1.0,0.0,1.0000 ± 0.0000,0.5198,0.007636753236814736,0.5198 ± 0.0076,0.99955,7.071067811864696e-05,0.9996 ± 0.0001,0.4602,0.0005656854249492542,0.4602 ± 0.0006,0.40480000000000005,0.00466690475583121,0.4048 ± 0.0047,0.7683,0.0015556349186103902,0.7683 ± 0.0016,0.4451,0.0004242640687119603,0.4451 ± 0.0004
UNet_DP_Morph,LungInfection,True,base,200.0,True,both,3,0.0001,48,1.2,,training,1.2333046197891235,0.015582701418841785,1.2333 ± 0.0156,151.21232724189758,1.247212575707469,151.2123 ± 1.2472,0.33089999999999997,0.001414213562373057,0.3309 ± 0.0014,0.5224500000000001,0.023546655813512028,0.5225 ± 0.0235,0.7213499999999999,0.005303300858899072,0.7213 ± 0.0053,1.0,0.0,1.0000 ± 0.0000,0.51295,0.012515790027001926,0.5130 ± 0.0125,0.9964999999999999,0.004525483399593955,0.9965 ± 0.0045,0.45175,0.015061374439273452,0.4517 ± 0.0151,0.3961,0.00014142135623729392,0.3961 ± 0.0001,0.7717,0.020788939366884484,0.7717 ± 0.0208,0.45625000000000004,0.007424621202458756,0.4563 ± 0.0074
UNet_DP_Morph,LungInfection,True,base,200.0,True,close,5,0.0001,48,1.2,,training,1.3156235814094543,0.05515227014329465,1.3156 ± 0.0552,152.51543140411377,2.56296503081293,152.5154 ± 2.5630,0.37485,0.0027577164466275456,0.3749 ± 0.0028,0.5272,0.005232590180780503,0.5272 ± 0.0052,0.6521,0.023900209204105342,0.6521 ± 0.0239,1.0,0.0,1.0000 ± 0.0000,0.6795,0.021213203435596444,0.6795 ± 0.0212,0.99275,0.0044547727214752295,0.9928 ± 0.0045,0.53835,0.008838834764831813,0.5383 ± 0.0088,0.49335,0.0006363961030679012,0.4934 ± 0.0006,0.7695000000000001,0.0007071067811865482,0.7695 ± 0.0007,0.32630000000000003,0.015132085117392138,0.3263 ± 0.0151
UNet_DP_Morph,LungInfection,True,base,200.0,True,close,7,0.0001,48,1.2,,training,1.2683982849121094,0.007305228958696241,1.2684 ± 0.0073,150.25945162773132,5.2492669132342,150.2595 ± 5.2493,0.3759,0.015839191898578648,0.3759 ± 0.0158,0.5341,0.007495331880577363,0.5341 ± 0.0075,0.61565,0.007566042558696089,0.6157 ± 0.0076,1.0,0.0,1.0000 ± 0.0000,0.7159500000000001,0.029486352775479004,0.7160 ± 0.0295,0.9975499999999999,0.001202081528017077,0.9975 ± 0.0012,0.5489999999999999,0.0151320851173921,0.5490 ± 0.0151,0.50895,0.024819448019647795,0.5090 ± 0.0248,0.76895,0.012798632739476514,0.7690 ± 0.0128,0.30265,0.021849599538664305,0.3026 ± 0.0218
UNet_DP_Morph,LungInfection,True,base,200.0,True,close,9,0.0001,48,1.2,,training,1.3164610266685486,0.055007116397023124,1.3165 ± 0.0550,153.81934130191803,4.175500588854037,153.8193 ± 4.1755,0.3812,0.004808326112068504,0.3812 ± 0.0048,0.5320499999999999,0.017889801564019644,0.5320 ± 0.0179,0.64215,0.021142492757477798,0.6421 ± 0.0211,1.0,0.0,1.0000 ± 0.0000,0.6933,0.021637467504308328,0.6933 ± 0.0216,0.99535,0.0033234018715768,0.9953 ± 0.0033,0.54295,0.010535891039679576,0.5430 ± 0.0105,0.5094,0.0029698484809834867,0.5094 ± 0.0030,0.7679499999999999,0.00799030662740797,0.7679 ± 0.0080,0.3173,0.016687720036002527,0.3173 ± 0.0167
UNet_DP_Morph,LungInfection,True,base,200.0,True,open,7,0.0001,48,1.2,,training,1.1430602669715881,0.021232992223909102,1.1431 ± 0.0212,151.87739622592926,0.904819839187274,151.8774 ± 0.9048,0.34285,0.0020506096654409976,0.3428 ± 0.0021,0.52475,0.02001112190757929,0.5248 ± 0.0200,0.7206,0.0059396969619669735,0.7206 ± 0.0059,1.0,0.0,1.0000 ± 0.0000,0.5411,0.021354624791833737,0.5411 ± 0.0214,0.99725,0.00021213203435594088,0.9972 ± 0.0002,0.4723,0.011172287142747477,0.4723 ± 0.0112,0.41985,0.012091525958289965,0.4199 ± 0.0121,0.76915,0.01265721138323922,0.7692 ± 0.0127,0.43110000000000004,0.01909188309203676,0.4311 ± 0.0191
UNet_DP_Morph,LungInfection,True,base,200.0,True,open,9,0.0001,48,1.2,,training,1.154237985610962,0.010442640361847192,1.1542 ± 0.0104,152.63203620910645,7.028266844265692,152.6320 ± 7.0283,0.3571,0.016829141392239823,0.3571 ± 0.0168,0.52725,0.004879036790187112,0.5272 ± 0.0049,0.7052,0.004242640687119289,0.7052 ± 0.0042,1.0,0.0,1.0000 ± 0.0000,0.57985,0.020152543263816585,0.5798 ± 0.0202,0.9962,0.004242640687119289,0.9962 ± 0.0042,0.4907,0.008768124086713205,0.4907 ± 0.0088,0.44420000000000004,0.026587214972614202,0.4442 ± 0.0266,0.7683500000000001,0.0033234018715768,0.7684 ± 0.0033,0.40405,0.016051323932934625,0.4041 ± 0.0161
UNet_DP_Morph,LungInfection,True,nsgd,200.0,True,both,3,0.0001,48,1.2,,training,1.3200294971466064,0.0957165044926046,1.3200 ± 0.0957,152.18714320659637,0.34053254321431814,152.1871 ± 0.3405,0.30285,0.03966869042456534,0.3029 ± 0.0397,0.4854,0.04228498551495551,0.4854 ± 0.0423,0.6508,0.016970562748477077,0.6508 ± 0.0170,1.0,0.0,1.0000 ± 0.0000,0.54355,0.042072853480599574,0.5435 ± 0.0421,0.9964500000000001,0.00035355339059331333,0.9965 ± 0.0004,0.46785,0.02001112190757929,0.4678 ± 0.0200,0.3987,0.03309259735953039,0.3987 ± 0.0331,0.7585500000000001,0.022273863607376227,0.7586 ± 0.0223,0.4263,0.02262741699796954,0.4263 ± 0.0226
UNet_DP_Morph,LungInfection,True,nsgd,200.0,True,both,5,0.0001,48,1.2,,training,1.2823577523231506,0.02954081041498265,1.2824 ± 0.0295,154.38797795772552,1.4865279449363287,154.3880 ± 1.4865,0.30784999999999996,0.03825447686219221,0.3078 ± 0.0383,0.48785,0.012091525958289965,0.4879 ± 0.0121,0.6765,0.014142135623730963,0.6765 ± 0.0141,1.0,0.0,1.0000 ± 0.0000,0.54035,0.09284312036979367,0.5403 ± 0.0928,0.9995,0.00028284271247466634,0.9995 ± 0.0003,0.4663,0.0479418397644479,0.4663 ± 0.0479,0.39944999999999997,0.06767011895955256,0.3994 ± 0.0677,0.7462,0.009616652224137085,0.7462 ± 0.0096,0.4312,0.06448813844421314,0.4312 ± 0.0645
UNet_DP_Morph,LungInfection,True,nsgd,200.0,True,both,7,0.0001,48,1.2,,training,1.3043680787086487,0.01723645946071209,1.3044 ± 0.0172,153.94371378421783,0.8831084802327661,153.9437 ± 0.8831,0.2818,0.013576450198781708,0.2818 ± 0.0136,0.44594999999999996,0.0017677669529663704,0.4459 ± 0.0018,0.6447,0.054022958082652166,0.6447 ± 0.0540,1.0,0.0,1.0000 ± 0.0000,0.5294,0.018526197667087546,0.5294 ± 0.0185,0.9933000000000001,0.0019798989873223505,0.9933 ± 0.0020,0.46425,0.015061374439273452,0.4642 ± 0.0151,0.404,0.009899494936611635,0.4040 ± 0.0099,0.72035,0.012374368670764553,0.7204 ± 0.0124,0.42074999999999996,0.027365032431919397,0.4207 ± 0.0274
UNet_DP_Morph,LungInfection,True,nsgd,200.0,True,close,5,0.0001,48,1.2,,training,1.3934324383735657,0.012159450089089793,1.3934 ± 0.0122,155.61857199668884,3.728687855036344,155.6186 ± 3.7287,0.3516,0.020788939366884522,0.3516 ± 0.0208,0.50535,0.007848885271170676,0.5053 ± 0.0078,0.6331,0.0021213203435596446,0.6331 ± 0.0021,1.0,0.0,1.0000 ± 0.0000,0.64605,0.035001785668734096,0.6461 ± 0.0350,0.99715,0.0013435028842544493,0.9971 ± 0.0013,0.51525,0.014495689014324197,0.5152 ± 0.0145,0.47195,0.03245620125646253,0.4719 ± 0.0325,0.7521500000000001,0.005161879502661778,0.7522 ± 0.0052,0.3575,0.02998132752230961,0.3575 ± 0.0300
UNet_DP_Morph,LungInfection,True,nsgd,200.0,True,open,3,0.0001,48,1.2,,training,1.243453860282898,0.11165121639020938,1.2435 ± 0.1117,150.82723784446716,1.5913240607099381,150.8272 ± 1.5913,0.33795,0.00021213203435598016,0.3379 ± 0.0002,0.52195,0.0027577164466275456,0.5220 ± 0.0028,0.69095,0.021849599538664347,0.6909 ± 0.0218,1.0,0.0,1.0000 ± 0.0000,0.5583,0.027718585822512673,0.5583 ± 0.0277,0.999,0.00028284271247458785,0.9990 ± 0.0003,0.47795,0.009121677477306479,0.4779 ± 0.0091,0.4207,0.010606601717798222,0.4207 ± 0.0106,0.76925,0.0034648232278140937,0.7692 ± 0.0035,0.42285,0.02085965004500313,0.4229 ± 0.0209
UNet_DP_Morph,LungInfection,True,nsgd,200.0,True,open,9,0.0001,48,1.2,,training,1.2200801372528076,0.009401107441445821,1.2201 ± 0.0094,155.06466460227966,2.3007152010857763,155.0647 ± 2.3007,0.32685,0.010818733752154202,0.3268 ± 0.0108,0.4953,0.0029698484809834867,0.4953 ± 0.0030,0.6813499999999999,0.026516504294495515,0.6813 ± 0.0265,1.0,0.0,1.0000 ± 0.0000,0.5723,0.04638620484583751,0.5723 ± 0.0464,0.9979,0.0026870057685088986,0.9979 ± 0.0027,0.48425,0.022273863607376227,0.4843 ± 0.0223,0.42625,0.02976919548795363,0.4263 ± 0.0298,0.755,0.0026870057685088986,0.7550 ± 0.0027,0.40774999999999995,0.03599173516239527,0.4077 ± 0.0360
UNet_DP_Morph,LungInfection,True,psac,200.0,True,both,3,0.0001,48,1.2,,training,1.2330598831176758,0.03834149385254243,1.2331 ± 0.0383,164.4139642715454,0.36546341563285617,164.4140 ± 0.3655,0.34314999999999996,0.01308147545195114,0.3431 ± 0.0131,0.5355000000000001,0.0018384776310850566,0.5355 ± 0.0018,0.69115,0.009828784258493027,0.6912 ± 0.0098,1.0,0.0,1.0000 ± 0.0000,0.5728500000000001,0.0024748737341528794,0.5729 ± 0.0025,0.9984500000000001,0.0017677669529664096,0.9985 ± 0.0018,0.48325,0.010818733752154164,0.4833 ± 0.0108,0.4263,0.018101933598375627,0.4263 ± 0.0181,0.77925,0.015627059864222706,0.7792 ± 0.0156,0.40925,0.0012020815280171554,0.4093 ± 0.0012
UNet_DP_Morph,LungInfection,True,psac,200.0,True,both,5,0.0001,48,1.2,,training,1.2095270156860352,0.029941795531715294,1.2095 ± 0.0299,162.56825256347656,1.3117512018952309,162.5683 ± 1.3118,0.3238,0.04539625535217634,0.3238 ± 0.0454,0.4917,0.04016366517139591,0.4917 ± 0.0402,0.68955,0.03740594872476832,0.6895 ± 0.0374,1.0,0.0,1.0000 ± 0.0000,0.5371,0.12402652942012043,0.5371 ± 0.1240,0.99615,0.0031819805153394274,0.9961 ± 0.0032,0.45830000000000004,0.06986214998123093,0.4583 ± 0.0699,0.40875,0.07771103525240157,0.4088 ± 0.0777,0.76275,0.012091525958289965,0.7628 ± 0.0121,0.43510000000000004,0.08937829714197962,0.4351 ± 0.0894
UNet_DP_Morph,LungInfection,True,psac,200.0,True,both,9,0.0001,48,1.2,,training,1.262290358543396,0.026647092089921685,1.2623 ± 0.0266,151.86142420768738,21.475744584340486,151.8614 ± 21.4757,0.2841,0.009616652224137047,0.2841 ± 0.0096,0.45455,0.005444722215136405,0.4546 ± 0.0054,0.6657500000000001,0.014778531726798863,0.6658 ± 0.0148,1.0,0.0,1.0000 ± 0.0000,0.5213,0.0,0.5213 ± 0.0000,0.99655,0.0036062445840513878,0.9966 ± 0.0036,0.4596,0.0015556349186103902,0.4596 ± 0.0016,0.39425,0.009970205614730322,0.3942 ± 0.0100,0.7365999999999999,0.024748737341529183,0.7366 ± 0.0247,0.43485,0.006293250352560286,0.4349 ± 0.0063
UNet_DP_Morph,LungInfection,True,psac,200.0,True,close,7,0.0001,48,1.2,,training,1.4166558384895325,0.036202204115826475,1.4167 ± 0.0362,161.9484702348709,2.363763346122799,161.9485 ± 2.3638,0.34835,0.02694076836320748,0.3483 ± 0.0269,0.5208999999999999,0.018950461735799506,0.5209 ± 0.0190,0.66935,0.03387041481883566,0.6694 ± 0.0339,1.0,0.0,1.0000 ± 0.0000,0.6215999999999999,0.05883128419472079,0.6216 ± 0.0588,0.9999,0.0,0.9999 ± 0.0000,0.5085500000000001,0.02793071785686861,0.5086 ± 0.0279,0.447,0.05359869401394029,0.4470 ± 0.0536,0.7642,0.004101219330881995,0.7642 ± 0.0041,0.37335,0.04348706704297267,0.3734 ± 0.0435
UNet_DP_Morph,LungInfection,True,psac,200.0,True,open,3,0.0001,48,1.2,,training,1.2532861232757568,0.053384884197838815,1.2533 ± 0.0534,162.46334028244019,0.30397622127730317,162.4633 ± 0.3040,0.27180000000000004,0.015273506473629432,0.2718 ± 0.0153,0.4376,0.06929646455628163,0.4376 ± 0.0693,0.6639999999999999,0.01088944443027281,0.6640 ± 0.0109,1.0,0.0,1.0000 ± 0.0000,0.47935,0.02750645378815673,0.4793 ± 0.0275,0.9947,0.00735391052434007,0.9947 ± 0.0074,0.41859999999999997,0.016546298679765235,0.4186 ± 0.0165,0.35035,0.007566042558696089,0.3503 ± 0.0076,0.73275,0.042214274836836874,0.7328 ± 0.0422,0.4789,0.011030865786510143,0.4789 ± 0.0110
UNet_DP_Morph,LungInfection,True,psac,200.0,True,open,7,0.0001,48,1.2,,training,1.1608085632324219,0.03583999409972385,1.1608 ± 0.0358,164.70482456684113,0.4632230307538949,164.7048 ± 0.4632,0.3308,0.00311126983722082,0.3308 ± 0.0031,0.50725,0.0009192388155424891,0.5072 ± 0.0009,0.6958500000000001,0.02934493141924171,0.6959 ± 0.0293,1.0,0.0,1.0000 ± 0.0000,0.55375,0.03641599923110719,0.5537 ± 0.0364,0.9976499999999999,0.0017677669529664096,0.9976 ± 0.0018,0.47585,0.021849599538664347,0.4758 ± 0.0218,0.41600000000000004,0.010182337649086302,0.4160 ± 0.0102,0.7611,0.005798275605729679,0.7611 ± 0.0058,0.42100000000000004,0.03181980515339463,0.4210 ± 0.0318
UNet_DP_Morph,LungInfection,True,psac,200.0,True,open,9,0.0001,48,1.2,,training,1.1983285546302795,0.05943219831587876,1.1983 ± 0.0594,142.09496223926544,17.78137926827008,142.0950 ± 17.7814,0.2993,0.031536962440920004,0.2993 ± 0.0315,0.48435000000000006,0.0259508188695463,0.4844 ± 0.0260,0.7049000000000001,0.031961226509631964,0.7049 ± 0.0320,1.0,0.0,1.0000 ± 0.0000,0.4799,0.05586143571373723,0.4799 ± 0.0559,0.9983500000000001,0.002192031021678291,0.9984 ± 0.0022,0.44335,0.021283914113715052,0.4434 ± 0.0213,0.3755,0.01753624817342641,0.3755 ± 0.0175,0.75145,0.0033234018715768,0.7514 ± 0.0033,0.46275,0.016334166645409254,0.4627 ± 0.0163
UNet_DP_Morph,LungInfection,True,automatic,200.0,True,both,3,0.0001,48,1.5,,training,1.1477815508842468,0.016434657814640995,1.1478 ± 0.0164,148.9723221063614,5.396087483070628,148.9723 ± 5.3961,0.3723,0.005091168824543131,0.3723 ± 0.0051,0.53955,0.0007778174593051951,0.5395 ± 0.0008,0.6844,0.019374725804511467,0.6844 ± 0.0194,1.0,0.0,1.0000 ± 0.0000,0.62695,0.011808683245815299,0.6270 ± 0.0118,0.9957499999999999,0.0020506096654409976,0.9957 ± 0.0021,0.5143,0.00014142135623729392,0.5143 ± 0.0001,0.47195,0.01265721138323918,0.4719 ± 0.0127,0.77485,0.006293250352560286,0.7749 ± 0.0063,0.3677,0.00664680374315356,0.3677 ± 0.0066
UNet_DP_Morph,LungInfection,True,automatic,200.0,True,both,5,0.0001,48,1.5,,training,1.1803820133209229,0.025909522240980885,1.1804 ± 0.0259,149.79961788654327,4.496917176045148,149.7996 ± 4.4969,0.3298,0.006505382386916227,0.3298 ± 0.0065,0.5061,0.0033941125496953686,0.5061 ± 0.0034,0.7061,0.005656854249492385,0.7061 ± 0.0057,1.0,0.0,1.0000 ± 0.0000,0.5307,0.012303657992645907,0.5307 ± 0.0123,0.9984500000000001,0.00035355339059331333,0.9985 ± 0.0004,0.46235,0.008555992052357225,0.4623 ± 0.0086,0.40959999999999996,0.0059396969619670125,0.4096 ± 0.0059,0.76495,0.004030508652763348,0.7650 ± 0.0040,0.44430000000000003,0.009758073580374341,0.4443 ± 0.0098
UNet_DP_Morph,LungInfection,True,automatic,200.0,True,both,9,0.0001,48,1.5,,training,1.1200918555259705,0.01733289145010517,1.1201 ± 0.0173,158.65401113033295,1.7003443022287035,158.6540 ± 1.7003,0.33365,0.022132442251138935,0.3337 ± 0.0221,0.5076,0.015273506473629392,0.5076 ± 0.0153,0.72265,0.01958685783886741,0.7227 ± 0.0196,1.0,0.0,1.0000 ± 0.0000,0.52335,0.02043538597629117,0.5233 ± 0.0204,0.99705,0.0012020815280171554,0.9970 ± 0.0012,0.4616,0.013010764773832454,0.4616 ± 0.0130,0.41285,0.01421284630184961,0.4128 ± 0.0142,0.7706999999999999,0.012303657992645907,0.7707 ± 0.0123,0.43979999999999997,0.010182337649086302,0.4398 ± 0.0102
UNet_DP_Morph,LungInfection,True,automatic,200.0,True,close,3,0.0001,48,1.5,,training,1.3448426723480225,0.059455041907771976,1.3448 ± 0.0595,153.66113102436066,3.652884387765984,153.6611 ± 3.6529,0.37665,0.02863782463805516,0.3766 ± 0.0286,0.53325,0.005586143571373738,0.5333 ± 0.0056,0.6639,0.0028284271247461927,0.6639 ± 0.0028,1.0,0.0,1.0000 ± 0.0000,0.66255,0.03768879143724299,0.6625 ± 0.0377,0.99275,0.0028991378028648397,0.9928 ± 0.0029,0.53535,0.019869700551341997,0.5353 ± 0.0199,0.48925,0.04065863991822648,0.4893 ± 0.0407,0.7604500000000001,0.0004949747468306073,0.7605 ± 0.0005,0.34145000000000003,0.029062088706767082,0.3415 ± 0.0291
UNet_DP_Morph,LungInfection,True,automatic,200.0,True,close,5,0.0001,48,1.5,,training,1.3392354846000671,0.013725795567148816,1.3392 ± 0.0137,153.2370651960373,1.9663371092784128,153.2371 ± 1.9663,0.38144999999999996,0.006858935777509501,0.3814 ± 0.0069,0.5197,0.006788225099390815,0.5197 ± 0.0068,0.67625,0.013364318164425768,0.6763 ± 0.0134,1.0,0.0,1.0000 ± 0.0000,0.6714500000000001,0.0020506096654409976,0.6715 ± 0.0021,0.9984,0.00028284271247466634,0.9984 ± 0.0003,0.53295,0.004313351365237936,0.5330 ± 0.0043,0.5002500000000001,0.006293250352560286,0.5003 ± 0.0063,0.7663,0.007919595949289324,0.7663 ± 0.0079,0.3315,0.0008485281374238421,0.3315 ± 0.0008
UNet_DP_Morph,LungInfection,True,automatic,200.0,True,close,7,0.0001,48,1.5,,training,1.396167516708374,0.01569548638545694,1.3962 ± 0.0157,152.09196996688843,0.5594987396325422,152.0920 ± 0.5595,0.38385,0.00756604255869605,0.3839 ± 0.0076,0.5293,0.008485281374238578,0.5293 ± 0.0085,0.64015,0.0037476659402887603,0.6401 ± 0.0037,1.0,0.0,1.0000 ± 0.0000,0.69425,0.0047376154339498966,0.6943 ± 0.0047,0.99115,0.0030405591591021333,0.9911 ± 0.0030,0.5448500000000001,0.0009192388155424891,0.5449 ± 0.0009,0.5114,0.011596551211459359,0.5114 ± 0.0116,0.7634,0.00735391052434007,0.7634 ± 0.0074,0.31595,0.005586143571373738,0.3160 ± 0.0056
UNet_DP_Morph,LungInfection,True,automatic,200.0,True,close,9,0.0001,48,1.5,,training,1.3418691158294678,0.07538958521798254,1.3419 ± 0.0754,139.31456565856934,25.606422336977985,139.3146 ± 25.6064,0.32425000000000004,0.0016263455967290765,0.3243 ± 0.0016,0.52755,0.009404520189781067,0.5275 ± 0.0094,0.6106,0.023617366491630678,0.6106 ± 0.0236,1.0,0.0,1.0000 ± 0.0000,0.65575,0.022698127676088108,0.6558 ± 0.0227,0.99915,7.071067811864696e-05,0.9991 ± 0.0001,0.5209999999999999,0.014849242404917511,0.5210 ± 0.0148,0.4394,0.01400071426749363,0.4394 ± 0.0140,0.7788999999999999,0.005232590180780425,0.7789 ± 0.0052,0.3472,0.014283556979968257,0.3472 ± 0.0143
UNet_DP_Morph,LungInfection,True,automatic,200.0,True,open,7,0.0001,48,1.5,,training,1.1553797125816345,0.04400982350877257,1.1554 ± 0.0440,154.48682487010956,0.3209915783707272,154.4868 ± 0.3210,0.34805,0.024960869375885125,0.3481 ± 0.0250,0.50995,0.005868986283848326,0.5100 ± 0.0059,0.70895,0.01110157646462883,0.7089 ± 0.0111,1.0,0.0,1.0000 ± 0.0000,0.5585,0.059396969619670045,0.5585 ± 0.0594,0.99525,0.0009192388155424891,0.9952 ± 0.0009,0.4766,0.03040559159102153,0.4766 ± 0.0304,0.4336,0.04426488450227787,0.4336 ± 0.0443,0.759,0.0,0.7590 ± 0.0000,0.42125,0.04589123009900695,0.4213 ± 0.0459
UNet_DP_Morph,LungInfection,True,automatic,200.0,True,open,9,0.0001,48,1.5,,training,1.1367080211639404,0.07165402574076499,1.1367 ± 0.0717,149.60042655467987,4.518535137583355,149.6004 ± 4.5185,0.3251,0.01682914139223986,0.3251 ± 0.0168,0.50085,0.004313351365237936,0.5009 ± 0.0043,0.7380500000000001,0.022273863607376227,0.7381 ± 0.0223,1.0,0.0,1.0000 ± 0.0000,0.49540000000000006,0.010182337649086302,0.4954 ± 0.0102,0.98325,0.011808683245815377,0.9832 ± 0.0118,0.44835,0.0122329473145273,0.4484 ± 0.0122,0.3933,0.009050966799187793,0.3933 ± 0.0091,0.7737,0.0005656854249492542,0.7737 ± 0.0006,0.4599,0.014142135623730925,0.4599 ± 0.0141
UNet_DP_Morph,LungInfection,True,base,200.0,True,both,3,0.0001,48,1.5,,training,1.152286171913147,0.007099720925357121,1.1523 ± 0.0071,154.1671838760376,2.1586074918498364,154.1672 ± 2.1586,0.37244999999999995,0.0003535533905932741,0.3724 ± 0.0004,0.53885,0.0009192388155424891,0.5389 ± 0.0009,0.66795,0.0402343758495146,0.6680 ± 0.0402,1.0,0.0,1.0000 ± 0.0000,0.63505,0.023263813101037364,0.6351 ± 0.0233,0.9937,0.003676955262170035,0.9937 ± 0.0037,0.52065,0.008555992052357225,0.5206 ± 0.0086,0.48065,0.010818733752154202,0.4807 ± 0.0108,0.7746999999999999,0.0011313708498984299,0.7747 ± 0.0011,0.36105,0.015061374439273452,0.3610 ± 0.0151
UNet_DP_Morph,LungInfection,True,base,200.0,True,both,5,0.0001,48,1.5,,training,1.1147160530090332,0.0008510291651319723,1.1147 ± 0.0009,152.53359377384186,0.08656035453470394,152.5336 ± 0.0866,0.3557,0.014424978336205591,0.3557 ± 0.0144,0.53285,0.004313351365237936,0.5329 ± 0.0043,0.71085,0.011667261889578005,0.7108 ± 0.0117,1.0,0.0,1.0000 ± 0.0000,0.5686,0.06123544725075502,0.5686 ± 0.0612,0.98825,7.071067811864696e-05,0.9882 ± 0.0001,0.4881,0.02955706345359769,0.4881 ± 0.0296,0.4385,0.029698484809835023,0.4385 ± 0.0297,0.78025,0.0071417784899841285,0.7802 ± 0.0071,0.40975,0.04801255044256655,0.4098 ± 0.0480
UNet_DP_Morph,LungInfection,True,base,200.0,True,both,7,0.0001,48,1.5,,training,1.1403425931930542,0.004172032240396378,1.1403 ± 0.0042,155.5024951696396,2.6844169067684684,155.5025 ± 2.6844,0.35295,0.03599173516239527,0.3529 ± 0.0360,0.5117499999999999,0.01378858223313765,0.5117 ± 0.0138,0.68565,0.031183409050326766,0.6856 ± 0.0312,1.0,0.0,1.0000 ± 0.0000,0.6052,0.08966113985445424,0.6052 ± 0.0897,0.99715,0.0028991378028648397,0.9971 ± 0.0029,0.5024500000000001,0.042072853480599574,0.5025 ± 0.0421,0.45485,0.06201326471006022,0.4548 ± 0.0620,0.7656000000000001,0.00028284271247466634,0.7656 ± 0.0003,0.3841,0.07028641404994285,0.3841 ± 0.0703
UNet_DP_Morph,LungInfection,True,base,200.0,True,both,9,0.0001,48,1.5,,training,1.1451961994171143,0.061692196626730075,1.1452 ± 0.0617,155.40826892852783,1.9205432096721742,155.4083 ± 1.9205,0.34695,0.026092240225783596,0.3469 ± 0.0261,0.51815,0.005161879502661856,0.5181 ± 0.0052,0.71235,0.00799030662740797,0.7124 ± 0.0080,1.0,0.0,1.0000 ± 0.0000,0.5569999999999999,0.03549676041556462,0.5570 ± 0.0355,0.9935,0.004525483399593955,0.9935 ± 0.0045,0.4784,0.012869343417595162,0.4784 ± 0.0129,0.4283,0.038749451609022816,0.4283 ± 0.0387,0.77075,0.012940054095713808,0.7708 ± 0.0129,0.41925,0.025385133444597047,0.4193 ± 0.0254
UNet_DP_Morph,LungInfection,True,base,200.0,True,close,5,0.0001,48,1.5,,training,1.3553652167320251,0.14173218081570765,1.3554 ± 0.1417,156.63662207126617,0.31301065113670434,156.6366 ± 0.3130,0.3871,0.02291025971044413,0.3871 ± 0.0229,0.517,0.011172287142747477,0.5170 ± 0.0112,0.6523,0.018809040379562134,0.6523 ± 0.0188,1.0,0.0,1.0000 ± 0.0000,0.6990000000000001,0.0479418397644479,0.6990 ± 0.0479,0.9924,0.0028284271247461927,0.9924 ± 0.0028,0.54335,0.01887975105768078,0.5433 ± 0.0189,0.516,0.04794183976444798,0.5160 ± 0.0479,0.7574,0.008768124086713167,0.7574 ± 0.0088,0.312,0.03790092347159893,0.3120 ± 0.0379
UNet_DP_Morph,LungInfection,True,base,200.0,True,open,3,0.0001,48,1.5,,training,1.16033536195755,0.04596712315361849,1.1603 ± 0.0460,121.65692102909088,4.5276574014750635,121.6569 ± 4.5277,0.3532,0.006363961030678933,0.3532 ± 0.0064,0.53945,0.005020458146424484,0.5394 ± 0.0050,0.6976,0.01598061325481594,0.6976 ± 0.0160,1.0,0.0,1.0000 ± 0.0000,0.56915,0.04136574669941303,0.5692 ± 0.0414,0.99805,0.001767766952966331,0.9980 ± 0.0018,0.48545000000000005,0.021708178182427013,0.4855 ± 0.0217,0.4357,0.014566399692442885,0.4357 ± 0.0146,0.7766500000000001,0.004454772721475308,0.7767 ± 0.0045,0.4125,0.030264170234784237,0.4125 ± 0.0303
UNet_DP_Morph,LungInfection,True,base,200.0,True,open,5,0.0001,48,1.5,,training,1.1700554490089417,0.022969442382558096,1.1701 ± 0.0230,150.39796948432922,4.77737495009119,150.3980 ± 4.7774,0.3365,0.005091168824543171,0.3365 ± 0.0051,0.52145,0.019021172413918153,0.5214 ± 0.0190,0.7099500000000001,0.009121677477306479,0.7100 ± 0.0091,1.0,0.0,1.0000 ± 0.0000,0.5455000000000001,0.03068843430349616,0.5455 ± 0.0307,0.9943500000000001,0.007566042558696089,0.9944 ± 0.0076,0.4729,0.01753624817342637,0.4729 ± 0.0175,0.41355,0.009404520189781105,0.4135 ± 0.0094,0.7737499999999999,0.010535891039679576,0.7737 ± 0.0105,0.4285,0.022768838354206837,0.4285 ± 0.0228
UNet_DP_Morph,LungInfection,True,base,200.0,True,open,7,0.0001,48,1.5,,training,1.1372846961021421,0.025479202917684813,1.1373 ± 0.0255,152.96314525604248,1.7301355492175379,152.9631 ± 1.7301,0.3468,0.0024041630560342323,0.3468 ± 0.0024,0.5132,0.00735391052434007,0.5132 ± 0.0074,0.7293000000000001,0.0025455844122715264,0.7293 ± 0.0025,1.0,0.0,1.0000 ± 0.0000,0.5408999999999999,0.011030865786510104,0.5409 ± 0.0110,0.99685,0.0037476659402887603,0.9969 ± 0.0037,0.4718,0.007636753236814736,0.4718 ± 0.0076,0.42125,7.071067811864696e-05,0.4213 ± 0.0001,0.7611,0.003535533905932662,0.7611 ± 0.0035,0.43179999999999996,0.008768124086713205,0.4318 ± 0.0088
UNet_DP_Morph,LungInfection,True,nsgd,200.0,True,both,3,0.0001,48,1.5,,training,1.3491012454032898,0.04733790725458681,1.3491 ± 0.0473,138.60334610939026,26.791757269925267,138.6033 ± 26.7918,0.29035,0.006293250352560286,0.2903 ± 0.0063,0.48140000000000005,0.005374011537017758,0.4814 ± 0.0054,0.6609,0.0028284271247461927,0.6609 ± 0.0028,1.0,0.0,1.0000 ± 0.0000,0.5236,0.018526197667087546,0.5236 ± 0.0185,0.99945,7.071067811872547e-05,0.9994 ± 0.0001,0.4643,0.0019798989873223505,0.4643 ± 0.0020,0.38785000000000003,0.01930401512639278,0.3879 ± 0.0193,0.74855,0.00021213203435601938,0.7486 ± 0.0002,0.4375,0.009050966799187833,0.4375 ± 0.0091
UNet_DP_Morph,LungInfection,True,nsgd,200.0,True,both,7,0.0001,48,1.5,,training,1.2819058299064636,0.026208174809529236,1.2819 ± 0.0262,155.90875840187073,3.2529372636184646,155.9088 ± 3.2529,0.28275,0.05508361825443205,0.2828 ± 0.0551,0.46395,0.03811305550595491,0.4639 ± 0.0381,0.6281,0.01796051224213837,0.6281 ± 0.0180,1.0,0.0,1.0000 ± 0.0000,0.54425,0.0895904291763356,0.5443 ± 0.0896,0.9971,0.002404163056034311,0.9971 ± 0.0024,0.47545,0.028496403281817868,0.4754 ± 0.0285,0.40115,0.050558134854838156,0.4012 ± 0.0506,0.73985,0.025385133444597086,0.7399 ± 0.0254,0.41095,0.03995153313703993,0.4109 ± 0.0400
UNet_DP_Morph,LungInfection,True,nsgd,200.0,True,both,9,0.0001,48,1.5,,training,1.3204806447029114,0.039891570647076095,1.3205 ± 0.0399,154.4004589319229,0.013880643088577841,154.4005 ± 0.0139,0.2605,0.017253405460951762,0.2605 ± 0.0173,0.4415,0.019940411229460643,0.4415 ± 0.0199,0.6206499999999999,0.01930401512639274,0.6206 ± 0.0193,1.0,0.0,1.0000 ± 0.0000,0.5116499999999999,0.009545941546018361,0.5116 ± 0.0095,0.99885,7.071067811864696e-05,0.9989 ± 0.0001,0.45085,0.007000357133746795,0.4508 ± 0.0070,0.3719,0.021213203435596444,0.3719 ± 0.0212,0.73285,0.013505739520662982,0.7329 ± 0.0135,0.43425,0.002757716446627506,0.4343 ± 0.0028
UNet_DP_Morph,LungInfection,True,nsgd,200.0,True,close,3,0.0001,48,1.5,,training,1.3527069091796875,0.009664103776154115,1.3527 ± 0.0097,151.80473613739014,1.4658882960457558,151.8047 ± 1.4659,0.29964999999999997,0.02312239174480011,0.2996 ± 0.0231,0.5017,0.03266833329081851,0.5017 ± 0.0327,0.6756500000000001,0.01491995308303616,0.6757 ± 0.0149,1.0,0.0,1.0000 ± 0.0000,0.5244,0.026021529547664908,0.5244 ± 0.0260,0.9996499999999999,0.0004949747468306073,0.9996 ± 0.0005,0.45940000000000003,0.006788225099390855,0.4594 ± 0.0068,0.3771,0.013576450198781708,0.3771 ± 0.0136,0.7536499999999999,0.015061374439273452,0.7536 ± 0.0151,0.44065,0.005303300858899111,0.4406 ± 0.0053
UNet_DP_Morph,LungInfection,True,nsgd,200.0,True,close,5,0.0001,48,1.5,,training,1.525036633014679,0.0007273703116010092,1.5250 ± 0.0007,130.1461455821991,11.934483024380745,130.1461 ± 11.9345,0.2823,0.014283556979968257,0.2823 ± 0.0143,0.4511,0.018950461735799506,0.4511 ± 0.0190,0.6548499999999999,0.013222896808188474,0.6548 ± 0.0132,1.0,0.0,1.0000 ± 0.0000,0.5257499999999999,0.03684026329981911,0.5257 ± 0.0368,0.9986999999999999,0.0008485281374238421,0.9987 ± 0.0008,0.46155,0.022556706319850857,0.4616 ± 0.0226,0.38380000000000003,0.028991378028648436,0.3838 ± 0.0290,0.723,0.02022325394193523,0.7230 ± 0.0202,0.44110000000000005,0.03323401871576773,0.4411 ± 0.0332
UNet_DP_Morph,LungInfection,True,nsgd,200.0,True,close,7,0.0001,48,1.5,,training,1.5406920313835144,0.2526926946525205,1.5407 ± 0.2527,149.65954065322876,6.17365047656326,149.6595 ± 6.1737,0.26255,0.06286179284748408,0.2626 ± 0.0629,0.44395,0.03259762261269986,0.4440 ± 0.0326,0.5546500000000001,0.04659833688019345,0.5547 ± 0.0466,1.0,0.0,1.0000 ± 0.0000,0.6178,0.07990306627407986,0.6178 ± 0.0799,0.99685,0.002333452377915664,0.9969 ± 0.0023,0.4957,0.035213917703090035,0.4957 ± 0.0352,0.41969999999999996,0.036203867196751206,0.4197 ± 0.0362,0.72495,0.03882016228714143,0.7249 ± 0.0388,0.3619,0.03464823227814086,0.3619 ± 0.0346
UNet_DP_Morph,LungInfection,True,nsgd,200.0,True,close,9,0.0001,48,1.5,,training,1.5492441058158875,0.04656341676635062,1.5492 ± 0.0466,134.91525304317474,16.491773706456424,134.9153 ± 16.4918,0.28300000000000003,0.006505382386916267,0.2830 ± 0.0065,0.477,0.02913279938488577,0.4770 ± 0.0291,0.6127499999999999,0.03641599923110719,0.6127 ± 0.0364,1.0,0.0,1.0000 ± 0.0000,0.5828,0.084994235098623,0.5828 ± 0.0850,0.9992,0.00028284271247458785,0.9992 ± 0.0003,0.48440000000000005,0.024324473272817265,0.4844 ± 0.0243,0.40605,0.03726452736853107,0.4061 ± 0.0373,0.76235,0.021425335469952386,0.7623 ± 0.0214,0.39339999999999997,0.048083261120685235,0.3934 ± 0.0481
UNet_DP_Morph,LungInfection,True,nsgd,200.0,True,open,3,0.0001,48,1.5,,training,1.2781495451927185,0.04175833886132061,1.2781 ± 0.0418,150.03498327732086,6.055354893799006,150.0350 ± 6.0554,0.3003,0.0329511760032931,0.3003 ± 0.0330,0.48695,0.02397091988222399,0.4869 ± 0.0240,0.64295,0.04122432534317573,0.6430 ± 0.0412,1.0,0.0,1.0000 ± 0.0000,0.5621,0.0025455844122715264,0.5621 ± 0.0025,0.9967999999999999,0.0007071067811865482,0.9968 ± 0.0007,0.47425,0.0020506096654409976,0.4743 ± 0.0021,0.40405,0.011384419177103419,0.4041 ± 0.0114,0.76125,0.026516504294495515,0.7612 ± 0.0265,0.41495,0.0021920310216782916,0.4149 ± 0.0022
UNet_DP_Morph,LungInfection,True,nsgd,200.0,True,open,7,0.0001,48,1.5,,training,1.2522583603858948,0.009749156116448785,1.2523 ± 0.0097,152.0813933610916,0.795561383680725,152.0814 ± 0.7956,0.2959,0.039739401102683994,0.2959 ± 0.0397,0.48255000000000003,0.02708218971944481,0.4826 ± 0.0271,0.6669499999999999,0.02778929650063132,0.6669 ± 0.0278,1.0,0.0,1.0000 ± 0.0000,0.5272,0.04270924958366747,0.5272 ± 0.0427,0.99805,0.0010606601717798615,0.9980 ± 0.0011,0.46099999999999997,0.021071782079359114,0.4610 ± 0.0211,0.38585,0.033587572106361034,0.3859 ± 0.0336,0.7484999999999999,0.026870057685088752,0.7485 ± 0.0269,0.43579999999999997,0.01895046173579947,0.4358 ± 0.0190
UNet_DP_Morph,LungInfection,True,psac,200.0,True,both,3,0.0001,48,1.5,,training,1.30372554063797,0.053546980977211715,1.3037 ± 0.0535,160.5255835056305,0.05397898617444838,160.5256 ± 0.0540,0.3226,0.010465180361560928,0.3226 ± 0.0105,0.50285,0.005586143571373738,0.5029 ± 0.0056,0.70155,0.004030508652763348,0.7016 ± 0.0040,1.0,0.0,1.0000 ± 0.0000,0.52935,0.009263098833543773,0.5293 ± 0.0093,0.99925,0.0009192388155424891,0.9992 ± 0.0009,0.4573,0.012869343417595162,0.4573 ± 0.0129,0.40325,0.02043538597629125,0.4032 ± 0.0204,0.7605500000000001,0.006434671708797581,0.7606 ± 0.0064,0.4436,0.005656854249492385,0.4436 ± 0.0057
UNet_DP_Morph,LungInfection,True,psac,200.0,True,both,7,0.0001,48,1.5,,training,1.2197780013084412,0.10348627601558792,1.2198 ± 0.1035,167.75076067447662,0.13565502672892182,167.7508 ± 0.1357,0.3197,0.027718585822512673,0.3197 ± 0.0277,0.4857,0.028567113959936514,0.4857 ± 0.0286,0.6752499999999999,0.02778929650063132,0.6752 ± 0.0278,1.0,0.0,1.0000 ± 0.0000,0.55485,0.0071417784899841285,0.5548 ± 0.0071,0.9957,0.003252691193458153,0.9957 ± 0.0033,0.46865,0.0033234018715767605,0.4687 ± 0.0033,0.41795000000000004,0.011808683245815339,0.4180 ± 0.0118,0.7543,0.008768124086713167,0.7543 ± 0.0088,0.42325,0.0024748737341529184,0.4233 ± 0.0025
UNet_DP_Morph,LungInfection,True,psac,200.0,True,both,9,0.0001,48,1.5,,training,1.1698154211044312,0.052047480400891126,1.1698 ± 0.0520,167.22761344909668,2.2073059836680518,167.2276 ± 2.2073,0.3093,0.024324473272817223,0.3093 ± 0.0243,0.48345000000000005,0.028779245994292494,0.4835 ± 0.0288,0.72855,0.02510229073212242,0.7286 ± 0.0251,1.0,0.0,1.0000 ± 0.0000,0.4877,0.009616652224137047,0.4877 ± 0.0096,0.9992,0.00014142135623729392,0.9992 ± 0.0001,0.44575,0.003889087296526015,0.4457 ± 0.0039,0.3795,0.014283556979968257,0.3795 ± 0.0143,0.755,0.010889444430272888,0.7550 ± 0.0109,0.46615,0.005020458146424484,0.4662 ± 0.0050
UNet_DP_Morph,LungInfection,True,psac,200.0,True,close,3,0.0001,48,1.5,,training,1.3984861373901367,0.028886438445002507,1.3985 ± 0.0289,147.49996197223663,22.047358182696392,147.5000 ± 22.0474,0.33655,0.016334166645409254,0.3366 ± 0.0163,0.50395,0.03613315651863257,0.5040 ± 0.0361,0.671,0.012586500705120494,0.6710 ± 0.0126,1.0,0.0,1.0000 ± 0.0000,0.6048,0.01371787155501908,0.6048 ± 0.0137,0.9996,0.0,0.9996 ± 0.0000,0.4938,0.004101219330881955,0.4938 ± 0.0041,0.4361,0.019940411229460643,0.4361 ± 0.0199,0.7598,0.024041630560342638,0.7598 ± 0.0240,0.3877,0.012162236636408611,0.3877 ± 0.0122
UNet_DP_Morph,LungInfection,True,psac,200.0,True,close,9,0.0001,48,1.5,,training,1.4042279720306396,0.049730246669762175,1.4042 ± 0.0497,165.42019081115723,0.02870503840901162,165.4202 ± 0.0287,0.35275,0.04886107857999043,0.3528 ± 0.0489,0.52485,0.007000357133746834,0.5249 ± 0.0070,0.62625,0.0027577164466275456,0.6262 ± 0.0028,1.0,0.0,1.0000 ± 0.0000,0.66735,0.0775696138961642,0.6673 ± 0.0776,0.99775,0.0013435028842544493,0.9978 ± 0.0013,0.52695,0.04108290398693844,0.5270 ± 0.0411,0.47495,0.07488260812765542,0.4749 ± 0.0749,0.7616499999999999,0.011950104602052673,0.7616 ± 0.0120,0.33999999999999997,0.0582655987697715,0.3400 ± 0.0583
UNet_DP_Morph,LungInfection,True,psac,200.0,True,open,3,0.0001,48,1.5,,training,1.211944818496704,0.005109209563884776,1.2119 ± 0.0051,146.26794838905334,19.696368703420276,146.2679 ± 19.6964,0.30715000000000003,0.03090056633785214,0.3072 ± 0.0309,0.50805,0.05692209588551709,0.5081 ± 0.0569,0.6973,0.026445793616376872,0.6973 ± 0.0264,1.0,0.0,1.0000 ± 0.0000,0.4871,0.08004448763031716,0.4871 ± 0.0800,0.9964999999999999,0.0022627416997969383,0.9965 ± 0.0023,0.44195,0.023405234457274736,0.4420 ± 0.0234,0.37255000000000005,0.04023437584951456,0.3726 ± 0.0402,0.7683,0.017677669529663705,0.7683 ± 0.0177,0.4632,0.040729350596345124,0.4632 ± 0.0407
UNet_DP_Morph,LungInfection,True,psac,200.0,True,open,5,0.0001,48,1.5,,training,1.1969473361968994,0.00595787850549998,1.1969 ± 0.0060,165.35513401031494,1.6723326637713931,165.3551 ± 1.6723,0.32785,0.004313351365237975,0.3278 ± 0.0043,0.5269,0.009899494936611674,0.5269 ± 0.0099,0.6829,0.008485281374238578,0.6829 ± 0.0085,1.0,0.0,1.0000 ± 0.0000,0.5539000000000001,0.023475945135393382,0.5539 ± 0.0235,0.996,0.004808326112068465,0.9960 ± 0.0048,0.47650000000000003,0.015839191898578686,0.4765 ± 0.0158,0.40964999999999996,0.01661700935788388,0.4096 ± 0.0166,0.7726,0.0008485281374238421,0.7726 ± 0.0008,0.42565,0.01817264427649427,0.4256 ± 0.0182
UNet_DP_Morph,LungInfection,True,psac,200.0,True,open,7,0.0001,48,1.5,,training,1.186397671699524,0.024917722601822682,1.1864 ± 0.0249,166.81672072410583,2.194566508649755,166.8167 ± 2.1946,0.32315000000000005,0.016051323932934625,0.3232 ± 0.0161,0.4954,0.013152186130069826,0.4954 ± 0.0132,0.69665,0.009687362902255733,0.6966 ± 0.0097,1.0,0.0,1.0000 ± 0.0000,0.534,0.05260874452027915,0.5340 ± 0.0526,0.9972000000000001,0.0019798989873223505,0.9972 ± 0.0020,0.47255,0.02665792565073285,0.4726 ± 0.0267,0.41215,0.030052038200428257,0.4122 ± 0.0301,0.76325,0.015344217151748118,0.7632 ± 0.0153,0.4239,0.037193816690412385,0.4239 ± 0.0372
UNet_DP_Morph,LungInfection,True,psac,200.0,True,open,9,0.0001,48,1.5,,training,1.161368191242218,0.05806124562751655,1.1614 ± 0.0581,164.6980185508728,4.136715541567765,164.6980 ± 4.1367,0.28215,0.055649303679381305,0.2822 ± 0.0556,0.4689,0.032526911934581175,0.4689 ± 0.0325,0.6598999999999999,0.04483056992722712,0.6599 ± 0.0448,1.0,0.0,1.0000 ± 0.0000,0.49685,0.05027529214236352,0.4969 ± 0.0503,0.99455,7.071067811864696e-05,0.9946 ± 0.0001,0.4477,0.004384062043356583,0.4477 ± 0.0044,0.37535,0.03839589821842954,0.3754 ± 0.0384,0.7534000000000001,0.019233304448274095,0.7534 ± 0.0192,0.44430000000000003,0.004949747468305798,0.4443 ± 0.0049
UNet_DP_Morph,LungInfection,True,automatic,200.0,True,both,3,0.0001,48,2.0,,training,1.2091532349586487,0.08022020411321015,1.2092 ± 0.0802,152.57457733154297,0.771140993891331,152.5746 ± 0.7711,0.33740000000000003,0.03040559159102153,0.3374 ± 0.0304,0.53365,0.02128391411371509,0.5336 ± 0.0213,0.6852499999999999,0.005020458146424484,0.6852 ± 0.0050,1.0,0.0,1.0000 ± 0.0000,0.5523,0.04666904755831218,0.5523 ± 0.0467,0.9969,0.0031112698372207804,0.9969 ± 0.0031,0.4841,0.01711198410471445,0.4841 ± 0.0171,0.42315,0.03259762261269982,0.4232 ± 0.0326,0.7765500000000001,0.007707463914933382,0.7766 ± 0.0077,0.4155,0.022061731573020285,0.4155 ± 0.0221
UNet_DP_Morph,LungInfection,True,automatic,200.0,True,both,5,0.0001,48,2.0,,training,1.222881555557251,0.02505377262881585,1.2229 ± 0.0251,138.70392537117004,24.01409147235081,138.7039 ± 24.0141,0.32830000000000004,0.010182337649086302,0.3283 ± 0.0102,0.496,0.019233304448274133,0.4960 ± 0.0192,0.72105,0.005303300858899072,0.7210 ± 0.0053,1.0,0.0,1.0000 ± 0.0000,0.49229999999999996,0.013717871555019042,0.4923 ± 0.0137,0.98245,0.005161879502661778,0.9825 ± 0.0052,0.4397,0.015839191898578686,0.4397 ± 0.0158,0.4031,0.013293607486307082,0.4031 ± 0.0133,0.7642,0.005798275605729679,0.7642 ± 0.0058,0.46875,0.01647558800164655,0.4688 ± 0.0165
UNet_DP_Morph,LungInfection,True,automatic,200.0,True,both,7,0.0001,48,2.0,,training,1.2364087104797363,0.0696960517463429,1.2364 ± 0.0697,152.7243331670761,7.202365528807947,152.7243 ± 7.2024,0.34809999999999997,0.0026870057685088595,0.3481 ± 0.0027,0.5045499999999999,0.018314065632731566,0.5045 ± 0.0183,0.7062999999999999,0.02828427124746185,0.7063 ± 0.0283,1.0,0.0,1.0000 ± 0.0000,0.5715,0.04157787873376897,0.5715 ± 0.0416,0.9997,0.00028284271247458785,0.9997 ± 0.0003,0.48565,0.024819448019647795,0.4857 ± 0.0248,0.4401,0.012727922061357866,0.4401 ± 0.0127,0.7576499999999999,0.010677312395916868,0.7576 ± 0.0107,0.41400000000000003,0.03266833329081847,0.4140 ± 0.0327
UNet_DP_Morph,LungInfection,True,automatic,200.0,True,both,9,0.0001,48,2.0,,training,1.1676505208015442,0.017674786685225544,1.1677 ± 0.0177,155.52042531967163,2.5335327063860142,155.5204 ± 2.5335,0.28845,0.03457752160002217,0.2884 ± 0.0346,0.48875,0.00756604255869605,0.4888 ± 0.0076,0.7024,0.05868986283848342,0.7024 ± 0.0587,1.0,0.0,1.0000 ± 0.0000,0.44999999999999996,0.013293607486307082,0.4500 ± 0.0133,0.9866999999999999,0.014990663761154805,0.9867 ± 0.0150,0.43125,0.009263098833543773,0.4313 ± 0.0093,0.35475,0.016051323932934625,0.3548 ± 0.0161,0.75675,0.0024748737341528794,0.7568 ± 0.0025,0.47795,0.0184554869889689,0.4779 ± 0.0185
UNet_DP_Morph,LungInfection,True,automatic,200.0,True,close,3,0.0001,48,2.0,,training,1.4636738300323486,0.009064607002935002,1.4637 ± 0.0091,154.60643923282623,2.895402344540064,154.6064 ± 2.8954,0.3591,0.024607315985291853,0.3591 ± 0.0246,0.5179,0.007636753236814736,0.5179 ± 0.0076,0.6939,0.020930360723121776,0.6939 ± 0.0209,1.0,0.0,1.0000 ± 0.0000,0.61265,0.057204938597991674,0.6127 ± 0.0572,0.99765,0.0013435028842544493,0.9977 ± 0.0013,0.50585,0.030052038200428295,0.5059 ± 0.0301,0.45915,0.04702260094890542,0.4592 ± 0.0470,0.7593,0.014142135623730963,0.7593 ± 0.0141,0.377,0.04044650788387054,0.3770 ± 0.0404
UNet_DP_Morph,LungInfection,True,automatic,200.0,True,close,5,0.0001,48,2.0,,training,1.3855544924736023,0.007792530821179197,1.3856 ± 0.0078,157.12514734268188,3.844893122701852,157.1251 ± 3.8449,0.36795,0.004030508652763348,0.3679 ± 0.0040,0.5116499999999999,0.008131727983645264,0.5116 ± 0.0081,0.64975,0.00021213203435601938,0.6498 ± 0.0002,1.0,0.0,1.0000 ± 0.0000,0.6798,0.015697770542341352,0.6798 ± 0.0157,0.998,0.0008485281374239206,0.9980 ± 0.0008,0.5351,0.007071067811865481,0.5351 ± 0.0071,0.49715,0.0010606601717798223,0.4971 ± 0.0011,0.75485,0.007848885271170676,0.7549 ± 0.0078,0.3305,0.0164048773235279,0.3305 ± 0.0164
UNet_DP_Morph,LungInfection,True,automatic,200.0,True,close,7,0.0001,48,2.0,,training,1.354633390903473,0.06752287594342402,1.3546 ± 0.0675,152.71669793128967,0.7103831086023904,152.7167 ± 0.7104,0.3497,0.025738686835190323,0.3497 ± 0.0257,0.5267,0.014990663761154805,0.5267 ± 0.0150,0.6127,0.02460731598529181,0.6127 ± 0.0246,1.0,0.0,1.0000 ± 0.0000,0.6926,0.0033941125496953686,0.6926 ± 0.0034,0.99785,0.002333452377915664,0.9979 ± 0.0023,0.5356,0.0026870057685088986,0.5356 ± 0.0027,0.477,0.027718585822512673,0.4770 ± 0.0277,0.7743500000000001,0.00799030662740797,0.7744 ± 0.0080,0.3201,0.004384062043356583,0.3201 ± 0.0044
UNet_DP_Morph,LungInfection,True,automatic,200.0,True,close,9,0.0001,48,2.0,,training,1.3886332511901855,0.0364199347352336,1.3886 ± 0.0364,155.29028165340424,1.2165365820746938,155.2903 ± 1.2165,0.35825,0.0020506096654409976,0.3583 ± 0.0021,0.5308999999999999,0.010748023074035516,0.5309 ± 0.0107,0.61125,0.02156675682618968,0.6112 ± 0.0216,1.0,0.0,1.0000 ± 0.0000,0.6853,0.03082985565973345,0.6853 ± 0.0308,0.9958,0.0008485281374238421,0.9958 ± 0.0008,0.5369,0.014283556979968257,0.5369 ± 0.0143,0.48585,0.013505739520663062,0.4859 ± 0.0135,0.7686999999999999,0.012586500705120494,0.7687 ± 0.0126,0.3255,0.021354624791833737,0.3255 ± 0.0214
UNet_DP_Morph,LungInfection,True,automatic,200.0,True,open,3,0.0001,48,2.0,,training,1.1655832529067993,0.04712877459227575,1.1656 ± 0.0471,135.0429538488388,26.203371586085538,135.0430 ± 26.2034,0.33235000000000003,0.021001071401240464,0.3324 ± 0.0210,0.5202,0.009475230867899793,0.5202 ± 0.0095,0.7135,0.0032526911934580745,0.7135 ± 0.0033,1.0,0.0,1.0000 ± 0.0000,0.5206500000000001,0.026516504294495515,0.5207 ± 0.0265,0.9978,0.0015556349186103902,0.9978 ± 0.0016,0.45875,0.018738329701443488,0.4587 ± 0.0187,0.401,0.03394112549695427,0.4010 ± 0.0339,0.7726500000000001,0.009545941546018361,0.7727 ± 0.0095,0.45035000000000003,0.018314065632731566,0.4504 ± 0.0183
UNet_DP_Morph,LungInfection,True,automatic,200.0,True,open,5,0.0001,48,2.0,,training,1.1874115467071533,0.03045699860791262,1.1874 ± 0.0305,148.57539808750153,3.6046764852644353,148.5754 ± 3.6047,0.36545000000000005,0.0010606601717798223,0.3655 ± 0.0011,0.52555,0.02326381310103744,0.5255 ± 0.0233,0.7118500000000001,0.015061374439273452,0.7119 ± 0.0151,1.0,0.0,1.0000 ± 0.0000,0.5821000000000001,0.026728636328851457,0.5821 ± 0.0267,0.9967,0.0029698484809834867,0.9967 ± 0.0030,0.4963,0.00777817459305203,0.4963 ± 0.0078,0.459,0.0164048773235279,0.4590 ± 0.0164,0.7705,0.016546298679765196,0.7705 ± 0.0165,0.4012,0.018101933598375586,0.4012 ± 0.0181
UNet_DP_Morph,LungInfection,True,automatic,200.0,True,open,9,0.0001,48,2.0,,training,1.1195220351219177,0.015890120531880245,1.1195 ± 0.0159,149.74653589725494,5.949812104457178,149.7465 ± 5.9498,0.35214999999999996,0.00756604255869605,0.3521 ± 0.0076,0.5246500000000001,0.011525840533340789,0.5247 ± 0.0115,0.7152499999999999,0.023546655813512028,0.7152 ± 0.0235,1.0,0.0,1.0000 ± 0.0000,0.5685,0.015132085117392178,0.5685 ± 0.0151,0.9914000000000001,0.0038183766184073284,0.9914 ± 0.0038,0.48919999999999997,0.00014142135623733317,0.4892 ± 0.0001,0.4351,0.0005656854249492542,0.4351 ± 0.0006,0.76895,0.0010606601717798615,0.7690 ± 0.0011,0.40964999999999996,0.011101576464628789,0.4096 ± 0.0111
UNet_DP_Morph,LungInfection,True,base,200.0,True,both,3,0.0001,48,2.0,,training,1.2198162078857422,0.020840099302090707,1.2198 ± 0.0208,152.35938608646393,0.5930306037204154,152.3594 ± 0.5930,0.32755,0.0036062445840513878,0.3276 ± 0.0036,0.5215,0.019940411229460643,0.5215 ± 0.0199,0.6893,0.0021213203435596446,0.6893 ± 0.0021,1.0,0.0,1.0000 ± 0.0000,0.5319,0.007919595949289324,0.5319 ± 0.0079,0.99745,0.0020506096654409976,0.9974 ± 0.0021,0.45955,0.0017677669529663704,0.4596 ± 0.0018,0.40475,0.0012020815280171554,0.4047 ± 0.0012,0.76775,0.012940054095713808,0.7678 ± 0.0129,0.44394999999999996,0.006858935777509501,0.4439 ± 0.0069
UNet_DP_Morph,LungInfection,True,base,200.0,True,both,5,0.0001,48,2.0,,training,1.12306547164917,0.003148875345945915,1.1231 ± 0.0031,150.15225303173065,4.651650732395799,150.1523 ± 4.6517,0.3397,0.0018384776310850566,0.3397 ± 0.0018,0.53375,0.022980970388562855,0.5337 ± 0.0230,0.702,0.017960512242138293,0.7020 ± 0.0180,1.0,0.0,1.0000 ± 0.0000,0.544,0.021637467504308405,0.5440 ± 0.0216,0.99855,7.071067811864696e-05,0.9986 ± 0.0001,0.4656,0.010182337649086302,0.4656 ± 0.0102,0.41595,0.011525840533340711,0.4159 ± 0.0115,0.7761,0.020364675298172524,0.7761 ± 0.0204,0.43265,0.014071424945612277,0.4326 ± 0.0141
UNet_DP_Morph,LungInfection,True,base,200.0,True,both,7,0.0001,48,2.0,,training,1.1809178590774536,0.06873426066332429,1.1809 ± 0.0687,154.97676575183868,2.209209841108986,154.9768 ± 2.2092,0.3553,0.01668772003600249,0.3553 ± 0.0167,0.5043,0.0021213203435596446,0.5043 ± 0.0021,0.70965,0.03160767311903865,0.7097 ± 0.0316,1.0,0.0,1.0000 ± 0.0000,0.57445,0.07233702371538385,0.5745 ± 0.0723,0.99535,0.005161879502661778,0.9953 ± 0.0052,0.4849,0.039739401102683994,0.4849 ± 0.0397,0.44584999999999997,0.0424971175493115,0.4458 ± 0.0425,0.75785,0.00530330085889915,0.7579 ± 0.0053,0.40745,0.054659354185720106,0.4074 ± 0.0547
UNet_DP_Morph,LungInfection,True,base,200.0,True,open,3,0.0001,48,2.0,,training,1.2608777284622192,0.03009133255023179,1.2609 ± 0.0301,154.97172117233276,3.6669959955844016,154.9717 ± 3.6670,0.33714999999999995,0.0010606601717798223,0.3371 ± 0.0011,0.52765,0.006858935777509462,0.5276 ± 0.0069,0.6859999999999999,0.041012193308819715,0.6860 ± 0.0410,1.0,0.0,1.0000 ± 0.0000,0.5601499999999999,0.04348706704297267,0.5601 ± 0.0435,0.99815,0.00035355339059323483,0.9981 ± 0.0004,0.4789,0.021213203435596444,0.4789 ± 0.0212,0.41990000000000005,0.013152186130069788,0.4199 ± 0.0132,0.7742,0.0015556349186103902,0.7742 ± 0.0016,0.42025,0.029203510063004416,0.4203 ± 0.0292
UNet_DP_Morph,LungInfection,True,base,200.0,True,open,9,0.0001,48,2.0,,training,1.0938431024551392,0.024457141841295476,1.0938 ± 0.0245,150.65898370742798,5.386545267980368,150.6590 ± 5.3865,0.3524,0.004808326112068543,0.3524 ± 0.0048,0.5521499999999999,0.01223294731452726,0.5521 ± 0.0122,0.7093,0.00014142135623729392,0.7093 ± 0.0001,1.0,0.0,1.0000 ± 0.0000,0.57185,0.006576093065034874,0.5718 ± 0.0066,0.9984999999999999,0.0007071067811865482,0.9985 ± 0.0007,0.48295,0.011384419177103419,0.4829 ± 0.0114,0.4283,0.006505382386916227,0.4283 ± 0.0065,0.7948,0.0004242640687119603,0.7948 ± 0.0004,0.4065,0.003818376618407368,0.4065 ± 0.0038
UNet_DP_Morph,LungInfection,True,nsgd,200.0,True,both,3,0.0001,48,2.0,,training,1.3710868954658508,0.081546649729545,1.3711 ± 0.0815,153.66704070568085,3.6492685253385573,153.6670 ± 3.6493,0.2246,0.010606601717798222,0.2246 ± 0.0106,0.41655,0.009828784258492988,0.4165 ± 0.0098,0.59995,0.01930401512639274,0.5999 ± 0.0193,1.0,0.0,1.0000 ± 0.0000,0.4551,0.05911412690719538,0.4551 ± 0.0591,0.99655,7.071067811864696e-05,0.9966 ± 0.0001,0.43589999999999995,0.026728636328851498,0.4359 ± 0.0267,0.3307,0.012869343417595162,0.3307 ± 0.0129,0.6664,0.0005656854249491757,0.6664 ± 0.0006,0.45875,0.0334461507501237,0.4587 ± 0.0334
UNet_DP_Morph,LungInfection,True,nsgd,200.0,True,both,5,0.0001,48,2.0,,training,1.3751409649848938,0.0016018331245048814,1.3751 ± 0.0016,153.56332504749298,1.1126274045811477,153.5633 ± 1.1126,0.2512,0.042992092296142106,0.2512 ± 0.0430,0.4225,0.03592102448427662,0.4225 ± 0.0359,0.6205,0.046527626202074804,0.6205 ± 0.0465,1.0,0.0,1.0000 ± 0.0000,0.49239999999999995,0.04978031739553292,0.4924 ± 0.0498,0.9981,0.0007071067811865482,0.9981 ± 0.0007,0.44295,0.019445436482630033,0.4430 ± 0.0194,0.36205,0.028779245994292494,0.3620 ± 0.0288,0.73975,0.03740594872476832,0.7398 ± 0.0374,0.45130000000000003,0.01866761902332488,0.4513 ± 0.0187
UNet_DP_Morph,LungInfection,True,nsgd,200.0,True,both,7,0.0001,48,2.0,,training,1.3199966549873352,0.020534534650386724,1.3200 ± 0.0205,156.20119857788086,1.63988397369025,156.2012 ± 1.6399,0.2602,0.0026870057685088986,0.2602 ± 0.0027,0.4495,0.0014142135623730963,0.4495 ± 0.0014,0.6509,0.004666904755831249,0.6509 ± 0.0047,1.0,0.0,1.0000 ± 0.0000,0.4797,0.020081832585697935,0.4797 ± 0.0201,0.9984,0.00014142135623737242,0.9984 ± 0.0001,0.43989999999999996,0.007636753236814696,0.4399 ± 0.0076,0.358,0.010748023074035516,0.3580 ± 0.0107,0.7474000000000001,0.0018384776310850566,0.7474 ± 0.0018,0.46409999999999996,0.019657568516986013,0.4641 ± 0.0197
UNet_DP_Morph,LungInfection,True,nsgd,200.0,True,both,9,0.0001,48,2.0,,training,1.3437654972076416,0.010853656428525432,1.3438 ± 0.0109,151.84014761447906,2.4021136065198316,151.8401 ± 2.4021,0.19445,0.02552655480083436,0.1945 ± 0.0255,0.37515,0.019728279195104663,0.3751 ± 0.0197,0.55985,0.04857823586751581,0.5598 ± 0.0486,1.0,0.0,1.0000 ± 0.0000,0.43005,0.0028991378028648397,0.4300 ± 0.0029,0.9805,0.0029698484809834867,0.9805 ± 0.0030,0.42579999999999996,0.009616652224137047,0.4258 ± 0.0096,0.33404999999999996,0.003040559159102173,0.3340 ± 0.0030,0.6662,0.0014142135623730963,0.6662 ± 0.0014,0.4629,0.00466690475583121,0.4629 ± 0.0047
UNet_DP_Morph,LungInfection,True,nsgd,200.0,True,close,7,0.0001,48,2.0,,training,1.5650827884674072,0.08601463714018488,1.5651 ± 0.0860,152.92387056350708,2.771409182206712,152.9239 ± 2.7714,0.20629999999999998,0.06844793641885778,0.2063 ± 0.0684,0.37995,0.058760573516602105,0.3800 ± 0.0588,0.5266,0.1533007501612435,0.5266 ± 0.1533,1.0,0.0,1.0000 ± 0.0000,0.51835,0.045891230099006905,0.5183 ± 0.0459,0.99515,0.005586143571373738,0.9951 ± 0.0056,0.44920000000000004,0.005374011537017758,0.4492 ± 0.0054,0.3619,0.01753624817342641,0.3619 ± 0.0175,0.6851499999999999,0.07587255762131659,0.6851 ± 0.0759,0.4152,0.06123544725075502,0.4152 ± 0.0612
UNet_DP_Morph,LungInfection,True,nsgd,200.0,True,close,9,0.0001,48,2.0,,training,1.5363078117370605,0.029263062683295857,1.5363 ± 0.0293,134.67831647396088,18.421100656533046,134.6783 ± 18.4211,0.2001,0.04468914857098979,0.2001 ± 0.0447,0.3843,0.036628131265463174,0.3843 ± 0.0366,0.4998,0.07014499269370551,0.4998 ± 0.0701,1.0,0.0,1.0000 ± 0.0000,0.53445,0.007424621202458717,0.5344 ± 0.0074,0.9958,0.0018384776310849781,0.9958 ± 0.0018,0.4494,0.02220315292925762,0.4494 ± 0.0222,0.3709,0.020930360723121776,0.3709 ± 0.0209,0.68765,0.004030508652763348,0.6876 ± 0.0040,0.40815,0.0017677669529663704,0.4082 ± 0.0018
UNet_DP_Morph,LungInfection,True,nsgd,200.0,True,open,7,0.0001,48,2.0,,training,1.330439567565918,0.03049560512114844,1.3304 ± 0.0305,154.04691064357758,1.750768454612349,154.0469 ± 1.7508,0.247,0.017819090885900998,0.2470 ± 0.0178,0.4264,0.023900209204105342,0.4264 ± 0.0239,0.624,0.03224406922210663,0.6240 ± 0.0322,1.0,0.0,1.0000 ± 0.0000,0.46950000000000003,0.011737972567696691,0.4695 ± 0.0117,0.9964,0.0008485281374238421,0.9964 ± 0.0008,0.44555,0.015909902576697294,0.4456 ± 0.0159,0.3557,0.01244507934888324,0.3557 ± 0.0124,0.7119,0.0018384776310849781,0.7119 ± 0.0018,0.4505,0.011455129855222065,0.4505 ± 0.0115
UNet_DP_Morph,LungInfection,True,nsgd,200.0,True,open,9,0.0001,48,2.0,,training,1.2995489835739136,0.023847192649645976,1.2995 ± 0.0238,137.10927414894104,22.6376691345761,137.1093 ± 22.6377,0.26639999999999997,0.0029698484809835258,0.2664 ± 0.0030,0.4553,0.029839906166072315,0.4553 ± 0.0298,0.6326,0.019374725804511387,0.6326 ± 0.0194,1.0,0.0,1.0000 ± 0.0000,0.5197,0.05883128419472075,0.5197 ± 0.0588,0.99855,0.0009192388155424891,0.9986 ± 0.0009,0.45365,0.020152543263816585,0.4536 ± 0.0202,0.3565,0.017960512242138293,0.3565 ± 0.0180,0.735,0.010889444430272888,0.7350 ± 0.0109,0.4435,0.029415642097360355,0.4435 ± 0.0294
UNet_DP_Morph,LungInfection,True,psac,200.0,True,both,5,0.0001,48,2.0,,training,1.2521494626998901,0.020969574420716015,1.2521 ± 0.0210,149.37490355968475,23.88338583433622,149.3749 ± 23.8834,0.3088,0.04270924958366747,0.3088 ± 0.0427,0.5093,0.0328097546470558,0.5093 ± 0.0328,0.69905,0.0036062445840513878,0.6990 ± 0.0036,1.0,0.0,1.0000 ± 0.0000,0.49360000000000004,0.08174154390516487,0.4936 ± 0.0817,0.99705,0.0033234018715767215,0.9970 ± 0.0033,0.45195,0.03712310601229374,0.4520 ± 0.0371,0.38139999999999996,0.051618795026617974,0.3814 ± 0.0516,0.77485,0.006717514421272168,0.7749 ± 0.0067,0.45925000000000005,0.043204224330498045,0.4593 ± 0.0432
UNet_DP_Morph,LungInfection,True,psac,200.0,True,both,7,0.0001,48,2.0,,training,1.2084838151931763,0.02044897654790961,1.2085 ± 0.0204,166.77352499961853,0.10697443349206663,166.7735 ± 0.1070,0.33235000000000003,0.008273149339882598,0.3324 ± 0.0083,0.50975,0.005727564927611032,0.5098 ± 0.0057,0.6759999999999999,0.023193102422918794,0.6760 ± 0.0232,1.0,0.0,1.0000 ± 0.0000,0.5751,0.003252691193458153,0.5751 ± 0.0033,0.99735,0.00035355339059331333,0.9973 ± 0.0004,0.48335,0.0038890872965259755,0.4834 ± 0.0039,0.4275,0.0072124891681027755,0.4275 ± 0.0072,0.7685,0.0014142135623730963,0.7685 ± 0.0014,0.4084,0.0002828427124746271,0.4084 ± 0.0003
UNet_DP_Morph,LungInfection,True,psac,200.0,True,both,9,0.0001,48,2.0,,training,1.228333592414856,0.06930543475434393,1.2283 ± 0.0693,167.4830892086029,0.6696422789578198,167.4831 ± 0.6696,0.31575,0.0423556961930742,0.3157 ± 0.0424,0.46499999999999997,0.043416356364853984,0.4650 ± 0.0434,0.6668499999999999,0.006434671708797581,0.6668 ± 0.0064,1.0,0.0,1.0000 ± 0.0000,0.562,0.06774082963767125,0.5620 ± 0.0677,0.99815,0.00021213203435594088,0.9981 ± 0.0002,0.47104999999999997,0.029486352775479042,0.4710 ± 0.0295,0.4167,0.04426488450227787,0.4167 ± 0.0443,0.7484,0.03167838379715737,0.7484 ± 0.0317,0.4135,0.0444063058585152,0.4135 ± 0.0444
UNet_DP_Morph,LungInfection,True,psac,200.0,True,close,3,0.0001,48,2.0,,training,1.3439366817474365,0.007570416929526786,1.3439 ± 0.0076,160.85691022872925,3.9685678234478554,160.8569 ± 3.9686,0.3412,0.027152900397563417,0.3412 ± 0.0272,0.5102,0.0016970562748476843,0.5102 ± 0.0017,0.6588499999999999,0.013222896808188474,0.6588 ± 0.0132,1.0,0.0,1.0000 ± 0.0000,0.6046499999999999,0.030476302269140217,0.6046 ± 0.0305,0.99745,0.0019091883092037035,0.9974 ± 0.0019,0.49924999999999997,0.015768481220460002,0.4992 ± 0.0158,0.44805,0.03684026329981915,0.4481 ± 0.0368,0.7566999999999999,0.0024041630560342323,0.7567 ± 0.0024,0.38965,0.023405234457274736,0.3896 ± 0.0234
UNet_DP_Morph,LungInfection,True,psac,200.0,True,close,5,0.0001,48,2.0,,training,1.31946462392807,0.026619696638389607,1.3195 ± 0.0266,165.25349974632263,0.6642552373685312,165.2535 ± 0.6643,0.34099999999999997,0.0005656854249492149,0.3410 ± 0.0006,0.522,0.0059396969619669735,0.5220 ± 0.0059,0.63165,0.014354267658086905,0.6317 ± 0.0144,1.0,0.0,1.0000 ± 0.0000,0.6538,0.02418305191657993,0.6538 ± 0.0242,0.9995,0.0004242640687119603,0.9995 ± 0.0004,0.52125,0.004737615433949818,0.5212 ± 0.0047,0.45485,0.004030508652763309,0.4548 ± 0.0040,0.7679499999999999,0.0033234018715768,0.7679 ± 0.0033,0.3515,0.014990663761154805,0.3515 ± 0.0150
UNet_DP_Morph,LungInfection,True,psac,200.0,True,close,7,0.0001,48,2.0,,training,1.4227699041366577,0.005578556868901934,1.4228 ± 0.0056,165.1093705892563,1.6742149420258896,165.1094 ± 1.6742,0.3433,0.003676955262170035,0.3433 ± 0.0037,0.50375,0.03754737008100566,0.5038 ± 0.0375,0.62895,0.051406662992261994,0.6290 ± 0.0514,1.0,0.0,1.0000 ± 0.0000,0.6587000000000001,0.06095260453828036,0.6587 ± 0.0610,0.99305,0.008273149339882636,0.9930 ± 0.0083,0.5174,0.018243354954612958,0.5174 ± 0.0182,0.4702,0.031395541084682704,0.4702 ± 0.0314,0.7635000000000001,0.026587214972614164,0.7635 ± 0.0266,0.3457,0.04285067093990477,0.3457 ± 0.0429
UNet_DP_Morph,LungInfection,True,psac,200.0,True,open,3,0.0001,48,2.0,,training,1.2190046310424805,0.004889708776839725,1.2190 ± 0.0049,163.96715581417084,0.5933873346462115,163.9672 ± 0.5934,0.34345000000000003,0.008980256121069147,0.3435 ± 0.0090,0.5276,0.0028284271247461927,0.5276 ± 0.0028,0.64545,0.004313351365237936,0.6454 ± 0.0043,1.0,0.0,1.0000 ± 0.0000,0.61295,0.011667261889578005,0.6129 ± 0.0117,0.9958,0.00014142135623729392,0.9958 ± 0.0001,0.49865000000000004,0.008555992052357264,0.4987 ± 0.0086,0.4456,0.012020815280171319,0.4456 ± 0.0120,0.76705,0.00021213203435594088,0.7671 ± 0.0002,0.38135,0.009970205614730322,0.3814 ± 0.0100
UNet_DP_Morph,LungInfection,True,psac,200.0,True,open,5,0.0001,48,2.0,,training,1.1929646134376526,0.0002394783932390569,1.1930 ± 0.0002,149.9066859483719,28.719779859334185,149.9067 ± 28.7198,0.32365,0.0184554869889689,0.3236 ± 0.0185,0.5051,0.0014142135623730963,0.5051 ± 0.0014,0.68845,0.023546655813512028,0.6885 ± 0.0235,1.0,0.0,1.0000 ± 0.0000,0.55105,0.04122432534317573,0.5511 ± 0.0412,0.99915,0.0010606601717798615,0.9991 ± 0.0011,0.47265,0.01619274528917192,0.4727 ± 0.0162,0.40905,0.03372899346259833,0.4091 ± 0.0337,0.7586999999999999,0.0007071067811865482,0.7587 ± 0.0007,0.4259,0.0302641702347842,0.4259 ± 0.0303
UNet_DP_Morph,LungInfection,True,psac,200.0,True,open,9,0.0001,48,2.0,,training,1.1953292489051819,0.03576151666779656,1.1953 ± 0.0358,162.27573096752167,3.027058984044454,162.2757 ± 3.0271,0.32245,0.0451841233178204,0.3225 ± 0.0452,0.48395,0.0010606601717798223,0.4839 ± 0.0011,0.6698,0.005656854249492385,0.6698 ± 0.0057,1.0,0.0,1.0000 ± 0.0000,0.58405,0.07403407999023154,0.5840 ± 0.0740,0.99325,0.00883883476483189,0.9932 ± 0.0088,0.48634999999999995,0.03556747109368331,0.4863 ± 0.0356,0.42845,0.06950859659063763,0.4284 ± 0.0695,0.7488,0.0011313708498985084,0.7488 ± 0.0011,0.3978,0.0520430590953299,0.3978 ± 0.0520
