Model_Name,Dataset,DPSGD,Clipping_Strategy,Epsilon,Morphology,Operation,Kernel_Size,Learning_Rate,Batch_Size,Run_Number,Iterations,Training_Loss,Training_Time_Seconds,Max_Grad_Norm,Noise_Multiplier,Stage
Inf-Net_DP_Morph,LungInfection,True,automatic,8.0,True,both,3,0.0001,24,1,70,6.788196086883545,352.61358165740967,1.2,,training
Inf-Net_DP_Morph,LungInfection,True,automatic,8.0,True,both,3,0.0001,24,2,70,6.57805061340332,266.99436593055725,1.2,,training
Inf-Net_DP_Morph,LungInfection,True,automatic,8.0,True,both,5,0.0001,24,1,70,6.640332221984863,352.9282648563385,1.2,,training
Inf-Net_DP_Morph,LungInfection,True,automatic,8.0,True,both,5,0.0001,24,2,70,6.677814483642578,282.7257890701294,1.2,,training
Inf-Net_DP_Morph,LungInfection,True,automatic,8.0,True,both,7,0.0001,24,1,70,6.685486316680908,366.8381426334381,1.2,,training
Inf-Net_DP_Morph,LungInfection,True,automatic,8.0,True,both,7,0.0001,24,2,70,6.645901679992676,297.84390354156494,1.2,,training
Inf-Net_DP_Morph,LungInfection,True,automatic,8.0,True,close,3,0.0001,24,1,70,6.586769104003906,344.5308601856232,1.2,,training
Inf-Net_DP_Morph,LungInfection,True,automatic,8.0,True,close,3,0.0001,24,2,70,6.532988548278809,257.6906409263611,1.2,,training
Inf-Net_DP_Morph,LungInfection,True,automatic,8.0,True,close,5,0.0001,24,1,70,6.588669300079346,360.92051792144775,1.2,,training
Inf-Net_DP_Morph,LungInfection,True,automatic,8.0,True,close,5,0.0001,24,2,70,6.615592956542969,269.67038440704346,1.2,,training
Inf-Net_DP_Morph,LungInfection,True,automatic,8.0,True,close,7,0.0001,24,1,70,6.55925178527832,355.8604061603546,1.2,,training
Inf-Net_DP_Morph,LungInfection,True,automatic,8.0,True,close,7,0.0001,24,2,70,6.694858551025391,265.0881018638611,1.2,,training
Inf-Net_DP_Morph,LungInfection,True,automatic,8.0,True,close,9,0.0001,24,1,70,6.8471221923828125,358.2024540901184,1.2,,training
Inf-Net_DP_Morph,LungInfection,True,automatic,8.0,True,close,9,0.0001,24,2,70,6.687501430511475,272.770779132843,1.2,,training
Inf-Net_DP_Morph,LungInfection,True,automatic,8.0,True,open,3,0.0001,24,1,70,6.737422466278076,350.5184404850006,1.2,,training
Inf-Net_DP_Morph,LungInfection,True,automatic,8.0,True,open,3,0.0001,24,2,70,6.854950904846191,264.528131723404,1.2,,training
Inf-Net_DP_Morph,LungInfection,True,automatic,8.0,True,open,5,0.0001,24,1,70,6.627511978149414,350.362336397171,1.2,,training
Inf-Net_DP_Morph,LungInfection,True,automatic,8.0,True,open,5,0.0001,24,2,70,6.6707611083984375,279.71772360801697,1.2,,training
Inf-Net_DP_Morph,LungInfection,True,automatic,8.0,True,open,7,0.0001,24,1,70,6.515263080596924,349.1179113388061,1.2,,training
Inf-Net_DP_Morph,LungInfection,True,automatic,8.0,True,open,7,0.0001,24,2,70,6.628011703491211,280.67037320137024,1.2,,training
Inf-Net_DP_Morph,LungInfection,True,automatic,8.0,True,open,9,0.0001,24,1,70,6.506360054016113,366.4886755943298,1.2,,training
Inf-Net_DP_Morph,LungInfection,True,automatic,8.0,True,open,9,0.0001,24,2,70,6.630914688110352,281.17451548576355,1.2,,training
Inf-Net_DP_Morph,LungInfection,True,base,8.0,True,both,3,0.0001,24,1,70,6.663064002990723,355.77451634407043,1.2,,training
Inf-Net_DP_Morph,LungInfection,True,base,8.0,True,both,3,0.0001,24,2,70,6.675471305847168,267.42362236976624,1.2,,training
Inf-Net_DP_Morph,LungInfection,True,base,8.0,True,both,5,0.0001,24,1,70,6.689356803894043,359.2667570114136,1.2,,training
Inf-Net_DP_Morph,LungInfection,True,base,8.0,True,both,5,0.0001,24,2,70,6.445985794067383,272.47525811195374,1.2,,training
Inf-Net_DP_Morph,LungInfection,True,base,8.0,True,both,7,0.0001,24,1,70,6.833696365356445,366.6459965705872,1.2,,training
Inf-Net_DP_Morph,LungInfection,True,base,8.0,True,both,7,0.0001,24,2,70,6.6083292961120605,285.22012734413147,1.2,,training
Inf-Net_DP_Morph,LungInfection,True,base,8.0,True,both,9,0.0001,24,1,70,6.515450477600098,382.5803899765015,1.2,,training
Inf-Net_DP_Morph,LungInfection,True,base,8.0,True,both,9,0.0001,24,2,70,6.769560813903809,391.1624021530152,1.2,,training
Inf-Net_DP_Morph,LungInfection,True,base,8.0,True,close,3,0.0001,24,1,70,6.620130062103272,348.29467034339905,1.2,,training
Inf-Net_DP_Morph,LungInfection,True,base,8.0,True,close,3,0.0001,24,2,70,6.619356632232666,275.7639873027801,1.2,,training
Inf-Net_DP_Morph,LungInfection,True,base,8.0,True,close,5,0.0001,24,1,70,6.598732948303223,354.2895894050598,1.2,,training
Inf-Net_DP_Morph,LungInfection,True,base,8.0,True,close,5,0.0001,24,2,70,6.524659156799316,268.0310866832733,1.2,,training
Inf-Net_DP_Morph,LungInfection,True,base,8.0,True,close,7,0.0001,24,1,70,6.648282527923584,357.2535996437073,1.2,,training
Inf-Net_DP_Morph,LungInfection,True,base,8.0,True,close,7,0.0001,24,2,70,6.607504844665527,271.7666907310486,1.2,,training
Inf-Net_DP_Morph,LungInfection,True,base,8.0,True,close,9,0.0001,24,1,70,6.743343353271484,364.2883791923523,1.2,,training
Inf-Net_DP_Morph,LungInfection,True,base,8.0,True,close,9,0.0001,24,2,70,6.5359883308410645,281.0399127006531,1.2,,training
Inf-Net_DP_Morph,LungInfection,True,base,8.0,True,open,3,0.0001,24,1,70,6.582321166992188,341.3252468109131,1.2,,training
Inf-Net_DP_Morph,LungInfection,True,base,8.0,True,open,3,0.0001,24,2,70,6.611556529998779,281.59105229377747,1.2,,training
Inf-Net_DP_Morph,LungInfection,True,base,8.0,True,open,5,0.0001,24,1,70,6.472121238708496,354.7134783267975,1.2,,training
Inf-Net_DP_Morph,LungInfection,True,base,8.0,True,open,5,0.0001,24,2,70,6.513821125030518,257.4036273956299,1.2,,training
Inf-Net_DP_Morph,LungInfection,True,base,8.0,True,open,7,0.0001,24,1,70,6.583347320556641,351.38986897468567,1.2,,training
Inf-Net_DP_Morph,LungInfection,True,base,8.0,True,open,7,0.0001,24,2,70,6.552206039428711,285.13640427589417,1.2,,training
Inf-Net_DP_Morph,LungInfection,True,base,8.0,True,open,9,0.0001,24,1,70,6.379997253417969,360.23171877861023,1.2,,training
Inf-Net_DP_Morph,LungInfection,True,base,8.0,True,open,9,0.0001,24,2,70,6.391000747680664,295.12745356559753,1.2,,training
Inf-Net_DP_Morph,LungInfection,True,nsgd,8.0,True,both,3,0.0001,24,1,70,6.824255466461182,356.4947760105133,1.2,,training
Inf-Net_DP_Morph,LungInfection,True,nsgd,8.0,True,both,3,0.0001,24,2,70,6.65256404876709,267.4555938243866,1.2,,training
Inf-Net_DP_Morph,LungInfection,True,nsgd,8.0,True,both,5,0.0001,24,1,70,6.517082691192627,359.9297382831573,1.2,,training
Inf-Net_DP_Morph,LungInfection,True,nsgd,8.0,True,both,5,0.0001,24,2,70,6.547506332397461,269.0686616897583,1.2,,training
Inf-Net_DP_Morph,LungInfection,True,nsgd,8.0,True,both,7,0.0001,24,1,70,6.599549293518066,369.0898780822754,1.2,,training
Inf-Net_DP_Morph,LungInfection,True,nsgd,8.0,True,both,7,0.0001,24,2,70,6.67850399017334,296.7450466156006,1.2,,training
Inf-Net_DP_Morph,LungInfection,True,nsgd,8.0,True,both,9,0.0001,24,1,70,6.622925281524658,383.0924768447876,1.2,,training
Inf-Net_DP_Morph,LungInfection,True,nsgd,8.0,True,both,9,0.0001,24,2,70,6.725891590118408,372.2947509288788,1.2,,training
Inf-Net_DP_Morph,LungInfection,True,nsgd,8.0,True,close,3,0.0001,24,1,70,6.724636077880859,350.21319603919983,1.2,,training
Inf-Net_DP_Morph,LungInfection,True,nsgd,8.0,True,close,3,0.0001,24,2,70,6.570296287536621,264.297947883606,1.2,,training
Inf-Net_DP_Morph,LungInfection,True,nsgd,8.0,True,close,5,0.0001,24,1,70,6.627941131591797,351.6131010055542,1.2,,training
Inf-Net_DP_Morph,LungInfection,True,nsgd,8.0,True,close,5,0.0001,24,2,70,6.710398674011231,269.9525463581085,1.2,,training
Inf-Net_DP_Morph,LungInfection,True,nsgd,8.0,True,close,7,0.0001,24,1,70,6.716730117797852,356.3145158290863,1.2,,training
Inf-Net_DP_Morph,LungInfection,True,nsgd,8.0,True,close,7,0.0001,24,2,70,6.7947187423706055,274.3702139854431,1.2,,training
Inf-Net_DP_Morph,LungInfection,True,nsgd,8.0,True,close,9,0.0001,24,1,70,6.806523323059082,364.1545696258545,1.2,,training
Inf-Net_DP_Morph,LungInfection,True,nsgd,8.0,True,close,9,0.0001,24,2,70,6.773364067077637,282.7127847671509,1.2,,training
Inf-Net_DP_Morph,LungInfection,True,nsgd,8.0,True,open,3,0.0001,24,1,70,6.664860725402832,346.50559639930725,1.2,,training
Inf-Net_DP_Morph,LungInfection,True,nsgd,8.0,True,open,3,0.0001,24,2,70,6.581736564636231,282.0467281341553,1.2,,training
Inf-Net_DP_Morph,LungInfection,True,nsgd,8.0,True,open,5,0.0001,24,1,70,6.599675178527832,361.02230405807495,1.2,,training
Inf-Net_DP_Morph,LungInfection,True,nsgd,8.0,True,open,5,0.0001,24,2,70,6.66783332824707,263.69517397880554,1.2,,training
Inf-Net_DP_Morph,LungInfection,True,nsgd,8.0,True,open,7,0.0001,24,1,70,6.564821720123291,355.8380811214447,1.2,,training
Inf-Net_DP_Morph,LungInfection,True,nsgd,8.0,True,open,7,0.0001,24,2,70,6.640289306640625,269.66078782081604,1.2,,training
Inf-Net_DP_Morph,LungInfection,True,nsgd,8.0,True,open,9,0.0001,24,1,70,6.677026271820068,362.8994495868683,1.2,,training
Inf-Net_DP_Morph,LungInfection,True,nsgd,8.0,True,open,9,0.0001,24,2,70,6.586859703063965,287.4726405143738,1.2,,training
Inf-Net_DP_Morph,LungInfection,True,psac,8.0,True,both,3,0.0001,24,1,70,6.69004487991333,356.4190981388092,1.2,,training
Inf-Net_DP_Morph,LungInfection,True,psac,8.0,True,both,3,0.0001,24,2,70,6.554563999176025,270.1368658542633,1.2,,training
Inf-Net_DP_Morph,LungInfection,True,psac,8.0,True,both,5,0.0001,24,1,70,6.744562149047852,365.897733926773,1.2,,training
Inf-Net_DP_Morph,LungInfection,True,psac,8.0,True,both,5,0.0001,24,2,70,6.710964202880859,275.90056681633,1.2,,training
Inf-Net_DP_Morph,LungInfection,True,psac,8.0,True,both,7,0.0001,24,1,70,6.726500034332275,374.6600341796875,1.2,,training
Inf-Net_DP_Morph,LungInfection,True,psac,8.0,True,both,7,0.0001,24,2,70,6.557523250579834,287.968936920166,1.2,,training
Inf-Net_DP_Morph,LungInfection,True,psac,8.0,True,close,3,0.0001,24,1,70,6.521000385284424,354.6672124862671,1.2,,training
Inf-Net_DP_Morph,LungInfection,True,psac,8.0,True,close,3,0.0001,24,2,70,6.587420463562012,266.3510673046112,1.2,,training
Inf-Net_DP_Morph,LungInfection,True,psac,8.0,True,close,5,0.0001,24,1,70,6.544462203979492,358.41875863075256,1.2,,training
Inf-Net_DP_Morph,LungInfection,True,psac,8.0,True,close,5,0.0001,24,2,70,6.764482498168945,268.6342513561249,1.2,,training
Inf-Net_DP_Morph,LungInfection,True,psac,8.0,True,close,7,0.0001,24,1,70,6.722456932067871,359.8705596923828,1.2,,training
Inf-Net_DP_Morph,LungInfection,True,psac,8.0,True,close,7,0.0001,24,2,70,6.763227939605713,277.15290570259094,1.2,,training
Inf-Net_DP_Morph,LungInfection,True,psac,8.0,True,close,9,0.0001,24,1,70,6.608339786529541,367.0083246231079,1.2,,training
Inf-Net_DP_Morph,LungInfection,True,psac,8.0,True,close,9,0.0001,24,2,70,6.599526882171631,276.2140326499939,1.2,,training
Inf-Net_DP_Morph,LungInfection,True,psac,8.0,True,open,3,0.0001,24,1,70,6.581892013549805,354.5419127941132,1.2,,training
Inf-Net_DP_Morph,LungInfection,True,psac,8.0,True,open,3,0.0001,24,2,70,6.643354415893555,267.19411277771,1.2,,training
Inf-Net_DP_Morph,LungInfection,True,psac,8.0,True,open,5,0.0001,24,1,70,6.505971908569336,356.2797887325287,1.2,,training
Inf-Net_DP_Morph,LungInfection,True,psac,8.0,True,open,5,0.0001,24,2,70,6.560328483581543,275.4648771286011,1.2,,training
Inf-Net_DP_Morph,LungInfection,True,psac,8.0,True,open,7,0.0001,24,1,70,6.592466354370117,358.28471064567566,1.2,,training
Inf-Net_DP_Morph,LungInfection,True,psac,8.0,True,open,7,0.0001,24,2,70,6.520512580871582,277.6445732116699,1.2,,training
Inf-Net_DP_Morph,LungInfection,True,psac,8.0,True,open,9,0.0001,24,1,70,6.528347969055176,368.3547322750092,1.2,,training
Inf-Net_DP_Morph,LungInfection,True,psac,8.0,True,open,9,0.0001,24,2,70,6.584212303161621,282.7738711833954,1.2,,training
Inf-Net_DP_Morph,LungInfection,True,automatic,8.0,True,both,3,0.0001,24,1,70,6.576479911804199,348.7202024459839,1.5,,training
Inf-Net_DP_Morph,LungInfection,True,automatic,8.0,True,both,3,0.0001,24,2,70,6.640385627746582,267.221155166626,1.5,,training
Inf-Net_DP_Morph,LungInfection,True,automatic,8.0,True,both,5,0.0001,24,1,70,6.445901870727539,354.45647406578064,1.5,,training
Inf-Net_DP_Morph,LungInfection,True,automatic,8.0,True,both,5,0.0001,24,2,70,6.5187835693359375,275.4009909629822,1.5,,training
Inf-Net_DP_Morph,LungInfection,True,automatic,8.0,True,both,7,0.0001,24,1,70,6.650293827056885,368.1772744655609,1.5,,training
Inf-Net_DP_Morph,LungInfection,True,automatic,8.0,True,both,7,0.0001,24,2,70,6.614013195037842,289.4534306526184,1.5,,training
Inf-Net_DP_Morph,LungInfection,True,automatic,8.0,True,close,3,0.0001,24,1,70,6.646663665771484,360.9152314662933,1.5,,training
Inf-Net_DP_Morph,LungInfection,True,automatic,8.0,True,close,3,0.0001,24,2,70,6.471246719360352,262.3095827102661,1.5,,training
Inf-Net_DP_Morph,LungInfection,True,automatic,8.0,True,close,5,0.0001,24,1,70,6.597470760345459,353.22368693351746,1.5,,training
Inf-Net_DP_Morph,LungInfection,True,automatic,8.0,True,close,5,0.0001,24,2,70,6.662848472595215,267.1736044883728,1.5,,training
Inf-Net_DP_Morph,LungInfection,True,automatic,8.0,True,close,7,0.0001,24,1,70,6.504532337188721,358.9169716835022,1.5,,training
Inf-Net_DP_Morph,LungInfection,True,automatic,8.0,True,close,7,0.0001,24,2,70,6.633505821228027,268.1504111289978,1.5,,training
Inf-Net_DP_Morph,LungInfection,True,automatic,8.0,True,close,9,0.0001,24,1,70,6.540588855743408,358.1932430267334,1.5,,training
Inf-Net_DP_Morph,LungInfection,True,automatic,8.0,True,close,9,0.0001,24,2,70,6.597344875335693,267.5780785083771,1.5,,training
Inf-Net_DP_Morph,LungInfection,True,automatic,8.0,True,open,3,0.0001,24,1,70,6.510888576507568,348.585337638855,1.5,,training
Inf-Net_DP_Morph,LungInfection,True,automatic,8.0,True,open,3,0.0001,24,2,70,6.724179267883301,264.9391529560089,1.5,,training
Inf-Net_DP_Morph,LungInfection,True,automatic,8.0,True,open,5,0.0001,24,1,70,6.710270881652832,345.3196818828583,1.5,,training
Inf-Net_DP_Morph,LungInfection,True,automatic,8.0,True,open,5,0.0001,24,2,70,6.605231761932373,266.69131207466125,1.5,,training
Inf-Net_DP_Morph,LungInfection,True,automatic,8.0,True,open,7,0.0001,24,1,70,6.611449241638184,349.0374367237091,1.5,,training
Inf-Net_DP_Morph,LungInfection,True,automatic,8.0,True,open,7,0.0001,24,2,70,6.500078201293945,273.0145127773285,1.5,,training
Inf-Net_DP_Morph,LungInfection,True,automatic,8.0,True,open,9,0.0001,24,1,70,6.678949356079102,363.4778015613556,1.5,,training
Inf-Net_DP_Morph,LungInfection,True,automatic,8.0,True,open,9,0.0001,24,2,70,6.436034679412842,276.3086376190185,1.5,,training
Inf-Net_DP_Morph,LungInfection,True,base,8.0,True,both,3,0.0001,24,1,70,6.837947845458984,346.25729727745056,1.5,,training
Inf-Net_DP_Morph,LungInfection,True,base,8.0,True,both,3,0.0001,24,2,70,6.593881607055664,259.90991139411926,1.5,,training
Inf-Net_DP_Morph,LungInfection,True,base,8.0,True,both,5,0.0001,24,1,70,6.584219455718994,353.60509157180786,1.5,,training
Inf-Net_DP_Morph,LungInfection,True,base,8.0,True,both,5,0.0001,24,2,70,6.6925048828125,269.0597813129425,1.5,,training
Inf-Net_DP_Morph,LungInfection,True,base,8.0,True,both,7,0.0001,24,1,70,6.540254592895508,368.83680152893066,1.5,,training
Inf-Net_DP_Morph,LungInfection,True,base,8.0,True,both,7,0.0001,24,2,70,6.572134494781494,278.09743475914,1.5,,training
Inf-Net_DP_Morph,LungInfection,True,base,8.0,True,close,3,0.0001,24,1,70,6.659515380859375,350.02306938171387,1.5,,training
Inf-Net_DP_Morph,LungInfection,True,base,8.0,True,close,3,0.0001,24,2,70,6.666155815124512,263.19563817977905,1.5,,training
Inf-Net_DP_Morph,LungInfection,True,base,8.0,True,close,5,0.0001,24,1,70,6.547030448913574,355.32592153549194,1.5,,training
Inf-Net_DP_Morph,LungInfection,True,base,8.0,True,close,5,0.0001,24,2,70,6.537272930145264,272.11265325546265,1.5,,training
Inf-Net_DP_Morph,LungInfection,True,base,8.0,True,close,7,0.0001,24,1,70,6.641355991363525,353.5700168609619,1.5,,training
Inf-Net_DP_Morph,LungInfection,True,base,8.0,True,close,7,0.0001,24,2,70,6.673407554626465,271.09933733940125,1.5,,training
Inf-Net_DP_Morph,LungInfection,True,base,8.0,True,close,9,0.0001,24,1,70,6.676265716552734,355.8665850162506,1.5,,training
Inf-Net_DP_Morph,LungInfection,True,base,8.0,True,close,9,0.0001,24,2,70,6.515748977661133,274.56103348731995,1.5,,training
Inf-Net_DP_Morph,LungInfection,True,base,8.0,True,open,3,0.0001,24,1,70,6.564131736755371,353.57611560821533,1.5,,training
Inf-Net_DP_Morph,LungInfection,True,base,8.0,True,open,3,0.0001,24,2,70,6.5075764656066895,266.2790906429291,1.5,,training
Inf-Net_DP_Morph,LungInfection,True,base,8.0,True,open,5,0.0001,24,1,70,6.4501051902771,353.00661301612854,1.5,,training
Inf-Net_DP_Morph,LungInfection,True,base,8.0,True,open,5,0.0001,24,2,70,6.689450263977051,254.70785856246948,1.5,,training
Inf-Net_DP_Morph,LungInfection,True,base,8.0,True,open,7,0.0001,24,1,70,6.720781803131104,359.0353407859802,1.5,,training
Inf-Net_DP_Morph,LungInfection,True,base,8.0,True,open,7,0.0001,24,2,70,6.703281402587891,257.92163729667664,1.5,,training
Inf-Net_DP_Morph,LungInfection,True,base,8.0,True,open,9,0.0001,24,1,70,6.563155651092529,351.84841132164,1.5,,training
Inf-Net_DP_Morph,LungInfection,True,base,8.0,True,open,9,0.0001,24,2,70,6.590072154998779,281.21036767959595,1.5,,training
Inf-Net_DP_Morph,LungInfection,True,nsgd,8.0,True,both,3,0.0001,24,1,70,6.69328498840332,356.41402077674866,1.5,,training
Inf-Net_DP_Morph,LungInfection,True,nsgd,8.0,True,both,3,0.0001,24,2,70,6.79620885848999,261.7027542591095,1.5,,training
Inf-Net_DP_Morph,LungInfection,True,nsgd,8.0,True,both,5,0.0001,24,1,70,6.603438377380371,360.2739644050598,1.5,,training
Inf-Net_DP_Morph,LungInfection,True,nsgd,8.0,True,both,5,0.0001,24,2,70,6.702115058898926,270.6365623474121,1.5,,training
Inf-Net_DP_Morph,LungInfection,True,nsgd,8.0,True,both,7,0.0001,24,1,70,6.6912384033203125,367.9447808265686,1.5,,training
Inf-Net_DP_Morph,LungInfection,True,nsgd,8.0,True,both,7,0.0001,24,2,70,6.698470115661621,276.68314242362976,1.5,,training
Inf-Net_DP_Morph,LungInfection,True,nsgd,8.0,True,close,3,0.0001,24,1,70,6.873389720916748,355.153754234314,1.5,,training
Inf-Net_DP_Morph,LungInfection,True,nsgd,8.0,True,close,3,0.0001,24,2,70,6.675058841705322,259.4664709568024,1.5,,training
Inf-Net_DP_Morph,LungInfection,True,nsgd,8.0,True,close,5,0.0001,24,1,70,6.654618740081787,350.3380463123321,1.5,,training
Inf-Net_DP_Morph,LungInfection,True,nsgd,8.0,True,close,5,0.0001,24,2,70,6.671662330627441,267.37983870506287,1.5,,training
Inf-Net_DP_Morph,LungInfection,True,nsgd,8.0,True,close,7,0.0001,24,1,70,6.7938551902771,364.744696855545,1.5,,training
Inf-Net_DP_Morph,LungInfection,True,nsgd,8.0,True,close,7,0.0001,24,2,70,6.776754379272461,270.6566014289856,1.5,,training
Inf-Net_DP_Morph,LungInfection,True,nsgd,8.0,True,close,9,0.0001,24,1,70,6.690840721130371,357.2329607009888,1.5,,training
Inf-Net_DP_Morph,LungInfection,True,nsgd,8.0,True,close,9,0.0001,24,2,70,6.936760902404785,278.49729228019714,1.5,,training
Inf-Net_DP_Morph,LungInfection,True,nsgd,8.0,True,open,3,0.0001,24,1,70,6.698322772979736,349.83557176589966,1.5,,training
Inf-Net_DP_Morph,LungInfection,True,nsgd,8.0,True,open,3,0.0001,24,2,70,6.867103099822998,257.5190875530243,1.5,,training
Inf-Net_DP_Morph,LungInfection,True,nsgd,8.0,True,open,5,0.0001,24,1,70,6.655269622802734,348.9717984199524,1.5,,training
Inf-Net_DP_Morph,LungInfection,True,nsgd,8.0,True,open,5,0.0001,24,2,70,6.829429626464844,262.446683883667,1.5,,training
Inf-Net_DP_Morph,LungInfection,True,nsgd,8.0,True,open,7,0.0001,24,1,70,6.591788291931152,353.08461713790894,1.5,,training
Inf-Net_DP_Morph,LungInfection,True,nsgd,8.0,True,open,7,0.0001,24,2,70,6.6811394691467285,262.1056706905365,1.5,,training
Inf-Net_DP_Morph,LungInfection,True,nsgd,8.0,True,open,9,0.0001,24,1,70,6.717486381530762,357.28232431411743,1.5,,training
Inf-Net_DP_Morph,LungInfection,True,nsgd,8.0,True,open,9,0.0001,24,2,70,6.729592323303223,278.88055992126465,1.5,,training
Inf-Net_DP_Morph,LungInfection,True,psac,8.0,True,both,3,0.0001,24,1,70,6.5420331954956055,350.4699070453644,1.5,,training
Inf-Net_DP_Morph,LungInfection,True,psac,8.0,True,both,3,0.0001,24,2,70,6.462754249572754,271.38970041275024,1.5,,training
Inf-Net_DP_Morph,LungInfection,True,psac,8.0,True,both,5,0.0001,24,1,70,6.587671756744385,360.0502164363861,1.5,,training
Inf-Net_DP_Morph,LungInfection,True,psac,8.0,True,both,5,0.0001,24,2,70,6.450681686401367,283.8189449310303,1.5,,training
Inf-Net_DP_Morph,LungInfection,True,psac,8.0,True,both,7,0.0001,24,1,70,6.5651140213012695,370.93320298194885,1.5,,training
Inf-Net_DP_Morph,LungInfection,True,psac,8.0,True,both,7,0.0001,24,2,70,6.7214674949646,282.61001324653625,1.5,,training
Inf-Net_DP_Morph,LungInfection,True,psac,8.0,True,both,9,0.0001,24,1,70,6.457868576049805,389.077490568161,1.5,,training
Inf-Net_DP_Morph,LungInfection,True,psac,8.0,True,both,9,0.0001,24,2,70,6.679742813110352,294.7913765907288,1.5,,training
Inf-Net_DP_Morph,LungInfection,True,psac,8.0,True,close,3,0.0001,24,1,70,6.62313985824585,351.8183696269989,1.5,,training
Inf-Net_DP_Morph,LungInfection,True,psac,8.0,True,close,3,0.0001,24,2,70,6.680720806121826,266.42304158210754,1.5,,training
Inf-Net_DP_Morph,LungInfection,True,psac,8.0,True,close,5,0.0001,24,1,70,6.536938190460205,355.3146245479584,1.5,,training
Inf-Net_DP_Morph,LungInfection,True,psac,8.0,True,close,5,0.0001,24,2,70,6.610867977142334,270.51522159576416,1.5,,training
Inf-Net_DP_Morph,LungInfection,True,psac,8.0,True,close,7,0.0001,24,1,70,6.725881576538086,364.3140242099762,1.5,,training
Inf-Net_DP_Morph,LungInfection,True,psac,8.0,True,close,7,0.0001,24,2,70,6.752048492431641,281.1042585372925,1.5,,training
Inf-Net_DP_Morph,LungInfection,True,psac,8.0,True,close,9,0.0001,24,1,70,6.534052848815918,368.43068504333496,1.5,,training
Inf-Net_DP_Morph,LungInfection,True,psac,8.0,True,close,9,0.0001,24,2,70,6.500477313995361,281.78870582580566,1.5,,training
Inf-Net_DP_Morph,LungInfection,True,psac,8.0,True,open,3,0.0001,24,1,70,6.59376859664917,359.9773738384247,1.5,,training
Inf-Net_DP_Morph,LungInfection,True,psac,8.0,True,open,3,0.0001,24,2,70,6.651183128356934,267.14958667755127,1.5,,training
Inf-Net_DP_Morph,LungInfection,True,psac,8.0,True,open,5,0.0001,24,1,70,6.67788553237915,366.2385416030884,1.5,,training
Inf-Net_DP_Morph,LungInfection,True,psac,8.0,True,open,5,0.0001,24,2,70,6.644417762756348,264.87273621559143,1.5,,training
Inf-Net_DP_Morph,LungInfection,True,psac,8.0,True,open,7,0.0001,24,1,70,6.672496318817139,359.9080457687378,1.5,,training
Inf-Net_DP_Morph,LungInfection,True,psac,8.0,True,open,7,0.0001,24,2,70,6.5504231452941895,273.16708731651306,1.5,,training
Inf-Net_DP_Morph,LungInfection,True,psac,8.0,True,open,9,0.0001,24,1,70,6.725606918334961,360.1072232723236,1.5,,training
Inf-Net_DP_Morph,LungInfection,True,psac,8.0,True,open,9,0.0001,24,2,70,6.6350836753845215,283.3273160457611,1.5,,training
Inf-Net_DP_Morph,LungInfection,True,automatic,8.0,True,both,3,0.0001,24,1,70,6.6185688972473145,348.8860352039337,2.0,,training
Inf-Net_DP_Morph,LungInfection,True,automatic,8.0,True,both,3,0.0001,24,2,70,6.747336387634277,262.88121151924133,2.0,,training
Inf-Net_DP_Morph,LungInfection,True,automatic,8.0,True,both,5,0.0001,24,1,70,6.597265243530273,354.2886493206024,2.0,,training
Inf-Net_DP_Morph,LungInfection,True,automatic,8.0,True,both,5,0.0001,24,2,70,6.582625389099121,273.0995457172394,2.0,,training
Inf-Net_DP_Morph,LungInfection,True,automatic,8.0,True,both,7,0.0001,24,1,70,6.5302839279174805,364.1590449810028,2.0,,training
Inf-Net_DP_Morph,LungInfection,True,automatic,8.0,True,both,7,0.0001,24,2,70,6.619405746459961,278.3748939037323,2.0,,training
Inf-Net_DP_Morph,LungInfection,True,automatic,8.0,True,both,9,0.0001,24,1,70,6.502599716186523,382.27449202537537,2.0,,training
Inf-Net_DP_Morph,LungInfection,True,automatic,8.0,True,both,9,0.0001,24,2,70,6.6916704177856445,294.02320170402527,2.0,,training
Inf-Net_DP_Morph,LungInfection,True,automatic,8.0,True,close,3,0.0001,24,1,70,6.598143577575684,351.6902976036072,2.0,,training
Inf-Net_DP_Morph,LungInfection,True,automatic,8.0,True,close,3,0.0001,24,2,70,6.635379791259766,266.3708257675171,2.0,,training
Inf-Net_DP_Morph,LungInfection,True,automatic,8.0,True,close,5,0.0001,24,1,70,6.773780345916748,353.83952283859253,2.0,,training
Inf-Net_DP_Morph,LungInfection,True,automatic,8.0,True,close,5,0.0001,24,2,70,6.648919105529785,268.4576609134674,2.0,,training
Inf-Net_DP_Morph,LungInfection,True,automatic,8.0,True,close,7,0.0001,24,1,70,6.6100358963012695,347.5619378089905,2.0,,training
Inf-Net_DP_Morph,LungInfection,True,automatic,8.0,True,close,7,0.0001,24,2,70,6.609476089477539,274.5096890926361,2.0,,training
Inf-Net_DP_Morph,LungInfection,True,automatic,8.0,True,close,9,0.0001,24,1,70,6.504716396331787,351.7851004600525,2.0,,training
Inf-Net_DP_Morph,LungInfection,True,automatic,8.0,True,close,9,0.0001,24,2,70,6.495519638061523,282.802832365036,2.0,,training
Inf-Net_DP_Morph,LungInfection,True,automatic,8.0,True,open,3,0.0001,24,1,70,6.751950263977051,350.46928572654724,2.0,,training
Inf-Net_DP_Morph,LungInfection,True,automatic,8.0,True,open,3,0.0001,24,2,70,6.727723121643066,265.47559571266174,2.0,,training
Inf-Net_DP_Morph,LungInfection,True,automatic,8.0,True,open,5,0.0001,24,1,70,6.3807783126831055,352.8982779979706,2.0,,training
Inf-Net_DP_Morph,LungInfection,True,automatic,8.0,True,open,5,0.0001,24,2,70,6.489729404449463,265.55535912513733,2.0,,training
Inf-Net_DP_Morph,LungInfection,True,automatic,8.0,True,open,7,0.0001,24,1,70,6.53900146484375,355.0278732776642,2.0,,training
Inf-Net_DP_Morph,LungInfection,True,automatic,8.0,True,open,7,0.0001,24,2,70,6.719550609588623,270.3192656040192,2.0,,training
Inf-Net_DP_Morph,LungInfection,True,automatic,8.0,True,open,9,0.0001,24,1,70,6.557413578033447,372.861673116684,2.0,,training
Inf-Net_DP_Morph,LungInfection,True,automatic,8.0,True,open,9,0.0001,24,2,70,6.609443664550781,280.2471103668213,2.0,,training
Inf-Net_DP_Morph,LungInfection,True,base,8.0,True,both,3,0.0001,24,1,70,6.529232978820801,356.40083599090576,2.0,,training
Inf-Net_DP_Morph,LungInfection,True,base,8.0,True,both,3,0.0001,24,2,70,6.531916618347168,267.09764552116394,2.0,,training
Inf-Net_DP_Morph,LungInfection,True,base,8.0,True,both,5,0.0001,24,1,70,6.6807074546813965,369.9793400764465,2.0,,training
Inf-Net_DP_Morph,LungInfection,True,base,8.0,True,both,5,0.0001,24,2,70,6.507242202758789,278.7188346385956,2.0,,training
Inf-Net_DP_Morph,LungInfection,True,base,8.0,True,both,7,0.0001,24,1,70,6.578029632568359,369.2678225040436,2.0,,training
Inf-Net_DP_Morph,LungInfection,True,base,8.0,True,both,7,0.0001,24,2,70,6.621842861175537,288.3190002441406,2.0,,training
Inf-Net_DP_Morph,LungInfection,True,base,8.0,True,close,3,0.0001,24,1,70,6.584918022155762,353.4795196056366,2.0,,training
Inf-Net_DP_Morph,LungInfection,True,base,8.0,True,close,3,0.0001,24,2,70,6.794949054718018,250.42662906646729,2.0,,training
Inf-Net_DP_Morph,LungInfection,True,base,8.0,True,close,5,0.0001,24,1,70,6.645071506500244,352.7781295776367,2.0,,training
Inf-Net_DP_Morph,LungInfection,True,base,8.0,True,close,5,0.0001,24,2,70,6.499845027923584,273.60516357421875,2.0,,training
Inf-Net_DP_Morph,LungInfection,True,base,8.0,True,close,7,0.0001,24,1,70,6.5550689697265625,358.28548669815063,2.0,,training
Inf-Net_DP_Morph,LungInfection,True,base,8.0,True,close,7,0.0001,24,2,70,6.703457832336426,276.1968138217926,2.0,,training
Inf-Net_DP_Morph,LungInfection,True,base,8.0,True,close,9,0.0001,24,1,70,6.608100891113281,364.81204056739807,2.0,,training
Inf-Net_DP_Morph,LungInfection,True,base,8.0,True,close,9,0.0001,24,2,70,6.540056228637695,273.16473484039307,2.0,,training
Inf-Net_DP_Morph,LungInfection,True,base,8.0,True,open,3,0.0001,24,1,70,6.671175479888916,349.9002525806427,2.0,,training
Inf-Net_DP_Morph,LungInfection,True,base,8.0,True,open,3,0.0001,24,2,70,6.576996803283691,258.59519720077515,2.0,,training
Inf-Net_DP_Morph,LungInfection,True,base,8.0,True,open,5,0.0001,24,1,70,6.601914882659912,351.8073253631592,2.0,,training
Inf-Net_DP_Morph,LungInfection,True,base,8.0,True,open,5,0.0001,24,2,70,6.581233024597168,267.3864061832428,2.0,,training
Inf-Net_DP_Morph,LungInfection,True,base,8.0,True,open,7,0.0001,24,1,70,6.567603588104248,356.569522857666,2.0,,training
Inf-Net_DP_Morph,LungInfection,True,base,8.0,True,open,7,0.0001,24,2,70,6.609469413757324,280.56583619117737,2.0,,training
Inf-Net_DP_Morph,LungInfection,True,base,8.0,True,open,9,0.0001,24,1,70,6.632050037384033,362.09984278678894,2.0,,training
Inf-Net_DP_Morph,LungInfection,True,base,8.0,True,open,9,0.0001,24,2,70,6.611835479736328,269.0104172229767,2.0,,training
Inf-Net_DP_Morph,LungInfection,True,nsgd,8.0,True,both,3,0.0001,24,1,70,6.989299774169922,350.70372581481934,2.0,,training
Inf-Net_DP_Morph,LungInfection,True,nsgd,8.0,True,both,3,0.0001,24,2,70,6.739252090454102,265.37252259254456,2.0,,training
Inf-Net_DP_Morph,LungInfection,True,nsgd,8.0,True,both,5,0.0001,24,1,70,6.842391014099121,358.84340381622314,2.0,,training
Inf-Net_DP_Morph,LungInfection,True,nsgd,8.0,True,both,5,0.0001,24,2,70,6.773454666137695,275.315527677536,2.0,,training
Inf-Net_DP_Morph,LungInfection,True,nsgd,8.0,True,both,7,0.0001,24,1,70,6.773979187011719,365.9455552101135,2.0,,training
Inf-Net_DP_Morph,LungInfection,True,nsgd,8.0,True,both,7,0.0001,24,2,70,6.76639461517334,288.2775230407715,2.0,,training
Inf-Net_DP_Morph,LungInfection,True,nsgd,8.0,True,close,3,0.0001,24,1,70,6.685179233551025,350.800968170166,2.0,,training
Inf-Net_DP_Morph,LungInfection,True,nsgd,8.0,True,close,3,0.0001,24,2,70,6.706765174865723,256.2450532913208,2.0,,training
Inf-Net_DP_Morph,LungInfection,True,nsgd,8.0,True,close,5,0.0001,24,1,70,6.779253005981445,353.81522154808044,2.0,,training
Inf-Net_DP_Morph,LungInfection,True,nsgd,8.0,True,close,5,0.0001,24,2,70,6.94217586517334,271.366406917572,2.0,,training
Inf-Net_DP_Morph,LungInfection,True,nsgd,8.0,True,close,7,0.0001,24,1,70,6.907595634460449,361.7391221523285,2.0,,training
Inf-Net_DP_Morph,LungInfection,True,nsgd,8.0,True,close,7,0.0001,24,2,70,6.775935649871826,273.6644899845124,2.0,,training
Inf-Net_DP_Morph,LungInfection,True,nsgd,8.0,True,close,9,0.0001,24,1,70,6.772082328796387,363.96703839302063,2.0,,training
Inf-Net_DP_Morph,LungInfection,True,nsgd,8.0,True,close,9,0.0001,24,2,70,6.795258045196533,289.6392168998718,2.0,,training
Inf-Net_DP_Morph,LungInfection,True,nsgd,8.0,True,open,3,0.0001,24,1,70,6.855682373046875,351.7270920276642,2.0,,training
Inf-Net_DP_Morph,LungInfection,True,nsgd,8.0,True,open,3,0.0001,24,2,70,6.695756435394287,257.63596296310425,2.0,,training
Inf-Net_DP_Morph,LungInfection,True,nsgd,8.0,True,open,5,0.0001,24,1,70,6.83483362197876,356.87521171569824,2.0,,training
Inf-Net_DP_Morph,LungInfection,True,nsgd,8.0,True,open,5,0.0001,24,2,70,6.81800651550293,259.84561491012573,2.0,,training
Inf-Net_DP_Morph,LungInfection,True,nsgd,8.0,True,open,7,0.0001,24,1,70,6.933717727661133,356.8397364616394,2.0,,training
Inf-Net_DP_Morph,LungInfection,True,nsgd,8.0,True,open,7,0.0001,24,2,70,6.7485785484313965,269.8138618469238,2.0,,training
Inf-Net_DP_Morph,LungInfection,True,nsgd,8.0,True,open,9,0.0001,24,1,70,6.727269172668457,365.29070353508,2.0,,training
Inf-Net_DP_Morph,LungInfection,True,nsgd,8.0,True,open,9,0.0001,24,2,70,6.907227516174316,276.9530870914459,2.0,,training
Inf-Net_DP_Morph,LungInfection,True,psac,8.0,True,both,3,0.0001,24,1,70,6.769516944885254,357.8864486217499,2.0,,training
Inf-Net_DP_Morph,LungInfection,True,psac,8.0,True,both,3,0.0001,24,2,70,6.618892669677734,264.53198170661926,2.0,,training
Inf-Net_DP_Morph,LungInfection,True,psac,8.0,True,both,5,0.0001,24,1,70,6.527003288269043,361.76901721954346,2.0,,training
Inf-Net_DP_Morph,LungInfection,True,psac,8.0,True,both,5,0.0001,24,2,70,6.605633735656738,273.8774416446686,2.0,,training
Inf-Net_DP_Morph,LungInfection,True,psac,8.0,True,both,7,0.0001,24,1,70,6.652256965637207,368.8365848064423,2.0,,training
Inf-Net_DP_Morph,LungInfection,True,psac,8.0,True,both,7,0.0001,24,2,70,6.627511024475098,289.29257583618164,2.0,,training
Inf-Net_DP_Morph,LungInfection,True,psac,8.0,True,close,3,0.0001,24,1,70,6.592155456542969,355.7949459552765,2.0,,training
Inf-Net_DP_Morph,LungInfection,True,psac,8.0,True,close,3,0.0001,24,2,70,6.654089450836182,262.59474778175354,2.0,,training
Inf-Net_DP_Morph,LungInfection,True,psac,8.0,True,close,5,0.0001,24,1,70,6.5558929443359375,358.15707302093506,2.0,,training
Inf-Net_DP_Morph,LungInfection,True,psac,8.0,True,close,5,0.0001,24,2,70,6.6075520515441895,275.3724637031555,2.0,,training
Inf-Net_DP_Morph,LungInfection,True,psac,8.0,True,close,7,0.0001,24,1,70,6.51692008972168,364.54327726364136,2.0,,training
Inf-Net_DP_Morph,LungInfection,True,psac,8.0,True,close,7,0.0001,24,2,70,6.505455017089844,281.16569566726685,2.0,,training
Inf-Net_DP_Morph,LungInfection,True,psac,8.0,True,close,9,0.0001,24,1,70,6.721574306488037,371.108565568924,2.0,,training
Inf-Net_DP_Morph,LungInfection,True,psac,8.0,True,close,9,0.0001,24,2,70,6.691149711608887,287.8111217021942,2.0,,training
Inf-Net_DP_Morph,LungInfection,True,psac,8.0,True,open,3,0.0001,24,1,70,6.573386192321777,357.7246582508087,2.0,,training
Inf-Net_DP_Morph,LungInfection,True,psac,8.0,True,open,3,0.0001,24,2,70,6.53843879699707,258.8191514015198,2.0,,training
Inf-Net_DP_Morph,LungInfection,True,psac,8.0,True,open,5,0.0001,24,1,70,6.738730430603027,351.94226717948914,2.0,,training
Inf-Net_DP_Morph,LungInfection,True,psac,8.0,True,open,5,0.0001,24,2,70,6.664321899414063,273.58556938171387,2.0,,training
Inf-Net_DP_Morph,LungInfection,True,psac,8.0,True,open,7,0.0001,24,1,70,6.723447322845459,358.2635271549225,2.0,,training
Inf-Net_DP_Morph,LungInfection,True,psac,8.0,True,open,7,0.0001,24,2,70,6.6711931228637695,265.8799321651459,2.0,,training
Inf-Net_DP_Morph,LungInfection,True,psac,8.0,True,open,9,0.0001,24,1,70,6.601847171783447,363.4727840423584,2.0,,training
Inf-Net_DP_Morph,LungInfection,True,psac,8.0,True,open,9,0.0001,24,2,70,6.549528121948242,279.77503633499146,2.0,,training
Inf-Net_DP_Morph,LungInfection,True,automatic,200.0,True,both,3,0.0001,24,1,70,5.451009750366211,524.5848143100739,1.2,,training
Inf-Net_DP_Morph,LungInfection,True,automatic,200.0,True,both,3,0.0001,24,2,70,5.418248176574707,447.1247897148132,1.2,,training
Inf-Net_DP_Morph,LungInfection,True,automatic,200.0,True,both,5,0.0001,24,1,70,5.460972309112549,527.3231515884399,1.2,,training
Inf-Net_DP_Morph,LungInfection,True,automatic,200.0,True,both,5,0.0001,24,2,70,5.366580963134766,455.98819518089294,1.2,,training
Inf-Net_DP_Morph,LungInfection,True,automatic,200.0,True,both,7,0.0001,24,1,70,5.513086318969727,561.1860451698303,1.2,,training
Inf-Net_DP_Morph,LungInfection,True,automatic,200.0,True,both,7,0.0001,24,2,70,5.609837532043457,446.9902400970459,1.2,,training
Inf-Net_DP_Morph,LungInfection,True,automatic,200.0,True,close,3,0.0001,24,1,70,5.605703353881836,527.0484790802002,1.2,,training
Inf-Net_DP_Morph,LungInfection,True,automatic,200.0,True,close,3,0.0001,24,2,70,5.418086051940918,524.5244822502136,1.2,,training
Inf-Net_DP_Morph,LungInfection,True,automatic,200.0,True,close,5,0.0001,24,1,70,5.50998067855835,528.3880469799042,1.2,,training
Inf-Net_DP_Morph,LungInfection,True,automatic,200.0,True,close,5,0.0001,24,2,70,5.455075740814209,539.2743275165558,1.2,,training
Inf-Net_DP_Morph,LungInfection,True,automatic,200.0,True,close,7,0.0001,24,1,70,5.343122959136963,534.0365343093872,1.2,,training
Inf-Net_DP_Morph,LungInfection,True,automatic,200.0,True,close,7,0.0001,24,2,70,5.609141826629639,442.73627734184265,1.2,,training
Inf-Net_DP_Morph,LungInfection,True,automatic,200.0,True,close,9,0.0001,24,1,70,5.445981025695801,535.5324702262878,1.2,,training
Inf-Net_DP_Morph,LungInfection,True,automatic,200.0,True,close,9,0.0001,24,2,70,5.480323791503906,557.7246029376984,1.2,,training
Inf-Net_DP_Morph,LungInfection,True,automatic,200.0,True,open,3,0.0001,24,1,70,5.600314617156982,531.6948790550232,1.2,,training
Inf-Net_DP_Morph,LungInfection,True,automatic,200.0,True,open,3,0.0001,24,2,70,5.470846176147461,446.5009889602661,1.2,,training
Inf-Net_DP_Morph,LungInfection,True,automatic,200.0,True,open,5,0.0001,24,1,70,5.454297065734863,525.3815591335297,1.2,,training
Inf-Net_DP_Morph,LungInfection,True,automatic,200.0,True,open,5,0.0001,24,2,70,5.508145332336426,436.5996582508087,1.2,,training
Inf-Net_DP_Morph,LungInfection,True,automatic,200.0,True,open,7,0.0001,24,1,70,5.519805908203125,570.0024402141571,1.2,,training
Inf-Net_DP_Morph,LungInfection,True,automatic,200.0,True,open,7,0.0001,24,2,70,5.317084789276123,541.4545202255249,1.2,,training
Inf-Net_DP_Morph,LungInfection,True,automatic,200.0,True,open,9,0.0001,24,1,70,5.496970653533936,567.8600389957428,1.2,,training
Inf-Net_DP_Morph,LungInfection,True,automatic,200.0,True,open,9,0.0001,24,2,70,5.651594161987305,548.8628618717194,1.2,,training
Inf-Net_DP_Morph,LungInfection,True,base,200.0,True,both,3,0.0001,24,1,70,5.331758499145508,542.0051562786102,1.2,,training
Inf-Net_DP_Morph,LungInfection,True,base,200.0,True,both,3,0.0001,24,2,70,5.364932060241699,493.80220127105713,1.2,,training
Inf-Net_DP_Morph,LungInfection,True,base,200.0,True,both,5,0.0001,24,1,70,5.40755033493042,540.0704040527344,1.2,,training
Inf-Net_DP_Morph,LungInfection,True,base,200.0,True,both,5,0.0001,24,2,70,5.537652015686035,506.470251083374,1.2,,training
Inf-Net_DP_Morph,LungInfection,True,base,200.0,True,both,7,0.0001,24,1,70,5.471296310424805,556.7195150852203,1.2,,training
Inf-Net_DP_Morph,LungInfection,True,base,200.0,True,both,7,0.0001,24,2,70,5.547998428344727,472.4846060276032,1.2,,training
Inf-Net_DP_Morph,LungInfection,True,base,200.0,True,both,9,0.0001,24,1,70,5.440775871276856,576.8952214717865,1.2,,training
Inf-Net_DP_Morph,LungInfection,True,base,200.0,True,both,9,0.0001,24,2,70,5.558797359466553,553.1459999084473,1.2,,training
Inf-Net_DP_Morph,LungInfection,True,base,200.0,True,close,3,0.0001,24,1,70,5.259900093078613,542.3717255592346,1.2,,training
Inf-Net_DP_Morph,LungInfection,True,base,200.0,True,close,3,0.0001,24,2,70,5.528372287750244,530.7691295146942,1.2,,training
Inf-Net_DP_Morph,LungInfection,True,base,200.0,True,close,5,0.0001,24,1,70,5.495901107788086,535.2936670780182,1.2,,training
Inf-Net_DP_Morph,LungInfection,True,base,200.0,True,close,5,0.0001,24,2,70,5.579831123352051,432.41633439064026,1.2,,training
Inf-Net_DP_Morph,LungInfection,True,base,200.0,True,close,7,0.0001,24,1,70,5.480568885803223,543.535650730133,1.2,,training
Inf-Net_DP_Morph,LungInfection,True,base,200.0,True,close,7,0.0001,24,2,70,5.350763320922852,440.20042181015015,1.2,,training
Inf-Net_DP_Morph,LungInfection,True,base,200.0,True,close,9,0.0001,24,1,70,5.376158237457275,550.453950881958,1.2,,training
Inf-Net_DP_Morph,LungInfection,True,base,200.0,True,close,9,0.0001,24,2,70,5.437934875488281,541.3830323219299,1.2,,training
Inf-Net_DP_Morph,LungInfection,True,base,200.0,True,open,3,0.0001,24,1,70,5.416102886199951,527.8302683830261,1.2,,training
Inf-Net_DP_Morph,LungInfection,True,base,200.0,True,open,3,0.0001,24,2,70,5.499753475189209,520.1745672225952,1.2,,training
Inf-Net_DP_Morph,LungInfection,True,base,200.0,True,open,5,0.0001,24,1,70,5.46099853515625,524.3970904350281,1.2,,training
Inf-Net_DP_Morph,LungInfection,True,base,200.0,True,open,5,0.0001,24,2,70,5.636264801025391,530.5179073810577,1.2,,training
Inf-Net_DP_Morph,LungInfection,True,base,200.0,True,open,7,0.0001,24,1,70,5.478377819061279,544.9531743526459,1.2,,training
Inf-Net_DP_Morph,LungInfection,True,base,200.0,True,open,7,0.0001,24,2,70,5.254155158996582,460.168799161911,1.2,,training
Inf-Net_DP_Morph,LungInfection,True,base,200.0,True,open,9,0.0001,24,1,70,5.471442222595215,543.1734352111816,1.2,,training
Inf-Net_DP_Morph,LungInfection,True,base,200.0,True,open,9,0.0001,24,2,70,5.491619110107422,466.875795841217,1.2,,training
Inf-Net_DP_Morph,LungInfection,True,nsgd,200.0,True,both,3,0.0001,24,1,70,5.623851776123047,537.4878323078156,1.2,,training
Inf-Net_DP_Morph,LungInfection,True,nsgd,200.0,True,both,3,0.0001,24,2,70,5.462676048278809,483.87406826019287,1.2,,training
Inf-Net_DP_Morph,LungInfection,True,nsgd,200.0,True,both,5,0.0001,24,1,70,5.627486705780029,533.3029913902283,1.2,,training
Inf-Net_DP_Morph,LungInfection,True,nsgd,200.0,True,both,5,0.0001,24,2,70,5.627089500427246,509.542943239212,1.2,,training
Inf-Net_DP_Morph,LungInfection,True,nsgd,200.0,True,both,7,0.0001,24,1,70,5.605669021606445,554.9404458999634,1.2,,training
Inf-Net_DP_Morph,LungInfection,True,nsgd,200.0,True,both,7,0.0001,24,2,70,5.5544538497924805,533.8779232501984,1.2,,training
Inf-Net_DP_Morph,LungInfection,True,nsgd,200.0,True,close,3,0.0001,24,1,70,5.50581169128418,541.7947030067444,1.2,,training
Inf-Net_DP_Morph,LungInfection,True,nsgd,200.0,True,close,3,0.0001,24,2,70,5.646727561950684,458.6759095191956,1.2,,training
Inf-Net_DP_Morph,LungInfection,True,nsgd,200.0,True,close,5,0.0001,24,1,70,5.541465759277344,541.3800179958344,1.2,,training
Inf-Net_DP_Morph,LungInfection,True,nsgd,200.0,True,close,5,0.0001,24,2,70,5.547534465789795,459.3239533901215,1.2,,training
Inf-Net_DP_Morph,LungInfection,True,nsgd,200.0,True,close,7,0.0001,24,1,70,5.642302513122559,545.9692125320435,1.2,,training
Inf-Net_DP_Morph,LungInfection,True,nsgd,200.0,True,close,7,0.0001,24,2,70,5.481196880340576,423.14043617248535,1.2,,training
Inf-Net_DP_Morph,LungInfection,True,nsgd,200.0,True,close,9,0.0001,24,1,70,5.626327037811279,534.1595976352692,1.2,,training
Inf-Net_DP_Morph,LungInfection,True,nsgd,200.0,True,close,9,0.0001,24,2,70,5.52523136138916,540.811115026474,1.2,,training
Inf-Net_DP_Morph,LungInfection,True,nsgd,200.0,True,open,3,0.0001,24,1,70,5.536602020263672,518.072056055069,1.2,,training
Inf-Net_DP_Morph,LungInfection,True,nsgd,200.0,True,open,3,0.0001,24,2,70,5.588227272033691,449.8308687210083,1.2,,training
Inf-Net_DP_Morph,LungInfection,True,nsgd,200.0,True,open,5,0.0001,24,1,70,5.560370922088623,538.306177854538,1.2,,training
Inf-Net_DP_Morph,LungInfection,True,nsgd,200.0,True,open,5,0.0001,24,2,70,5.756911277770996,451.9395234584808,1.2,,training
Inf-Net_DP_Morph,LungInfection,True,nsgd,200.0,True,open,7,0.0001,24,1,70,5.537278175354004,539.2460808753967,1.2,,training
Inf-Net_DP_Morph,LungInfection,True,nsgd,200.0,True,open,7,0.0001,24,2,70,5.390281677246094,423.5034182071686,1.2,,training
Inf-Net_DP_Morph,LungInfection,True,nsgd,200.0,True,open,9,0.0001,24,1,70,5.7246198654174805,555.603997707367,1.2,,training
Inf-Net_DP_Morph,LungInfection,True,nsgd,200.0,True,open,9,0.0001,24,2,70,5.585094928741455,523.76664686203,1.2,,training
Inf-Net_DP_Morph,LungInfection,True,psac,200.0,True,both,3,0.0001,24,1,70,5.42543888092041,547.7236115932465,1.2,,training
Inf-Net_DP_Morph,LungInfection,True,psac,200.0,True,both,3,0.0001,24,2,70,5.428023338317871,492.5312747955322,1.2,,training
Inf-Net_DP_Morph,LungInfection,True,psac,200.0,True,both,5,0.0001,24,1,70,5.313670158386231,538.1253411769867,1.2,,training
Inf-Net_DP_Morph,LungInfection,True,psac,200.0,True,both,5,0.0001,24,2,70,5.374719619750977,500.6881816387177,1.2,,training
Inf-Net_DP_Morph,LungInfection,True,psac,200.0,True,both,7,0.0001,24,1,70,5.323098659515381,556.337779045105,1.2,,training
Inf-Net_DP_Morph,LungInfection,True,psac,200.0,True,both,7,0.0001,24,2,70,5.663015365600586,527.2367432117462,1.2,,training
Inf-Net_DP_Morph,LungInfection,True,psac,200.0,True,both,9,0.0001,24,1,70,5.432230949401856,557.9359464645386,1.2,,training
Inf-Net_DP_Morph,LungInfection,True,psac,200.0,True,both,9,0.0001,24,2,70,5.441609859466553,488.58448553085327,1.2,,training
Inf-Net_DP_Morph,LungInfection,True,psac,200.0,True,close,3,0.0001,24,1,70,5.382577896118164,546.0293571949005,1.2,,training
Inf-Net_DP_Morph,LungInfection,True,psac,200.0,True,close,3,0.0001,24,2,70,5.41763162612915,420.9229118824005,1.2,,training
Inf-Net_DP_Morph,LungInfection,True,psac,200.0,True,close,5,0.0001,24,1,70,5.495312213897705,554.5352659225464,1.2,,training
Inf-Net_DP_Morph,LungInfection,True,psac,200.0,True,close,5,0.0001,24,2,70,5.476751327514648,463.924432516098,1.2,,training
Inf-Net_DP_Morph,LungInfection,True,psac,200.0,True,close,7,0.0001,24,1,70,5.593731880187988,550.9683005809784,1.2,,training
Inf-Net_DP_Morph,LungInfection,True,psac,200.0,True,close,7,0.0001,24,2,70,5.4811296463012695,466.4714663028717,1.2,,training
Inf-Net_DP_Morph,LungInfection,True,psac,200.0,True,close,9,0.0001,24,1,70,5.4596476554870605,559.8649687767029,1.2,,training
Inf-Net_DP_Morph,LungInfection,True,psac,200.0,True,close,9,0.0001,24,2,70,5.489531993865967,537.5913581848145,1.2,,training
Inf-Net_DP_Morph,LungInfection,True,psac,200.0,True,open,3,0.0001,24,1,70,5.511119842529297,542.1518821716309,1.2,,training
Inf-Net_DP_Morph,LungInfection,True,psac,200.0,True,open,3,0.0001,24,2,70,5.4350786209106445,447.7415685653687,1.2,,training
Inf-Net_DP_Morph,LungInfection,True,psac,200.0,True,open,5,0.0001,24,1,70,5.6606316566467285,544.4448847770691,1.2,,training
Inf-Net_DP_Morph,LungInfection,True,psac,200.0,True,open,5,0.0001,24,2,70,5.530149459838867,423.64055585861206,1.2,,training
Inf-Net_DP_Morph,LungInfection,True,psac,200.0,True,open,7,0.0001,24,1,70,5.326111793518066,552.3570876121521,1.2,,training
Inf-Net_DP_Morph,LungInfection,True,psac,200.0,True,open,7,0.0001,24,2,70,5.515145778656006,521.2436037063599,1.2,,training
Inf-Net_DP_Morph,LungInfection,True,psac,200.0,True,open,9,0.0001,24,1,70,5.407505512237549,555.0158786773682,1.2,,training
Inf-Net_DP_Morph,LungInfection,True,psac,200.0,True,open,9,0.0001,24,2,70,5.614124774932861,530.711667060852,1.2,,training
Inf-Net_DP_Morph,LungInfection,True,automatic,200.0,True,both,3,0.0001,24,1,70,5.61381721496582,523.2492020130157,1.5,,training
Inf-Net_DP_Morph,LungInfection,True,automatic,200.0,True,both,3,0.0001,24,2,70,5.430037975311279,545.7054190635681,1.5,,training
Inf-Net_DP_Morph,LungInfection,True,automatic,200.0,True,both,5,0.0001,24,1,70,5.339034557342529,549.7033104896545,1.5,,training
Inf-Net_DP_Morph,LungInfection,True,automatic,200.0,True,both,5,0.0001,24,2,70,5.516579627990723,546.4933733940125,1.5,,training
Inf-Net_DP_Morph,LungInfection,True,automatic,200.0,True,both,9,0.0001,24,1,70,5.405998229980469,564.8536057472229,1.5,,training
Inf-Net_DP_Morph,LungInfection,True,automatic,200.0,True,both,9,0.0001,24,2,70,5.452879905700684,569.8749074935913,1.5,,training
Inf-Net_DP_Morph,LungInfection,True,automatic,200.0,True,close,3,0.0001,24,1,70,5.503798961639404,542.3584952354431,1.5,,training
Inf-Net_DP_Morph,LungInfection,True,automatic,200.0,True,close,3,0.0001,24,2,70,5.573793411254883,435.7171194553375,1.5,,training
Inf-Net_DP_Morph,LungInfection,True,automatic,200.0,True,close,5,0.0001,24,1,70,5.556464672088623,545.0847096443176,1.5,,training
Inf-Net_DP_Morph,LungInfection,True,automatic,200.0,True,close,5,0.0001,24,2,70,5.4425883293151855,441.51838397979736,1.5,,training
Inf-Net_DP_Morph,LungInfection,True,automatic,200.0,True,close,7,0.0001,24,1,70,5.552573204040527,555.646080493927,1.5,,training
Inf-Net_DP_Morph,LungInfection,True,automatic,200.0,True,close,7,0.0001,24,2,70,5.329071998596191,447.1918911933899,1.5,,training
Inf-Net_DP_Morph,LungInfection,True,automatic,200.0,True,close,9,0.0001,24,1,70,5.572964668273926,549.2648832798004,1.5,,training
Inf-Net_DP_Morph,LungInfection,True,automatic,200.0,True,close,9,0.0001,24,2,70,5.467723369598389,539.0236077308655,1.5,,training
Inf-Net_DP_Morph,LungInfection,True,automatic,200.0,True,open,3,0.0001,24,1,70,5.545538902282715,527.8824555873871,1.5,,training
Inf-Net_DP_Morph,LungInfection,True,automatic,200.0,True,open,3,0.0001,24,2,70,5.55994176864624,454.6380615234375,1.5,,training
Inf-Net_DP_Morph,LungInfection,True,automatic,200.0,True,open,5,0.0001,24,1,70,5.47190523147583,560.0347375869751,1.5,,training
Inf-Net_DP_Morph,LungInfection,True,automatic,200.0,True,open,5,0.0001,24,2,70,5.542605400085449,464.9422750473023,1.5,,training
Inf-Net_DP_Morph,LungInfection,True,automatic,200.0,True,open,7,0.0001,24,1,70,5.5879316329956055,535.553742647171,1.5,,training
Inf-Net_DP_Morph,LungInfection,True,automatic,200.0,True,open,7,0.0001,24,2,70,5.4542975425720215,474.311936378479,1.5,,training
Inf-Net_DP_Morph,LungInfection,True,automatic,200.0,True,open,9,0.0001,24,1,70,5.466728210449219,558.1088132858276,1.5,,training
Inf-Net_DP_Morph,LungInfection,True,automatic,200.0,True,open,9,0.0001,24,2,70,5.597369194030762,476.2255229949951,1.5,,training
Inf-Net_DP_Morph,LungInfection,True,base,200.0,True,both,3,0.0001,24,1,70,5.515874862670898,543.3138370513916,1.5,,training
Inf-Net_DP_Morph,LungInfection,True,base,200.0,True,both,3,0.0001,24,2,70,5.51420783996582,532.1604809761047,1.5,,training
Inf-Net_DP_Morph,LungInfection,True,base,200.0,True,both,5,0.0001,24,1,70,5.498260498046875,549.01447057724,1.5,,training
Inf-Net_DP_Morph,LungInfection,True,base,200.0,True,both,5,0.0001,24,2,70,5.481342315673828,464.32963275909424,1.5,,training
Inf-Net_DP_Morph,LungInfection,True,base,200.0,True,both,7,0.0001,24,1,70,5.426299095153809,563.9080812931061,1.5,,training
Inf-Net_DP_Morph,LungInfection,True,base,200.0,True,both,7,0.0001,24,2,70,5.536453723907471,449.91713070869446,1.5,,training
Inf-Net_DP_Morph,LungInfection,True,base,200.0,True,both,9,0.0001,24,1,70,5.618316650390625,566.6175165176392,1.5,,training
Inf-Net_DP_Morph,LungInfection,True,base,200.0,True,both,9,0.0001,24,2,70,5.362888336181641,554.1906218528748,1.5,,training
Inf-Net_DP_Morph,LungInfection,True,base,200.0,True,close,3,0.0001,24,1,70,5.477502346038818,547.3444426059723,1.5,,training
Inf-Net_DP_Morph,LungInfection,True,base,200.0,True,close,3,0.0001,24,2,70,5.343835353851318,429.4980382919312,1.5,,training
Inf-Net_DP_Morph,LungInfection,True,base,200.0,True,close,5,0.0001,24,1,70,5.349532127380371,531.9414322376251,1.5,,training
Inf-Net_DP_Morph,LungInfection,True,base,200.0,True,close,5,0.0001,24,2,70,5.495956897735596,437.30571126937866,1.5,,training
Inf-Net_DP_Morph,LungInfection,True,base,200.0,True,close,7,0.0001,24,1,70,5.402568817138672,532.5961103439331,1.5,,training
Inf-Net_DP_Morph,LungInfection,True,base,200.0,True,close,7,0.0001,24,2,70,5.710184574127197,534.5522584915161,1.5,,training
Inf-Net_DP_Morph,LungInfection,True,base,200.0,True,close,9,0.0001,24,1,70,5.323554039001465,555.7695627212524,1.5,,training
Inf-Net_DP_Morph,LungInfection,True,base,200.0,True,close,9,0.0001,24,2,70,5.400118827819824,544.7394711971283,1.5,,training
Inf-Net_DP_Morph,LungInfection,True,base,200.0,True,open,3,0.0001,24,1,70,5.363630771636963,535.6107122898102,1.5,,training
Inf-Net_DP_Morph,LungInfection,True,base,200.0,True,open,3,0.0001,24,2,70,5.530311107635498,506.1840143203736,1.5,,training
Inf-Net_DP_Morph,LungInfection,True,base,200.0,True,open,5,0.0001,24,1,70,5.503497123718262,521.0037701129913,1.5,,training
Inf-Net_DP_Morph,LungInfection,True,base,200.0,True,open,5,0.0001,24,2,70,5.458116054534912,459.45941400527954,1.5,,training
Inf-Net_DP_Morph,LungInfection,True,base,200.0,True,open,7,0.0001,24,1,70,5.441486835479736,551.125105381012,1.5,,training
Inf-Net_DP_Morph,LungInfection,True,base,200.0,True,open,7,0.0001,24,2,70,5.272424697875977,468.2869699001312,1.5,,training
Inf-Net_DP_Morph,LungInfection,True,base,200.0,True,open,9,0.0001,24,1,70,5.4661149978637695,550.4946527481079,1.5,,training
Inf-Net_DP_Morph,LungInfection,True,base,200.0,True,open,9,0.0001,24,2,70,5.402593612670898,476.3328855037689,1.5,,training
Inf-Net_DP_Morph,LungInfection,True,nsgd,200.0,True,both,3,0.0001,24,1,70,5.81964635848999,544.7171597480774,1.5,,training
Inf-Net_DP_Morph,LungInfection,True,nsgd,200.0,True,both,3,0.0001,24,2,70,5.93419885635376,529.0719420909882,1.5,,training
Inf-Net_DP_Morph,LungInfection,True,nsgd,200.0,True,both,5,0.0001,24,1,70,5.912164688110352,552.3578455448151,1.5,,training
Inf-Net_DP_Morph,LungInfection,True,nsgd,200.0,True,both,5,0.0001,24,2,70,5.711215972900391,528.1662456989288,1.5,,training
Inf-Net_DP_Morph,LungInfection,True,nsgd,200.0,True,both,7,0.0001,24,1,70,5.821547508239746,561.4479653835297,1.5,,training
Inf-Net_DP_Morph,LungInfection,True,nsgd,200.0,True,both,7,0.0001,24,2,70,5.64914083480835,540.2341575622559,1.5,,training
Inf-Net_DP_Morph,LungInfection,True,nsgd,200.0,True,close,3,0.0001,24,1,70,5.800054550170898,523.52454662323,1.5,,training
Inf-Net_DP_Morph,LungInfection,True,nsgd,200.0,True,close,3,0.0001,24,2,70,5.815080642700195,417.2091462612152,1.5,,training
Inf-Net_DP_Morph,LungInfection,True,nsgd,200.0,True,close,5,0.0001,24,1,70,5.786023139953613,542.6676082611084,1.5,,training
Inf-Net_DP_Morph,LungInfection,True,nsgd,200.0,True,close,5,0.0001,24,2,70,5.760993480682373,519.4527487754822,1.5,,training
Inf-Net_DP_Morph,LungInfection,True,nsgd,200.0,True,close,7,0.0001,24,1,70,5.799566268920898,531.2299468517303,1.5,,training
Inf-Net_DP_Morph,LungInfection,True,nsgd,200.0,True,close,7,0.0001,24,2,70,5.747834205627441,476.4448871612549,1.5,,training
Inf-Net_DP_Morph,LungInfection,True,nsgd,200.0,True,close,9,0.0001,24,1,70,5.722829818725586,546.6157941818237,1.5,,training
Inf-Net_DP_Morph,LungInfection,True,nsgd,200.0,True,close,9,0.0001,24,2,70,5.790901184082031,478.9820165634155,1.5,,training
Inf-Net_DP_Morph,LungInfection,True,nsgd,200.0,True,open,3,0.0001,24,1,70,5.815921306610107,555.8314692974091,1.5,,training
Inf-Net_DP_Morph,LungInfection,True,nsgd,200.0,True,open,3,0.0001,24,2,70,5.767289638519287,417.0480365753174,1.5,,training
Inf-Net_DP_Morph,LungInfection,True,nsgd,200.0,True,open,5,0.0001,24,1,70,5.617833614349365,556.3038730621338,1.5,,training
Inf-Net_DP_Morph,LungInfection,True,nsgd,200.0,True,open,5,0.0001,24,2,70,5.702815055847168,518.6843810081482,1.5,,training
Inf-Net_DP_Morph,LungInfection,True,nsgd,200.0,True,open,7,0.0001,24,1,70,5.742013454437256,529.2788617610931,1.5,,training
Inf-Net_DP_Morph,LungInfection,True,nsgd,200.0,True,open,7,0.0001,24,2,70,5.586658477783203,469.2440016269684,1.5,,training
Inf-Net_DP_Morph,LungInfection,True,nsgd,200.0,True,open,9,0.0001,24,1,70,5.750903606414795,548.4645767211914,1.5,,training
Inf-Net_DP_Morph,LungInfection,True,nsgd,200.0,True,open,9,0.0001,24,2,70,5.921688079833984,469.7705783843994,1.5,,training
Inf-Net_DP_Morph,LungInfection,True,psac,200.0,True,both,3,0.0001,24,1,70,5.416515350341797,539.4179491996765,1.5,,training
Inf-Net_DP_Morph,LungInfection,True,psac,200.0,True,both,3,0.0001,24,2,70,5.518260002136231,524.4333574771881,1.5,,training
Inf-Net_DP_Morph,LungInfection,True,psac,200.0,True,both,5,0.0001,24,1,70,5.331542015075684,535.9517183303833,1.5,,training
Inf-Net_DP_Morph,LungInfection,True,psac,200.0,True,both,5,0.0001,24,2,70,5.447498321533203,531.9675121307373,1.5,,training
Inf-Net_DP_Morph,LungInfection,True,psac,200.0,True,both,7,0.0001,24,1,70,5.540780067443848,545.9745268821716,1.5,,training
Inf-Net_DP_Morph,LungInfection,True,psac,200.0,True,both,7,0.0001,24,2,70,5.390598297119141,535.7808802127838,1.5,,training
Inf-Net_DP_Morph,LungInfection,True,psac,200.0,True,both,9,0.0001,24,1,70,5.453202247619629,573.2516648769379,1.5,,training
Inf-Net_DP_Morph,LungInfection,True,psac,200.0,True,both,9,0.0001,24,2,70,5.315834045410156,548.9430232048035,1.5,,training
Inf-Net_DP_Morph,LungInfection,True,psac,200.0,True,close,3,0.0001,24,1,70,5.49283504486084,526.0056674480438,1.5,,training
Inf-Net_DP_Morph,LungInfection,True,psac,200.0,True,close,3,0.0001,24,2,70,5.465733528137207,423.2380149364472,1.5,,training
Inf-Net_DP_Morph,LungInfection,True,psac,200.0,True,close,5,0.0001,24,1,70,5.506190776824951,547.0596244335175,1.5,,training
Inf-Net_DP_Morph,LungInfection,True,psac,200.0,True,close,5,0.0001,24,2,70,5.555472373962402,528.1355860233307,1.5,,training
Inf-Net_DP_Morph,LungInfection,True,psac,200.0,True,close,7,0.0001,24,1,70,5.535178661346436,547.8196122646332,1.5,,training
Inf-Net_DP_Morph,LungInfection,True,psac,200.0,True,close,7,0.0001,24,2,70,5.456561088562012,535.8986351490021,1.5,,training
Inf-Net_DP_Morph,LungInfection,True,psac,200.0,True,close,9,0.0001,24,1,70,5.54482364654541,559.0422925949097,1.5,,training
Inf-Net_DP_Morph,LungInfection,True,psac,200.0,True,close,9,0.0001,24,2,70,5.358216285705566,479.443332195282,1.5,,training
Inf-Net_DP_Morph,LungInfection,True,psac,200.0,True,open,3,0.0001,24,1,70,5.369678974151611,548.071487903595,1.5,,training
Inf-Net_DP_Morph,LungInfection,True,psac,200.0,True,open,3,0.0001,24,2,70,5.649679183959961,416.805566072464,1.5,,training
Inf-Net_DP_Morph,LungInfection,True,psac,200.0,True,open,5,0.0001,24,1,70,5.509464263916016,546.1829478740692,1.5,,training
Inf-Net_DP_Morph,LungInfection,True,psac,200.0,True,open,5,0.0001,24,2,70,5.466920375823975,526.5125448703766,1.5,,training
Inf-Net_DP_Morph,LungInfection,True,psac,200.0,True,open,7,0.0001,24,1,70,5.535930156707764,554.1890063285828,1.5,,training
Inf-Net_DP_Morph,LungInfection,True,psac,200.0,True,open,7,0.0001,24,2,70,5.51422929763794,455.8467860221863,1.5,,training
Inf-Net_DP_Morph,LungInfection,True,automatic,200.0,True,both,3,0.0001,24,1,70,5.524115562438965,543.3349783420563,2.0,,training
Inf-Net_DP_Morph,LungInfection,True,automatic,200.0,True,both,3,0.0001,24,2,70,5.424162864685059,525.9526655673981,2.0,,training
Inf-Net_DP_Morph,LungInfection,True,automatic,200.0,True,both,5,0.0001,24,1,70,5.400317192077637,550.435703754425,2.0,,training
Inf-Net_DP_Morph,LungInfection,True,automatic,200.0,True,both,5,0.0001,24,2,70,5.5109171867370605,536.0969948768616,2.0,,training
Inf-Net_DP_Morph,LungInfection,True,automatic,200.0,True,close,3,0.0001,24,1,70,5.585862636566162,546.2371091842651,2.0,,training
Inf-Net_DP_Morph,LungInfection,True,automatic,200.0,True,close,3,0.0001,24,2,70,5.44160795211792,515.9029896259308,2.0,,training
Inf-Net_DP_Morph,LungInfection,True,automatic,200.0,True,close,5,0.0001,24,1,70,5.434698581695557,527.5859746932983,2.0,,training
Inf-Net_DP_Morph,LungInfection,True,automatic,200.0,True,close,5,0.0001,24,2,70,5.403225898742676,427.5318505764008,2.0,,training
Inf-Net_DP_Morph,LungInfection,True,automatic,200.0,True,close,7,0.0001,24,1,70,5.383248805999756,553.7736744880676,2.0,,training
Inf-Net_DP_Morph,LungInfection,True,automatic,200.0,True,close,7,0.0001,24,2,70,5.364994049072266,504.7444760799408,2.0,,training
Inf-Net_DP_Morph,LungInfection,True,automatic,200.0,True,open,3,0.0001,24,1,70,5.3351569175720215,546.1247086524963,2.0,,training
Inf-Net_DP_Morph,LungInfection,True,automatic,200.0,True,open,3,0.0001,24,2,70,5.44562578201294,527.0630211830139,2.0,,training
Inf-Net_DP_Morph,LungInfection,True,automatic,200.0,True,open,5,0.0001,24,1,70,5.437817573547363,547.8077652454376,2.0,,training
Inf-Net_DP_Morph,LungInfection,True,automatic,200.0,True,open,5,0.0001,24,2,70,5.454160690307617,526.9365699291229,2.0,,training
Inf-Net_DP_Morph,LungInfection,True,automatic,200.0,True,open,7,0.0001,24,1,70,5.481460094451904,527.0508706569672,2.0,,training
Inf-Net_DP_Morph,LungInfection,True,automatic,200.0,True,open,7,0.0001,24,2,70,5.425787925720215,527.3702244758606,2.0,,training
Inf-Net_DP_Morph,LungInfection,True,automatic,200.0,True,open,9,0.0001,24,1,70,5.676077842712402,531.8949332237244,2.0,,training
Inf-Net_DP_Morph,LungInfection,True,automatic,200.0,True,open,9,0.0001,24,2,70,5.450692176818848,449.9101161956787,2.0,,training
Inf-Net_DP_Morph,LungInfection,True,base,200.0,True,both,3,0.0001,24,1,70,5.528500556945801,549.2236220836639,2.0,,training
Inf-Net_DP_Morph,LungInfection,True,base,200.0,True,both,3,0.0001,24,2,70,5.427567005157471,531.7867469787598,2.0,,training
Inf-Net_DP_Morph,LungInfection,True,base,200.0,True,both,5,0.0001,24,1,70,5.511071681976318,544.2911975383759,2.0,,training
Inf-Net_DP_Morph,LungInfection,True,base,200.0,True,both,5,0.0001,24,2,70,5.543444633483887,534.5930559635162,2.0,,training
Inf-Net_DP_Morph,LungInfection,True,base,200.0,True,both,7,0.0001,24,1,70,5.508616924285889,560.113233089447,2.0,,training
Inf-Net_DP_Morph,LungInfection,True,base,200.0,True,both,7,0.0001,24,2,70,5.476078033447266,475.5018169879913,2.0,,training
Inf-Net_DP_Morph,LungInfection,True,base,200.0,True,close,3,0.0001,24,1,70,5.452640533447266,537.9192550182343,2.0,,training
Inf-Net_DP_Morph,LungInfection,True,base,200.0,True,close,3,0.0001,24,2,70,5.3939714431762695,473.8446340560913,2.0,,training
Inf-Net_DP_Morph,LungInfection,True,base,200.0,True,close,5,0.0001,24,1,70,5.455309867858887,524.5507402420044,2.0,,training
Inf-Net_DP_Morph,LungInfection,True,base,200.0,True,close,5,0.0001,24,2,70,5.51271915435791,434.5821225643158,2.0,,training
Inf-Net_DP_Morph,LungInfection,True,base,200.0,True,close,7,0.0001,24,1,70,5.496997356414795,552.1515617370605,2.0,,training
Inf-Net_DP_Morph,LungInfection,True,base,200.0,True,close,7,0.0001,24,2,70,5.3776044845581055,445.45985889434814,2.0,,training
Inf-Net_DP_Morph,LungInfection,True,base,200.0,True,close,9,0.0001,24,1,70,5.290428638458252,552.8194749355316,2.0,,training
Inf-Net_DP_Morph,LungInfection,True,base,200.0,True,close,9,0.0001,24,2,70,5.347932815551758,456.62442278862,2.0,,training
Inf-Net_DP_Morph,LungInfection,True,base,200.0,True,open,3,0.0001,24,1,70,5.440130710601807,552.7025442123413,2.0,,training
Inf-Net_DP_Morph,LungInfection,True,base,200.0,True,open,3,0.0001,24,2,70,5.477059364318848,524.3038413524628,2.0,,training
Inf-Net_DP_Morph,LungInfection,True,base,200.0,True,open,5,0.0001,24,1,70,5.407456398010254,551.8661105632782,2.0,,training
Inf-Net_DP_Morph,LungInfection,True,base,200.0,True,open,5,0.0001,24,2,70,5.53127384185791,525.2305960655212,2.0,,training
Inf-Net_DP_Morph,LungInfection,True,base,200.0,True,open,7,0.0001,24,1,70,5.373302459716797,551.9728362560272,2.0,,training
Inf-Net_DP_Morph,LungInfection,True,base,200.0,True,open,7,0.0001,24,2,70,5.587738037109375,443.2725632190704,2.0,,training
Inf-Net_DP_Morph,LungInfection,True,base,200.0,True,open,9,0.0001,24,1,70,5.705431938171387,556.6385679244995,2.0,,training
Inf-Net_DP_Morph,LungInfection,True,base,200.0,True,open,9,0.0001,24,2,70,5.378349781036377,489.586017370224,2.0,,training
Inf-Net_DP_Morph,LungInfection,True,nsgd,200.0,True,both,3,0.0001,24,1,70,5.883727550506592,535.4352791309357,2.0,,training
Inf-Net_DP_Morph,LungInfection,True,nsgd,200.0,True,both,3,0.0001,24,2,70,5.998725891113281,518.4246168136597,2.0,,training
Inf-Net_DP_Morph,LungInfection,True,nsgd,200.0,True,both,5,0.0001,24,1,70,6.10836935043335,547.9895024299622,2.0,,training
Inf-Net_DP_Morph,LungInfection,True,nsgd,200.0,True,both,5,0.0001,24,2,70,6.034214973449707,520.4139783382416,2.0,,training
Inf-Net_DP_Morph,LungInfection,True,nsgd,200.0,True,both,7,0.0001,24,1,70,5.971731185913086,553.8800795078278,2.0,,training
Inf-Net_DP_Morph,LungInfection,True,nsgd,200.0,True,both,7,0.0001,24,2,70,6.02156400680542,540.823671579361,2.0,,training
Inf-Net_DP_Morph,LungInfection,True,nsgd,200.0,True,both,9,0.0001,24,1,70,5.951672554016113,568.5982267856598,2.0,,training
Inf-Net_DP_Morph,LungInfection,True,nsgd,200.0,True,both,9,0.0001,24,2,70,5.916296005249023,554.1807088851929,2.0,,training
Inf-Net_DP_Morph,LungInfection,True,nsgd,200.0,True,close,3,0.0001,24,1,70,5.945319175720215,545.6720826625824,2.0,,training
Inf-Net_DP_Morph,LungInfection,True,nsgd,200.0,True,close,3,0.0001,24,2,70,6.09926700592041,439.1317512989044,2.0,,training
Inf-Net_DP_Morph,LungInfection,True,nsgd,200.0,True,close,5,0.0001,24,1,70,5.93190336227417,548.9004426002502,2.0,,training
Inf-Net_DP_Morph,LungInfection,True,nsgd,200.0,True,close,5,0.0001,24,2,70,6.180677890777588,447.6925187110901,2.0,,training
Inf-Net_DP_Morph,LungInfection,True,nsgd,200.0,True,close,7,0.0001,24,1,70,5.914735794067383,533.0891737937927,2.0,,training
Inf-Net_DP_Morph,LungInfection,True,nsgd,200.0,True,close,7,0.0001,24,2,70,5.815964698791504,457.4271972179413,2.0,,training
Inf-Net_DP_Morph,LungInfection,True,nsgd,200.0,True,close,9,0.0001,24,1,70,5.928264617919922,560.6743919849396,2.0,,training
Inf-Net_DP_Morph,LungInfection,True,nsgd,200.0,True,close,9,0.0001,24,2,70,6.046738624572754,453.2291357517242,2.0,,training
Inf-Net_DP_Morph,LungInfection,True,nsgd,200.0,True,open,3,0.0001,24,1,70,5.873193740844727,542.2038097381592,2.0,,training
Inf-Net_DP_Morph,LungInfection,True,nsgd,200.0,True,open,3,0.0001,24,2,70,5.827938079833984,514.3613193035126,2.0,,training
Inf-Net_DP_Morph,LungInfection,True,nsgd,200.0,True,open,5,0.0001,24,1,70,6.008852958679199,519.4473221302032,2.0,,training
Inf-Net_DP_Morph,LungInfection,True,nsgd,200.0,True,open,5,0.0001,24,2,70,5.969020366668701,512.2913835048676,2.0,,training
Inf-Net_DP_Morph,LungInfection,True,nsgd,200.0,True,open,7,0.0001,24,1,70,5.917713165283203,543.0952622890472,2.0,,training
Inf-Net_DP_Morph,LungInfection,True,nsgd,200.0,True,open,7,0.0001,24,2,70,5.9278974533081055,424.8014619350433,2.0,,training
Inf-Net_DP_Morph,LungInfection,True,nsgd,200.0,True,open,9,0.0001,24,1,70,5.981405258178711,553.2234859466553,2.0,,training
Inf-Net_DP_Morph,LungInfection,True,nsgd,200.0,True,open,9,0.0001,24,2,70,6.083439826965332,429.2251138687134,2.0,,training
Inf-Net_DP_Morph,LungInfection,True,psac,200.0,True,both,3,0.0001,24,1,70,5.420211791992188,549.6393835544586,2.0,,training
Inf-Net_DP_Morph,LungInfection,True,psac,200.0,True,both,3,0.0001,24,2,70,5.475523471832275,465.63812136650085,2.0,,training
Inf-Net_DP_Morph,LungInfection,True,psac,200.0,True,both,5,0.0001,24,1,70,5.530813217163086,557.7834596633911,2.0,,training
Inf-Net_DP_Morph,LungInfection,True,psac,200.0,True,both,5,0.0001,24,2,70,5.497995853424072,478.1601285934448,2.0,,training
Inf-Net_DP_Morph,LungInfection,True,psac,200.0,True,both,7,0.0001,24,1,70,5.527199745178223,549.7105193138123,2.0,,training
Inf-Net_DP_Morph,LungInfection,True,psac,200.0,True,both,7,0.0001,24,2,70,5.427882194519043,544.2094988822937,2.0,,training
Inf-Net_DP_Morph,LungInfection,True,psac,200.0,True,both,9,0.0001,24,1,70,5.572282791137695,582.0146293640137,2.0,,training
Inf-Net_DP_Morph,LungInfection,True,psac,200.0,True,both,9,0.0001,24,2,70,5.429502010345459,555.5086076259613,2.0,,training
Inf-Net_DP_Morph,LungInfection,True,psac,200.0,True,close,3,0.0001,24,1,70,5.452485084533691,544.507196187973,2.0,,training
Inf-Net_DP_Morph,LungInfection,True,psac,200.0,True,close,3,0.0001,24,2,70,5.4101972579956055,424.46744298934937,2.0,,training
Inf-Net_DP_Morph,LungInfection,True,psac,200.0,True,close,5,0.0001,24,1,70,5.357142448425293,549.2114808559418,2.0,,training
Inf-Net_DP_Morph,LungInfection,True,psac,200.0,True,close,5,0.0001,24,2,70,5.515110969543457,438.9253294467926,2.0,,training
Inf-Net_DP_Morph,LungInfection,True,psac,200.0,True,close,7,0.0001,24,1,70,5.4272332191467285,551.7884497642517,2.0,,training
Inf-Net_DP_Morph,LungInfection,True,psac,200.0,True,close,7,0.0001,24,2,70,5.448502540588379,485.4583828449249,2.0,,training
Inf-Net_DP_Morph,LungInfection,True,psac,200.0,True,close,9,0.0001,24,1,70,5.445137977600098,557.4546084403992,2.0,,training
Inf-Net_DP_Morph,LungInfection,True,psac,200.0,True,close,9,0.0001,24,2,70,5.415647506713867,447.8104417324066,2.0,,training
Inf-Net_DP_Morph,LungInfection,True,psac,200.0,True,open,3,0.0001,24,1,70,5.395109176635742,547.5542051792145,2.0,,training
Inf-Net_DP_Morph,LungInfection,True,psac,200.0,True,open,3,0.0001,24,2,70,5.412308216094971,518.4591948986053,2.0,,training
Inf-Net_DP_Morph,LungInfection,True,psac,200.0,True,open,5,0.0001,24,1,70,5.453845977783203,548.5730926990509,2.0,,training
Inf-Net_DP_Morph,LungInfection,True,psac,200.0,True,open,5,0.0001,24,2,70,5.50969934463501,421.1962816715241,2.0,,training
Inf-Net_DP_Morph,LungInfection,True,psac,200.0,True,open,7,0.0001,24,1,70,5.552009105682373,548.0408458709717,2.0,,training
Inf-Net_DP_Morph,LungInfection,True,psac,200.0,True,open,7,0.0001,24,2,70,5.372239112854004,500.1590790748596,2.0,,training
Inf-Net_DP_Morph,LungInfection,True,psac,200.0,True,open,9,0.0001,24,1,70,5.52984094619751,534.7971141338348,2.0,,training
Inf-Net_DP_Morph,LungInfection,True,psac,200.0,True,open,9,0.0001,24,2,70,5.504312515258789,509.45944690704346,2.0,,training
Inf-Net_DP_Morph,LungInfection,True,automatic,8.0,True,both,5,0.0001,48,1,70,6.689484119415283,328.31825375556946,1.2,,training
Inf-Net_DP_Morph,LungInfection,True,automatic,8.0,True,both,5,0.0001,48,2,70,6.730586051940918,313.61937260627747,1.2,,training
Inf-Net_DP_Morph,LungInfection,True,automatic,8.0,True,both,7,0.0001,48,1,70,6.599297523498535,331.4683165550232,1.2,,training
Inf-Net_DP_Morph,LungInfection,True,automatic,8.0,True,both,7,0.0001,48,2,70,6.609348297119141,334.1371371746063,1.2,,training
Inf-Net_DP_Morph,LungInfection,True,automatic,8.0,True,both,9,0.0001,48,1,70,6.59262752532959,343.4593958854676,1.2,,training
Inf-Net_DP_Morph,LungInfection,True,automatic,8.0,True,both,9,0.0001,48,2,70,6.69453239440918,332.9643700122833,1.2,,training
Inf-Net_DP_Morph,LungInfection,True,automatic,8.0,True,close,3,0.0001,48,1,70,6.504741668701172,310.7908203601837,1.2,,training
Inf-Net_DP_Morph,LungInfection,True,automatic,8.0,True,close,3,0.0001,48,2,70,6.560263633728027,240.032710313797,1.2,,training
Inf-Net_DP_Morph,LungInfection,True,automatic,8.0,True,close,9,0.0001,48,1,70,6.684593677520752,320.1008052825928,1.2,,training
Inf-Net_DP_Morph,LungInfection,True,automatic,8.0,True,close,9,0.0001,48,2,70,6.6177473068237305,322.79290199279785,1.2,,training
Inf-Net_DP_Morph,LungInfection,True,automatic,8.0,True,open,3,0.0001,48,1,70,6.592077255249023,309.74784445762634,1.2,,training
Inf-Net_DP_Morph,LungInfection,True,automatic,8.0,True,open,3,0.0001,48,2,70,6.569873809814453,240.39077806472775,1.2,,training
Inf-Net_DP_Morph,LungInfection,True,automatic,8.0,True,open,5,0.0001,48,1,70,6.638944625854492,315.72269320487976,1.2,,training
Inf-Net_DP_Morph,LungInfection,True,automatic,8.0,True,open,5,0.0001,48,2,70,6.640866279602051,245.60119700431824,1.2,,training
Inf-Net_DP_Morph,LungInfection,True,automatic,8.0,True,open,7,0.0001,48,1,70,6.586103439331055,319.6770372390747,1.2,,training
Inf-Net_DP_Morph,LungInfection,True,automatic,8.0,True,open,7,0.0001,48,2,70,6.599817276000977,310.7027003765106,1.2,,training
Inf-Net_DP_Morph,LungInfection,True,automatic,8.0,True,open,9,0.0001,48,1,70,6.479528903961182,325.2644944190979,1.2,,training
Inf-Net_DP_Morph,LungInfection,True,automatic,8.0,True,open,9,0.0001,48,2,70,6.61695671081543,328.452671289444,1.2,,training
Inf-Net_DP_Morph,LungInfection,True,base,8.0,True,both,3,0.0001,48,1,70,6.564987182617188,311.41551303863525,1.2,,training
Inf-Net_DP_Morph,LungInfection,True,base,8.0,True,both,3,0.0001,48,2,70,6.634546279907227,245.611843585968,1.2,,training
Inf-Net_DP_Morph,LungInfection,True,base,8.0,True,both,5,0.0001,48,1,70,6.558506011962891,325.89301085472107,1.2,,training
Inf-Net_DP_Morph,LungInfection,True,base,8.0,True,both,5,0.0001,48,2,70,6.527451515197754,310.5244779586792,1.2,,training
Inf-Net_DP_Morph,LungInfection,True,base,8.0,True,both,7,0.0001,48,1,70,6.787302017211914,328.7401156425476,1.2,,training
Inf-Net_DP_Morph,LungInfection,True,base,8.0,True,both,7,0.0001,48,2,70,6.6648268699646,333.600204706192,1.2,,training
Inf-Net_DP_Morph,LungInfection,True,base,8.0,True,both,9,0.0001,48,1,70,6.56107234954834,347.4333531856537,1.2,,training
Inf-Net_DP_Morph,LungInfection,True,base,8.0,True,both,9,0.0001,48,2,70,6.61573600769043,331.9938535690308,1.2,,training
Inf-Net_DP_Morph,LungInfection,True,base,8.0,True,close,3,0.0001,48,1,70,6.642738342285156,315.58661556243896,1.2,,training
Inf-Net_DP_Morph,LungInfection,True,base,8.0,True,close,3,0.0001,48,2,70,6.6339640617370605,248.7352728843689,1.2,,training
Inf-Net_DP_Morph,LungInfection,True,base,8.0,True,close,5,0.0001,48,1,70,6.6594438552856445,313.7224600315094,1.2,,training
Inf-Net_DP_Morph,LungInfection,True,base,8.0,True,close,5,0.0001,48,2,70,6.629445552825928,255.49596762657168,1.2,,training
Inf-Net_DP_Morph,LungInfection,True,base,8.0,True,close,7,0.0001,48,1,70,6.668384552001953,318.11799931526184,1.2,,training
Inf-Net_DP_Morph,LungInfection,True,base,8.0,True,close,7,0.0001,48,2,70,6.714739799499512,250.43188786506653,1.2,,training
Inf-Net_DP_Morph,LungInfection,True,base,8.0,True,close,9,0.0001,48,1,70,6.700764656066895,325.69380950927734,1.2,,training
Inf-Net_DP_Morph,LungInfection,True,base,8.0,True,close,9,0.0001,48,2,70,6.658046722412109,331.8541171550751,1.2,,training
Inf-Net_DP_Morph,LungInfection,True,base,8.0,True,open,3,0.0001,48,1,70,6.673111438751221,309.7149896621704,1.2,,training
Inf-Net_DP_Morph,LungInfection,True,base,8.0,True,open,3,0.0001,48,2,70,6.653866291046143,249.6361904144287,1.2,,training
Inf-Net_DP_Morph,LungInfection,True,base,8.0,True,open,5,0.0001,48,1,70,6.580107688903809,310.3691177368164,1.2,,training
Inf-Net_DP_Morph,LungInfection,True,base,8.0,True,open,5,0.0001,48,2,70,6.598596572875977,253.22374367713928,1.2,,training
Inf-Net_DP_Morph,LungInfection,True,base,8.0,True,open,7,0.0001,48,1,70,6.543402194976807,319.96189761161804,1.2,,training
Inf-Net_DP_Morph,LungInfection,True,base,8.0,True,open,7,0.0001,48,2,70,6.717292308807373,309.1656665802002,1.2,,training
Inf-Net_DP_Morph,LungInfection,True,base,8.0,True,open,9,0.0001,48,1,70,6.7363481521606445,326.92673349380493,1.2,,training
Inf-Net_DP_Morph,LungInfection,True,base,8.0,True,open,9,0.0001,48,2,70,6.714505195617676,325.8068950176239,1.2,,training
Inf-Net_DP_Morph,LungInfection,True,nsgd,8.0,True,both,5,0.0001,48,1,70,6.789975166320801,326.97358870506287,1.2,,training
Inf-Net_DP_Morph,LungInfection,True,nsgd,8.0,True,both,5,0.0001,48,2,70,6.7115325927734375,322.29129791259766,1.2,,training
Inf-Net_DP_Morph,LungInfection,True,nsgd,8.0,True,both,7,0.0001,48,1,70,6.660465717315674,329.49192571640015,1.2,,training
Inf-Net_DP_Morph,LungInfection,True,nsgd,8.0,True,both,7,0.0001,48,2,70,6.683811187744141,318.17103719711304,1.2,,training
Inf-Net_DP_Morph,LungInfection,True,nsgd,8.0,True,both,9,0.0001,48,1,70,6.620609283447266,342.3948657512665,1.2,,training
Inf-Net_DP_Morph,LungInfection,True,nsgd,8.0,True,both,9,0.0001,48,2,70,6.715109825134277,338.0332455635071,1.2,,training
Inf-Net_DP_Morph,LungInfection,True,nsgd,8.0,True,close,3,0.0001,48,1,70,6.732150077819824,315.3900058269501,1.2,,training
Inf-Net_DP_Morph,LungInfection,True,nsgd,8.0,True,close,3,0.0001,48,2,70,6.645977973937988,247.45160460472107,1.2,,training
Inf-Net_DP_Morph,LungInfection,True,nsgd,8.0,True,close,5,0.0001,48,1,70,6.5827178955078125,316.94321727752686,1.2,,training
Inf-Net_DP_Morph,LungInfection,True,nsgd,8.0,True,close,5,0.0001,48,2,70,6.691771030426025,251.6943745613098,1.2,,training
Inf-Net_DP_Morph,LungInfection,True,nsgd,8.0,True,close,9,0.0001,48,1,70,6.552364826202393,323.36674213409424,1.2,,training
Inf-Net_DP_Morph,LungInfection,True,nsgd,8.0,True,close,9,0.0001,48,2,70,6.8640642166137695,321.33115577697754,1.2,,training
Inf-Net_DP_Morph,LungInfection,True,nsgd,8.0,True,open,3,0.0001,48,1,70,6.701675415039063,313.32665395736694,1.2,,training
Inf-Net_DP_Morph,LungInfection,True,nsgd,8.0,True,open,3,0.0001,48,2,70,6.700668811798096,248.6925218105316,1.2,,training
Inf-Net_DP_Morph,LungInfection,True,nsgd,8.0,True,open,5,0.0001,48,1,70,6.703190326690674,312.8365054130554,1.2,,training
Inf-Net_DP_Morph,LungInfection,True,nsgd,8.0,True,open,5,0.0001,48,2,70,6.698905944824219,254.5631775856018,1.2,,training
Inf-Net_DP_Morph,LungInfection,True,nsgd,8.0,True,open,7,0.0001,48,1,70,6.520571231842041,325.75655341148376,1.2,,training
Inf-Net_DP_Morph,LungInfection,True,nsgd,8.0,True,open,7,0.0001,48,2,70,6.751443862915039,320.1308341026306,1.2,,training
Inf-Net_DP_Morph,LungInfection,True,nsgd,8.0,True,open,9,0.0001,48,1,70,6.793215274810791,321.3907537460327,1.2,,training
Inf-Net_DP_Morph,LungInfection,True,nsgd,8.0,True,open,9,0.0001,48,2,70,6.5703654289245605,326.779634475708,1.2,,training
Inf-Net_DP_Morph,LungInfection,True,psac,8.0,True,both,5,0.0001,48,1,70,6.772402286529541,325.4098122119904,1.2,,training
Inf-Net_DP_Morph,LungInfection,True,psac,8.0,True,both,5,0.0001,48,2,70,6.479049682617188,315.5478422641754,1.2,,training
Inf-Net_DP_Morph,LungInfection,True,psac,8.0,True,both,7,0.0001,48,1,70,6.779726982116699,335.27016615867615,1.2,,training
Inf-Net_DP_Morph,LungInfection,True,psac,8.0,True,both,7,0.0001,48,2,70,6.679549217224121,323.6075870990753,1.2,,training
Inf-Net_DP_Morph,LungInfection,True,psac,8.0,True,both,9,0.0001,48,1,70,6.607020378112793,347.5836458206177,1.2,,training
Inf-Net_DP_Morph,LungInfection,True,psac,8.0,True,both,9,0.0001,48,2,70,6.605015754699707,345.3135271072388,1.2,,training
Inf-Net_DP_Morph,LungInfection,True,psac,8.0,True,close,3,0.0001,48,1,70,6.479803085327148,314.29330468177795,1.2,,training
Inf-Net_DP_Morph,LungInfection,True,psac,8.0,True,close,3,0.0001,48,2,70,6.6886372566223145,251.83345532417297,1.2,,training
Inf-Net_DP_Morph,LungInfection,True,psac,8.0,True,close,5,0.0001,48,1,70,6.757819175720215,320.78535079956055,1.2,,training
Inf-Net_DP_Morph,LungInfection,True,psac,8.0,True,close,5,0.0001,48,2,70,6.891665458679199,254.5255222320557,1.2,,training
Inf-Net_DP_Morph,LungInfection,True,psac,8.0,True,close,7,0.0001,48,1,70,6.766574382781982,329.49151134490967,1.2,,training
Inf-Net_DP_Morph,LungInfection,True,psac,8.0,True,close,7,0.0001,48,2,70,6.7197699546813965,323.72567200660706,1.2,,training
Inf-Net_DP_Morph,LungInfection,True,psac,8.0,True,close,9,0.0001,48,1,70,6.705231666564941,329.8058822154999,1.2,,training
Inf-Net_DP_Morph,LungInfection,True,psac,8.0,True,close,9,0.0001,48,2,70,6.856382369995117,329.53049993515015,1.2,,training
Inf-Net_DP_Morph,LungInfection,True,psac,8.0,True,open,5,0.0001,48,1,70,6.802329063415527,323.90638399124146,1.2,,training
Inf-Net_DP_Morph,LungInfection,True,psac,8.0,True,open,5,0.0001,48,2,70,6.741157531738281,263.744158744812,1.2,,training
Inf-Net_DP_Morph,LungInfection,True,psac,8.0,True,open,7,0.0001,48,1,70,6.702198028564453,325.88553047180176,1.2,,training
Inf-Net_DP_Morph,LungInfection,True,psac,8.0,True,open,7,0.0001,48,2,70,6.485213756561279,317.71534037590027,1.2,,training
Inf-Net_DP_Morph,LungInfection,True,psac,8.0,True,open,9,0.0001,48,1,70,6.571629524230957,338.4290819168091,1.2,,training
Inf-Net_DP_Morph,LungInfection,True,psac,8.0,True,open,9,0.0001,48,2,70,6.681431770324707,323.8208565711975,1.2,,training
Inf-Net_DP_Morph,LungInfection,True,automatic,8.0,True,both,3,0.0001,48,1,70,6.7637248039245605,307.8941164016724,1.5,,training
Inf-Net_DP_Morph,LungInfection,True,automatic,8.0,True,both,3,0.0001,48,2,70,6.703283309936523,241.48043417930603,1.5,,training
Inf-Net_DP_Morph,LungInfection,True,automatic,8.0,True,close,3,0.0001,48,1,70,6.773530960083008,317.3370656967163,1.5,,training
Inf-Net_DP_Morph,LungInfection,True,automatic,8.0,True,close,3,0.0001,48,2,70,6.717067718505859,240.3117618560791,1.5,,training
Inf-Net_DP_Morph,LungInfection,True,automatic,8.0,True,close,5,0.0001,48,1,70,6.827851295471191,311.55490016937256,1.5,,training
Inf-Net_DP_Morph,LungInfection,True,automatic,8.0,True,close,5,0.0001,48,2,70,6.673793792724609,242.5895779132843,1.5,,training
Inf-Net_DP_Morph,LungInfection,True,automatic,8.0,True,close,7,0.0001,48,1,70,6.811276912689209,320.39407992362976,1.5,,training
Inf-Net_DP_Morph,LungInfection,True,automatic,8.0,True,close,7,0.0001,48,2,70,6.632946014404297,249.48603868484497,1.5,,training
Inf-Net_DP_Morph,LungInfection,True,automatic,8.0,True,open,3,0.0001,48,1,70,6.467828750610352,315.44919872283936,1.5,,training
Inf-Net_DP_Morph,LungInfection,True,automatic,8.0,True,open,3,0.0001,48,2,70,6.66991662979126,245.3299510478973,1.5,,training
Inf-Net_DP_Morph,LungInfection,True,automatic,8.0,True,open,5,0.0001,48,1,70,6.648838996887207,318.50271582603455,1.5,,training
Inf-Net_DP_Morph,LungInfection,True,automatic,8.0,True,open,5,0.0001,48,2,70,6.593536376953125,251.08585143089292,1.5,,training
Inf-Net_DP_Morph,LungInfection,True,base,8.0,True,both,3,0.0001,48,1,70,6.7285661697387695,314.7571167945862,1.5,,training
Inf-Net_DP_Morph,LungInfection,True,base,8.0,True,both,3,0.0001,48,2,70,6.579894065856934,254.2366144657135,1.5,,training
Inf-Net_DP_Morph,LungInfection,True,base,8.0,True,close,3,0.0001,48,1,70,6.810666561126709,316.32306480407715,1.5,,training
Inf-Net_DP_Morph,LungInfection,True,base,8.0,True,close,3,0.0001,48,2,70,6.740108966827393,242.9195621013641,1.5,,training
Inf-Net_DP_Morph,LungInfection,True,base,8.0,True,close,5,0.0001,48,1,70,6.521460056304932,315.6857879161835,1.5,,training
Inf-Net_DP_Morph,LungInfection,True,base,8.0,True,close,5,0.0001,48,2,70,6.808105945587158,248.04956674575809,1.5,,training
Inf-Net_DP_Morph,LungInfection,True,base,8.0,True,close,7,0.0001,48,1,70,6.723001480102539,317.2824695110321,1.5,,training
Inf-Net_DP_Morph,LungInfection,True,base,8.0,True,close,7,0.0001,48,2,70,6.740251541137695,247.99433088302607,1.5,,training
Inf-Net_DP_Morph,LungInfection,True,base,8.0,True,open,3,0.0001,48,1,70,6.746871471405029,311.55125308036804,1.5,,training
Inf-Net_DP_Morph,LungInfection,True,base,8.0,True,open,3,0.0001,48,2,70,6.686376571655273,243.5016181468964,1.5,,training
Inf-Net_DP_Morph,LungInfection,True,base,8.0,True,open,5,0.0001,48,1,70,6.559466361999512,320.39384937286377,1.5,,training
Inf-Net_DP_Morph,LungInfection,True,base,8.0,True,open,5,0.0001,48,2,70,6.532816410064697,241.84012293815613,1.5,,training
Inf-Net_DP_Morph,LungInfection,True,nsgd,8.0,True,both,3,0.0001,48,1,70,6.730999946594238,317.83625769615173,1.5,,training
Inf-Net_DP_Morph,LungInfection,True,nsgd,8.0,True,both,3,0.0001,48,2,70,6.832966327667236,247.91350865364075,1.5,,training
Inf-Net_DP_Morph,LungInfection,True,nsgd,8.0,True,close,3,0.0001,48,1,70,6.622710704803467,310.66643047332764,1.5,,training
Inf-Net_DP_Morph,LungInfection,True,nsgd,8.0,True,close,3,0.0001,48,2,70,6.768641471862793,239.8760814666748,1.5,,training
Inf-Net_DP_Morph,LungInfection,True,nsgd,8.0,True,close,5,0.0001,48,1,70,6.763062477111816,313.52813482284546,1.5,,training
Inf-Net_DP_Morph,LungInfection,True,nsgd,8.0,True,close,5,0.0001,48,2,70,6.709857940673828,249.03625893592837,1.5,,training
Inf-Net_DP_Morph,LungInfection,True,nsgd,8.0,True,open,3,0.0001,48,1,70,6.863498687744141,312.3301296234131,1.5,,training
Inf-Net_DP_Morph,LungInfection,True,nsgd,8.0,True,open,3,0.0001,48,2,70,6.761062145233154,235.0143859386444,1.5,,training
Inf-Net_DP_Morph,LungInfection,True,nsgd,8.0,True,open,5,0.0001,48,1,70,6.806253433227539,318.5865821838379,1.5,,training
Inf-Net_DP_Morph,LungInfection,True,nsgd,8.0,True,open,5,0.0001,48,2,70,6.793903350830078,240.65827107429504,1.5,,training
Inf-Net_DP_Morph,LungInfection,True,psac,8.0,True,both,3,0.0001,48,1,70,6.751657485961914,319.6914980411529,1.5,,training
Inf-Net_DP_Morph,LungInfection,True,psac,8.0,True,both,3,0.0001,48,2,70,6.766396522521973,253.5201032161713,1.5,,training
Inf-Net_DP_Morph,LungInfection,True,psac,8.0,True,close,3,0.0001,48,1,70,6.748103141784668,318.8411843776703,1.5,,training
Inf-Net_DP_Morph,LungInfection,True,psac,8.0,True,close,3,0.0001,48,2,70,6.478889465332031,247.46461129188535,1.5,,training
Inf-Net_DP_Morph,LungInfection,True,psac,8.0,True,close,5,0.0001,48,1,70,6.647371292114258,319.9428970813751,1.5,,training
Inf-Net_DP_Morph,LungInfection,True,psac,8.0,True,close,5,0.0001,48,2,70,6.67716121673584,250.12986969947812,1.5,,training
Inf-Net_DP_Morph,LungInfection,True,psac,8.0,True,open,3,0.0001,48,1,70,6.582284927368164,317.941570520401,1.5,,training
Inf-Net_DP_Morph,LungInfection,True,psac,8.0,True,open,3,0.0001,48,2,70,6.544707775115967,237.14341115951535,1.5,,training
Inf-Net_DP_Morph,LungInfection,True,psac,8.0,True,open,5,0.0001,48,1,70,6.771746635437012,321.06576800346375,1.5,,training
Inf-Net_DP_Morph,LungInfection,True,psac,8.0,True,open,5,0.0001,48,2,70,6.565787315368652,243.755047082901,1.5,,training
Inf-Net_DP_Morph,LungInfection,True,automatic,8.0,True,both,3,0.0001,48,1,70,6.613569259643555,317.381067276001,2.0,,training
Inf-Net_DP_Morph,LungInfection,True,automatic,8.0,True,both,3,0.0001,48,2,70,6.621000289916992,250.7145960330963,2.0,,training
Inf-Net_DP_Morph,LungInfection,True,automatic,8.0,True,close,3,0.0001,48,1,70,6.525242328643799,307.0538158416748,2.0,,training
Inf-Net_DP_Morph,LungInfection,True,automatic,8.0,True,close,3,0.0001,48,2,70,6.751961708068848,239.48282718658447,2.0,,training
Inf-Net_DP_Morph,LungInfection,True,automatic,8.0,True,close,5,0.0001,48,1,70,6.619563102722168,320.44055247306824,2.0,,training
Inf-Net_DP_Morph,LungInfection,True,automatic,8.0,True,close,5,0.0001,48,2,70,6.671102523803711,245.04904079437256,2.0,,training
Inf-Net_DP_Morph,LungInfection,True,automatic,8.0,True,open,3,0.0001,48,1,70,6.776610374450684,309.735808134079,2.0,,training
Inf-Net_DP_Morph,LungInfection,True,automatic,8.0,True,open,3,0.0001,48,2,70,6.7869133949279785,247.6707320213318,2.0,,training
Inf-Net_DP_Morph,LungInfection,True,automatic,8.0,True,open,5,0.0001,48,1,70,6.644867420196533,313.87286138534546,2.0,,training
Inf-Net_DP_Morph,LungInfection,True,automatic,8.0,True,open,5,0.0001,48,2,70,6.630640506744385,249.952241897583,2.0,,training
Inf-Net_DP_Morph,LungInfection,True,base,8.0,True,both,3,0.0001,48,1,70,6.618911743164063,317.6152722835541,2.0,,training
Inf-Net_DP_Morph,LungInfection,True,base,8.0,True,both,3,0.0001,48,2,70,6.910910129547119,247.04421710968015,2.0,,training
Inf-Net_DP_Morph,LungInfection,True,base,8.0,True,close,3,0.0001,48,1,70,6.6210479736328125,307.2696866989136,2.0,,training
Inf-Net_DP_Morph,LungInfection,True,base,8.0,True,close,3,0.0001,48,2,70,6.647674083709717,243.94952726364136,2.0,,training
Inf-Net_DP_Morph,LungInfection,True,base,8.0,True,open,3,0.0001,48,1,70,6.644584655761719,310.3619062900543,2.0,,training
Inf-Net_DP_Morph,LungInfection,True,base,8.0,True,open,3,0.0001,48,2,70,6.553966522216797,245.96944069862369,2.0,,training
Inf-Net_DP_Morph,LungInfection,True,base,8.0,True,open,5,0.0001,48,1,70,6.743044376373291,316.1330318450928,2.0,,training
Inf-Net_DP_Morph,LungInfection,True,base,8.0,True,open,5,0.0001,48,2,70,6.689866065979004,244.38574934005737,2.0,,training
Inf-Net_DP_Morph,LungInfection,True,nsgd,8.0,True,close,3,0.0001,48,1,70,6.853501319885254,318.0745804309845,2.0,,training
Inf-Net_DP_Morph,LungInfection,True,nsgd,8.0,True,close,3,0.0001,48,2,70,6.722827434539795,252.93979382514956,2.0,,training
Inf-Net_DP_Morph,LungInfection,True,nsgd,8.0,True,close,5,0.0001,48,1,70,6.891873359680176,321.5021162033081,2.0,,training
Inf-Net_DP_Morph,LungInfection,True,nsgd,8.0,True,close,5,0.0001,48,2,70,6.855682373046875,247.48623538017276,2.0,,training
Inf-Net_DP_Morph,LungInfection,True,nsgd,8.0,True,close,7,0.0001,48,1,70,7.02425479888916,323.316778421402,2.0,,training
Inf-Net_DP_Morph,LungInfection,True,nsgd,8.0,True,close,7,0.0001,48,2,70,7.080902099609375,248.48708820343015,2.0,,training
Inf-Net_DP_Morph,LungInfection,True,nsgd,8.0,True,open,3,0.0001,48,1,70,6.826658248901367,312.2512209415436,2.0,,training
Inf-Net_DP_Morph,LungInfection,True,nsgd,8.0,True,open,3,0.0001,48,2,70,6.765731334686279,244.4110405445099,2.0,,training
Inf-Net_DP_Morph,LungInfection,True,nsgd,8.0,True,open,5,0.0001,48,1,70,6.8779296875,313.4599630832672,2.0,,training
Inf-Net_DP_Morph,LungInfection,True,nsgd,8.0,True,open,5,0.0001,48,2,70,6.824110984802246,251.4013180732727,2.0,,training
Inf-Net_DP_Morph,LungInfection,True,psac,8.0,True,both,3,0.0001,48,1,70,6.691174507141113,323.1439244747162,2.0,,training
Inf-Net_DP_Morph,LungInfection,True,psac,8.0,True,both,3,0.0001,48,2,70,6.755348205566406,248.30568647384644,2.0,,training
Inf-Net_DP_Morph,LungInfection,True,psac,8.0,True,close,3,0.0001,48,1,70,6.721180438995361,324.78814005851746,2.0,,training
Inf-Net_DP_Morph,LungInfection,True,psac,8.0,True,close,3,0.0001,48,2,70,6.636519432067871,246.65492010116577,2.0,,training
Inf-Net_DP_Morph,LungInfection,True,psac,8.0,True,close,5,0.0001,48,1,70,6.535439014434815,318.6031575202942,2.0,,training
Inf-Net_DP_Morph,LungInfection,True,psac,8.0,True,close,5,0.0001,48,2,70,6.799936771392822,248.39128184318545,2.0,,training
Inf-Net_DP_Morph,LungInfection,True,psac,8.0,True,open,3,0.0001,48,1,70,6.567592620849609,319.5592317581177,2.0,,training
Inf-Net_DP_Morph,LungInfection,True,psac,8.0,True,open,3,0.0001,48,2,70,6.643409252166748,243.08458733558652,2.0,,training
Inf-Net_DP_Morph,LungInfection,True,psac,8.0,True,open,5,0.0001,48,1,70,6.566367149353027,325.5498192310333,2.0,,training
Inf-Net_DP_Morph,LungInfection,True,psac,8.0,True,open,5,0.0001,48,2,70,6.690178871154785,248.9281120300293,2.0,,training
Inf-Net_DP_Morph,LungInfection,True,automatic,200.0,True,both,3,0.0001,48,1,70,5.379905700683594,451.1367039680481,1.2,,training
Inf-Net_DP_Morph,LungInfection,True,automatic,200.0,True,both,3,0.0001,48,2,70,5.615550518035889,375.0846519470215,1.2,,training
Inf-Net_DP_Morph,LungInfection,True,automatic,200.0,True,both,5,0.0001,48,1,70,5.609375953674316,436.6177237033844,1.2,,training
Inf-Net_DP_Morph,LungInfection,True,automatic,200.0,True,both,5,0.0001,48,2,70,5.488154411315918,428.2533748149872,1.2,,training
Inf-Net_DP_Morph,LungInfection,True,automatic,200.0,True,both,7,0.0001,48,1,70,5.520992755889893,464.31120705604553,1.2,,training
Inf-Net_DP_Morph,LungInfection,True,automatic,200.0,True,both,7,0.0001,48,2,70,5.372910022735596,484.7263314723969,1.2,,training
Inf-Net_DP_Morph,LungInfection,True,automatic,200.0,True,both,9,0.0001,48,1,70,5.384657859802246,475.6672055721283,1.2,,training
Inf-Net_DP_Morph,LungInfection,True,automatic,200.0,True,both,9,0.0001,48,2,70,5.532537460327148,468.54267501831055,1.2,,training
Inf-Net_DP_Morph,LungInfection,True,automatic,200.0,True,close,3,0.0001,48,1,70,5.46150541305542,440.1776919364929,1.2,,training
Inf-Net_DP_Morph,LungInfection,True,automatic,200.0,True,close,3,0.0001,48,2,70,5.398938179016113,370.193305015564,1.2,,training
Inf-Net_DP_Morph,LungInfection,True,automatic,200.0,True,close,5,0.0001,48,1,70,5.505856990814209,451.713787317276,1.2,,training
Inf-Net_DP_Morph,LungInfection,True,automatic,200.0,True,close,5,0.0001,48,2,70,5.575387954711914,378.2387647628784,1.2,,training
Inf-Net_DP_Morph,LungInfection,True,automatic,200.0,True,close,7,0.0001,48,1,70,5.488242149353027,445.9239284992218,1.2,,training
Inf-Net_DP_Morph,LungInfection,True,automatic,200.0,True,close,7,0.0001,48,2,70,5.547019004821777,454.2701573371887,1.2,,training
Inf-Net_DP_Morph,LungInfection,True,automatic,200.0,True,close,9,0.0001,48,1,70,5.475279808044434,444.9847428798676,1.2,,training
Inf-Net_DP_Morph,LungInfection,True,automatic,200.0,True,close,9,0.0001,48,2,70,5.380222320556641,455.818683385849,1.2,,training
Inf-Net_DP_Morph,LungInfection,True,automatic,200.0,True,open,3,0.0001,48,1,70,5.5381951332092285,445.5611634254456,1.2,,training
Inf-Net_DP_Morph,LungInfection,True,automatic,200.0,True,open,3,0.0001,48,2,70,5.588418960571289,418.8035094738007,1.2,,training
Inf-Net_DP_Morph,LungInfection,True,automatic,200.0,True,open,5,0.0001,48,1,70,5.525551795959473,450.4363555908203,1.2,,training
Inf-Net_DP_Morph,LungInfection,True,automatic,200.0,True,open,5,0.0001,48,2,70,5.518221855163574,419.3034944534302,1.2,,training
Inf-Net_DP_Morph,LungInfection,True,automatic,200.0,True,open,7,0.0001,48,1,70,5.523385047912598,451.5853681564331,1.2,,training
Inf-Net_DP_Morph,LungInfection,True,automatic,200.0,True,open,7,0.0001,48,2,70,5.648228168487549,471.8068220615387,1.2,,training
Inf-Net_DP_Morph,LungInfection,True,automatic,200.0,True,open,9,0.0001,48,1,70,5.3456878662109375,458.8543906211853,1.2,,training
Inf-Net_DP_Morph,LungInfection,True,automatic,200.0,True,open,9,0.0001,48,2,70,5.308134078979492,432.6235888004303,1.2,,training
Inf-Net_DP_Morph,LungInfection,True,base,200.0,True,both,3,0.0001,48,1,70,5.368319511413574,434.2539508342743,1.2,,training
Inf-Net_DP_Morph,LungInfection,True,base,200.0,True,both,3,0.0001,48,2,70,5.378813743591309,365.87435603141785,1.2,,training
Inf-Net_DP_Morph,LungInfection,True,base,200.0,True,both,5,0.0001,48,1,70,5.407096862792969,433.82777166366577,1.2,,training
Inf-Net_DP_Morph,LungInfection,True,base,200.0,True,both,5,0.0001,48,2,70,5.3526997566223145,469.0711905956268,1.2,,training
Inf-Net_DP_Morph,LungInfection,True,base,200.0,True,both,7,0.0001,48,1,70,5.489376068115234,463.25999426841736,1.2,,training
Inf-Net_DP_Morph,LungInfection,True,base,200.0,True,both,7,0.0001,48,2,70,5.477174282073975,459.5577175617218,1.2,,training
Inf-Net_DP_Morph,LungInfection,True,base,200.0,True,both,9,0.0001,48,1,70,5.435958385467529,482.48858284950256,1.2,,training
Inf-Net_DP_Morph,LungInfection,True,base,200.0,True,both,9,0.0001,48,2,70,5.269631385803223,498.94297313690186,1.2,,training
Inf-Net_DP_Morph,LungInfection,True,base,200.0,True,close,3,0.0001,48,1,70,5.556668758392334,451.03592109680176,1.2,,training
Inf-Net_DP_Morph,LungInfection,True,base,200.0,True,close,3,0.0001,48,2,70,5.601271629333496,368.6645851135254,1.2,,training
Inf-Net_DP_Morph,LungInfection,True,base,200.0,True,close,5,0.0001,48,1,70,5.448297500610352,452.8893175125122,1.2,,training
Inf-Net_DP_Morph,LungInfection,True,base,200.0,True,close,5,0.0001,48,2,70,5.414258003234863,416.8954679965973,1.2,,training
Inf-Net_DP_Morph,LungInfection,True,base,200.0,True,close,7,0.0001,48,1,70,5.58909797668457,445.31025314331055,1.2,,training
Inf-Net_DP_Morph,LungInfection,True,base,200.0,True,close,7,0.0001,48,2,70,5.59716796875,449.7858438491821,1.2,,training
Inf-Net_DP_Morph,LungInfection,True,base,200.0,True,close,9,0.0001,48,1,70,5.532642364501953,451.1917586326599,1.2,,training
Inf-Net_DP_Morph,LungInfection,True,base,200.0,True,close,9,0.0001,48,2,70,5.556035041809082,480.5401701927185,1.2,,training
Inf-Net_DP_Morph,LungInfection,True,base,200.0,True,open,3,0.0001,48,1,70,5.492446899414063,444.5415961742401,1.2,,training
Inf-Net_DP_Morph,LungInfection,True,base,200.0,True,open,3,0.0001,48,2,70,5.521717071533203,366.4188981056213,1.2,,training
Inf-Net_DP_Morph,LungInfection,True,base,200.0,True,open,5,0.0001,48,1,70,5.407199859619141,435.2906959056854,1.2,,training
Inf-Net_DP_Morph,LungInfection,True,base,200.0,True,open,5,0.0001,48,2,70,5.662239074707031,408.8060235977173,1.2,,training
Inf-Net_DP_Morph,LungInfection,True,base,200.0,True,open,9,0.0001,48,1,70,5.576405048370361,461.1877520084381,1.2,,training
Inf-Net_DP_Morph,LungInfection,True,base,200.0,True,open,9,0.0001,48,2,70,5.464230537414551,454.5011947154999,1.2,,training
Inf-Net_DP_Morph,LungInfection,True,nsgd,200.0,True,both,3,0.0001,48,1,70,5.723390102386475,450.35288667678833,1.2,,training
Inf-Net_DP_Morph,LungInfection,True,nsgd,200.0,True,both,3,0.0001,48,2,70,5.664670944213867,403.2681739330292,1.2,,training
Inf-Net_DP_Morph,LungInfection,True,nsgd,200.0,True,both,5,0.0001,48,1,70,5.658563613891602,458.9264748096466,1.2,,training
Inf-Net_DP_Morph,LungInfection,True,nsgd,200.0,True,both,5,0.0001,48,2,70,5.850592613220215,470.5220699310303,1.2,,training
Inf-Net_DP_Morph,LungInfection,True,nsgd,200.0,True,both,7,0.0001,48,1,70,5.593667030334473,454.0073938369751,1.2,,training
Inf-Net_DP_Morph,LungInfection,True,nsgd,200.0,True,both,7,0.0001,48,2,70,5.569201469421387,453.9305691719055,1.2,,training
Inf-Net_DP_Morph,LungInfection,True,nsgd,200.0,True,both,9,0.0001,48,1,70,5.959102630615234,467.7772889137268,1.2,,training
Inf-Net_DP_Morph,LungInfection,True,nsgd,200.0,True,both,9,0.0001,48,2,70,5.561049938201904,491.3361077308655,1.2,,training
Inf-Net_DP_Morph,LungInfection,True,nsgd,200.0,True,close,3,0.0001,48,1,70,5.612123489379883,461.2147550582886,1.2,,training
Inf-Net_DP_Morph,LungInfection,True,nsgd,200.0,True,close,3,0.0001,48,2,70,5.659395217895508,372.68985652923584,1.2,,training
Inf-Net_DP_Morph,LungInfection,True,nsgd,200.0,True,close,5,0.0001,48,1,70,5.711812496185303,440.9331088066101,1.2,,training
Inf-Net_DP_Morph,LungInfection,True,nsgd,200.0,True,close,5,0.0001,48,2,70,5.617748737335205,379.4602651596069,1.2,,training
Inf-Net_DP_Morph,LungInfection,True,nsgd,200.0,True,close,9,0.0001,48,1,70,5.548673629760742,461.08129930496216,1.2,,training
Inf-Net_DP_Morph,LungInfection,True,nsgd,200.0,True,close,9,0.0001,48,2,70,5.6139817237854,464.53865694999695,1.2,,training
Inf-Net_DP_Morph,LungInfection,True,nsgd,200.0,True,open,3,0.0001,48,1,70,5.829604625701904,428.7441790103912,1.2,,training
Inf-Net_DP_Morph,LungInfection,True,nsgd,200.0,True,open,3,0.0001,48,2,70,5.767319679260254,400.63787484169006,1.2,,training
Inf-Net_DP_Morph,LungInfection,True,nsgd,200.0,True,open,5,0.0001,48,1,70,5.668996334075928,449.992842912674,1.2,,training
Inf-Net_DP_Morph,LungInfection,True,nsgd,200.0,True,open,5,0.0001,48,2,70,5.569393157958984,360.16706585884094,1.2,,training
Inf-Net_DP_Morph,LungInfection,True,nsgd,200.0,True,open,7,0.0001,48,1,70,5.744306564331055,453.6482691764832,1.2,,training
Inf-Net_DP_Morph,LungInfection,True,nsgd,200.0,True,open,7,0.0001,48,2,70,5.60743522644043,362.01584649086,1.2,,training
Inf-Net_DP_Morph,LungInfection,True,nsgd,200.0,True,open,9,0.0001,48,1,70,5.657315254211426,461.68886709213257,1.2,,training
Inf-Net_DP_Morph,LungInfection,True,nsgd,200.0,True,open,9,0.0001,48,2,70,5.661220550537109,470.5251281261444,1.2,,training
Inf-Net_DP_Morph,LungInfection,True,psac,200.0,True,both,3,0.0001,48,1,70,5.578243732452393,440.3260545730591,1.2,,training
Inf-Net_DP_Morph,LungInfection,True,psac,200.0,True,both,3,0.0001,48,2,70,5.56779670715332,370.4262800216675,1.2,,training
Inf-Net_DP_Morph,LungInfection,True,psac,200.0,True,both,7,0.0001,48,1,70,5.609685897827148,458.56613850593567,1.2,,training
Inf-Net_DP_Morph,LungInfection,True,psac,200.0,True,both,7,0.0001,48,2,70,5.358248233795166,508.0980854034424,1.2,,training
Inf-Net_DP_Morph,LungInfection,True,psac,200.0,True,both,9,0.0001,48,1,70,5.501737117767334,480.0138342380524,1.2,,training
Inf-Net_DP_Morph,LungInfection,True,psac,200.0,True,both,9,0.0001,48,2,70,5.4586944580078125,468.3765897750855,1.2,,training
Inf-Net_DP_Morph,LungInfection,True,psac,200.0,True,close,3,0.0001,48,1,70,5.402982711791992,449.1957485675812,1.2,,training
Inf-Net_DP_Morph,LungInfection,True,psac,200.0,True,close,3,0.0001,48,2,70,5.414234161376953,351.302937746048,1.2,,training
Inf-Net_DP_Morph,LungInfection,True,psac,200.0,True,close,5,0.0001,48,1,70,5.457938194274902,449.74327063560486,1.2,,training
Inf-Net_DP_Morph,LungInfection,True,psac,200.0,True,close,5,0.0001,48,2,70,5.55344295501709,359.7165744304657,1.2,,training
Inf-Net_DP_Morph,LungInfection,True,psac,200.0,True,close,7,0.0001,48,1,70,5.5904412269592285,461.297131061554,1.2,,training
Inf-Net_DP_Morph,LungInfection,True,psac,200.0,True,close,7,0.0001,48,2,70,5.449946403503418,385.8189663887024,1.2,,training
Inf-Net_DP_Morph,LungInfection,True,psac,200.0,True,close,9,0.0001,48,1,70,5.400758743286133,461.70949363708496,1.2,,training
Inf-Net_DP_Morph,LungInfection,True,psac,200.0,True,close,9,0.0001,48,2,70,5.554989337921143,498.9494454860687,1.2,,training
Inf-Net_DP_Morph,LungInfection,True,psac,200.0,True,open,3,0.0001,48,1,70,5.429455757141113,448.6574182510376,1.2,,training
Inf-Net_DP_Morph,LungInfection,True,psac,200.0,True,open,3,0.0001,48,2,70,5.549962520599365,396.18544578552246,1.2,,training
Inf-Net_DP_Morph,LungInfection,True,psac,200.0,True,open,5,0.0001,48,1,70,5.437379837036133,451.3471024036408,1.2,,training
Inf-Net_DP_Morph,LungInfection,True,psac,200.0,True,open,5,0.0001,48,2,70,5.443686008453369,406.0229017734528,1.2,,training
Inf-Net_DP_Morph,LungInfection,True,psac,200.0,True,open,7,0.0001,48,1,70,5.408257961273193,455.0429856777191,1.2,,training
Inf-Net_DP_Morph,LungInfection,True,psac,200.0,True,open,7,0.0001,48,2,70,5.634317398071289,466.5603785514832,1.2,,training
Inf-Net_DP_Morph,LungInfection,True,psac,200.0,True,open,9,0.0001,48,1,70,5.562008857727051,460.57911944389343,1.2,,training
Inf-Net_DP_Morph,LungInfection,True,psac,200.0,True,open,9,0.0001,48,2,70,5.582332611083984,476.2676377296448,1.2,,training
Inf-Net_DP_Morph,LungInfection,True,automatic,200.0,True,both,3,0.0001,48,1,70,5.4128499031066895,433.84241104125977,1.5,,training
Inf-Net_DP_Morph,LungInfection,True,automatic,200.0,True,both,3,0.0001,48,2,70,5.52220344543457,419.8514175415039,1.5,,training
Inf-Net_DP_Morph,LungInfection,True,automatic,200.0,True,close,3,0.0001,48,1,70,5.380586624145508,448.046804189682,1.5,,training
Inf-Net_DP_Morph,LungInfection,True,automatic,200.0,True,close,3,0.0001,48,2,70,5.570208549499512,414.7080466747284,1.5,,training
Inf-Net_DP_Morph,LungInfection,True,automatic,200.0,True,close,5,0.0001,48,1,70,5.435051441192627,453.9838840961456,1.5,,training
Inf-Net_DP_Morph,LungInfection,True,automatic,200.0,True,close,5,0.0001,48,2,70,5.547616481781006,415.6829741001129,1.5,,training
Inf-Net_DP_Morph,LungInfection,True,automatic,200.0,True,open,3,0.0001,48,1,70,5.579160690307617,444.8422875404358,1.5,,training
Inf-Net_DP_Morph,LungInfection,True,automatic,200.0,True,open,3,0.0001,48,2,70,5.528007984161377,419.820461511612,1.5,,training
Inf-Net_DP_Morph,LungInfection,True,automatic,200.0,True,open,5,0.0001,48,1,70,5.569476127624512,451.1570928096771,1.5,,training
Inf-Net_DP_Morph,LungInfection,True,automatic,200.0,True,open,5,0.0001,48,2,70,5.305559158325195,361.80330634117126,1.5,,training
Inf-Net_DP_Morph,LungInfection,True,base,200.0,True,both,3,0.0001,48,1,70,5.43617057800293,443.15827107429504,1.5,,training
Inf-Net_DP_Morph,LungInfection,True,base,200.0,True,both,3,0.0001,48,2,70,5.49365234375,415.5828459262848,1.5,,training
Inf-Net_DP_Morph,LungInfection,True,base,200.0,True,close,3,0.0001,48,1,70,5.531461238861084,427.00408244133,1.5,,training
Inf-Net_DP_Morph,LungInfection,True,base,200.0,True,close,3,0.0001,48,2,70,5.482752323150635,366.8547313213349,1.5,,training
Inf-Net_DP_Morph,LungInfection,True,base,200.0,True,close,5,0.0001,48,1,70,5.429862022399902,448.787944316864,1.5,,training
Inf-Net_DP_Morph,LungInfection,True,base,200.0,True,close,5,0.0001,48,2,70,5.557808876037598,421.0163266658783,1.5,,training
Inf-Net_DP_Morph,LungInfection,True,base,200.0,True,open,3,0.0001,48,1,70,5.490336418151856,435.8944189548493,1.5,,training
Inf-Net_DP_Morph,LungInfection,True,base,200.0,True,open,3,0.0001,48,2,70,5.475193977355957,424.2003252506256,1.5,,training
Inf-Net_DP_Morph,LungInfection,True,base,200.0,True,open,5,0.0001,48,1,70,5.399274826049805,451.9389111995697,1.5,,training
Inf-Net_DP_Morph,LungInfection,True,base,200.0,True,open,5,0.0001,48,2,70,5.628320693969727,425.8018307685852,1.5,,training
Inf-Net_DP_Morph,LungInfection,True,nsgd,200.0,True,both,3,0.0001,48,1,70,5.998258590698242,429.74565863609314,1.5,,training
Inf-Net_DP_Morph,LungInfection,True,nsgd,200.0,True,both,3,0.0001,48,2,70,5.700408935546875,415.4275381565094,1.5,,training
Inf-Net_DP_Morph,LungInfection,True,nsgd,200.0,True,close,3,0.0001,48,1,70,5.809571266174316,447.0458807945252,1.5,,training
Inf-Net_DP_Morph,LungInfection,True,nsgd,200.0,True,close,3,0.0001,48,2,70,5.821303844451904,414.444034576416,1.5,,training
Inf-Net_DP_Morph,LungInfection,True,nsgd,200.0,True,close,7,0.0001,48,1,70,5.905579566955566,439.5113198757172,1.5,,training
Inf-Net_DP_Morph,LungInfection,True,nsgd,200.0,True,close,7,0.0001,48,2,70,5.6525559425354,417.403708934784,1.5,,training
Inf-Net_DP_Morph,LungInfection,True,nsgd,200.0,True,open,3,0.0001,48,1,70,5.706926345825195,444.1815404891968,1.5,,training
Inf-Net_DP_Morph,LungInfection,True,nsgd,200.0,True,open,3,0.0001,48,2,70,5.731413841247559,410.7024235725403,1.5,,training
Inf-Net_DP_Morph,LungInfection,True,nsgd,200.0,True,open,5,0.0001,48,1,70,5.868744373321533,449.5446858406067,1.5,,training
Inf-Net_DP_Morph,LungInfection,True,nsgd,200.0,True,open,5,0.0001,48,2,70,5.720476150512695,381.3768866062164,1.5,,training
Inf-Net_DP_Morph,LungInfection,True,psac,200.0,True,both,3,0.0001,48,1,70,5.509066581726074,452.2907404899597,1.5,,training
Inf-Net_DP_Morph,LungInfection,True,psac,200.0,True,both,3,0.0001,48,2,70,5.554542064666748,415.6855363845825,1.5,,training
Inf-Net_DP_Morph,LungInfection,True,psac,200.0,True,close,3,0.0001,48,1,70,5.410655498504639,439.54009985923767,1.5,,training
Inf-Net_DP_Morph,LungInfection,True,psac,200.0,True,close,3,0.0001,48,2,70,5.546802520751953,380.23312067985535,1.5,,training
Inf-Net_DP_Morph,LungInfection,True,psac,200.0,True,close,5,0.0001,48,1,70,5.4712677001953125,439.221287727356,1.5,,training
Inf-Net_DP_Morph,LungInfection,True,psac,200.0,True,close,5,0.0001,48,2,70,5.442045211791992,387.5072958469391,1.5,,training
Inf-Net_DP_Morph,LungInfection,True,automatic,200.0,True,close,3,0.0001,48,1,70,5.460790157318115,443.3588631153106,2.0,,training
Inf-Net_DP_Morph,LungInfection,True,automatic,200.0,True,close,3,0.0001,48,2,70,5.542080402374268,368.4346239566803,2.0,,training
Inf-Net_DP_Morph,LungInfection,True,automatic,200.0,True,close,5,0.0001,48,1,70,5.3906660079956055,443.91722893714905,2.0,,training
Inf-Net_DP_Morph,LungInfection,True,automatic,200.0,True,close,5,0.0001,48,2,70,5.514741897583008,370.79168343544006,2.0,,training
Inf-Net_DP_Morph,LungInfection,True,automatic,200.0,True,open,3,0.0001,48,1,70,5.489383220672607,446.2407670021057,2.0,,training
Inf-Net_DP_Morph,LungInfection,True,automatic,200.0,True,open,3,0.0001,48,2,70,5.520817756652832,359.3976221084595,2.0,,training
Inf-Net_DP_Morph,LungInfection,True,automatic,200.0,True,open,5,0.0001,48,1,70,5.438440799713135,445.3511357307434,2.0,,training
Inf-Net_DP_Morph,LungInfection,True,automatic,200.0,True,open,5,0.0001,48,2,70,5.539015293121338,405.8536326885224,2.0,,training
Inf-Net_DP_Morph,LungInfection,True,base,200.0,True,both,3,0.0001,48,1,70,5.525467872619629,451.5450792312622,2.0,,training
Inf-Net_DP_Morph,LungInfection,True,base,200.0,True,both,3,0.0001,48,2,70,5.551715850830078,377.6021957397461,2.0,,training
Inf-Net_DP_Morph,LungInfection,True,base,200.0,True,close,3,0.0001,48,1,70,5.550371170043945,438.0886855125427,2.0,,training
Inf-Net_DP_Morph,LungInfection,True,base,200.0,True,close,3,0.0001,48,2,70,5.4632720947265625,366.5534517765045,2.0,,training
Inf-Net_DP_Morph,LungInfection,True,base,200.0,True,close,5,0.0001,48,1,70,5.544490337371826,444.8573217391968,2.0,,training
Inf-Net_DP_Morph,LungInfection,True,base,200.0,True,close,5,0.0001,48,2,70,5.466026306152344,376.58168840408325,2.0,,training
Inf-Net_DP_Morph,LungInfection,True,base,200.0,True,open,3,0.0001,48,1,70,5.407445430755615,443.6437785625458,2.0,,training
Inf-Net_DP_Morph,LungInfection,True,base,200.0,True,open,3,0.0001,48,2,70,5.459257125854492,410.398729801178,2.0,,training
Inf-Net_DP_Morph,LungInfection,True,base,200.0,True,open,5,0.0001,48,1,70,5.367655277252197,446.6939857006073,2.0,,training
Inf-Net_DP_Morph,LungInfection,True,base,200.0,True,open,5,0.0001,48,2,70,5.350700855255127,423.8675065040589,2.0,,training
Inf-Net_DP_Morph,LungInfection,True,base,200.0,True,open,7,0.0001,48,1,70,5.61886739730835,442.2574560642242,2.0,,training
Inf-Net_DP_Morph,LungInfection,True,base,200.0,True,open,7,0.0001,48,2,70,5.5146965980529785,382.4645872116089,2.0,,training
Inf-Net_DP_Morph,LungInfection,True,nsgd,200.0,True,both,3,0.0001,48,1,70,5.990808486938477,445.959668636322,2.0,,training
Inf-Net_DP_Morph,LungInfection,True,nsgd,200.0,True,both,3,0.0001,48,2,70,5.907202243804932,385.6263380050659,2.0,,training
Inf-Net_DP_Morph,LungInfection,True,nsgd,200.0,True,close,3,0.0001,48,1,70,5.956455707550049,440.66040086746216,2.0,,training
Inf-Net_DP_Morph,LungInfection,True,nsgd,200.0,True,close,3,0.0001,48,2,70,6.160035133361816,383.99799704551697,2.0,,training
Inf-Net_DP_Morph,LungInfection,True,nsgd,200.0,True,close,5,0.0001,48,1,70,6.16143274307251,451.414053440094,2.0,,training
Inf-Net_DP_Morph,LungInfection,True,nsgd,200.0,True,close,5,0.0001,48,2,70,6.054305553436279,384.9499642848969,2.0,,training
Inf-Net_DP_Morph,LungInfection,True,nsgd,200.0,True,open,5,0.0001,48,1,70,5.982612609863281,442.6794581413269,2.0,,training
Inf-Net_DP_Morph,LungInfection,True,nsgd,200.0,True,open,5,0.0001,48,2,70,6.2146711349487305,412.3007674217224,2.0,,training
Inf-Net_DP_Morph,LungInfection,True,nsgd,200.0,True,open,7,0.0001,48,1,70,6.030520439147949,455.44306898117065,2.0,,training
Inf-Net_DP_Morph,LungInfection,True,nsgd,200.0,True,open,7,0.0001,48,2,70,6.006361484527588,417.75026965141296,2.0,,training
Inf-Net_DP_Morph,LungInfection,True,psac,200.0,True,both,5,0.0001,48,1,70,5.502581596374512,462.8736424446106,2.0,,training
Inf-Net_DP_Morph,LungInfection,True,psac,200.0,True,both,5,0.0001,48,2,70,5.51594877243042,392.02857398986816,2.0,,training
Inf-Net_DP_Morph,LungInfection,True,psac,200.0,True,close,3,0.0001,48,1,70,5.557567596435547,430.82825994491577,2.0,,training
Inf-Net_DP_Morph,LungInfection,True,psac,200.0,True,close,3,0.0001,48,2,70,5.453099250793457,351.95824575424194,2.0,,training
Inf-Net_DP_Morph,LungInfection,True,psac,200.0,True,close,5,0.0001,48,1,70,5.527487754821777,451.6982924938202,2.0,,training
Inf-Net_DP_Morph,LungInfection,True,psac,200.0,True,close,5,0.0001,48,2,70,5.453775882720947,419.02540850639343,2.0,,training
Inf-Net_DP_Morph,LungInfection,True,psac,200.0,True,open,3,0.0001,48,1,70,5.450691223144531,443.5430328845978,2.0,,training
Inf-Net_DP_Morph,LungInfection,True,psac,200.0,True,open,3,0.0001,48,2,70,5.4855732917785645,414.51122665405273,2.0,,training
Inf-Net_DP_Morph,LungInfection,True,psac,200.0,True,open,5,0.0001,48,1,70,5.488707542419434,456.3590030670166,2.0,,training
Inf-Net_DP_Morph,LungInfection,True,psac,200.0,True,open,5,0.0001,48,2,70,5.638938903808594,418.4102423191071,2.0,,training
