Model_Name,Dataset,DPSGD,Clipping_Strategy,Epsilon,Morphology,Operation,Kernel_Size,Learning_Rate,Batch_Size,Run_Number,Iterations,Training_Loss,Training_Time_Seconds,Max_Grad_Norm,Noise_Multiplier,Stage
UNet_DP_Morph,LungInfection,True,automatic,8.0,True,both,3,0.0001,24,1,70,1.3856967687606812,95.71980118751526,1.2,,training
UNet_DP_Morph,LungInfection,True,automatic,8.0,True,both,3,0.0001,24,2,70,1.3788981437683103,95.17097687721252,1.2,,training
UNet_DP_Morph,LungInfection,True,automatic,8.0,True,both,5,0.0001,24,1,70,1.4062780141830444,96.03950715065002,1.2,,training
UNet_DP_Morph,LungInfection,True,automatic,8.0,True,both,5,0.0001,24,2,70,1.3256747722625732,96.33914518356325,1.2,,training
UNet_DP_Morph,LungInfection,True,automatic,8.0,True,both,7,0.0001,24,1,70,1.3898872137069702,95.00470113754272,1.2,,training
UNet_DP_Morph,LungInfection,True,automatic,8.0,True,both,7,0.0001,24,2,70,1.3518083095550537,94.54023337364195,1.2,,training
UNet_DP_Morph,LungInfection,True,automatic,8.0,True,both,9,0.0001,24,1,70,1.3597863912582395,95.82124543190002,1.2,,training
UNet_DP_Morph,LungInfection,True,automatic,8.0,True,both,9,0.0001,24,2,70,1.3680787086486816,98.5964584350586,1.2,,training
UNet_DP_Morph,LungInfection,True,automatic,8.0,True,close,3,0.0001,24,1,70,1.562800407409668,94.76197528839111,1.2,,training
UNet_DP_Morph,LungInfection,True,automatic,8.0,True,close,3,0.0001,24,2,70,1.4736557006835938,92.20021176338196,1.2,,training
UNet_DP_Morph,LungInfection,True,automatic,8.0,True,close,5,0.0001,24,1,70,1.4498543739318848,96.63302421569824,1.2,,training
UNet_DP_Morph,LungInfection,True,automatic,8.0,True,close,5,0.0001,24,2,70,1.4230365753173828,93.25918507575987,1.2,,training
UNet_DP_Morph,LungInfection,True,automatic,8.0,True,close,7,0.0001,24,1,70,1.4363439083099363,95.0880844593048,1.2,,training
UNet_DP_Morph,LungInfection,True,automatic,8.0,True,close,7,0.0001,24,2,70,1.4017963409423828,92.03894472122192,1.2,,training
UNet_DP_Morph,LungInfection,True,automatic,8.0,True,close,9,0.0001,24,1,70,1.5307948589324951,97.71042728424072,1.2,,training
UNet_DP_Morph,LungInfection,True,automatic,8.0,True,close,9,0.0001,24,2,70,1.5186831951141355,94.28472661972046,1.2,,training
UNet_DP_Morph,LungInfection,True,automatic,8.0,True,open,3,0.0001,24,1,70,1.4082038402557373,93.45714616775513,1.2,,training
UNet_DP_Morph,LungInfection,True,automatic,8.0,True,open,3,0.0001,24,2,70,1.4226006269454956,91.53336310386658,1.2,,training
UNet_DP_Morph,LungInfection,True,automatic,8.0,True,open,5,0.0001,24,1,70,1.3808664083480835,92.17043709754944,1.2,,training
UNet_DP_Morph,LungInfection,True,automatic,8.0,True,open,5,0.0001,24,2,70,1.3974169492721558,93.61655259132384,1.2,,training
UNet_DP_Morph,LungInfection,True,automatic,8.0,True,open,7,0.0001,24,1,70,1.359755039215088,93.10141587257384,1.2,,training
UNet_DP_Morph,LungInfection,True,automatic,8.0,True,open,7,0.0001,24,2,70,1.3995193243026731,94.69382834434508,1.2,,training
UNet_DP_Morph,LungInfection,True,automatic,8.0,True,open,9,0.0001,24,1,70,1.34116530418396,93.87783551216124,1.2,,training
UNet_DP_Morph,LungInfection,True,automatic,8.0,True,open,9,0.0001,24,2,70,1.3387926816940308,93.04999256134032,1.2,,training
UNet_DP_Morph,LungInfection,True,base,8.0,True,both,3,0.0001,24,1,70,1.395764708518982,95.4079761505127,1.2,,training
UNet_DP_Morph,LungInfection,True,base,8.0,True,both,3,0.0001,24,2,70,1.3841780424118042,93.31015133857728,1.2,,training
UNet_DP_Morph,LungInfection,True,base,8.0,True,both,5,0.0001,24,2,70,1.3744564056396484,93.72440791130066,1.2,,training
UNet_DP_Morph,LungInfection,True,base,8.0,True,both,5,0.0001,24,1,70,1.3459324836730957,120.32809853553772,1.2,,training
UNet_DP_Morph,LungInfection,True,base,8.0,True,both,7,0.0001,24,1,70,1.3742191791534424,96.56745028495789,1.2,,training
UNet_DP_Morph,LungInfection,True,base,8.0,True,both,7,0.0001,24,2,70,1.3406985998153689,95.25607085227966,1.2,,training
UNet_DP_Morph,LungInfection,True,base,8.0,True,both,9,0.0001,24,1,70,1.4118261337280271,97.12090468406676,1.2,,training
UNet_DP_Morph,LungInfection,True,base,8.0,True,both,9,0.0001,24,2,70,1.344451665878296,97.04611849784852,1.2,,training
UNet_DP_Morph,LungInfection,True,base,8.0,True,close,3,0.0001,24,1,70,1.4699225425720217,92.71231460571288,1.2,,training
UNet_DP_Morph,LungInfection,True,base,8.0,True,close,3,0.0001,24,2,70,1.4038317203521729,90.82737636566162,1.2,,training
UNet_DP_Morph,LungInfection,True,base,8.0,True,close,5,0.0001,24,1,70,1.3972724676132202,93.19289970397948,1.2,,training
UNet_DP_Morph,LungInfection,True,base,8.0,True,close,5,0.0001,24,2,70,1.4913829565048218,91.76467657089232,1.2,,training
UNet_DP_Morph,LungInfection,True,base,8.0,True,close,7,0.0001,24,1,70,1.7058271169662476,93.80614590644836,1.2,,training
UNet_DP_Morph,LungInfection,True,base,8.0,True,close,7,0.0001,24,2,70,1.7042258977890017,95.77464318275452,1.2,,training
UNet_DP_Morph,LungInfection,True,base,8.0,True,close,9,0.0001,24,1,70,1.4686763286590576,95.85911083221436,1.2,,training
UNet_DP_Morph,LungInfection,True,base,8.0,True,close,9,0.0001,24,2,70,1.4329850673675537,93.88902688026428,1.2,,training
UNet_DP_Morph,LungInfection,True,base,8.0,True,open,3,0.0001,24,1,70,1.3815240859985352,91.46672749519348,1.2,,training
UNet_DP_Morph,LungInfection,True,base,8.0,True,open,3,0.0001,24,2,70,1.400607943534851,93.02447867393494,1.2,,training
UNet_DP_Morph,LungInfection,True,base,8.0,True,open,5,0.0001,24,1,70,1.303878664970398,96.18871068954468,1.2,,training
UNet_DP_Morph,LungInfection,True,base,8.0,True,open,5,0.0001,24,2,70,1.4046125411987305,91.75087285041808,1.2,,training
UNet_DP_Morph,LungInfection,True,base,8.0,True,open,7,0.0001,24,1,70,1.398422122001648,94.58108162879944,1.2,,training
UNet_DP_Morph,LungInfection,True,base,8.0,True,open,7,0.0001,24,2,70,1.369271159172058,121.15176749229433,1.2,,training
UNet_DP_Morph,LungInfection,True,base,8.0,True,open,9,0.0001,24,1,70,1.3897112607955933,96.16782450675964,1.2,,training
UNet_DP_Morph,LungInfection,True,base,8.0,True,open,9,0.0001,24,2,70,1.4281630516052246,121.28996753692628,1.2,,training
UNet_DP_Morph,LungInfection,True,nsgd,8.0,True,both,3,0.0001,24,1,70,1.4192323684692385,93.00585150718688,1.2,,training
UNet_DP_Morph,LungInfection,True,nsgd,8.0,True,both,3,0.0001,24,2,70,1.3779473304748535,95.7323546409607,1.2,,training
UNet_DP_Morph,LungInfection,True,nsgd,8.0,True,both,5,0.0001,24,1,70,1.4214420318603516,94.70630955696106,1.2,,training
UNet_DP_Morph,LungInfection,True,nsgd,8.0,True,both,5,0.0001,24,2,70,1.4014322757720947,94.24625515937804,1.2,,training
UNet_DP_Morph,LungInfection,True,nsgd,8.0,True,both,7,0.0001,24,1,70,1.373294711112976,95.74146556854248,1.2,,training
UNet_DP_Morph,LungInfection,True,nsgd,8.0,True,both,7,0.0001,24,2,70,1.4800806045532229,94.34738540649414,1.2,,training
UNet_DP_Morph,LungInfection,True,nsgd,8.0,True,both,9,0.0001,24,1,70,1.507552981376648,95.89064264297484,1.2,,training
UNet_DP_Morph,LungInfection,True,nsgd,8.0,True,both,9,0.0001,24,2,70,1.3702653646469116,96.59338665008544,1.2,,training
UNet_DP_Morph,LungInfection,True,nsgd,8.0,True,close,3,0.0001,24,1,70,1.5444364547729492,95.56571388244627,1.2,,training
UNet_DP_Morph,LungInfection,True,nsgd,8.0,True,close,3,0.0001,24,2,70,1.517514944076538,92.04421472549438,1.2,,training
UNet_DP_Morph,LungInfection,True,nsgd,8.0,True,close,5,0.0001,24,1,70,1.5640122890472412,95.12828373908997,1.2,,training
UNet_DP_Morph,LungInfection,True,nsgd,8.0,True,close,5,0.0001,24,2,70,1.5434794425964355,92.21447920799255,1.2,,training
UNet_DP_Morph,LungInfection,True,nsgd,8.0,True,close,7,0.0001,24,1,70,1.474241018295288,92.92102146148682,1.2,,training
UNet_DP_Morph,LungInfection,True,nsgd,8.0,True,close,7,0.0001,24,2,70,1.590323805809021,93.00954341888428,1.2,,training
UNet_DP_Morph,LungInfection,True,nsgd,8.0,True,close,9,0.0001,24,1,70,1.4581859111785889,94.6293511390686,1.2,,training
UNet_DP_Morph,LungInfection,True,nsgd,8.0,True,close,9,0.0001,24,2,70,1.5982093811035156,94.8045620918274,1.2,,training
UNet_DP_Morph,LungInfection,True,nsgd,8.0,True,open,3,0.0001,24,1,70,1.5621356964111328,92.54770231246948,1.2,,training
UNet_DP_Morph,LungInfection,True,nsgd,8.0,True,open,3,0.0001,24,2,70,1.524094820022583,93.15118980407716,1.2,,training
UNet_DP_Morph,LungInfection,True,nsgd,8.0,True,open,5,0.0001,24,1,70,1.4083349704742432,92.38551354408264,1.2,,training
UNet_DP_Morph,LungInfection,True,nsgd,8.0,True,open,5,0.0001,24,2,70,1.4820380210876465,92.13311314582825,1.2,,training
UNet_DP_Morph,LungInfection,True,nsgd,8.0,True,open,7,0.0001,24,1,70,1.4035733938217163,95.26057887077332,1.2,,training
UNet_DP_Morph,LungInfection,True,nsgd,8.0,True,open,7,0.0001,24,2,70,1.4358458518981934,92.36975288391112,1.2,,training
UNet_DP_Morph,LungInfection,True,nsgd,8.0,True,open,9,0.0001,24,1,70,1.4413235187530518,95.28279376029968,1.2,,training
UNet_DP_Morph,LungInfection,True,nsgd,8.0,True,open,9,0.0001,24,2,70,1.3848193883895874,93.68336200714111,1.2,,training
UNet_DP_Morph,LungInfection,True,psac,8.0,True,both,3,0.0001,24,1,70,1.4080734252929688,102.74421405792236,1.2,,training
UNet_DP_Morph,LungInfection,True,psac,8.0,True,both,3,0.0001,24,2,70,1.5109280347824097,101.12509870529176,1.2,,training
UNet_DP_Morph,LungInfection,True,psac,8.0,True,both,5,0.0001,24,1,70,1.540719509124756,101.95988178253174,1.2,,training
UNet_DP_Morph,LungInfection,True,psac,8.0,True,both,5,0.0001,24,2,70,1.388052463531494,102.8506166934967,1.2,,training
UNet_DP_Morph,LungInfection,True,psac,8.0,True,both,7,0.0001,24,1,70,1.316176414489746,101.76686787605286,1.2,,training
UNet_DP_Morph,LungInfection,True,psac,8.0,True,both,7,0.0001,24,2,70,1.4291906356811523,104.56875586509705,1.2,,training
UNet_DP_Morph,LungInfection,True,psac,8.0,True,both,9,0.0001,24,1,70,1.3894972801208496,105.06540274620056,1.2,,training
UNet_DP_Morph,LungInfection,True,psac,8.0,True,both,9,0.0001,24,2,70,1.4151859283447266,105.3977062702179,1.2,,training
UNet_DP_Morph,LungInfection,True,psac,8.0,True,close,3,0.0001,24,1,70,1.4526021480560305,101.54230737686156,1.2,,training
UNet_DP_Morph,LungInfection,True,psac,8.0,True,close,3,0.0001,24,2,70,1.4342658519744873,100.63358092308044,1.2,,training
UNet_DP_Morph,LungInfection,True,psac,8.0,True,close,5,0.0001,24,1,70,1.5711044073104858,101.9064884185791,1.2,,training
UNet_DP_Morph,LungInfection,True,psac,8.0,True,close,5,0.0001,24,2,70,1.5384526252746582,104.0675013065338,1.2,,training
UNet_DP_Morph,LungInfection,True,psac,8.0,True,close,7,0.0001,24,1,70,1.5721262693405151,100.6076147556305,1.2,,training
UNet_DP_Morph,LungInfection,True,psac,8.0,True,close,7,0.0001,24,2,70,1.6176822185516355,102.4042558670044,1.2,,training
UNet_DP_Morph,LungInfection,True,psac,8.0,True,close,9,0.0001,24,2,70,1.6459115743637085,107.09153532981873,1.2,,training
UNet_DP_Morph,LungInfection,True,psac,8.0,True,close,9,0.0001,24,1,70,1.5195053815841677,132.65613198280334,1.2,,training
UNet_DP_Morph,LungInfection,True,psac,8.0,True,open,3,0.0001,24,1,70,1.5169353485107422,103.54738521575928,1.2,,training
UNet_DP_Morph,LungInfection,True,psac,8.0,True,open,3,0.0001,24,2,70,1.4594392776489258,99.63141989707948,1.2,,training
UNet_DP_Morph,LungInfection,True,psac,8.0,True,open,5,0.0001,24,1,70,1.460985541343689,102.62394547462463,1.2,,training
UNet_DP_Morph,LungInfection,True,psac,8.0,True,open,5,0.0001,24,2,70,1.3877185583114624,100.06878018379211,1.2,,training
UNet_DP_Morph,LungInfection,True,psac,8.0,True,open,7,0.0001,24,2,70,1.4178322553634644,101.082759141922,1.2,,training
UNet_DP_Morph,LungInfection,True,psac,8.0,True,open,7,0.0001,24,1,70,1.4402010440826416,132.76423048973083,1.2,,training
UNet_DP_Morph,LungInfection,True,psac,8.0,True,open,9,0.0001,24,1,70,1.3578269481658936,103.43186211586,1.2,,training
UNet_DP_Morph,LungInfection,True,psac,8.0,True,open,9,0.0001,24,2,70,1.3711674213409424,101.13135862350464,1.2,,training
UNet_DP_Morph,LungInfection,True,automatic,8.0,True,both,3,0.0001,24,1,70,1.4077415466308594,94.39389300346376,1.5,,training
UNet_DP_Morph,LungInfection,True,automatic,8.0,True,both,3,0.0001,24,2,70,1.4330404996871948,117.11039233207704,1.5,,training
UNet_DP_Morph,LungInfection,True,automatic,8.0,True,both,5,0.0001,24,2,70,1.3993858098983765,96.74058842658997,1.5,,training
UNet_DP_Morph,LungInfection,True,automatic,8.0,True,both,5,0.0001,24,1,70,1.3456909656524658,122.26839852333067,1.5,,training
UNet_DP_Morph,LungInfection,True,automatic,8.0,True,both,7,0.0001,24,1,70,1.4336602687835691,97.17877745628356,1.5,,training
UNet_DP_Morph,LungInfection,True,automatic,8.0,True,both,7,0.0001,24,2,70,1.437835693359375,97.38244819641112,1.5,,training
UNet_DP_Morph,LungInfection,True,automatic,8.0,True,both,9,0.0001,24,1,70,1.3651728630065918,97.5016598701477,1.5,,training
UNet_DP_Morph,LungInfection,True,automatic,8.0,True,both,9,0.0001,24,2,70,1.3582730293273926,99.12326264381409,1.5,,training
UNet_DP_Morph,LungInfection,True,automatic,8.0,True,close,3,0.0001,24,1,70,1.600963830947876,92.03958916664124,1.5,,training
UNet_DP_Morph,LungInfection,True,automatic,8.0,True,close,3,0.0001,24,2,70,1.4729074239730835,93.68492317199708,1.5,,training
UNet_DP_Morph,LungInfection,True,automatic,8.0,True,close,5,0.0001,24,1,70,1.4029948711395264,92.78974843025208,1.5,,training
UNet_DP_Morph,LungInfection,True,automatic,8.0,True,close,5,0.0001,24,2,70,1.4850115776062012,93.03746485710144,1.5,,training
UNet_DP_Morph,LungInfection,True,automatic,8.0,True,close,7,0.0001,24,1,70,1.524298071861267,94.49035549163818,1.5,,training
UNet_DP_Morph,LungInfection,True,automatic,8.0,True,close,7,0.0001,24,2,70,1.5247273445129397,93.6190061569214,1.5,,training
UNet_DP_Morph,LungInfection,True,automatic,8.0,True,close,9,0.0001,24,1,70,1.5133440494537354,93.34232831001282,1.5,,training
UNet_DP_Morph,LungInfection,True,automatic,8.0,True,close,9,0.0001,24,2,70,1.383319854736328,92.6123707294464,1.5,,training
UNet_DP_Morph,LungInfection,True,automatic,8.0,True,open,3,0.0001,24,1,70,1.3551597595214844,92.94530487060548,1.5,,training
UNet_DP_Morph,LungInfection,True,automatic,8.0,True,open,3,0.0001,24,2,70,1.349130392074585,94.3719494342804,1.5,,training
UNet_DP_Morph,LungInfection,True,automatic,8.0,True,open,5,0.0001,24,1,70,1.3305621147155762,91.96486377716064,1.5,,training
UNet_DP_Morph,LungInfection,True,automatic,8.0,True,open,5,0.0001,24,2,70,1.33150053024292,94.69344472885132,1.5,,training
UNet_DP_Morph,LungInfection,True,automatic,8.0,True,open,7,0.0001,24,1,70,1.4010400772094729,92.61384510993958,1.5,,training
UNet_DP_Morph,LungInfection,True,automatic,8.0,True,open,7,0.0001,24,2,70,1.3500083684921265,95.2902054786682,1.5,,training
UNet_DP_Morph,LungInfection,True,automatic,8.0,True,open,9,0.0001,24,1,70,1.413883924484253,95.63087129592896,1.5,,training
UNet_DP_Morph,LungInfection,True,automatic,8.0,True,open,9,0.0001,24,2,70,1.3196477890014648,94.26926279067992,1.5,,training
UNet_DP_Morph,LungInfection,True,base,8.0,True,both,3,0.0001,24,1,70,1.374596357345581,92.86078023910522,1.5,,training
UNet_DP_Morph,LungInfection,True,base,8.0,True,both,3,0.0001,24,2,70,1.4355052709579468,92.51228833198547,1.5,,training
UNet_DP_Morph,LungInfection,True,base,8.0,True,both,5,0.0001,24,1,70,1.319676399230957,93.97535634040833,1.5,,training
UNet_DP_Morph,LungInfection,True,base,8.0,True,both,5,0.0001,24,2,70,1.4035139083862305,96.85359120368958,1.5,,training
UNet_DP_Morph,LungInfection,True,base,8.0,True,both,7,0.0001,24,1,70,1.4157066345214844,98.5039746761322,1.5,,training
UNet_DP_Morph,LungInfection,True,base,8.0,True,both,7,0.0001,24,2,70,1.400917410850525,96.34667682647704,1.5,,training
UNet_DP_Morph,LungInfection,True,base,8.0,True,both,9,0.0001,24,1,70,1.458845853805542,97.65149188041688,1.5,,training
UNet_DP_Morph,LungInfection,True,base,8.0,True,both,9,0.0001,24,2,70,1.3549306392669678,98.47856068611144,1.5,,training
UNet_DP_Morph,LungInfection,True,base,8.0,True,close,3,0.0001,24,1,70,1.4186004400253296,94.94448733329772,1.5,,training
UNet_DP_Morph,LungInfection,True,base,8.0,True,close,3,0.0001,24,2,70,1.385071039199829,92.21745777130128,1.5,,training
UNet_DP_Morph,LungInfection,True,base,8.0,True,close,5,0.0001,24,1,70,1.623868703842163,92.81542420387268,1.5,,training
UNet_DP_Morph,LungInfection,True,base,8.0,True,close,5,0.0001,24,2,70,1.5854142904281616,90.65499997138976,1.5,,training
UNet_DP_Morph,LungInfection,True,base,8.0,True,close,7,0.0001,24,1,70,1.4874112606048584,93.75610685348512,1.5,,training
UNet_DP_Morph,LungInfection,True,base,8.0,True,close,7,0.0001,24,2,70,1.513831377029419,94.42304134368896,1.5,,training
UNet_DP_Morph,LungInfection,True,base,8.0,True,close,9,0.0001,24,1,70,1.4739954471588137,95.87999391555786,1.5,,training
UNet_DP_Morph,LungInfection,True,base,8.0,True,close,9,0.0001,24,2,70,1.42463481426239,123.33009672164916,1.5,,training
UNet_DP_Morph,LungInfection,True,base,8.0,True,open,3,0.0001,24,1,70,1.401526689529419,94.40851140022278,1.5,,training
UNet_DP_Morph,LungInfection,True,base,8.0,True,open,3,0.0001,24,2,70,1.3736979961395264,93.84569716453552,1.5,,training
UNet_DP_Morph,LungInfection,True,base,8.0,True,open,5,0.0001,24,1,70,1.319991111755371,95.16924238204956,1.5,,training
UNet_DP_Morph,LungInfection,True,base,8.0,True,open,5,0.0001,24,2,70,1.4386224746704102,94.15872406959534,1.5,,training
UNet_DP_Morph,LungInfection,True,base,8.0,True,open,7,0.0001,24,1,70,1.3264379501342771,95.3771858215332,1.5,,training
UNet_DP_Morph,LungInfection,True,base,8.0,True,open,7,0.0001,24,2,70,1.3503367900848389,96.2266035079956,1.5,,training
UNet_DP_Morph,LungInfection,True,base,8.0,True,open,9,0.0001,24,1,70,1.385967493057251,95.07479453086852,1.5,,training
UNet_DP_Morph,LungInfection,True,base,8.0,True,open,9,0.0001,24,2,70,1.368990182876587,94.37966680526732,1.5,,training
UNet_DP_Morph,LungInfection,True,nsgd,8.0,True,both,3,0.0001,24,1,70,1.3750451803207395,94.12938857078552,1.5,,training
UNet_DP_Morph,LungInfection,True,nsgd,8.0,True,both,3,0.0001,24,2,70,1.5060310363769531,96.34310626983644,1.5,,training
UNet_DP_Morph,LungInfection,True,nsgd,8.0,True,both,5,0.0001,24,1,70,1.497582197189331,94.80932354927064,1.5,,training
UNet_DP_Morph,LungInfection,True,nsgd,8.0,True,both,5,0.0001,24,2,70,1.4158217906951904,95.78491926193236,1.5,,training
UNet_DP_Morph,LungInfection,True,nsgd,8.0,True,both,7,0.0001,24,1,70,1.4974086284637451,96.84395384788512,1.5,,training
UNet_DP_Morph,LungInfection,True,nsgd,8.0,True,both,7,0.0001,24,2,70,1.3723609447479248,97.73232650756836,1.5,,training
UNet_DP_Morph,LungInfection,True,nsgd,8.0,True,both,9,0.0001,24,1,70,1.443246841430664,97.2061562538147,1.5,,training
UNet_DP_Morph,LungInfection,True,nsgd,8.0,True,both,9,0.0001,24,2,70,1.411929965019226,96.59356212615968,1.5,,training
UNet_DP_Morph,LungInfection,True,nsgd,8.0,True,close,3,0.0001,24,1,70,1.5265569686889648,91.41338562965392,1.5,,training
UNet_DP_Morph,LungInfection,True,nsgd,8.0,True,close,3,0.0001,24,2,70,1.560611128807068,92.74285697937012,1.5,,training
UNet_DP_Morph,LungInfection,True,nsgd,8.0,True,close,5,0.0001,24,1,70,1.525576114654541,95.55037689208984,1.5,,training
UNet_DP_Morph,LungInfection,True,nsgd,8.0,True,close,5,0.0001,24,2,70,1.510216474533081,118.09991478919984,1.5,,training
UNet_DP_Morph,LungInfection,True,nsgd,8.0,True,close,7,0.0001,24,1,70,1.5452194213867188,96.3776581287384,1.5,,training
UNet_DP_Morph,LungInfection,True,nsgd,8.0,True,close,7,0.0001,24,2,70,1.5731228590011597,93.83565187454224,1.5,,training
UNet_DP_Morph,LungInfection,True,nsgd,8.0,True,close,9,0.0001,24,1,70,1.4733270406723022,93.07217264175416,1.5,,training
UNet_DP_Morph,LungInfection,True,nsgd,8.0,True,close,9,0.0001,24,2,70,1.5157997608184814,119.52559995651244,1.5,,training
UNet_DP_Morph,LungInfection,True,nsgd,8.0,True,open,3,0.0001,24,1,70,1.4711741209030151,93.80767631530762,1.5,,training
UNet_DP_Morph,LungInfection,True,nsgd,8.0,True,open,3,0.0001,24,2,70,1.4017118215560913,119.24450182914734,1.5,,training
UNet_DP_Morph,LungInfection,True,nsgd,8.0,True,open,5,0.0001,24,1,70,1.5198062658309937,94.22870230674744,1.5,,training
UNet_DP_Morph,LungInfection,True,nsgd,8.0,True,open,5,0.0001,24,2,70,1.4607725143432615,120.34620833396912,1.5,,training
UNet_DP_Morph,LungInfection,True,nsgd,8.0,True,open,7,0.0001,24,1,70,1.452643632888794,92.17710852622986,1.5,,training
UNet_DP_Morph,LungInfection,True,nsgd,8.0,True,open,7,0.0001,24,2,70,1.4307270050048828,93.68319320678712,1.5,,training
UNet_DP_Morph,LungInfection,True,nsgd,8.0,True,open,9,0.0001,24,1,70,1.5349787473678589,94.47868847846983,1.5,,training
UNet_DP_Morph,LungInfection,True,nsgd,8.0,True,open,9,0.0001,24,2,70,1.372676134109497,119.41464567184448,1.5,,training
UNet_DP_Morph,LungInfection,True,psac,8.0,True,both,3,0.0001,24,1,70,1.443331003189087,99.3148636817932,1.5,,training
UNet_DP_Morph,LungInfection,True,psac,8.0,True,both,3,0.0001,24,2,70,1.5362451076507568,106.24097943305968,1.5,,training
UNet_DP_Morph,LungInfection,True,psac,8.0,True,both,5,0.0001,24,1,70,1.4211108684539795,100.15009999275208,1.5,,training
UNet_DP_Morph,LungInfection,True,psac,8.0,True,both,5,0.0001,24,2,70,1.4022929668426514,102.9044439792633,1.5,,training
UNet_DP_Morph,LungInfection,True,psac,8.0,True,both,7,0.0001,24,1,70,1.3650211095809937,102.69328308105467,1.5,,training
UNet_DP_Morph,LungInfection,True,psac,8.0,True,both,7,0.0001,24,2,70,1.3724143505096436,103.5481104850769,1.5,,training
UNet_DP_Morph,LungInfection,True,psac,8.0,True,both,9,0.0001,24,1,70,1.407476782798767,104.07355451583862,1.5,,training
UNet_DP_Morph,LungInfection,True,psac,8.0,True,both,9,0.0001,24,2,70,1.4094260931015017,104.46588325500488,1.5,,training
UNet_DP_Morph,LungInfection,True,psac,8.0,True,close,3,0.0001,24,1,70,1.5022752285003662,101.82678461074828,1.5,,training
UNet_DP_Morph,LungInfection,True,psac,8.0,True,close,3,0.0001,24,2,70,1.4652884006500244,101.31915068626404,1.5,,training
UNet_DP_Morph,LungInfection,True,psac,8.0,True,close,5,0.0001,24,1,70,1.5350902080535889,101.47797298431396,1.5,,training
UNet_DP_Morph,LungInfection,True,psac,8.0,True,close,5,0.0001,24,2,70,1.4054421186447144,103.16254258155824,1.5,,training
UNet_DP_Morph,LungInfection,True,psac,8.0,True,close,7,0.0001,24,1,70,1.4346317052841189,102.39916205406188,1.5,,training
UNet_DP_Morph,LungInfection,True,psac,8.0,True,close,7,0.0001,24,2,70,1.7401480674743652,104.32389879226685,1.5,,training
UNet_DP_Morph,LungInfection,True,psac,8.0,True,close,9,0.0001,24,1,70,1.4435317516326904,102.49280548095705,1.5,,training
UNet_DP_Morph,LungInfection,True,psac,8.0,True,close,9,0.0001,24,2,70,1.6434248685836792,103.113703250885,1.5,,training
UNet_DP_Morph,LungInfection,True,psac,8.0,True,open,3,0.0001,24,1,70,1.4282598495483398,100.87924313545228,1.5,,training
UNet_DP_Morph,LungInfection,True,psac,8.0,True,open,3,0.0001,24,2,70,1.3773887157440186,100.867582321167,1.5,,training
UNet_DP_Morph,LungInfection,True,psac,8.0,True,open,5,0.0001,24,1,70,1.425475835800171,102.62895727157591,1.5,,training
UNet_DP_Morph,LungInfection,True,psac,8.0,True,open,5,0.0001,24,2,70,1.3415656089782717,103.3469033241272,1.5,,training
UNet_DP_Morph,LungInfection,True,psac,8.0,True,open,7,0.0001,24,1,70,1.46978759765625,102.495299577713,1.5,,training
UNet_DP_Morph,LungInfection,True,psac,8.0,True,open,7,0.0001,24,2,70,1.3916085958480835,101.1727340221405,1.5,,training
UNet_DP_Morph,LungInfection,True,psac,8.0,True,open,9,0.0001,24,1,70,1.3987042903900146,102.75816011428832,1.5,,training
UNet_DP_Morph,LungInfection,True,psac,8.0,True,open,9,0.0001,24,2,70,1.525457739830017,103.5538592338562,1.5,,training
UNet_DP_Morph,LungInfection,True,automatic,8.0,True,both,3,0.0001,24,1,70,1.3623244762420654,94.29149508476256,2.0,,training
UNet_DP_Morph,LungInfection,True,automatic,8.0,True,both,3,0.0001,24,2,70,1.4293296337127686,91.30054068565369,2.0,,training
UNet_DP_Morph,LungInfection,True,automatic,8.0,True,both,5,0.0001,24,1,70,1.384864091873169,94.94578051567078,2.0,,training
UNet_DP_Morph,LungInfection,True,automatic,8.0,True,both,5,0.0001,24,2,70,1.338435411453247,95.11575746536256,2.0,,training
UNet_DP_Morph,LungInfection,True,automatic,8.0,True,both,7,0.0001,24,1,70,1.4745330810546875,98.78872728347778,2.0,,training
UNet_DP_Morph,LungInfection,True,automatic,8.0,True,both,7,0.0001,24,2,70,1.3993299007415771,94.68639540672302,2.0,,training
UNet_DP_Morph,LungInfection,True,automatic,8.0,True,both,9,0.0001,24,1,70,1.3696975708007812,100.45951223373412,2.0,,training
UNet_DP_Morph,LungInfection,True,automatic,8.0,True,both,9,0.0001,24,2,70,1.3855503797531128,97.04433012008668,2.0,,training
UNet_DP_Morph,LungInfection,True,automatic,8.0,True,close,3,0.0001,24,1,70,1.4911731481552124,92.85302591323853,2.0,,training
UNet_DP_Morph,LungInfection,True,automatic,8.0,True,close,3,0.0001,24,2,70,1.384932518005371,91.93174076080322,2.0,,training
UNet_DP_Morph,LungInfection,True,automatic,8.0,True,close,5,0.0001,24,1,70,1.5713424682617188,92.2322554588318,2.0,,training
UNet_DP_Morph,LungInfection,True,automatic,8.0,True,close,5,0.0001,24,2,70,1.552861571311951,95.08977603912354,2.0,,training
UNet_DP_Morph,LungInfection,True,automatic,8.0,True,close,7,0.0001,24,1,70,1.518229365348816,93.37162280082704,2.0,,training
UNet_DP_Morph,LungInfection,True,automatic,8.0,True,close,7,0.0001,24,2,70,1.3875163793563845,93.98433995246889,2.0,,training
UNet_DP_Morph,LungInfection,True,automatic,8.0,True,close,9,0.0001,24,2,70,1.602078199386597,96.04043817520142,2.0,,training
UNet_DP_Morph,LungInfection,True,automatic,8.0,True,close,9,0.0001,24,1,70,1.556979060173035,122.45012402534483,2.0,,training
UNet_DP_Morph,LungInfection,True,automatic,8.0,True,open,3,0.0001,24,1,70,1.3531324863433838,93.00236630439758,2.0,,training
UNet_DP_Morph,LungInfection,True,automatic,8.0,True,open,3,0.0001,24,2,70,1.399862289428711,94.9392795562744,2.0,,training
UNet_DP_Morph,LungInfection,True,automatic,8.0,True,open,5,0.0001,24,1,70,1.333132028579712,94.47225761413574,2.0,,training
UNet_DP_Morph,LungInfection,True,automatic,8.0,True,open,5,0.0001,24,2,70,1.3830350637435913,96.04545164108276,2.0,,training
UNet_DP_Morph,LungInfection,True,automatic,8.0,True,open,7,0.0001,24,1,70,1.3480143547058103,94.36301779747008,2.0,,training
UNet_DP_Morph,LungInfection,True,automatic,8.0,True,open,7,0.0001,24,2,70,1.406694412231445,94.83351755142212,2.0,,training
UNet_DP_Morph,LungInfection,True,automatic,8.0,True,open,9,0.0001,24,1,70,1.3756282329559326,96.88203620910645,2.0,,training
UNet_DP_Morph,LungInfection,True,automatic,8.0,True,open,9,0.0001,24,2,70,1.371479034423828,97.01845145225523,2.0,,training
UNet_DP_Morph,LungInfection,True,base,8.0,True,both,3,0.0001,24,1,70,1.4433554410934448,93.22919082641602,2.0,,training
UNet_DP_Morph,LungInfection,True,base,8.0,True,both,3,0.0001,24,2,70,1.3802459239959717,91.90676760673524,2.0,,training
UNet_DP_Morph,LungInfection,True,base,8.0,True,both,5,0.0001,24,1,70,1.4291560649871826,96.17695927619934,2.0,,training
UNet_DP_Morph,LungInfection,True,base,8.0,True,both,5,0.0001,24,2,70,1.3478457927703855,96.96410202980042,2.0,,training
UNet_DP_Morph,LungInfection,True,base,8.0,True,both,7,0.0001,24,1,70,1.3772399425506592,95.48935675621031,2.0,,training
UNet_DP_Morph,LungInfection,True,base,8.0,True,both,7,0.0001,24,2,70,1.3531599044799805,94.9227170944214,2.0,,training
UNet_DP_Morph,LungInfection,True,base,8.0,True,both,9,0.0001,24,1,70,1.3664673566818235,96.1234040260315,2.0,,training
UNet_DP_Morph,LungInfection,True,base,8.0,True,both,9,0.0001,24,2,70,1.3453483581542969,96.34455394744872,2.0,,training
UNet_DP_Morph,LungInfection,True,base,8.0,True,close,3,0.0001,24,1,70,1.557314157485962,94.06098628044128,2.0,,training
UNet_DP_Morph,LungInfection,True,base,8.0,True,close,3,0.0001,24,2,70,1.589267015457153,92.72923231124878,2.0,,training
UNet_DP_Morph,LungInfection,True,base,8.0,True,close,5,0.0001,24,1,70,1.4048781394958496,94.4958701133728,2.0,,training
UNet_DP_Morph,LungInfection,True,base,8.0,True,close,5,0.0001,24,2,70,1.5267817974090576,95.02512907981873,2.0,,training
UNet_DP_Morph,LungInfection,True,base,8.0,True,close,7,0.0001,24,1,70,1.573113203048706,93.68962359428406,2.0,,training
UNet_DP_Morph,LungInfection,True,base,8.0,True,close,7,0.0001,24,2,70,1.5808300971984863,94.46028208732604,2.0,,training
UNet_DP_Morph,LungInfection,True,base,8.0,True,close,9,0.0001,24,1,70,1.5721038579940796,97.4344789981842,2.0,,training
UNet_DP_Morph,LungInfection,True,base,8.0,True,close,9,0.0001,24,2,70,1.6428682804107666,92.88431072235107,2.0,,training
UNet_DP_Morph,LungInfection,True,base,8.0,True,open,3,0.0001,24,1,70,1.3843339681625366,93.6474266052246,2.0,,training
UNet_DP_Morph,LungInfection,True,base,8.0,True,open,3,0.0001,24,2,70,1.4188790321350098,94.67116022109984,2.0,,training
UNet_DP_Morph,LungInfection,True,base,8.0,True,open,5,0.0001,24,1,70,1.391640067100525,94.61465120315552,2.0,,training
UNet_DP_Morph,LungInfection,True,base,8.0,True,open,5,0.0001,24,2,70,1.3958070278167725,94.67855787277222,2.0,,training
UNet_DP_Morph,LungInfection,True,base,8.0,True,open,7,0.0001,24,1,70,1.3048427104949951,95.22259855270386,2.0,,training
UNet_DP_Morph,LungInfection,True,base,8.0,True,open,7,0.0001,24,2,70,1.3551496267318726,96.78976392745972,2.0,,training
UNet_DP_Morph,LungInfection,True,base,8.0,True,open,9,0.0001,24,1,70,1.3270251750946045,97.59599900245668,2.0,,training
UNet_DP_Morph,LungInfection,True,base,8.0,True,open,9,0.0001,24,2,70,1.3597445487976074,97.72276878356934,2.0,,training
UNet_DP_Morph,LungInfection,True,nsgd,8.0,True,both,3,0.0001,24,1,70,1.6203947067260742,93.08493542671204,2.0,,training
UNet_DP_Morph,LungInfection,True,nsgd,8.0,True,both,3,0.0001,24,2,70,1.526440143585205,93.72583365440369,2.0,,training
UNet_DP_Morph,LungInfection,True,nsgd,8.0,True,both,5,0.0001,24,1,70,1.5800904035568235,94.93997836112976,2.0,,training
UNet_DP_Morph,LungInfection,True,nsgd,8.0,True,both,5,0.0001,24,2,70,1.4179790019989014,92.72772336006165,2.0,,training
UNet_DP_Morph,LungInfection,True,nsgd,8.0,True,both,7,0.0001,24,1,70,1.466496229171753,97.15522742271423,2.0,,training
UNet_DP_Morph,LungInfection,True,nsgd,8.0,True,both,7,0.0001,24,2,70,1.501843810081482,96.08972477912904,2.0,,training
UNet_DP_Morph,LungInfection,True,nsgd,8.0,True,both,9,0.0001,24,1,70,1.455266356468201,100.067485332489,2.0,,training
UNet_DP_Morph,LungInfection,True,nsgd,8.0,True,both,9,0.0001,24,2,70,1.518195867538452,97.15444111824036,2.0,,training
UNet_DP_Morph,LungInfection,True,nsgd,8.0,True,close,3,0.0001,24,1,70,1.6259006261825562,93.56938529014587,2.0,,training
UNet_DP_Morph,LungInfection,True,nsgd,8.0,True,close,3,0.0001,24,2,70,1.5228441953659058,95.1807930469513,2.0,,training
UNet_DP_Morph,LungInfection,True,nsgd,8.0,True,close,5,0.0001,24,1,70,1.5357797145843506,93.27151584625244,2.0,,training
UNet_DP_Morph,LungInfection,True,nsgd,8.0,True,close,5,0.0001,24,2,70,1.6694421768188477,93.16969966888428,2.0,,training
UNet_DP_Morph,LungInfection,True,nsgd,8.0,True,close,7,0.0001,24,1,70,1.5360091924667358,93.6068024635315,2.0,,training
UNet_DP_Morph,LungInfection,True,nsgd,8.0,True,close,7,0.0001,24,2,70,1.5860466957092283,95.401113986969,2.0,,training
UNet_DP_Morph,LungInfection,True,nsgd,8.0,True,close,9,0.0001,24,1,70,1.7204256057739258,92.7939248085022,2.0,,training
UNet_DP_Morph,LungInfection,True,nsgd,8.0,True,close,9,0.0001,24,2,70,1.6392697095870972,95.69005370140076,2.0,,training
UNet_DP_Morph,LungInfection,True,nsgd,8.0,True,open,3,0.0001,24,1,70,1.3808702230453491,95.59285187721252,2.0,,training
UNet_DP_Morph,LungInfection,True,nsgd,8.0,True,open,3,0.0001,24,2,70,1.4402475357055664,91.74166560173036,2.0,,training
UNet_DP_Morph,LungInfection,True,nsgd,8.0,True,open,5,0.0001,24,1,70,1.4779571294784546,93.88775753974916,2.0,,training
UNet_DP_Morph,LungInfection,True,nsgd,8.0,True,open,5,0.0001,24,2,70,1.4733924865722656,94.80446767807008,2.0,,training
UNet_DP_Morph,LungInfection,True,nsgd,8.0,True,open,7,0.0001,24,1,70,1.4390243291854858,93.4594268798828,2.0,,training
UNet_DP_Morph,LungInfection,True,nsgd,8.0,True,open,7,0.0001,24,2,70,1.4499939680099487,95.74731826782228,2.0,,training
UNet_DP_Morph,LungInfection,True,nsgd,8.0,True,open,9,0.0001,24,1,70,1.41990065574646,96.59388375282288,2.0,,training
UNet_DP_Morph,LungInfection,True,nsgd,8.0,True,open,9,0.0001,24,2,70,1.4175646305084229,97.19568729400636,2.0,,training
UNet_DP_Morph,LungInfection,True,psac,8.0,True,both,3,0.0001,24,1,70,1.458909034729004,100.99157905578612,2.0,,training
UNet_DP_Morph,LungInfection,True,psac,8.0,True,both,3,0.0001,24,2,70,1.4044917821884155,101.87018895149232,2.0,,training
UNet_DP_Morph,LungInfection,True,psac,8.0,True,both,5,0.0001,24,1,70,1.387325644493103,101.53316688537598,2.0,,training
UNet_DP_Morph,LungInfection,True,psac,8.0,True,both,5,0.0001,24,2,70,1.395951271057129,100.51179242134094,2.0,,training
UNet_DP_Morph,LungInfection,True,psac,8.0,True,both,7,0.0001,24,1,70,1.3981096744537354,103.16383123397829,2.0,,training
UNet_DP_Morph,LungInfection,True,psac,8.0,True,both,7,0.0001,24,2,70,1.3808586597442627,104.10396409034728,2.0,,training
UNet_DP_Morph,LungInfection,True,psac,8.0,True,both,9,0.0001,24,1,70,1.3364136219024658,106.09106707572936,2.0,,training
UNet_DP_Morph,LungInfection,True,psac,8.0,True,both,9,0.0001,24,2,70,1.3590977191925049,103.79292488098145,2.0,,training
UNet_DP_Morph,LungInfection,True,psac,8.0,True,close,3,0.0001,24,1,70,1.4055145978927612,100.29490876197816,2.0,,training
UNet_DP_Morph,LungInfection,True,psac,8.0,True,close,3,0.0001,24,2,70,1.437093734741211,101.24203991889954,2.0,,training
UNet_DP_Morph,LungInfection,True,psac,8.0,True,close,5,0.0001,24,1,70,1.4765290021896362,101.92671132087708,2.0,,training
UNet_DP_Morph,LungInfection,True,psac,8.0,True,close,5,0.0001,24,2,70,1.525694727897644,102.83721590042114,2.0,,training
UNet_DP_Morph,LungInfection,True,psac,8.0,True,close,7,0.0001,24,1,70,1.4469149112701416,102.1507306098938,2.0,,training
UNet_DP_Morph,LungInfection,True,psac,8.0,True,close,7,0.0001,24,2,70,1.5724124908447266,101.70535326004028,2.0,,training
UNet_DP_Morph,LungInfection,True,psac,8.0,True,close,9,0.0001,24,1,70,1.460513949394226,104.43178153038023,2.0,,training
UNet_DP_Morph,LungInfection,True,psac,8.0,True,close,9,0.0001,24,2,70,1.6601369380950928,104.9789879322052,2.0,,training
UNet_DP_Morph,LungInfection,True,psac,8.0,True,open,3,0.0001,24,1,70,1.4227445125579834,104.62366557121275,2.0,,training
UNet_DP_Morph,LungInfection,True,psac,8.0,True,open,3,0.0001,24,2,70,1.4504655599594116,101.78708553314208,2.0,,training
UNet_DP_Morph,LungInfection,True,psac,8.0,True,open,5,0.0001,24,2,70,1.4905974864959717,102.6041178703308,2.0,,training
UNet_DP_Morph,LungInfection,True,psac,8.0,True,open,5,0.0001,24,1,70,1.403353571891785,132.08824586868286,2.0,,training
UNet_DP_Morph,LungInfection,True,psac,8.0,True,open,7,0.0001,24,1,70,1.3297860622406006,101.43985438346864,2.0,,training
UNet_DP_Morph,LungInfection,True,psac,8.0,True,open,7,0.0001,24,2,70,1.4101684093475342,103.64551973342896,2.0,,training
UNet_DP_Morph,LungInfection,True,psac,8.0,True,open,9,0.0001,24,1,70,1.4290530681610107,101.6951744556427,2.0,,training
UNet_DP_Morph,LungInfection,True,psac,8.0,True,open,9,0.0001,24,2,70,1.4169859886169434,105.92341589927672,2.0,,training
UNet_DP_Morph,LungInfection,True,automatic,200.0,True,both,3,0.0001,24,1,70,1.1437824964523315,126.74086618423462,1.2,,training
UNet_DP_Morph,LungInfection,True,automatic,200.0,True,both,3,0.0001,24,2,70,1.1811792850494385,125.92279076576231,1.2,,training
UNet_DP_Morph,LungInfection,True,automatic,200.0,True,both,5,0.0001,24,1,70,1.1474676132202148,128.83862829208374,1.2,,training
UNet_DP_Morph,LungInfection,True,automatic,200.0,True,both,5,0.0001,24,2,70,1.1832867860794067,130.93510580062866,1.2,,training
UNet_DP_Morph,LungInfection,True,automatic,200.0,True,both,7,0.0001,24,1,70,1.1101946830749512,129.1469738483429,1.2,,training
UNet_DP_Morph,LungInfection,True,automatic,200.0,True,both,7,0.0001,24,2,70,1.0954376459121704,133.09781742095947,1.2,,training
UNet_DP_Morph,LungInfection,True,automatic,200.0,True,both,9,0.0001,24,2,70,1.0884417295455933,134.21709775924683,1.2,,training
UNet_DP_Morph,LungInfection,True,automatic,200.0,True,both,9,0.0001,24,1,70,1.1225014925003052,171.26401686668396,1.2,,training
UNet_DP_Morph,LungInfection,True,automatic,200.0,True,close,3,0.0001,24,1,70,1.2306054830551147,130.4373688697815,1.2,,training
UNet_DP_Morph,LungInfection,True,automatic,200.0,True,close,3,0.0001,24,2,70,1.2167366743087769,134.05657625198364,1.2,,training
UNet_DP_Morph,LungInfection,True,automatic,200.0,True,close,5,0.0001,24,1,70,1.3444507122039795,130.9772229194641,1.2,,training
UNet_DP_Morph,LungInfection,True,automatic,200.0,True,close,5,0.0001,24,2,70,1.283549189567566,133.5356740951538,1.2,,training
UNet_DP_Morph,LungInfection,True,automatic,200.0,True,close,7,0.0001,24,1,70,1.3161802291870115,130.1068913936615,1.2,,training
UNet_DP_Morph,LungInfection,True,automatic,200.0,True,close,7,0.0001,24,2,70,1.3725656270980835,135.2183997631073,1.2,,training
UNet_DP_Morph,LungInfection,True,automatic,200.0,True,close,9,0.0001,24,1,70,1.371868133544922,136.05998468399048,1.2,,training
UNet_DP_Morph,LungInfection,True,automatic,200.0,True,close,9,0.0001,24,2,70,1.3342256546020508,133.37503957748413,1.2,,training
UNet_DP_Morph,LungInfection,True,automatic,200.0,True,open,3,0.0001,24,2,70,1.135663390159607,128.89157700538635,1.2,,training
UNet_DP_Morph,LungInfection,True,automatic,200.0,True,open,3,0.0001,24,1,70,1.1793432235717771,163.7800269126892,1.2,,training
UNet_DP_Morph,LungInfection,True,automatic,200.0,True,open,5,0.0001,24,1,70,1.133340835571289,133.84973859786987,1.2,,training
UNet_DP_Morph,LungInfection,True,automatic,200.0,True,open,5,0.0001,24,2,70,1.1054668426513672,162.5303614139557,1.2,,training
UNet_DP_Morph,LungInfection,True,automatic,200.0,True,open,7,0.0001,24,1,70,1.1750712394714355,135.36423778533936,1.2,,training
UNet_DP_Morph,LungInfection,True,automatic,200.0,True,open,7,0.0001,24,2,70,1.1343170404434204,128.72931456565857,1.2,,training
UNet_DP_Morph,LungInfection,True,automatic,200.0,True,open,9,0.0001,24,2,70,1.207004427909851,135.4935600757599,1.2,,training
UNet_DP_Morph,LungInfection,True,automatic,200.0,True,open,9,0.0001,24,1,70,1.136200189590454,165.18908143043518,1.2,,training
UNet_DP_Morph,LungInfection,True,base,200.0,True,both,3,0.0001,24,1,70,1.1431267261505127,131.16901111602783,1.2,,training
UNet_DP_Morph,LungInfection,True,base,200.0,True,both,3,0.0001,24,2,70,1.172215461730957,129.24895596504211,1.2,,training
UNet_DP_Morph,LungInfection,True,base,200.0,True,both,5,0.0001,24,1,70,1.1111745834350586,131.3005645275116,1.2,,training
UNet_DP_Morph,LungInfection,True,base,200.0,True,both,5,0.0001,24,2,70,1.1978702545166016,131.10884761810303,1.2,,training
UNet_DP_Morph,LungInfection,True,base,200.0,True,both,7,0.0001,24,1,70,1.1707279682159424,132.7303912639618,1.2,,training
UNet_DP_Morph,LungInfection,True,base,200.0,True,both,7,0.0001,24,2,70,1.1401715278625488,129.2558720111847,1.2,,training
UNet_DP_Morph,LungInfection,True,base,200.0,True,both,9,0.0001,24,1,70,1.1226675510406494,133.93804097175598,1.2,,training
UNet_DP_Morph,LungInfection,True,base,200.0,True,both,9,0.0001,24,2,70,1.1728614568710327,128.8742322921753,1.2,,training
UNet_DP_Morph,LungInfection,True,base,200.0,True,close,3,0.0001,24,1,70,1.2390726804733276,132.635258436203,1.2,,training
UNet_DP_Morph,LungInfection,True,base,200.0,True,close,3,0.0001,24,2,70,1.3461971282958984,134.51253366470337,1.2,,training
UNet_DP_Morph,LungInfection,True,base,200.0,True,close,5,0.0001,24,1,70,1.301770567893982,134.2163603305817,1.2,,training
UNet_DP_Morph,LungInfection,True,base,200.0,True,close,5,0.0001,24,2,70,1.2914646863937378,135.7680802345276,1.2,,training
UNet_DP_Morph,LungInfection,True,base,200.0,True,close,7,0.0001,24,1,70,1.255218267440796,134.03712821006775,1.2,,training
UNet_DP_Morph,LungInfection,True,base,200.0,True,close,7,0.0001,24,2,70,1.2539820671081543,132.92069578170776,1.2,,training
UNet_DP_Morph,LungInfection,True,base,200.0,True,close,9,0.0001,24,1,70,1.2658003568649292,133.64543843269348,1.2,,training
UNet_DP_Morph,LungInfection,True,base,200.0,True,close,9,0.0001,24,2,70,1.2835735082626345,132.94692850112915,1.2,,training
UNet_DP_Morph,LungInfection,True,base,200.0,True,open,3,0.0001,24,1,70,1.101175308227539,129.45264554023743,1.2,,training
UNet_DP_Morph,LungInfection,True,base,200.0,True,open,3,0.0001,24,2,70,1.1501998901367188,131.8693814277649,1.2,,training
UNet_DP_Morph,LungInfection,True,base,200.0,True,open,5,0.0001,24,1,70,1.171103835105896,130.80507588386536,1.2,,training
UNet_DP_Morph,LungInfection,True,base,200.0,True,open,5,0.0001,24,2,70,1.1639670133590698,130.8870894908905,1.2,,training
UNet_DP_Morph,LungInfection,True,base,200.0,True,open,7,0.0001,24,1,70,1.099956750869751,127.64245533943176,1.2,,training
UNet_DP_Morph,LungInfection,True,base,200.0,True,open,7,0.0001,24,2,70,1.10573410987854,128.9388027191162,1.2,,training
UNet_DP_Morph,LungInfection,True,base,200.0,True,open,9,0.0001,24,1,70,1.137438178062439,130.77011227607727,1.2,,training
UNet_DP_Morph,LungInfection,True,base,200.0,True,open,9,0.0001,24,2,70,1.07874596118927,136.8850440979004,1.2,,training
UNet_DP_Morph,LungInfection,True,nsgd,200.0,True,both,3,0.0001,24,1,70,1.3627285957336426,132.63145208358765,1.2,,training
UNet_DP_Morph,LungInfection,True,nsgd,200.0,True,both,3,0.0001,24,2,70,1.2359838485717771,129.0766224861145,1.2,,training
UNet_DP_Morph,LungInfection,True,nsgd,200.0,True,both,5,0.0001,24,1,70,1.336687088012695,134.88727378845215,1.2,,training
UNet_DP_Morph,LungInfection,True,nsgd,200.0,True,both,5,0.0001,24,2,70,1.3055698871612549,130.2603464126587,1.2,,training
UNet_DP_Morph,LungInfection,True,nsgd,200.0,True,both,7,0.0001,24,1,70,1.189154863357544,132.81628584861755,1.2,,training
UNet_DP_Morph,LungInfection,True,nsgd,200.0,True,both,7,0.0001,24,2,70,1.2438569068908691,130.29673433303833,1.2,,training
UNet_DP_Morph,LungInfection,True,nsgd,200.0,True,both,9,0.0001,24,1,70,1.2161264419555664,135.815181016922,1.2,,training
UNet_DP_Morph,LungInfection,True,nsgd,200.0,True,both,9,0.0001,24,2,70,1.183784246444702,130.2102975845337,1.2,,training
UNet_DP_Morph,LungInfection,True,nsgd,200.0,True,close,3,0.0001,24,1,70,1.26188063621521,131.93691635131836,1.2,,training
UNet_DP_Morph,LungInfection,True,nsgd,200.0,True,close,3,0.0001,24,2,70,1.3148216009140017,156.90501236915588,1.2,,training
UNet_DP_Morph,LungInfection,True,nsgd,200.0,True,close,5,0.0001,24,1,70,1.3541368246078491,129.72957706451416,1.2,,training
UNet_DP_Morph,LungInfection,True,nsgd,200.0,True,close,5,0.0001,24,2,70,1.3813934326171875,135.02024340629578,1.2,,training
UNet_DP_Morph,LungInfection,True,nsgd,200.0,True,close,7,0.0001,24,1,70,1.3866779804229736,131.20372605323792,1.2,,training
UNet_DP_Morph,LungInfection,True,nsgd,200.0,True,close,7,0.0001,24,2,70,1.3989591598510742,134.68000960350037,1.2,,training
UNet_DP_Morph,LungInfection,True,nsgd,200.0,True,close,9,0.0001,24,1,70,1.390510320663452,131.8650381565094,1.2,,training
UNet_DP_Morph,LungInfection,True,nsgd,200.0,True,close,9,0.0001,24,2,70,1.3354318141937256,135.84705996513367,1.2,,training
UNet_DP_Morph,LungInfection,True,nsgd,200.0,True,open,3,0.0001,24,1,70,1.2418856620788574,129.0411307811737,1.2,,training
UNet_DP_Morph,LungInfection,True,nsgd,200.0,True,open,3,0.0001,24,2,70,1.3034076690673828,126.01779198646544,1.2,,training
UNet_DP_Morph,LungInfection,True,nsgd,200.0,True,open,5,0.0001,24,1,70,1.1565932035446167,131.34054613113403,1.2,,training
UNet_DP_Morph,LungInfection,True,nsgd,200.0,True,open,5,0.0001,24,2,70,1.272179365158081,133.58300590515137,1.2,,training
UNet_DP_Morph,LungInfection,True,nsgd,200.0,True,open,7,0.0001,24,1,70,1.220842361450195,136.42959570884705,1.2,,training
UNet_DP_Morph,LungInfection,True,nsgd,200.0,True,open,7,0.0001,24,2,70,1.2086310386657717,130.260436296463,1.2,,training
UNet_DP_Morph,LungInfection,True,nsgd,200.0,True,open,9,0.0001,24,1,70,1.2223424911499023,136.37514662742615,1.2,,training
UNet_DP_Morph,LungInfection,True,nsgd,200.0,True,open,9,0.0001,24,2,70,1.2046542167663574,132.4936900138855,1.2,,training
UNet_DP_Morph,LungInfection,True,psac,200.0,True,both,3,0.0001,24,1,70,1.1925400495529177,134.10310530662537,1.2,,training
UNet_DP_Morph,LungInfection,True,psac,200.0,True,both,3,0.0001,24,2,70,1.2654979228973389,136.31037163734436,1.2,,training
UNet_DP_Morph,LungInfection,True,psac,200.0,True,both,5,0.0001,24,1,70,1.1269067525863647,139.09620428085327,1.2,,training
UNet_DP_Morph,LungInfection,True,psac,200.0,True,both,5,0.0001,24,2,70,1.2617942094802856,136.8721833229065,1.2,,training
UNet_DP_Morph,LungInfection,True,psac,200.0,True,both,7,0.0001,24,1,70,1.0660889148712158,142.74845504760742,1.2,,training
UNet_DP_Morph,LungInfection,True,psac,200.0,True,both,7,0.0001,24,2,70,1.12489914894104,135.89387774467468,1.2,,training
UNet_DP_Morph,LungInfection,True,psac,200.0,True,both,9,0.0001,24,2,70,1.190195918083191,142.35089373588562,1.2,,training
UNet_DP_Morph,LungInfection,True,psac,200.0,True,both,9,0.0001,24,1,70,1.254590392112732,172.42593693733215,1.2,,training
UNet_DP_Morph,LungInfection,True,psac,200.0,True,close,3,0.0001,24,1,70,1.3539588451385498,140.5130259990692,1.2,,training
UNet_DP_Morph,LungInfection,True,psac,200.0,True,close,3,0.0001,24,2,70,1.4044859409332275,137.967214345932,1.2,,training
UNet_DP_Morph,LungInfection,True,psac,200.0,True,close,5,0.0001,24,1,70,1.2995617389678955,135.72974276542664,1.2,,training
UNet_DP_Morph,LungInfection,True,psac,200.0,True,close,5,0.0001,24,2,70,1.3258497714996338,138.70107007026672,1.2,,training
UNet_DP_Morph,LungInfection,True,psac,200.0,True,close,7,0.0001,24,1,70,1.4950650930404663,138.98271465301514,1.2,,training
UNet_DP_Morph,LungInfection,True,psac,200.0,True,close,7,0.0001,24,2,70,1.4889310598373413,142.17584800720215,1.2,,training
UNet_DP_Morph,LungInfection,True,psac,200.0,True,close,9,0.0001,24,1,70,1.3465036153793335,137.09090781211853,1.2,,training
UNet_DP_Morph,LungInfection,True,psac,200.0,True,close,9,0.0001,24,2,70,1.489177703857422,135.1052360534668,1.2,,training
UNet_DP_Morph,LungInfection,True,psac,200.0,True,open,3,0.0001,24,1,70,1.2185760736465454,138.82565569877625,1.2,,training
UNet_DP_Morph,LungInfection,True,psac,200.0,True,open,3,0.0001,24,2,70,1.2715061902999878,137.47825646400452,1.2,,training
UNet_DP_Morph,LungInfection,True,psac,200.0,True,open,5,0.0001,24,1,70,1.2971179485321045,142.82188391685486,1.2,,training
UNet_DP_Morph,LungInfection,True,psac,200.0,True,open,5,0.0001,24,2,70,1.1965502500534058,141.55011224746704,1.2,,training
UNet_DP_Morph,LungInfection,True,psac,200.0,True,open,7,0.0001,24,1,70,1.1965744495391846,140.94602179527283,1.2,,training
UNet_DP_Morph,LungInfection,True,psac,200.0,True,open,7,0.0001,24,2,70,1.2751070261001587,139.78340578079224,1.2,,training
UNet_DP_Morph,LungInfection,True,psac,200.0,True,open,9,0.0001,24,1,70,1.180647850036621,142.35603070259094,1.2,,training
UNet_DP_Morph,LungInfection,True,psac,200.0,True,open,9,0.0001,24,2,70,1.189704418182373,141.15317726135254,1.2,,training
UNet_DP_Morph,LungInfection,True,automatic,200.0,True,both,3,0.0001,24,1,70,1.18672776222229,131.575049161911,1.5,,training
UNet_DP_Morph,LungInfection,True,automatic,200.0,True,both,3,0.0001,24,2,70,1.187957763671875,131.46375107765198,1.5,,training
UNet_DP_Morph,LungInfection,True,automatic,200.0,True,both,5,0.0001,24,1,70,1.141136884689331,132.29131388664246,1.5,,training
UNet_DP_Morph,LungInfection,True,automatic,200.0,True,both,5,0.0001,24,2,70,1.165673851966858,132.0208158493042,1.5,,training
UNet_DP_Morph,LungInfection,True,automatic,200.0,True,both,7,0.0001,24,1,70,1.1303508281707764,132.78553104400635,1.5,,training
UNet_DP_Morph,LungInfection,True,automatic,200.0,True,both,7,0.0001,24,2,70,1.0864801406860352,133.6468164920807,1.5,,training
UNet_DP_Morph,LungInfection,True,automatic,200.0,True,both,9,0.0001,24,1,70,1.1167417764663696,132.73853278160095,1.5,,training
UNet_DP_Morph,LungInfection,True,automatic,200.0,True,both,9,0.0001,24,2,70,1.1325167417526243,131.0782527923584,1.5,,training
UNet_DP_Morph,LungInfection,True,automatic,200.0,True,close,3,0.0001,24,1,70,1.2106878757476809,132.31193113327026,1.5,,training
UNet_DP_Morph,LungInfection,True,automatic,200.0,True,close,3,0.0001,24,2,70,1.264629364013672,129.19175148010254,1.5,,training
UNet_DP_Morph,LungInfection,True,automatic,200.0,True,close,5,0.0001,24,1,70,1.2491964101791382,133.66212487220764,1.5,,training
UNet_DP_Morph,LungInfection,True,automatic,200.0,True,close,5,0.0001,24,2,70,1.4007591009140017,128.24226188659668,1.5,,training
UNet_DP_Morph,LungInfection,True,automatic,200.0,True,close,7,0.0001,24,1,70,1.250387191772461,135.2660698890686,1.5,,training
UNet_DP_Morph,LungInfection,True,automatic,200.0,True,close,7,0.0001,24,2,70,1.2372729778289795,132.09802341461182,1.5,,training
UNet_DP_Morph,LungInfection,True,automatic,200.0,True,close,9,0.0001,24,1,70,1.3815873861312866,133.1654736995697,1.5,,training
UNet_DP_Morph,LungInfection,True,automatic,200.0,True,close,9,0.0001,24,2,70,1.25496506690979,135.53885054588318,1.5,,training
UNet_DP_Morph,LungInfection,True,automatic,200.0,True,open,3,0.0001,24,1,70,1.2092077732086182,131.83432602882385,1.5,,training
UNet_DP_Morph,LungInfection,True,automatic,200.0,True,open,3,0.0001,24,2,70,1.1630558967590332,126.63939547538756,1.5,,training
UNet_DP_Morph,LungInfection,True,automatic,200.0,True,open,5,0.0001,24,1,70,1.1142864227294922,128.0699484348297,1.5,,training
UNet_DP_Morph,LungInfection,True,automatic,200.0,True,open,5,0.0001,24,2,70,1.1153491735458374,130.00716018676758,1.5,,training
UNet_DP_Morph,LungInfection,True,automatic,200.0,True,open,7,0.0001,24,1,70,1.1314414739608765,129.8879942893982,1.5,,training
UNet_DP_Morph,LungInfection,True,automatic,200.0,True,open,7,0.0001,24,2,70,1.1562753915786743,131.1672601699829,1.5,,training
UNet_DP_Morph,LungInfection,True,automatic,200.0,True,open,9,0.0001,24,1,70,1.0905383825302124,129.4322509765625,1.5,,training
UNet_DP_Morph,LungInfection,True,automatic,200.0,True,open,9,0.0001,24,2,70,1.1231534481048584,130.3566176891327,1.5,,training
UNet_DP_Morph,LungInfection,True,base,200.0,True,both,3,0.0001,24,1,70,1.1629226207733154,131.64231872558594,1.5,,training
UNet_DP_Morph,LungInfection,True,base,200.0,True,both,3,0.0001,24,2,70,1.1190168857574463,132.76022863388062,1.5,,training
UNet_DP_Morph,LungInfection,True,base,200.0,True,both,5,0.0001,24,1,70,1.1461795568466189,129.8249866962433,1.5,,training
UNet_DP_Morph,LungInfection,True,base,200.0,True,both,5,0.0001,24,2,70,1.12355375289917,131.56398606300354,1.5,,training
UNet_DP_Morph,LungInfection,True,base,200.0,True,both,7,0.0001,24,1,70,1.119119644165039,136.85204029083252,1.5,,training
UNet_DP_Morph,LungInfection,True,base,200.0,True,both,7,0.0001,24,2,70,1.0917890071868896,132.59957456588745,1.5,,training
UNet_DP_Morph,LungInfection,True,base,200.0,True,both,9,0.0001,24,1,70,1.1773977279663086,136.00107336044312,1.5,,training
UNet_DP_Morph,LungInfection,True,base,200.0,True,both,9,0.0001,24,2,70,1.1133129596710205,134.84041571617126,1.5,,training
UNet_DP_Morph,LungInfection,True,base,200.0,True,close,3,0.0001,24,1,70,1.4156126976013184,131.09400415420532,1.5,,training
UNet_DP_Morph,LungInfection,True,base,200.0,True,close,3,0.0001,24,2,70,1.249820590019226,132.02850127220154,1.5,,training
UNet_DP_Morph,LungInfection,True,base,200.0,True,close,5,0.0001,24,1,70,1.3897171020507812,128.33287739753723,1.5,,training
UNet_DP_Morph,LungInfection,True,base,200.0,True,close,5,0.0001,24,2,70,1.4278944730758667,129.68292999267578,1.5,,training
UNet_DP_Morph,LungInfection,True,base,200.0,True,close,7,0.0001,24,1,70,1.2779664993286133,129.7190330028534,1.5,,training
UNet_DP_Morph,LungInfection,True,base,200.0,True,close,7,0.0001,24,2,70,1.3551900386810305,134.37551045417786,1.5,,training
UNet_DP_Morph,LungInfection,True,base,200.0,True,close,9,0.0001,24,1,70,1.371504306793213,134.00065398216248,1.5,,training
UNet_DP_Morph,LungInfection,True,base,200.0,True,close,9,0.0001,24,2,70,1.2964128255844116,164.35148215293884,1.5,,training
UNet_DP_Morph,LungInfection,True,base,200.0,True,open,3,0.0001,24,1,70,1.125006914138794,130.3916027545929,1.5,,training
UNet_DP_Morph,LungInfection,True,base,200.0,True,open,3,0.0001,24,2,70,1.098618507385254,131.89808559417725,1.5,,training
UNet_DP_Morph,LungInfection,True,base,200.0,True,open,5,0.0001,24,1,70,1.1092513799667358,130.74564599990845,1.5,,training
UNet_DP_Morph,LungInfection,True,base,200.0,True,open,5,0.0001,24,2,70,1.1490254402160645,128.46715474128723,1.5,,training
UNet_DP_Morph,LungInfection,True,base,200.0,True,open,7,0.0001,24,1,70,1.1316072940826416,131.3258078098297,1.5,,training
UNet_DP_Morph,LungInfection,True,base,200.0,True,open,7,0.0001,24,2,70,1.1459553241729736,126.90103387832642,1.5,,training
UNet_DP_Morph,LungInfection,True,base,200.0,True,open,9,0.0001,24,1,70,1.1284570693969729,131.71840953826904,1.5,,training
UNet_DP_Morph,LungInfection,True,base,200.0,True,open,9,0.0001,24,2,70,1.1010650396347046,133.40356993675232,1.5,,training
UNet_DP_Morph,LungInfection,True,nsgd,200.0,True,both,3,0.0001,24,1,70,1.411462664604187,128.22147035598755,1.5,,training
UNet_DP_Morph,LungInfection,True,nsgd,200.0,True,both,3,0.0001,24,2,70,1.3267269134521484,130.99824237823486,1.5,,training
UNet_DP_Morph,LungInfection,True,nsgd,200.0,True,both,5,0.0001,24,1,70,1.2629764080047607,130.660240650177,1.5,,training
UNet_DP_Morph,LungInfection,True,nsgd,200.0,True,both,5,0.0001,24,2,70,1.2944802045822144,131.9858467578888,1.5,,training
UNet_DP_Morph,LungInfection,True,nsgd,200.0,True,both,7,0.0001,24,1,70,1.2595473527908323,129.57336473464966,1.5,,training
UNet_DP_Morph,LungInfection,True,nsgd,200.0,True,both,7,0.0001,24,2,70,1.3133976459503174,132.86361408233645,1.5,,training
UNet_DP_Morph,LungInfection,True,nsgd,200.0,True,both,9,0.0001,24,1,70,1.21240496635437,136.1342043876648,1.5,,training
UNet_DP_Morph,LungInfection,True,nsgd,200.0,True,both,9,0.0001,24,2,70,1.2642329931259155,135.6192810535431,1.5,,training
UNet_DP_Morph,LungInfection,True,nsgd,200.0,True,close,3,0.0001,24,1,70,1.3856524229049685,131.7230567932129,1.5,,training
UNet_DP_Morph,LungInfection,True,nsgd,200.0,True,close,3,0.0001,24,2,70,1.3394198417663574,124.44299697875977,1.5,,training
UNet_DP_Morph,LungInfection,True,nsgd,200.0,True,close,5,0.0001,24,1,70,1.3288466930389404,135.5110080242157,1.5,,training
UNet_DP_Morph,LungInfection,True,nsgd,200.0,True,close,5,0.0001,24,2,70,1.3953256607055664,132.56207871437073,1.5,,training
UNet_DP_Morph,LungInfection,True,nsgd,200.0,True,close,7,0.0001,24,1,70,1.5254173278808594,133.22580671310425,1.5,,training
UNet_DP_Morph,LungInfection,True,nsgd,200.0,True,close,7,0.0001,24,2,70,1.4031639099121094,134.05520176887512,1.5,,training
UNet_DP_Morph,LungInfection,True,nsgd,200.0,True,close,9,0.0001,24,1,70,1.476649522781372,133.2889428138733,1.5,,training
UNet_DP_Morph,LungInfection,True,nsgd,200.0,True,close,9,0.0001,24,2,70,1.426027774810791,135.57606530189514,1.5,,training
UNet_DP_Morph,LungInfection,True,nsgd,200.0,True,open,3,0.0001,24,1,70,1.2765387296676636,132.03057169914246,1.5,,training
UNet_DP_Morph,LungInfection,True,nsgd,200.0,True,open,3,0.0001,24,2,70,1.345279097557068,129.60181713104248,1.5,,training
UNet_DP_Morph,LungInfection,True,nsgd,200.0,True,open,5,0.0001,24,2,70,1.2455668449401855,131.76769614219666,1.5,,training
UNet_DP_Morph,LungInfection,True,nsgd,200.0,True,open,5,0.0001,24,1,70,1.2079713344573977,165.4932518005371,1.5,,training
UNet_DP_Morph,LungInfection,True,nsgd,200.0,True,open,7,0.0001,24,1,70,1.258610725402832,131.2879502773285,1.5,,training
UNet_DP_Morph,LungInfection,True,nsgd,200.0,True,open,7,0.0001,24,2,70,1.2538633346557615,126.79287815093994,1.5,,training
UNet_DP_Morph,LungInfection,True,nsgd,200.0,True,open,9,0.0001,24,1,70,1.2638847827911377,134.26840496063232,1.5,,training
UNet_DP_Morph,LungInfection,True,nsgd,200.0,True,open,9,0.0001,24,2,70,1.2306588888168335,129.41181540489197,1.5,,training
UNet_DP_Morph,LungInfection,True,psac,200.0,True,both,3,0.0001,24,1,70,1.1922006607055664,138.9139518737793,1.5,,training
UNet_DP_Morph,LungInfection,True,psac,200.0,True,both,3,0.0001,24,2,70,1.232524275779724,133.82774710655212,1.5,,training
UNet_DP_Morph,LungInfection,True,psac,200.0,True,both,5,0.0001,24,1,70,1.150105118751526,141.71227979660034,1.5,,training
UNet_DP_Morph,LungInfection,True,psac,200.0,True,both,5,0.0001,24,2,70,1.1702134609222412,139.11704754829407,1.5,,training
UNet_DP_Morph,LungInfection,True,psac,200.0,True,both,7,0.0001,24,1,70,1.2129886150360107,140.47560000419617,1.5,,training
UNet_DP_Morph,LungInfection,True,psac,200.0,True,both,7,0.0001,24,2,70,1.231602430343628,139.44109892845154,1.5,,training
UNet_DP_Morph,LungInfection,True,psac,200.0,True,both,9,0.0001,24,1,70,1.164067625999451,143.37704062461853,1.5,,training
UNet_DP_Morph,LungInfection,True,psac,200.0,True,both,9,0.0001,24,2,70,1.1865785121917725,175.97150588035583,1.5,,training
UNet_DP_Morph,LungInfection,True,psac,200.0,True,close,3,0.0001,24,1,70,1.4316511154174805,135.63798642158508,1.5,,training
UNet_DP_Morph,LungInfection,True,psac,200.0,True,close,3,0.0001,24,2,70,1.3277761936187744,140.79910612106323,1.5,,training
UNet_DP_Morph,LungInfection,True,psac,200.0,True,close,5,0.0001,24,1,70,1.3492120504379272,136.32716417312622,1.5,,training
UNet_DP_Morph,LungInfection,True,psac,200.0,True,close,5,0.0001,24,2,70,1.3472981452941897,136.79250407218933,1.5,,training
UNet_DP_Morph,LungInfection,True,psac,200.0,True,close,7,0.0001,24,1,70,1.4152836799621582,138.62489867210388,1.5,,training
UNet_DP_Morph,LungInfection,True,psac,200.0,True,close,7,0.0001,24,2,70,1.2846330404281616,136.5035696029663,1.5,,training
UNet_DP_Morph,LungInfection,True,psac,200.0,True,close,9,0.0001,24,2,70,1.3654208183288574,140.8463838100433,1.5,,training
UNet_DP_Morph,LungInfection,True,psac,200.0,True,close,9,0.0001,24,1,70,1.4437007904052734,175.66309452056885,1.5,,training
UNet_DP_Morph,LungInfection,True,psac,200.0,True,open,3,0.0001,24,1,70,1.3078210353851318,139.38706946372986,1.5,,training
UNet_DP_Morph,LungInfection,True,psac,200.0,True,open,3,0.0001,24,2,70,1.2793452739715576,137.56304359436035,1.5,,training
UNet_DP_Morph,LungInfection,True,psac,200.0,True,open,5,0.0001,24,1,70,1.2510031461715698,137.9718475341797,1.5,,training
UNet_DP_Morph,LungInfection,True,psac,200.0,True,open,5,0.0001,24,2,70,1.2012076377868652,141.9562268257141,1.5,,training
UNet_DP_Morph,LungInfection,True,psac,200.0,True,open,7,0.0001,24,1,70,1.1803525686264038,139.4846773147583,1.5,,training
UNet_DP_Morph,LungInfection,True,psac,200.0,True,open,7,0.0001,24,2,70,1.2413829565048218,141.42812991142273,1.5,,training
UNet_DP_Morph,LungInfection,True,psac,200.0,True,open,9,0.0001,24,1,70,1.2105177640914917,136.89773726463318,1.5,,training
UNet_DP_Morph,LungInfection,True,psac,200.0,True,open,9,0.0001,24,2,70,1.1492724418640137,140.42411947250366,1.5,,training
UNet_DP_Morph,LungInfection,True,automatic,200.0,True,both,3,0.0001,24,1,70,1.1704390048980713,131.28382182121277,2.0,,training
UNet_DP_Morph,LungInfection,True,automatic,200.0,True,both,3,0.0001,24,2,70,1.2011414766311646,133.32855105400083,2.0,,training
UNet_DP_Morph,LungInfection,True,automatic,200.0,True,both,5,0.0001,24,1,70,1.1071215867996216,132.34989666938782,2.0,,training
UNet_DP_Morph,LungInfection,True,automatic,200.0,True,both,5,0.0001,24,2,70,1.1125521659851074,133.9812614917755,2.0,,training
UNet_DP_Morph,LungInfection,True,automatic,200.0,True,both,7,0.0001,24,1,70,1.134859561920166,134.06759238243103,2.0,,training
UNet_DP_Morph,LungInfection,True,automatic,200.0,True,both,7,0.0001,24,2,70,1.3086103200912476,133.63760042190552,2.0,,training
UNet_DP_Morph,LungInfection,True,automatic,200.0,True,both,9,0.0001,24,1,70,1.1234514713287354,134.20721006393433,2.0,,training
UNet_DP_Morph,LungInfection,True,automatic,200.0,True,both,9,0.0001,24,2,70,1.1333832740783691,135.8604600429535,2.0,,training
UNet_DP_Morph,LungInfection,True,automatic,200.0,True,close,3,0.0001,24,1,70,1.3315773010253906,128.14202213287354,2.0,,training
UNet_DP_Morph,LungInfection,True,automatic,200.0,True,close,3,0.0001,24,2,70,1.2658424377441406,128.57919192314148,2.0,,training
UNet_DP_Morph,LungInfection,True,automatic,200.0,True,close,5,0.0001,24,1,70,1.3490543365478516,126.36673045158386,2.0,,training
UNet_DP_Morph,LungInfection,True,automatic,200.0,True,close,5,0.0001,24,2,70,1.225197672843933,129.94054126739502,2.0,,training
UNet_DP_Morph,LungInfection,True,automatic,200.0,True,close,7,0.0001,24,1,70,1.3678224086761477,127.6030616760254,2.0,,training
UNet_DP_Morph,LungInfection,True,automatic,200.0,True,close,7,0.0001,24,2,70,1.3080891370773315,128.63707327842712,2.0,,training
UNet_DP_Morph,LungInfection,True,automatic,200.0,True,close,9,0.0001,24,1,70,1.4511064291000366,131.0691854953766,2.0,,training
UNet_DP_Morph,LungInfection,True,automatic,200.0,True,close,9,0.0001,24,2,70,1.3895163536071775,132.21054315567017,2.0,,training
UNet_DP_Morph,LungInfection,True,automatic,200.0,True,open,3,0.0001,24,1,70,1.1650232076644895,130.71924948692322,2.0,,training
UNet_DP_Morph,LungInfection,True,automatic,200.0,True,open,3,0.0001,24,2,70,1.201084852218628,130.9990360736847,2.0,,training
UNet_DP_Morph,LungInfection,True,automatic,200.0,True,open,5,0.0001,24,1,70,1.238602876663208,131.88544178009033,2.0,,training
UNet_DP_Morph,LungInfection,True,automatic,200.0,True,open,5,0.0001,24,2,70,1.2342689037322998,129.5724184513092,2.0,,training
UNet_DP_Morph,LungInfection,True,automatic,200.0,True,open,7,0.0001,24,1,70,1.131990671157837,132.18809032440186,2.0,,training
UNet_DP_Morph,LungInfection,True,automatic,200.0,True,open,7,0.0001,24,2,70,1.139173984527588,127.49360060691832,2.0,,training
UNet_DP_Morph,LungInfection,True,automatic,200.0,True,open,9,0.0001,24,1,70,1.166842341423035,126.89732670783997,2.0,,training
UNet_DP_Morph,LungInfection,True,automatic,200.0,True,open,9,0.0001,24,2,70,1.1196494102478027,126.84894919395448,2.0,,training
UNet_DP_Morph,LungInfection,True,base,200.0,True,both,3,0.0001,24,1,70,1.215376853942871,134.5601351261139,2.0,,training
UNet_DP_Morph,LungInfection,True,base,200.0,True,both,3,0.0001,24,2,70,1.2452058792114258,132.80953192710876,2.0,,training
UNet_DP_Morph,LungInfection,True,base,200.0,True,both,5,0.0001,24,1,70,1.144366979598999,134.5943796634674,2.0,,training
UNet_DP_Morph,LungInfection,True,base,200.0,True,both,5,0.0001,24,2,70,1.152834415435791,132.92519855499268,2.0,,training
UNet_DP_Morph,LungInfection,True,base,200.0,True,both,7,0.0001,24,1,70,1.102338790893555,133.1093831062317,2.0,,training
UNet_DP_Morph,LungInfection,True,base,200.0,True,both,7,0.0001,24,2,70,1.082058668136597,133.53537154197693,2.0,,training
UNet_DP_Morph,LungInfection,True,base,200.0,True,both,9,0.0001,24,1,70,1.1666699647903442,135.8056800365448,2.0,,training
UNet_DP_Morph,LungInfection,True,base,200.0,True,both,9,0.0001,24,2,70,1.1620770692825315,136.34758067131042,2.0,,training
UNet_DP_Morph,LungInfection,True,base,200.0,True,close,3,0.0001,24,1,70,1.3678736686706543,130.7219808101654,2.0,,training
UNet_DP_Morph,LungInfection,True,base,200.0,True,close,3,0.0001,24,2,70,1.2680814266204834,127.45972990989684,2.0,,training
UNet_DP_Morph,LungInfection,True,base,200.0,True,close,5,0.0001,24,1,70,1.3425105810165403,132.51305079460144,2.0,,training
UNet_DP_Morph,LungInfection,True,base,200.0,True,close,5,0.0001,24,2,70,1.3046566247940063,125.85314989089966,2.0,,training
UNet_DP_Morph,LungInfection,True,base,200.0,True,close,7,0.0001,24,1,70,1.455667495727539,126.2396342754364,2.0,,training
UNet_DP_Morph,LungInfection,True,base,200.0,True,close,7,0.0001,24,2,70,1.4089534282684326,157.95920658111572,2.0,,training
UNet_DP_Morph,LungInfection,True,base,200.0,True,close,9,0.0001,24,2,70,1.3807224035263062,130.99155163764954,2.0,,training
UNet_DP_Morph,LungInfection,True,base,200.0,True,close,9,0.0001,24,1,70,1.2908433675765991,170.48135018348694,2.0,,training
UNet_DP_Morph,LungInfection,True,base,200.0,True,open,3,0.0001,24,1,70,1.1466082334518433,127.68218779563904,2.0,,training
UNet_DP_Morph,LungInfection,True,base,200.0,True,open,3,0.0001,24,2,70,1.1150474548339844,132.66995644569397,2.0,,training
UNet_DP_Morph,LungInfection,True,base,200.0,True,open,5,0.0001,24,1,70,1.0675010681152344,131.87579870224,2.0,,training
UNet_DP_Morph,LungInfection,True,base,200.0,True,open,5,0.0001,24,2,70,1.2002875804901123,132.0757384300232,2.0,,training
UNet_DP_Morph,LungInfection,True,base,200.0,True,open,7,0.0001,24,1,70,1.1254339218139648,131.12371277809143,2.0,,training
UNet_DP_Morph,LungInfection,True,base,200.0,True,open,7,0.0001,24,2,70,1.1847636699676514,130.04747557640076,2.0,,training
UNet_DP_Morph,LungInfection,True,base,200.0,True,open,9,0.0001,24,1,70,1.109075903892517,131.35125303268433,2.0,,training
UNet_DP_Morph,LungInfection,True,base,200.0,True,open,9,0.0001,24,2,70,1.1009821891784668,131.84788966178894,2.0,,training
UNet_DP_Morph,LungInfection,True,nsgd,200.0,True,both,3,0.0001,24,1,70,1.38201904296875,130.98354578018188,2.0,,training
UNet_DP_Morph,LungInfection,True,nsgd,200.0,True,both,3,0.0001,24,2,70,1.2955074310302734,132.9688696861267,2.0,,training
UNet_DP_Morph,LungInfection,True,nsgd,200.0,True,both,5,0.0001,24,1,70,1.2469571828842163,131.2810788154602,2.0,,training
UNet_DP_Morph,LungInfection,True,nsgd,200.0,True,both,5,0.0001,24,2,70,1.2782667875289917,134.78599858283997,2.0,,training
UNet_DP_Morph,LungInfection,True,nsgd,200.0,True,both,7,0.0001,24,1,70,1.342678427696228,135.84487795829773,2.0,,training
UNet_DP_Morph,LungInfection,True,nsgd,200.0,True,both,7,0.0001,24,2,70,1.3228930234909058,135.48578548431396,2.0,,training
UNet_DP_Morph,LungInfection,True,nsgd,200.0,True,both,9,0.0001,24,1,70,1.3913962841033936,134.80587100982666,2.0,,training
UNet_DP_Morph,LungInfection,True,nsgd,200.0,True,both,9,0.0001,24,2,70,1.3788695335388184,135.0668432712555,2.0,,training
UNet_DP_Morph,LungInfection,True,nsgd,200.0,True,close,3,0.0001,24,1,70,1.507718801498413,130.33691382408142,2.0,,training
UNet_DP_Morph,LungInfection,True,nsgd,200.0,True,close,3,0.0001,24,2,70,1.466400980949402,161.87894368171692,2.0,,training
UNet_DP_Morph,LungInfection,True,nsgd,200.0,True,close,5,0.0001,24,1,70,1.4113826751708984,127.40815472602844,2.0,,training
UNet_DP_Morph,LungInfection,True,nsgd,200.0,True,close,5,0.0001,24,2,70,1.5441278219223022,128.84770226478577,2.0,,training
UNet_DP_Morph,LungInfection,True,nsgd,200.0,True,close,7,0.0001,24,1,70,1.4692167043685913,128.3560860157013,2.0,,training
UNet_DP_Morph,LungInfection,True,nsgd,200.0,True,close,7,0.0001,24,2,70,1.5138390064239502,130.1008758544922,2.0,,training
UNet_DP_Morph,LungInfection,True,nsgd,200.0,True,close,9,0.0001,24,1,70,1.4327434301376345,129.26295065879822,2.0,,training
UNet_DP_Morph,LungInfection,True,nsgd,200.0,True,close,9,0.0001,24,2,70,1.4871788024902344,128.7179811000824,2.0,,training
UNet_DP_Morph,LungInfection,True,nsgd,200.0,True,open,3,0.0001,24,1,70,1.3604873418807983,125.885272026062,2.0,,training
UNet_DP_Morph,LungInfection,True,nsgd,200.0,True,open,3,0.0001,24,2,70,1.503313064575195,129.20175123214722,2.0,,training
UNet_DP_Morph,LungInfection,True,nsgd,200.0,True,open,5,0.0001,24,1,70,1.3187661170959473,128.90587258338928,2.0,,training
UNet_DP_Morph,LungInfection,True,nsgd,200.0,True,open,5,0.0001,24,2,70,1.3109016418457031,132.5245065689087,2.0,,training
UNet_DP_Morph,LungInfection,True,nsgd,200.0,True,open,7,0.0001,24,1,70,1.3378089666366575,130.03436064720154,2.0,,training
UNet_DP_Morph,LungInfection,True,nsgd,200.0,True,open,7,0.0001,24,2,70,1.2934901714324951,128.09473180770874,2.0,,training
UNet_DP_Morph,LungInfection,True,nsgd,200.0,True,open,9,0.0001,24,1,70,1.3063485622406006,133.0964424610138,2.0,,training
UNet_DP_Morph,LungInfection,True,nsgd,200.0,True,open,9,0.0001,24,2,70,1.2717570066452026,129.5924117565155,2.0,,training
UNet_DP_Morph,LungInfection,True,psac,200.0,True,both,3,0.0001,24,1,70,1.1894872188568115,138.96191692352295,2.0,,training
UNet_DP_Morph,LungInfection,True,psac,200.0,True,both,3,0.0001,24,2,70,1.220854878425598,137.76608896255493,2.0,,training
UNet_DP_Morph,LungInfection,True,psac,200.0,True,both,5,0.0001,24,1,70,1.2277169227600098,138.40676307678223,2.0,,training
UNet_DP_Morph,LungInfection,True,psac,200.0,True,both,5,0.0001,24,2,70,1.1328535079956057,140.17863202095032,2.0,,training
UNet_DP_Morph,LungInfection,True,psac,200.0,True,both,7,0.0001,24,1,70,1.2123717069625854,137.64283108711243,2.0,,training
UNet_DP_Morph,LungInfection,True,psac,200.0,True,both,7,0.0001,24,2,70,1.2572596073150637,175.28470277786255,2.0,,training
UNet_DP_Morph,LungInfection,True,psac,200.0,True,both,9,0.0001,24,1,70,1.220489501953125,142.80219173431396,2.0,,training
UNet_DP_Morph,LungInfection,True,psac,200.0,True,both,9,0.0001,24,2,70,1.186240553855896,142.10696053504944,2.0,,training
UNet_DP_Morph,LungInfection,True,psac,200.0,True,close,3,0.0001,24,1,70,1.240517497062683,139.3155813217163,2.0,,training
UNet_DP_Morph,LungInfection,True,psac,200.0,True,close,3,0.0001,24,2,70,1.372436285018921,134.8099775314331,2.0,,training
UNet_DP_Morph,LungInfection,True,psac,200.0,True,close,5,0.0001,24,1,70,1.3041458129882812,141.9490203857422,2.0,,training
UNet_DP_Morph,LungInfection,True,psac,200.0,True,close,5,0.0001,24,2,70,1.3370418548583984,134.93891596794128,2.0,,training
UNet_DP_Morph,LungInfection,True,psac,200.0,True,close,7,0.0001,24,1,70,1.4035236835479736,140.28392791748047,2.0,,training
UNet_DP_Morph,LungInfection,True,psac,200.0,True,close,7,0.0001,24,2,70,1.3344134092330933,138.29228734970093,2.0,,training
UNet_DP_Morph,LungInfection,True,psac,200.0,True,close,9,0.0001,24,1,70,1.301478385925293,135.194495677948,2.0,,training
UNet_DP_Morph,LungInfection,True,psac,200.0,True,close,9,0.0001,24,2,70,1.3810218572616575,140.1153748035431,2.0,,training
UNet_DP_Morph,LungInfection,True,psac,200.0,True,open,3,0.0001,24,1,70,1.232083082199097,138.62103414535522,2.0,,training
UNet_DP_Morph,LungInfection,True,psac,200.0,True,open,3,0.0001,24,2,70,1.1821796894073486,138.1581301689148,2.0,,training
UNet_DP_Morph,LungInfection,True,psac,200.0,True,open,5,0.0001,24,1,70,1.1750441789627075,136.10684752464294,2.0,,training
UNet_DP_Morph,LungInfection,True,psac,200.0,True,open,5,0.0001,24,2,70,1.1530877351760864,140.98477292060852,2.0,,training
UNet_DP_Morph,LungInfection,True,psac,200.0,True,open,7,0.0001,24,1,70,1.112601399421692,137.60690879821777,2.0,,training
UNet_DP_Morph,LungInfection,True,psac,200.0,True,open,7,0.0001,24,2,70,1.1894978284835815,175.64764738082886,2.0,,training
UNet_DP_Morph,LungInfection,True,psac,200.0,True,open,9,0.0001,24,1,70,1.1518096923828125,137.3000829219818,2.0,,training
UNet_DP_Morph,LungInfection,True,psac,200.0,True,open,9,0.0001,24,2,70,1.1561368703842163,140.68384218215942,2.0,,training
UNet_DP_Morph,LungInfection,True,automatic,8.0,True,both,3,0.0001,48,1,70,1.532450795173645,107.11315894126892,1.2,,training
UNet_DP_Morph,LungInfection,True,automatic,8.0,True,both,3,0.0001,48,2,70,1.4178259372711182,139.34516072273254,1.2,,training
UNet_DP_Morph,LungInfection,True,automatic,8.0,True,both,5,0.0001,48,1,70,1.3453388214111328,132.29591035842896,1.2,,training
UNet_DP_Morph,LungInfection,True,automatic,8.0,True,both,5,0.0001,48,2,70,1.397047519683838,107.06972074508668,1.2,,training
UNet_DP_Morph,LungInfection,True,automatic,8.0,True,both,7,0.0001,48,1,70,1.3468211889266968,140.88211822509766,1.2,,training
UNet_DP_Morph,LungInfection,True,automatic,8.0,True,both,7,0.0001,48,2,70,1.3930234909057615,142.73979258537292,1.2,,training
UNet_DP_Morph,LungInfection,True,automatic,8.0,True,both,9,0.0001,48,1,70,1.4712107181549072,141.77132320404053,1.2,,training
UNet_DP_Morph,LungInfection,True,automatic,8.0,True,close,3,0.0001,48,1,70,1.4819493293762207,137.54169249534607,1.2,,training
UNet_DP_Morph,LungInfection,True,automatic,8.0,True,close,3,0.0001,48,2,70,1.4732744693756104,139.54368472099304,1.2,,training
UNet_DP_Morph,LungInfection,True,automatic,8.0,True,close,5,0.0001,48,1,70,1.6396522521972656,141.62915539741516,1.2,,training
UNet_DP_Morph,LungInfection,True,automatic,8.0,True,close,5,0.0001,48,2,70,1.4854131937026978,145.90942811965942,1.2,,training
UNet_DP_Morph,LungInfection,True,automatic,8.0,True,close,7,0.0001,48,1,70,1.5157597064971924,138.32361245155334,1.2,,training
UNet_DP_Morph,LungInfection,True,automatic,8.0,True,close,7,0.0001,48,2,70,1.5642536878585815,139.28722023963928,1.2,,training
UNet_DP_Morph,LungInfection,True,automatic,8.0,True,close,9,0.0001,48,1,70,1.445108413696289,138.2058174610138,1.2,,training
UNet_DP_Morph,LungInfection,True,automatic,8.0,True,close,9,0.0001,48,2,70,1.6780550479888916,139.88270616531372,1.2,,training
UNet_DP_Morph,LungInfection,True,automatic,8.0,True,open,3,0.0001,48,1,70,1.3465325832366943,136.72653317451477,1.2,,training
UNet_DP_Morph,LungInfection,True,automatic,8.0,True,open,3,0.0001,48,2,70,1.4378070831298828,139.19207310676575,1.2,,training
UNet_DP_Morph,LungInfection,True,automatic,8.0,True,open,5,0.0001,48,1,70,1.432189702987671,139.3485655784607,1.2,,training
UNet_DP_Morph,LungInfection,True,automatic,8.0,True,open,5,0.0001,48,2,70,1.3832335472106934,136.65578699111938,1.2,,training
UNet_DP_Morph,LungInfection,True,automatic,8.0,True,open,7,0.0001,48,1,70,1.369312047958374,137.2896978855133,1.2,,training
UNet_DP_Morph,LungInfection,True,automatic,8.0,True,open,9,0.0001,48,1,70,1.4108868837356567,138.95444178581238,1.2,,training
UNet_DP_Morph,LungInfection,True,automatic,8.0,True,open,9,0.0001,48,2,70,1.3585246801376345,139.694313287735,1.2,,training
UNet_DP_Morph,LungInfection,True,base,8.0,True,both,3,0.0001,48,2,70,1.4139773845672607,138.07233262062073,1.2,,training
UNet_DP_Morph,LungInfection,True,base,8.0,True,both,3,0.0001,48,1,70,1.404081106185913,152.49108934402466,1.2,,training
UNet_DP_Morph,LungInfection,True,base,8.0,True,both,5,0.0001,48,1,70,1.4196758270263672,138.2359917163849,1.2,,training
UNet_DP_Morph,LungInfection,True,base,8.0,True,both,5,0.0001,48,2,70,1.5049984455108645,142.33853435516355,1.2,,training
UNet_DP_Morph,LungInfection,True,base,8.0,True,both,7,0.0001,48,1,70,1.388811111450195,139.62902569770813,1.2,,training
UNet_DP_Morph,LungInfection,True,base,8.0,True,both,7,0.0001,48,2,70,1.3661727905273438,139.58718347549438,1.2,,training
UNet_DP_Morph,LungInfection,True,base,8.0,True,both,9,0.0001,48,1,70,1.4097658395767212,139.36616349220276,1.2,,training
UNet_DP_Morph,LungInfection,True,base,8.0,True,close,3,0.0001,48,1,70,1.475184679031372,104.87074446678162,1.2,,training
UNet_DP_Morph,LungInfection,True,base,8.0,True,close,3,0.0001,48,2,70,1.4733097553253174,135.45916652679443,1.2,,training
UNet_DP_Morph,LungInfection,True,base,8.0,True,close,5,0.0001,48,1,70,1.572722554206848,141.81953978538513,1.2,,training
UNet_DP_Morph,LungInfection,True,base,8.0,True,close,7,0.0001,48,1,70,1.5121994018554688,140.83622813224792,1.2,,training
UNet_DP_Morph,LungInfection,True,base,8.0,True,close,7,0.0001,48,2,70,1.5849246978759766,138.9737594127655,1.2,,training
UNet_DP_Morph,LungInfection,True,base,8.0,True,close,9,0.0001,48,1,70,1.5150309801101685,139.18641424179077,1.2,,training
UNet_DP_Morph,LungInfection,True,base,8.0,True,close,9,0.0001,48,2,70,1.4812469482421875,142.44785618782043,1.2,,training
UNet_DP_Morph,LungInfection,True,base,8.0,True,open,3,0.0001,48,1,70,1.5478311777114868,135.50396752357483,1.2,,training
UNet_DP_Morph,LungInfection,True,base,8.0,True,open,3,0.0001,48,2,70,1.4644842147827148,139.1217532157898,1.2,,training
UNet_DP_Morph,LungInfection,True,base,8.0,True,open,5,0.0001,48,1,70,1.3218839168548584,105.45964312553406,1.2,,training
UNet_DP_Morph,LungInfection,True,base,8.0,True,open,5,0.0001,48,2,70,1.3799238204956057,140.27867889404297,1.2,,training
UNet_DP_Morph,LungInfection,True,base,8.0,True,open,9,0.0001,48,1,70,1.3791495561599731,138.5077395439148,1.2,,training
UNet_DP_Morph,LungInfection,True,base,8.0,True,open,9,0.0001,48,2,70,1.350229024887085,137.45423245429993,1.2,,training
UNet_DP_Morph,LungInfection,True,nsgd,8.0,True,both,3,0.0001,48,1,70,1.4873411655426023,138.50388622283936,1.2,,training
UNet_DP_Morph,LungInfection,True,nsgd,8.0,True,both,3,0.0001,48,2,70,1.4060633182525637,140.15668559074402,1.2,,training
UNet_DP_Morph,LungInfection,True,nsgd,8.0,True,both,5,0.0001,48,1,70,1.4987969398498535,139.82187390327454,1.2,,training
UNet_DP_Morph,LungInfection,True,nsgd,8.0,True,both,5,0.0001,48,2,70,1.4403212070465088,138.59600615501404,1.2,,training
UNet_DP_Morph,LungInfection,True,nsgd,8.0,True,both,9,0.0001,48,1,70,1.4434973001480105,108.90155410766602,1.2,,training
UNet_DP_Morph,LungInfection,True,nsgd,8.0,True,both,9,0.0001,48,2,70,1.395710825920105,140.74468541145325,1.2,,training
UNet_DP_Morph,LungInfection,True,nsgd,8.0,True,close,3,0.0001,48,1,70,1.5128573179244995,137.7163519859314,1.2,,training
UNet_DP_Morph,LungInfection,True,nsgd,8.0,True,close,3,0.0001,48,2,70,1.536027193069458,139.57532715797424,1.2,,training
UNet_DP_Morph,LungInfection,True,nsgd,8.0,True,close,5,0.0001,48,1,70,1.486950159072876,140.5879509449005,1.2,,training
UNet_DP_Morph,LungInfection,True,nsgd,8.0,True,close,5,0.0001,48,2,70,1.5397074222564695,136.164879322052,1.2,,training
UNet_DP_Morph,LungInfection,True,nsgd,8.0,True,close,7,0.0001,48,1,70,1.53620183467865,138.04102182388306,1.2,,training
UNet_DP_Morph,LungInfection,True,nsgd,8.0,True,close,7,0.0001,48,2,70,1.5448317527770996,137.30644392967224,1.2,,training
UNet_DP_Morph,LungInfection,True,nsgd,8.0,True,close,9,0.0001,48,1,70,1.566152572631836,108.34990763664246,1.2,,training
UNet_DP_Morph,LungInfection,True,nsgd,8.0,True,close,9,0.0001,48,2,70,1.595374345779419,137.37755036354065,1.2,,training
UNet_DP_Morph,LungInfection,True,nsgd,8.0,True,open,3,0.0001,48,1,70,1.3951880931854248,137.79117441177368,1.2,,training
UNet_DP_Morph,LungInfection,True,nsgd,8.0,True,open,3,0.0001,48,2,70,1.4493122100830078,143.17032957077026,1.2,,training
UNet_DP_Morph,LungInfection,True,nsgd,8.0,True,open,5,0.0001,48,1,70,1.4781439304351809,140.7046401500702,1.2,,training
UNet_DP_Morph,LungInfection,True,nsgd,8.0,True,open,5,0.0001,48,2,70,1.4178948402404783,150.648832321167,1.2,,training
UNet_DP_Morph,LungInfection,True,nsgd,8.0,True,open,7,0.0001,48,1,70,1.4102023839950562,138.01916694641113,1.2,,training
UNet_DP_Morph,LungInfection,True,nsgd,8.0,True,open,7,0.0001,48,2,70,1.3959524631500244,139.94078969955444,1.2,,training
UNet_DP_Morph,LungInfection,True,psac,8.0,True,both,3,0.0001,48,1,70,1.4713521003723145,154.5784513950348,1.2,,training
UNet_DP_Morph,LungInfection,True,psac,8.0,True,both,3,0.0001,48,2,70,1.4555256366729736,151.0440318584442,1.2,,training
UNet_DP_Morph,LungInfection,True,psac,8.0,True,both,5,0.0001,48,1,70,1.4946823120117188,147.4897334575653,1.2,,training
UNet_DP_Morph,LungInfection,True,psac,8.0,True,both,5,0.0001,48,2,70,1.4068548679351809,153.48715376853943,1.2,,training
UNet_DP_Morph,LungInfection,True,psac,8.0,True,both,9,0.0001,48,1,70,1.406233549118042,147.71917128562927,1.2,,training
UNet_DP_Morph,LungInfection,True,psac,8.0,True,both,9,0.0001,48,2,70,1.3703409433364868,156.09471559524536,1.2,,training
UNet_DP_Morph,LungInfection,True,psac,8.0,True,close,3,0.0001,48,2,70,1.5398118495941162,150.80928349494934,1.2,,training
UNet_DP_Morph,LungInfection,True,psac,8.0,True,close,3,0.0001,48,1,70,1.387335181236267,152.20842933654785,1.2,,training
UNet_DP_Morph,LungInfection,True,psac,8.0,True,close,5,0.0001,48,1,70,1.5881550312042236,147.59261512756348,1.2,,training
UNet_DP_Morph,LungInfection,True,psac,8.0,True,close,5,0.0001,48,2,70,1.4581079483032229,149.8597927093506,1.2,,training
UNet_DP_Morph,LungInfection,True,psac,8.0,True,close,7,0.0001,48,1,70,1.647940158843994,145.71889281272888,1.2,,training
UNet_DP_Morph,LungInfection,True,psac,8.0,True,close,7,0.0001,48,2,70,1.4972891807556152,150.76243233680725,1.2,,training
UNet_DP_Morph,LungInfection,True,psac,8.0,True,close,9,0.0001,48,1,70,1.5353213548660278,152.75478601455688,1.2,,training
UNet_DP_Morph,LungInfection,True,psac,8.0,True,close,9,0.0001,48,2,70,1.5485095977783203,154.35613322257996,1.2,,training
UNet_DP_Morph,LungInfection,True,psac,8.0,True,open,3,0.0001,48,1,70,1.457366943359375,153.08759665489197,1.2,,training
UNet_DP_Morph,LungInfection,True,psac,8.0,True,open,3,0.0001,48,2,70,1.421814203262329,152.3793203830719,1.2,,training
UNet_DP_Morph,LungInfection,True,psac,8.0,True,open,5,0.0001,48,1,70,1.4383355379104614,115.40286922454834,1.2,,training
UNet_DP_Morph,LungInfection,True,psac,8.0,True,open,5,0.0001,48,2,70,1.334341049194336,146.8026406764984,1.2,,training
UNet_DP_Morph,LungInfection,True,psac,8.0,True,open,7,0.0001,48,2,70,1.416948318481445,115.58242702484132,1.2,,training
UNet_DP_Morph,LungInfection,True,psac,8.0,True,open,7,0.0001,48,1,70,1.3967044353485107,157.11019659042358,1.2,,training
UNet_DP_Morph,LungInfection,True,psac,8.0,True,open,9,0.0001,48,1,70,1.391572117805481,152.68582248687744,1.2,,training
UNet_DP_Morph,LungInfection,True,psac,8.0,True,open,9,0.0001,48,2,70,1.4132287502288818,148.4379026889801,1.2,,training
UNet_DP_Morph,LungInfection,True,automatic,8.0,True,both,3,0.0001,48,1,70,1.4273502826690674,137.84330582618713,1.5,,training
UNet_DP_Morph,LungInfection,True,automatic,8.0,True,both,3,0.0001,48,2,70,1.4655098915100098,139.5675015449524,1.5,,training
UNet_DP_Morph,LungInfection,True,automatic,8.0,True,both,5,0.0001,48,2,70,1.414480686187744,109.65909790992735,1.5,,training
UNet_DP_Morph,LungInfection,True,automatic,8.0,True,both,5,0.0001,48,1,70,1.3929541110992432,140.97532749176025,1.5,,training
UNet_DP_Morph,LungInfection,True,automatic,8.0,True,close,3,0.0001,48,1,70,1.5246148109436035,136.06909227371216,1.5,,training
UNet_DP_Morph,LungInfection,True,automatic,8.0,True,close,3,0.0001,48,2,70,1.5711545944213867,138.32820296287537,1.5,,training
UNet_DP_Morph,LungInfection,True,automatic,8.0,True,close,5,0.0001,48,1,70,1.5586479902267456,141.09154224395752,1.5,,training
UNet_DP_Morph,LungInfection,True,automatic,8.0,True,open,3,0.0001,48,1,70,1.4484331607818604,138.45062065124512,1.5,,training
UNet_DP_Morph,LungInfection,True,automatic,8.0,True,open,3,0.0001,48,2,70,1.464496612548828,104.07037568092346,1.5,,training
UNet_DP_Morph,LungInfection,True,automatic,8.0,True,open,5,0.0001,48,1,70,1.3700084686279297,135.62981915473938,1.5,,training
UNet_DP_Morph,LungInfection,True,automatic,8.0,True,open,5,0.0001,48,2,70,1.386483669281006,137.06834197044373,1.5,,training
UNet_DP_Morph,LungInfection,True,automatic,8.0,True,open,7,0.0001,48,1,70,1.3689441680908203,138.1087782382965,1.5,,training
UNet_DP_Morph,LungInfection,True,automatic,8.0,True,open,7,0.0001,48,2,70,1.3977546691894531,136.2321903705597,1.5,,training
UNet_DP_Morph,LungInfection,True,automatic,8.0,True,open,9,0.0001,48,1,70,1.3357290029525757,140.14051961898804,1.5,,training
UNet_DP_Morph,LungInfection,True,automatic,8.0,True,open,9,0.0001,48,2,70,1.442225217819214,138.353768825531,1.5,,training
UNet_DP_Morph,LungInfection,True,base,8.0,True,both,3,0.0001,48,1,70,1.452792406082153,136.30936002731323,1.5,,training
UNet_DP_Morph,LungInfection,True,base,8.0,True,both,3,0.0001,48,2,70,1.5371878147125244,136.77951169013977,1.5,,training
UNet_DP_Morph,LungInfection,True,base,8.0,True,both,5,0.0001,48,1,70,1.4387973546981812,136.75661492347717,1.5,,training
UNet_DP_Morph,LungInfection,True,base,8.0,True,both,5,0.0001,48,2,70,1.3965740203857422,138.4297218322754,1.5,,training
UNet_DP_Morph,LungInfection,True,base,8.0,True,both,7,0.0001,48,1,70,1.4096670150756836,107.5441529750824,1.5,,training
UNet_DP_Morph,LungInfection,True,base,8.0,True,both,7,0.0001,48,2,70,1.401464819908142,133.80387115478516,1.5,,training
UNet_DP_Morph,LungInfection,True,base,8.0,True,both,9,0.0001,48,1,70,1.3895788192749023,138.99035000801086,1.5,,training
UNet_DP_Morph,LungInfection,True,base,8.0,True,both,9,0.0001,48,2,70,1.426872730255127,139.40680646896362,1.5,,training
UNet_DP_Morph,LungInfection,True,base,8.0,True,close,3,0.0001,48,1,70,1.5400140285491943,137.58765196800232,1.5,,training
UNet_DP_Morph,LungInfection,True,base,8.0,True,close,3,0.0001,48,2,70,1.6863806247711182,137.2222764492035,1.5,,training
UNet_DP_Morph,LungInfection,True,base,8.0,True,close,5,0.0001,48,1,70,1.4370585680007937,138.2731735706329,1.5,,training
UNet_DP_Morph,LungInfection,True,base,8.0,True,close,5,0.0001,48,2,70,1.5492093563079834,138.81854367256165,1.5,,training
UNet_DP_Morph,LungInfection,True,base,8.0,True,close,7,0.0001,48,1,70,1.5834448337554932,139.8061101436615,1.5,,training
UNet_DP_Morph,LungInfection,True,base,8.0,True,close,7,0.0001,48,2,70,1.5859378576278689,139.05437207221985,1.5,,training
UNet_DP_Morph,LungInfection,True,base,8.0,True,close,9,0.0001,48,1,70,1.6530911922454834,138.2794795036316,1.5,,training
UNet_DP_Morph,LungInfection,True,base,8.0,True,close,9,0.0001,48,2,70,1.5893023014068604,139.38425135612488,1.5,,training
UNet_DP_Morph,LungInfection,True,base,8.0,True,open,3,0.0001,48,1,70,1.4520812034606934,138.8440089225769,1.5,,training
UNet_DP_Morph,LungInfection,True,base,8.0,True,open,3,0.0001,48,2,70,1.3755087852478027,137.82153487205505,1.5,,training
UNet_DP_Morph,LungInfection,True,base,8.0,True,open,5,0.0001,48,1,70,1.3990219831466677,138.1589822769165,1.5,,training
UNet_DP_Morph,LungInfection,True,base,8.0,True,open,5,0.0001,48,2,70,1.4053829908370972,135.37427878379822,1.5,,training
UNet_DP_Morph,LungInfection,True,base,8.0,True,open,7,0.0001,48,1,70,1.398890256881714,107.2555787563324,1.5,,training
UNet_DP_Morph,LungInfection,True,base,8.0,True,open,7,0.0001,48,2,70,1.4195964336395264,137.61316680908203,1.5,,training
UNet_DP_Morph,LungInfection,True,base,8.0,True,open,9,0.0001,48,1,70,1.40874981880188,135.93675994873047,1.5,,training
UNet_DP_Morph,LungInfection,True,base,8.0,True,open,9,0.0001,48,2,70,1.3789286613464355,137.7320041656494,1.5,,training
UNet_DP_Morph,LungInfection,True,nsgd,8.0,True,both,3,0.0001,48,1,70,1.5015891790390017,105.8280758857727,1.5,,training
UNet_DP_Morph,LungInfection,True,nsgd,8.0,True,both,3,0.0001,48,2,70,1.4524540901184082,133.24728751182556,1.5,,training
UNet_DP_Morph,LungInfection,True,nsgd,8.0,True,both,7,0.0001,48,1,70,1.379012107849121,138.85783195495603,1.5,,training
UNet_DP_Morph,LungInfection,True,nsgd,8.0,True,both,9,0.0001,48,1,70,1.3958661556243896,140.92167806625366,1.5,,training
UNet_DP_Morph,LungInfection,True,nsgd,8.0,True,both,9,0.0001,48,2,70,1.4731266498565674,143.63574314117432,1.5,,training
UNet_DP_Morph,LungInfection,True,nsgd,8.0,True,close,3,0.0001,48,1,70,1.6688125133514404,138.65763998031616,1.5,,training
UNet_DP_Morph,LungInfection,True,nsgd,8.0,True,close,3,0.0001,48,2,70,1.569200038909912,138.59933853149414,1.5,,training
UNet_DP_Morph,LungInfection,True,nsgd,8.0,True,close,5,0.0001,48,1,70,1.4992451667785645,136.6080138683319,1.5,,training
UNet_DP_Morph,LungInfection,True,nsgd,8.0,True,close,5,0.0001,48,2,70,1.5340499877929688,138.91474652290344,1.5,,training
UNet_DP_Morph,LungInfection,True,nsgd,8.0,True,close,7,0.0001,48,1,70,1.603546142578125,140.90147376060486,1.5,,training
UNet_DP_Morph,LungInfection,True,nsgd,8.0,True,open,3,0.0001,48,1,70,1.472858190536499,141.60509037971497,1.5,,training
UNet_DP_Morph,LungInfection,True,nsgd,8.0,True,open,3,0.0001,48,2,70,1.3946439027786257,139.8310489654541,1.5,,training
UNet_DP_Morph,LungInfection,True,nsgd,8.0,True,open,7,0.0001,48,2,70,1.4168550968170166,108.26590824127196,1.5,,training
UNet_DP_Morph,LungInfection,True,nsgd,8.0,True,open,7,0.0001,48,1,70,1.3934636116027832,141.1783230304718,1.5,,training
UNet_DP_Morph,LungInfection,True,nsgd,8.0,True,open,9,0.0001,48,2,70,1.3994419574737549,104.89145612716676,1.5,,training
UNet_DP_Morph,LungInfection,True,nsgd,8.0,True,open,9,0.0001,48,1,70,1.4162477254867554,142.67098927497864,1.5,,training
UNet_DP_Morph,LungInfection,True,psac,8.0,True,both,5,0.0001,48,1,70,1.4009804725646973,153.00558614730835,1.5,,training
UNet_DP_Morph,LungInfection,True,psac,8.0,True,both,7,0.0001,48,1,70,1.4111294746398926,146.30441331863403,1.5,,training
UNet_DP_Morph,LungInfection,True,psac,8.0,True,both,7,0.0001,48,2,70,1.4484270811080933,153.63950061798096,1.5,,training
UNet_DP_Morph,LungInfection,True,psac,8.0,True,close,3,0.0001,48,1,70,1.671220064163208,144.96641039848328,1.5,,training
UNet_DP_Morph,LungInfection,True,psac,8.0,True,close,3,0.0001,48,2,70,1.4663400650024414,150.08239340782166,1.5,,training
UNet_DP_Morph,LungInfection,True,psac,8.0,True,close,5,0.0001,48,1,70,1.5313727855682373,145.98404026031494,1.5,,training
UNet_DP_Morph,LungInfection,True,psac,8.0,True,close,5,0.0001,48,2,70,1.7268829345703125,148.43555736541748,1.5,,training
UNet_DP_Morph,LungInfection,True,psac,8.0,True,close,7,0.0001,48,1,70,1.4827485084533691,145.68472623825073,1.5,,training
UNet_DP_Morph,LungInfection,True,psac,8.0,True,close,7,0.0001,48,2,70,1.6887056827545166,148.6805682182312,1.5,,training
UNet_DP_Morph,LungInfection,True,psac,8.0,True,close,9,0.0001,48,1,70,1.5906410217285156,151.9033522605896,1.5,,training
UNet_DP_Morph,LungInfection,True,psac,8.0,True,open,3,0.0001,48,1,70,1.4148249626159668,150.5439052581787,1.5,,training
UNet_DP_Morph,LungInfection,True,psac,8.0,True,open,3,0.0001,48,2,70,1.4245822429656982,147.73794198036194,1.5,,training
UNet_DP_Morph,LungInfection,True,psac,8.0,True,open,5,0.0001,48,1,70,1.4031356573104858,151.75522184371948,1.5,,training
UNet_DP_Morph,LungInfection,True,psac,8.0,True,open,5,0.0001,48,2,70,1.369908094406128,154.46972584724426,1.5,,training
UNet_DP_Morph,LungInfection,True,psac,8.0,True,open,7,0.0001,48,1,70,1.3833529949188232,150.0369770526886,1.5,,training
UNet_DP_Morph,LungInfection,True,psac,8.0,True,open,7,0.0001,48,2,70,1.3540668487548828,147.07435584068298,1.5,,training
UNet_DP_Morph,LungInfection,True,psac,8.0,True,open,9,0.0001,48,1,70,1.4227242469787598,152.27057218551636,1.5,,training
UNet_DP_Morph,LungInfection,True,psac,8.0,True,open,9,0.0001,48,2,70,1.4490468502044678,156.075035572052,1.5,,training
UNet_DP_Morph,LungInfection,True,automatic,8.0,True,both,3,0.0001,48,2,70,1.395870804786682,105.678555727005,2.0,,training
UNet_DP_Morph,LungInfection,True,automatic,8.0,True,both,3,0.0001,48,1,70,1.4176180362701416,135.56338047981262,2.0,,training
UNet_DP_Morph,LungInfection,True,automatic,8.0,True,both,5,0.0001,48,1,70,1.4930120706558228,139.00617122650146,2.0,,training
UNet_DP_Morph,LungInfection,True,automatic,8.0,True,both,7,0.0001,48,1,70,1.440821886062622,139.05477380752563,2.0,,training
UNet_DP_Morph,LungInfection,True,automatic,8.0,True,close,5,0.0001,48,1,70,1.4338972568511963,140.1562943458557,2.0,,training
UNet_DP_Morph,LungInfection,True,automatic,8.0,True,close,5,0.0001,48,2,70,1.4820287227630615,138.10582065582275,2.0,,training
UNet_DP_Morph,LungInfection,True,automatic,8.0,True,close,7,0.0001,48,1,70,1.554828405380249,137.58871936798096,2.0,,training
UNet_DP_Morph,LungInfection,True,automatic,8.0,True,close,7,0.0001,48,2,70,1.5533268451690674,136.42351078987122,2.0,,training
UNet_DP_Morph,LungInfection,True,automatic,8.0,True,close,9,0.0001,48,1,70,1.6878416538238523,140.26914167404175,2.0,,training
UNet_DP_Morph,LungInfection,True,automatic,8.0,True,open,5,0.0001,48,1,70,1.3828985691070557,141.57630681991577,2.0,,training
UNet_DP_Morph,LungInfection,True,automatic,8.0,True,open,5,0.0001,48,2,70,1.4071335792541504,106.89631247520448,2.0,,training
UNet_DP_Morph,LungInfection,True,automatic,8.0,True,open,7,0.0001,48,1,70,1.380117416381836,136.03040194511414,2.0,,training
UNet_DP_Morph,LungInfection,True,automatic,8.0,True,open,7,0.0001,48,2,70,1.3672640323638916,138.11718010902405,2.0,,training
UNet_DP_Morph,LungInfection,True,automatic,8.0,True,open,9,0.0001,48,1,70,1.3319342136383057,139.16343665122986,2.0,,training
UNet_DP_Morph,LungInfection,True,automatic,8.0,True,open,9,0.0001,48,2,70,1.3288534879684448,139.13521146774292,2.0,,training
UNet_DP_Morph,LungInfection,True,base,8.0,True,both,3,0.0001,48,1,70,1.4383933544158936,135.18757462501526,2.0,,training
UNet_DP_Morph,LungInfection,True,base,8.0,True,both,3,0.0001,48,2,70,1.3280696868896484,142.9111249446869,2.0,,training
UNet_DP_Morph,LungInfection,True,base,8.0,True,both,5,0.0001,48,1,70,1.3608708381652832,138.4040329456329,2.0,,training
UNet_DP_Morph,LungInfection,True,base,8.0,True,both,5,0.0001,48,2,70,1.3971810340881348,137.84552884101868,2.0,,training
UNet_DP_Morph,LungInfection,True,base,8.0,True,both,7,0.0001,48,1,70,1.3907532691955566,136.5265595912933,2.0,,training
UNet_DP_Morph,LungInfection,True,base,8.0,True,both,7,0.0001,48,2,70,1.4074411392211914,141.07437133789062,2.0,,training
UNet_DP_Morph,LungInfection,True,base,8.0,True,both,9,0.0001,48,1,70,1.3822695016860962,140.23084473609924,2.0,,training
UNet_DP_Morph,LungInfection,True,base,8.0,True,both,9,0.0001,48,2,70,1.356804609298706,141.5895836353302,2.0,,training
UNet_DP_Morph,LungInfection,True,base,8.0,True,close,5,0.0001,48,1,70,1.4217333793640137,107.53619575500488,2.0,,training
UNet_DP_Morph,LungInfection,True,base,8.0,True,close,5,0.0001,48,2,70,1.4572062492370603,140.1964225769043,2.0,,training
UNet_DP_Morph,LungInfection,True,base,8.0,True,close,9,0.0001,48,1,70,1.5980980396270752,139.12079405784607,2.0,,training
UNet_DP_Morph,LungInfection,True,base,8.0,True,open,3,0.0001,48,1,70,1.4236783981323242,139.88585662841797,2.0,,training
UNet_DP_Morph,LungInfection,True,base,8.0,True,open,3,0.0001,48,2,70,1.3513685464859009,136.8201458454132,2.0,,training
UNet_DP_Morph,LungInfection,True,base,8.0,True,open,5,0.0001,48,1,70,1.380183458328247,137.07554149627686,2.0,,training
UNet_DP_Morph,LungInfection,True,base,8.0,True,open,7,0.0001,48,1,70,1.3706998825073242,136.99934244155884,2.0,,training
UNet_DP_Morph,LungInfection,True,base,8.0,True,open,7,0.0001,48,2,70,1.4306690692901611,136.7867443561554,2.0,,training
UNet_DP_Morph,LungInfection,True,base,8.0,True,open,9,0.0001,48,1,70,1.366091251373291,137.70199942588806,2.0,,training
UNet_DP_Morph,LungInfection,True,base,8.0,True,open,9,0.0001,48,2,70,1.399190068244934,138.25658226013184,2.0,,training
UNet_DP_Morph,LungInfection,True,nsgd,8.0,True,both,3,0.0001,48,1,70,1.5714370012283323,137.55032110214233,2.0,,training
UNet_DP_Morph,LungInfection,True,nsgd,8.0,True,both,3,0.0001,48,2,70,1.4549448490142822,134.56657767295837,2.0,,training
UNet_DP_Morph,LungInfection,True,nsgd,8.0,True,both,5,0.0001,48,1,70,1.4631905555725098,137.6354124546051,2.0,,training
UNet_DP_Morph,LungInfection,True,nsgd,8.0,True,both,7,0.0001,48,1,70,1.43706214427948,137.04593133926392,2.0,,training
UNet_DP_Morph,LungInfection,True,nsgd,8.0,True,both,7,0.0001,48,2,70,1.4535367488861084,138.1543891429901,2.0,,training
UNet_DP_Morph,LungInfection,True,nsgd,8.0,True,both,9,0.0001,48,1,70,1.4026631116867063,138.76483845710754,2.0,,training
UNet_DP_Morph,LungInfection,True,nsgd,8.0,True,both,9,0.0001,48,2,70,1.4026380777359009,142.18223929405212,2.0,,training
UNet_DP_Morph,LungInfection,True,nsgd,8.0,True,close,3,0.0001,48,1,70,1.5664007663726809,108.20236873626708,2.0,,training
UNet_DP_Morph,LungInfection,True,nsgd,8.0,True,close,3,0.0001,48,2,70,1.552131414413452,138.33249735832214,2.0,,training
UNet_DP_Morph,LungInfection,True,nsgd,8.0,True,close,5,0.0001,48,1,70,1.4627189636230469,137.41885566711426,2.0,,training
UNet_DP_Morph,LungInfection,True,nsgd,8.0,True,close,7,0.0001,48,1,70,1.634143352508545,137.60773587226868,2.0,,training
UNet_DP_Morph,LungInfection,True,nsgd,8.0,True,close,7,0.0001,48,2,70,1.5146279335021973,135.81834411621094,2.0,,training
UNet_DP_Morph,LungInfection,True,nsgd,8.0,True,close,9,0.0001,48,1,70,1.6068758964538574,137.44977378845215,2.0,,training
UNet_DP_Morph,LungInfection,True,nsgd,8.0,True,close,9,0.0001,48,2,70,1.5730328559875488,141.98854064941406,2.0,,training
UNet_DP_Morph,LungInfection,True,nsgd,8.0,True,open,3,0.0001,48,1,70,1.4571174383163452,140.23817348480225,2.0,,training
UNet_DP_Morph,LungInfection,True,nsgd,8.0,True,open,3,0.0001,48,2,70,1.6262266635894775,140.82295179367063,2.0,,training
UNet_DP_Morph,LungInfection,True,nsgd,8.0,True,open,5,0.0001,48,1,70,1.4500253200531006,136.4739716053009,2.0,,training
UNet_DP_Morph,LungInfection,True,nsgd,8.0,True,open,5,0.0001,48,2,70,1.413891077041626,136.69321846961975,2.0,,training
UNet_DP_Morph,LungInfection,True,nsgd,8.0,True,open,7,0.0001,48,1,70,1.3740153312683103,138.15311527252197,2.0,,training
UNet_DP_Morph,LungInfection,True,nsgd,8.0,True,open,7,0.0001,48,2,70,1.4700884819030762,136.04492163658142,2.0,,training
UNet_DP_Morph,LungInfection,True,nsgd,8.0,True,open,9,0.0001,48,2,70,1.389089584350586,109.84149980545044,2.0,,training
UNet_DP_Morph,LungInfection,True,nsgd,8.0,True,open,9,0.0001,48,1,70,1.488089084625244,138.58819246292114,2.0,,training
UNet_DP_Morph,LungInfection,True,psac,8.0,True,both,3,0.0001,48,1,70,1.4619147777557373,146.84009408950806,2.0,,training
UNet_DP_Morph,LungInfection,True,psac,8.0,True,both,3,0.0001,48,2,70,1.443286418914795,149.95696115493774,2.0,,training
UNet_DP_Morph,LungInfection,True,psac,8.0,True,both,5,0.0001,48,1,70,1.4191511869430542,144.0544672012329,2.0,,training
UNet_DP_Morph,LungInfection,True,psac,8.0,True,both,5,0.0001,48,2,70,1.4766252040863037,153.03611826896667,2.0,,training
UNet_DP_Morph,LungInfection,True,psac,8.0,True,both,7,0.0001,48,1,70,1.482874870300293,116.62841749191284,2.0,,training
UNet_DP_Morph,LungInfection,True,psac,8.0,True,both,7,0.0001,48,2,70,1.37602698802948,117.66603183746338,2.0,,training
UNet_DP_Morph,LungInfection,True,psac,8.0,True,both,9,0.0001,48,1,70,1.4088611602783203,150.75329637527466,2.0,,training
UNet_DP_Morph,LungInfection,True,psac,8.0,True,both,9,0.0001,48,2,70,1.393283486366272,153.22252011299133,2.0,,training
UNet_DP_Morph,LungInfection,True,psac,8.0,True,close,3,0.0001,48,1,70,1.4981274604797363,146.46081471443176,2.0,,training
UNet_DP_Morph,LungInfection,True,psac,8.0,True,close,5,0.0001,48,1,70,1.5750168561935425,116.98828649520874,2.0,,training
UNet_DP_Morph,LungInfection,True,psac,8.0,True,close,5,0.0001,48,2,70,1.5526593923568726,154.55444836616516,2.0,,training
UNet_DP_Morph,LungInfection,True,psac,8.0,True,close,9,0.0001,48,1,70,1.580671310424805,151.71196699142456,2.0,,training
UNet_DP_Morph,LungInfection,True,psac,8.0,True,open,3,0.0001,48,1,70,1.4397783279418943,119.60480332374571,2.0,,training
UNet_DP_Morph,LungInfection,True,psac,8.0,True,open,3,0.0001,48,2,70,1.4256870746612549,155.0807991027832,2.0,,training
UNet_DP_Morph,LungInfection,True,psac,8.0,True,open,5,0.0001,48,1,70,1.405277967453003,153.14648485183716,2.0,,training
UNet_DP_Morph,LungInfection,True,psac,8.0,True,open,5,0.0001,48,2,70,1.371297836303711,149.2466139793396,2.0,,training
UNet_DP_Morph,LungInfection,True,psac,8.0,True,open,7,0.0001,48,1,70,1.5076528787612915,151.7341136932373,2.0,,training
UNet_DP_Morph,LungInfection,True,psac,8.0,True,open,9,0.0001,48,1,70,1.3963230848312378,154.48224902153015,2.0,,training
UNet_DP_Morph,LungInfection,True,psac,8.0,True,open,9,0.0001,48,2,70,1.4584323167800903,150.37962865829468,2.0,,training
UNet_DP_Morph,LungInfection,True,automatic,200.0,True,both,3,0.0001,48,1,70,1.180823564529419,152.30939388275146,1.2,,training
UNet_DP_Morph,LungInfection,True,automatic,200.0,True,both,3,0.0001,48,2,70,1.168919801712036,153.87562608718872,1.2,,training
UNet_DP_Morph,LungInfection,True,automatic,200.0,True,both,5,0.0001,48,1,70,1.129300594329834,153.06566286087036,1.2,,training
UNet_DP_Morph,LungInfection,True,automatic,200.0,True,both,5,0.0001,48,2,70,1.1633360385894775,155.28549647331238,1.2,,training
UNet_DP_Morph,LungInfection,True,automatic,200.0,True,both,9,0.0001,48,1,70,1.1123089790344238,147.6245186328888,1.2,,training
UNet_DP_Morph,LungInfection,True,automatic,200.0,True,close,3,0.0001,48,1,70,1.314702391624451,158.57340908050537,1.2,,training
UNet_DP_Morph,LungInfection,True,automatic,200.0,True,close,3,0.0001,48,2,70,1.3405988216400146,154.38954663276672,1.2,,training
UNet_DP_Morph,LungInfection,True,automatic,200.0,True,close,5,0.0001,48,1,70,1.3500423431396484,156.06715440750122,1.2,,training
UNet_DP_Morph,LungInfection,True,automatic,200.0,True,close,5,0.0001,48,2,70,1.2756093740463257,150.1888782978058,1.2,,training
UNet_DP_Morph,LungInfection,True,automatic,200.0,True,close,7,0.0001,48,1,70,1.3301215171813965,153.5689296722412,1.2,,training
UNet_DP_Morph,LungInfection,True,automatic,200.0,True,close,9,0.0001,48,1,70,1.4113999605178833,154.95515131950378,1.2,,training
UNet_DP_Morph,LungInfection,True,automatic,200.0,True,open,3,0.0001,48,1,70,1.1434054374694824,117.0731873512268,1.2,,training
UNet_DP_Morph,LungInfection,True,automatic,200.0,True,open,3,0.0001,48,2,70,1.283627986907959,150.98611783981323,1.2,,training
UNet_DP_Morph,LungInfection,True,automatic,200.0,True,open,5,0.0001,48,1,70,1.1160085201263428,150.57136344909668,1.2,,training
UNet_DP_Morph,LungInfection,True,automatic,200.0,True,open,5,0.0001,48,2,70,1.138291597366333,154.29701566696167,1.2,,training
UNet_DP_Morph,LungInfection,True,automatic,200.0,True,open,7,0.0001,48,1,70,1.0922731161117554,152.6884708404541,1.2,,training
UNet_DP_Morph,LungInfection,True,automatic,200.0,True,open,9,0.0001,48,1,70,1.1610634326934814,153.6390655040741,1.2,,training
UNet_DP_Morph,LungInfection,True,automatic,200.0,True,open,9,0.0001,48,2,70,1.1138393878936768,153.7979006767273,1.2,,training
UNet_DP_Morph,LungInfection,True,base,200.0,True,both,3,0.0001,48,1,70,1.2443232536315918,150.3304147720337,1.2,,training
UNet_DP_Morph,LungInfection,True,base,200.0,True,both,3,0.0001,48,2,70,1.2222859859466553,152.09423971176147,1.2,,training
UNet_DP_Morph,LungInfection,True,base,200.0,True,both,5,0.0001,48,1,70,1.1195392608642578,152.82359099388125,1.2,,training
UNet_DP_Morph,LungInfection,True,base,200.0,True,both,5,0.0001,48,2,70,1.1948271989822388,153.99488592147827,1.2,,training
UNet_DP_Morph,LungInfection,True,base,200.0,True,close,3,0.0001,48,2,70,1.2922813892364502,151.03367471694946,1.2,,training
UNet_DP_Morph,LungInfection,True,base,200.0,True,close,3,0.0001,48,1,70,1.392483472824097,154.6618139743805,1.2,,training
UNet_DP_Morph,LungInfection,True,base,200.0,True,close,5,0.0001,48,1,70,1.2766250371932983,150.70314145088196,1.2,,training
UNet_DP_Morph,LungInfection,True,base,200.0,True,close,5,0.0001,48,2,70,1.3546221256256104,154.32772135734558,1.2,,training
UNet_DP_Morph,LungInfection,True,base,200.0,True,close,7,0.0001,48,1,70,1.2735638618469238,146.54765939712524,1.2,,training
UNet_DP_Morph,LungInfection,True,base,200.0,True,close,7,0.0001,48,2,70,1.263232707977295,153.9712438583374,1.2,,training
UNet_DP_Morph,LungInfection,True,base,200.0,True,close,9,0.0001,48,1,70,1.3553569316864014,150.86681652069092,1.2,,training
UNet_DP_Morph,LungInfection,True,base,200.0,True,close,9,0.0001,48,2,70,1.2775651216506958,156.77186608314514,1.2,,training
UNet_DP_Morph,LungInfection,True,base,200.0,True,open,3,0.0001,48,2,70,1.2192518711090088,156.63279247283936,1.2,,training
UNet_DP_Morph,LungInfection,True,base,200.0,True,open,3,0.0001,48,1,70,1.1996772289276123,155.63978719711304,1.2,,training
UNet_DP_Morph,LungInfection,True,base,200.0,True,open,5,0.0001,48,2,70,1.157686471939087,149.95726490020752,1.2,,training
UNet_DP_Morph,LungInfection,True,base,200.0,True,open,5,0.0001,48,1,70,1.0900447368621826,158.2814164161682,1.2,,training
UNet_DP_Morph,LungInfection,True,base,200.0,True,open,7,0.0001,48,1,70,1.1580742597579956,152.5172004699707,1.2,,training
UNet_DP_Morph,LungInfection,True,base,200.0,True,open,7,0.0001,48,2,70,1.1280462741851809,151.23759198188782,1.2,,training
UNet_DP_Morph,LungInfection,True,base,200.0,True,open,9,0.0001,48,1,70,1.1468539237976074,157.6017713546753,1.2,,training
UNet_DP_Morph,LungInfection,True,base,200.0,True,open,9,0.0001,48,2,70,1.1616220474243164,147.6623010635376,1.2,,training
UNet_DP_Morph,LungInfection,True,nsgd,200.0,True,both,3,0.0001,48,1,70,1.252347707748413,151.94635033607483,1.2,,training
UNet_DP_Morph,LungInfection,True,nsgd,200.0,True,both,3,0.0001,48,2,70,1.3877112865447998,152.42793607711792,1.2,,training
UNet_DP_Morph,LungInfection,True,nsgd,200.0,True,both,5,0.0001,48,1,70,1.2614692449569702,153.33684396743774,1.2,,training
UNet_DP_Morph,LungInfection,True,nsgd,200.0,True,both,5,0.0001,48,2,70,1.303246259689331,155.4391119480133,1.2,,training
UNet_DP_Morph,LungInfection,True,nsgd,200.0,True,both,7,0.0001,48,1,70,1.292180061340332,153.3192617893219,1.2,,training
UNet_DP_Morph,LungInfection,True,nsgd,200.0,True,both,7,0.0001,48,2,70,1.316556096076965,154.56816577911377,1.2,,training
UNet_DP_Morph,LungInfection,True,nsgd,200.0,True,close,3,0.0001,48,2,70,1.3508083820343018,146.0603802204132,1.2,,training
UNet_DP_Morph,LungInfection,True,nsgd,200.0,True,close,3,0.0001,48,1,70,1.425364971160889,170.0220866203308,1.2,,training
UNet_DP_Morph,LungInfection,True,nsgd,200.0,True,close,5,0.0001,48,1,70,1.4020304679870603,158.25515246391296,1.2,,training
UNet_DP_Morph,LungInfection,True,nsgd,200.0,True,close,5,0.0001,48,2,70,1.3848344087600708,152.98199152946472,1.2,,training
UNet_DP_Morph,LungInfection,True,nsgd,200.0,True,close,9,0.0001,48,1,70,1.6474874019622805,146.4230740070343,1.2,,training
UNet_DP_Morph,LungInfection,True,nsgd,200.0,True,open,3,0.0001,48,1,70,1.1645045280456543,149.70200181007385,1.2,,training
UNet_DP_Morph,LungInfection,True,nsgd,200.0,True,open,3,0.0001,48,2,70,1.3224031925201416,151.95247387886047,1.2,,training
UNet_DP_Morph,LungInfection,True,nsgd,200.0,True,open,5,0.0001,48,2,70,1.292111873626709,151.6772587299347,1.2,,training
UNet_DP_Morph,LungInfection,True,nsgd,200.0,True,open,5,0.0001,48,1,70,1.2656481266021729,148.50484800338745,1.2,,training
UNet_DP_Morph,LungInfection,True,nsgd,200.0,True,open,7,0.0001,48,1,70,1.2825713157653809,154.2863039970398,1.2,,training
UNet_DP_Morph,LungInfection,True,nsgd,200.0,True,open,9,0.0001,48,1,70,1.213432550430298,156.6915159225464,1.2,,training
UNet_DP_Morph,LungInfection,True,nsgd,200.0,True,open,9,0.0001,48,2,70,1.2267277240753174,153.43781328201294,1.2,,training
UNet_DP_Morph,LungInfection,True,psac,200.0,True,both,3,0.0001,48,1,70,1.2059483528137207,164.672385931015,1.2,,training
UNet_DP_Morph,LungInfection,True,psac,200.0,True,both,3,0.0001,48,2,70,1.2601714134216309,164.1555426120758,1.2,,training
UNet_DP_Morph,LungInfection,True,psac,200.0,True,both,5,0.0001,48,1,70,1.230699062347412,161.64070439338684,1.2,,training
UNet_DP_Morph,LungInfection,True,psac,200.0,True,both,5,0.0001,48,2,70,1.1883549690246582,163.49580073356628,1.2,,training
UNet_DP_Morph,LungInfection,True,psac,200.0,True,both,7,0.0001,48,1,70,1.2807791233062744,164.91913414001465,1.2,,training
UNet_DP_Morph,LungInfection,True,psac,200.0,True,both,9,0.0001,48,2,70,1.24344801902771,136.67577958106995,1.2,,training
UNet_DP_Morph,LungInfection,True,psac,200.0,True,both,9,0.0001,48,1,70,1.281132698059082,167.0470688343048,1.2,,training
UNet_DP_Morph,LungInfection,True,psac,200.0,True,close,3,0.0001,48,1,70,1.343412160873413,130.78767275810242,1.2,,training
UNet_DP_Morph,LungInfection,True,psac,200.0,True,close,3,0.0001,48,2,70,1.395707607269287,171.17360019683838,1.2,,training
UNet_DP_Morph,LungInfection,True,psac,200.0,True,close,5,0.0001,48,1,70,1.392422437667847,161.33800625801086,1.2,,training
UNet_DP_Morph,LungInfection,True,psac,200.0,True,close,5,0.0001,48,2,70,1.3862919807434082,168.18694186210632,1.2,,training
UNet_DP_Morph,LungInfection,True,psac,200.0,True,close,7,0.0001,48,1,70,1.391057014465332,163.61990332603455,1.2,,training
UNet_DP_Morph,LungInfection,True,psac,200.0,True,close,7,0.0001,48,2,70,1.442254662513733,160.27703714370728,1.2,,training
UNet_DP_Morph,LungInfection,True,psac,200.0,True,open,3,0.0001,48,1,70,1.2155373096466064,162.24839663505554,1.2,,training
UNet_DP_Morph,LungInfection,True,psac,200.0,True,open,3,0.0001,48,2,70,1.2910349369049072,162.67828392982483,1.2,,training
UNet_DP_Morph,LungInfection,True,psac,200.0,True,open,5,0.0001,48,2,70,1.1958062648773191,164.80217170715332,1.2,,training
UNet_DP_Morph,LungInfection,True,psac,200.0,True,open,5,0.0001,48,1,70,1.1545997858047483,164.74437546730042,1.2,,training
UNet_DP_Morph,LungInfection,True,psac,200.0,True,open,7,0.0001,48,1,70,1.1861512660980225,165.032372713089,1.2,,training
UNet_DP_Morph,LungInfection,True,psac,200.0,True,open,7,0.0001,48,2,70,1.1354658603668213,164.37727642059326,1.2,,training
UNet_DP_Morph,LungInfection,True,psac,200.0,True,open,9,0.0001,48,2,70,1.156303644180298,129.52162837982178,1.2,,training
UNet_DP_Morph,LungInfection,True,psac,200.0,True,open,9,0.0001,48,1,70,1.2403534650802612,154.6682960987091,1.2,,training
UNet_DP_Morph,LungInfection,True,automatic,200.0,True,both,3,0.0001,48,1,70,1.1361604928970337,152.78793215751648,1.5,,training
UNet_DP_Morph,LungInfection,True,automatic,200.0,True,both,3,0.0001,48,2,70,1.15940260887146,145.1567120552063,1.5,,training
UNet_DP_Morph,LungInfection,True,automatic,200.0,True,both,5,0.0001,48,1,70,1.1620612144470217,146.6198172569275,1.5,,training
UNet_DP_Morph,LungInfection,True,automatic,200.0,True,both,5,0.0001,48,2,70,1.1987028121948242,152.97941851615906,1.5,,training
UNet_DP_Morph,LungInfection,True,automatic,200.0,True,both,7,0.0001,48,1,70,1.1124026775360107,158.14593887329102,1.5,,training
UNet_DP_Morph,LungInfection,True,automatic,200.0,True,both,9,0.0001,48,1,70,1.1078356504440308,157.45168614387512,1.5,,training
UNet_DP_Morph,LungInfection,True,automatic,200.0,True,both,9,0.0001,48,2,70,1.1323480606079102,159.85633611679077,1.5,,training
UNet_DP_Morph,LungInfection,True,automatic,200.0,True,close,3,0.0001,48,1,70,1.3868837356567385,151.07815170288086,1.5,,training
UNet_DP_Morph,LungInfection,True,automatic,200.0,True,close,3,0.0001,48,2,70,1.3028016090393066,156.24411034584045,1.5,,training
UNet_DP_Morph,LungInfection,True,automatic,200.0,True,close,5,0.0001,48,1,70,1.3489410877227783,154.6274755001068,1.5,,training
UNet_DP_Morph,LungInfection,True,automatic,200.0,True,close,5,0.0001,48,2,70,1.329529881477356,151.84665489196777,1.5,,training
UNet_DP_Morph,LungInfection,True,automatic,200.0,True,close,7,0.0001,48,1,70,1.3850691318511963,152.48759531974792,1.5,,training
UNet_DP_Morph,LungInfection,True,automatic,200.0,True,close,7,0.0001,48,2,70,1.4072659015655518,151.69634461402893,1.5,,training
UNet_DP_Morph,LungInfection,True,automatic,200.0,True,close,9,0.0001,48,1,70,1.3951776027679443,157.42104053497314,1.5,,training
UNet_DP_Morph,LungInfection,True,automatic,200.0,True,close,9,0.0001,48,2,70,1.2885606288909912,121.20809078216551,1.5,,training
UNet_DP_Morph,LungInfection,True,automatic,200.0,True,open,7,0.0001,48,1,70,1.1242600679397583,154.71380019187927,1.5,,training
UNet_DP_Morph,LungInfection,True,automatic,200.0,True,open,7,0.0001,48,2,70,1.1864993572235107,154.25984954833984,1.5,,training
UNet_DP_Morph,LungInfection,True,automatic,200.0,True,open,9,0.0001,48,1,70,1.1873750686645508,152.79551339149475,1.5,,training
UNet_DP_Morph,LungInfection,True,automatic,200.0,True,open,9,0.0001,48,2,70,1.08604097366333,146.405339717865,1.5,,training
UNet_DP_Morph,LungInfection,True,base,200.0,True,both,3,0.0001,48,1,70,1.157306432723999,155.6935498714447,1.5,,training
UNet_DP_Morph,LungInfection,True,base,200.0,True,both,3,0.0001,48,2,70,1.147265911102295,152.6408178806305,1.5,,training
UNet_DP_Morph,LungInfection,True,base,200.0,True,both,5,0.0001,48,1,70,1.1153178215026855,152.47238636016846,1.5,,training
UNet_DP_Morph,LungInfection,True,base,200.0,True,both,5,0.0001,48,2,70,1.1141142845153809,152.59480118751526,1.5,,training
UNet_DP_Morph,LungInfection,True,base,200.0,True,both,7,0.0001,48,1,70,1.1432926654815674,153.6043257713318,1.5,,training
UNet_DP_Morph,LungInfection,True,base,200.0,True,both,7,0.0001,48,2,70,1.137392520904541,157.4006645679474,1.5,,training
UNet_DP_Morph,LungInfection,True,base,200.0,True,both,9,0.0001,48,1,70,1.188819169998169,154.05023980140686,1.5,,training
UNet_DP_Morph,LungInfection,True,base,200.0,True,both,9,0.0001,48,2,70,1.1015732288360596,156.7662980556488,1.5,,training
UNet_DP_Morph,LungInfection,True,base,200.0,True,close,5,0.0001,48,1,70,1.45558500289917,156.4152901172638,1.5,,training
UNet_DP_Morph,LungInfection,True,base,200.0,True,close,5,0.0001,48,2,70,1.2551454305648804,156.85795402526855,1.5,,training
UNet_DP_Morph,LungInfection,True,base,200.0,True,close,7,0.0001,48,1,70,1.3398184776306152,145.93392634391785,1.5,,training
UNet_DP_Morph,LungInfection,True,base,200.0,True,close,9,0.0001,48,1,70,1.4167331457138062,152.98373079299927,1.5,,training
UNet_DP_Morph,LungInfection,True,base,200.0,True,open,3,0.0001,48,1,70,1.1928390264511108,118.4553837776184,1.5,,training
UNet_DP_Morph,LungInfection,True,base,200.0,True,open,3,0.0001,48,2,70,1.1278316974639893,124.85845828056335,1.5,,training
UNet_DP_Morph,LungInfection,True,base,200.0,True,open,5,0.0001,48,1,70,1.1862972974777222,153.77608370780945,1.5,,training
UNet_DP_Morph,LungInfection,True,base,200.0,True,open,5,0.0001,48,2,70,1.1538136005401611,147.019855260849,1.5,,training
UNet_DP_Morph,LungInfection,True,base,200.0,True,open,7,0.0001,48,1,70,1.155301213264465,154.1865358352661,1.5,,training
UNet_DP_Morph,LungInfection,True,base,200.0,True,open,7,0.0001,48,2,70,1.1192681789398191,151.73975467681885,1.5,,training
UNet_DP_Morph,LungInfection,True,nsgd,200.0,True,both,3,0.0001,48,2,70,1.382574200630188,119.65871286392212,1.5,,training
UNet_DP_Morph,LungInfection,True,nsgd,200.0,True,both,3,0.0001,48,1,70,1.3156282901763916,157.5479793548584,1.5,,training
UNet_DP_Morph,LungInfection,True,nsgd,200.0,True,both,5,0.0001,48,1,70,1.298633098602295,157.73648238182068,1.5,,training
UNet_DP_Morph,LungInfection,True,nsgd,200.0,True,both,7,0.0001,48,1,70,1.3004378080368042,153.6085844039917,1.5,,training
UNet_DP_Morph,LungInfection,True,nsgd,200.0,True,both,7,0.0001,48,2,70,1.263373851776123,158.20893239974976,1.5,,training
UNet_DP_Morph,LungInfection,True,nsgd,200.0,True,both,9,0.0001,48,1,70,1.3486882448196411,154.41027402877808,1.5,,training
UNet_DP_Morph,LungInfection,True,nsgd,200.0,True,both,9,0.0001,48,2,70,1.2922730445861816,154.39064383506775,1.5,,training
UNet_DP_Morph,LungInfection,True,nsgd,200.0,True,close,3,0.0001,48,1,70,1.3458733558654783,150.7681965827942,1.5,,training
UNet_DP_Morph,LungInfection,True,nsgd,200.0,True,close,3,0.0001,48,2,70,1.3595404624938965,152.84127569198608,1.5,,training
UNet_DP_Morph,LungInfection,True,nsgd,200.0,True,close,5,0.0001,48,2,70,1.524522304534912,121.70719170570374,1.5,,training
UNet_DP_Morph,LungInfection,True,nsgd,200.0,True,close,5,0.0001,48,1,70,1.5255509614944458,138.58509945869446,1.5,,training
UNet_DP_Morph,LungInfection,True,nsgd,200.0,True,close,7,0.0001,48,1,70,1.7193727493286133,154.0249707698822,1.5,,training
UNet_DP_Morph,LungInfection,True,nsgd,200.0,True,close,7,0.0001,48,2,70,1.3620113134384155,145.29411053657532,1.5,,training
UNet_DP_Morph,LungInfection,True,nsgd,200.0,True,close,9,0.0001,48,2,70,1.5163187980651855,123.2538080215454,1.5,,training
UNet_DP_Morph,LungInfection,True,nsgd,200.0,True,close,9,0.0001,48,1,70,1.5821694135665894,146.57669806480408,1.5,,training
UNet_DP_Morph,LungInfection,True,nsgd,200.0,True,open,3,0.0001,48,1,70,1.248621940612793,145.75320076942444,1.5,,training
UNet_DP_Morph,LungInfection,True,nsgd,200.0,True,open,3,0.0001,48,2,70,1.307677149772644,154.31676578521729,1.5,,training
UNet_DP_Morph,LungInfection,True,nsgd,200.0,True,open,7,0.0001,48,1,70,1.259152054786682,152.6439402103424,1.5,,training
UNet_DP_Morph,LungInfection,True,nsgd,200.0,True,open,7,0.0001,48,2,70,1.2453646659851074,151.51884651184082,1.5,,training
UNet_DP_Morph,LungInfection,True,nsgd,200.0,True,open,9,0.0001,48,1,70,1.2459276914596558,158.964834690094,1.5,,training
UNet_DP_Morph,LungInfection,True,psac,200.0,True,both,3,0.0001,48,1,70,1.3415889739990234,160.56375241279602,1.5,,training
UNet_DP_Morph,LungInfection,True,psac,200.0,True,both,3,0.0001,48,2,70,1.2658621072769165,160.48741459846497,1.5,,training
UNet_DP_Morph,LungInfection,True,psac,200.0,True,both,5,0.0001,48,1,70,1.1915767192840576,136.1964991092682,1.5,,training
UNet_DP_Morph,LungInfection,True,psac,200.0,True,both,7,0.0001,48,1,70,1.1466021537780762,167.65483808517456,1.5,,training
UNet_DP_Morph,LungInfection,True,psac,200.0,True,both,7,0.0001,48,2,70,1.2929538488388062,167.8466832637787,1.5,,training
UNet_DP_Morph,LungInfection,True,psac,200.0,True,both,9,0.0001,48,1,70,1.133012294769287,165.66681241989136,1.5,,training
UNet_DP_Morph,LungInfection,True,psac,200.0,True,both,9,0.0001,48,2,70,1.2066185474395752,168.788414478302,1.5,,training
UNet_DP_Morph,LungInfection,True,psac,200.0,True,close,3,0.0001,48,2,70,1.3780603408813477,131.9101254940033,1.5,,training
UNet_DP_Morph,LungInfection,True,psac,200.0,True,close,3,0.0001,48,1,70,1.4189119338989258,163.08979845046997,1.5,,training
UNet_DP_Morph,LungInfection,True,psac,200.0,True,close,5,0.0001,48,1,70,1.4718730449676514,165.55414152145386,1.5,,training
UNet_DP_Morph,LungInfection,True,psac,200.0,True,close,7,0.0001,48,1,70,1.438788890838623,165.84796285629272,1.5,,training
UNet_DP_Morph,LungInfection,True,psac,200.0,True,close,9,0.0001,48,1,70,1.4393925666809082,165.399893283844,1.5,,training
UNet_DP_Morph,LungInfection,True,psac,200.0,True,close,9,0.0001,48,2,70,1.369063377380371,165.44048833847046,1.5,,training
UNet_DP_Morph,LungInfection,True,psac,200.0,True,open,3,0.0001,48,1,70,1.208332061767578,132.34051251411438,1.5,,training
UNet_DP_Morph,LungInfection,True,psac,200.0,True,open,3,0.0001,48,2,70,1.21555757522583,160.1953842639923,1.5,,training
UNet_DP_Morph,LungInfection,True,psac,200.0,True,open,5,0.0001,48,1,70,1.1927344799041748,166.53765177726746,1.5,,training
UNet_DP_Morph,LungInfection,True,psac,200.0,True,open,5,0.0001,48,2,70,1.201160192489624,164.17261624336243,1.5,,training
UNet_DP_Morph,LungInfection,True,psac,200.0,True,open,7,0.0001,48,1,70,1.204017162322998,165.2649278640747,1.5,,training
UNet_DP_Morph,LungInfection,True,psac,200.0,True,open,7,0.0001,48,2,70,1.1687781810760498,168.36851358413696,1.5,,training
UNet_DP_Morph,LungInfection,True,psac,200.0,True,open,9,0.0001,48,1,70,1.2024236917495728,161.77291893959045,1.5,,training
UNet_DP_Morph,LungInfection,True,psac,200.0,True,open,9,0.0001,48,2,70,1.1203126907348633,167.62311816215515,1.5,,training
UNet_DP_Morph,LungInfection,True,automatic,200.0,True,both,3,0.0001,48,1,70,1.2658774852752686,153.11985635757446,2.0,,training
UNet_DP_Morph,LungInfection,True,automatic,200.0,True,both,3,0.0001,48,2,70,1.1524289846420288,152.02929830551147,2.0,,training
UNet_DP_Morph,LungInfection,True,automatic,200.0,True,both,5,0.0001,48,1,70,1.2051658630371094,121.72339844703674,2.0,,training
UNet_DP_Morph,LungInfection,True,automatic,200.0,True,both,5,0.0001,48,2,70,1.2405972480773926,155.68445229530334,2.0,,training
UNet_DP_Morph,LungInfection,True,automatic,200.0,True,both,7,0.0001,48,1,70,1.1871261596679688,147.63149166107178,2.0,,training
UNet_DP_Morph,LungInfection,True,automatic,200.0,True,both,7,0.0001,48,2,70,1.285691261291504,157.81717467308044,2.0,,training
UNet_DP_Morph,LungInfection,True,automatic,200.0,True,both,9,0.0001,48,1,70,1.1551525592803955,157.3119034767151,2.0,,training
UNet_DP_Morph,LungInfection,True,automatic,200.0,True,both,9,0.0001,48,2,70,1.1801484823226929,153.72894716262817,2.0,,training
UNet_DP_Morph,LungInfection,True,automatic,200.0,True,close,3,0.0001,48,1,70,1.4572641849517822,156.65379786491394,2.0,,training
UNet_DP_Morph,LungInfection,True,automatic,200.0,True,close,3,0.0001,48,2,70,1.470083475112915,152.55908060073853,2.0,,training
UNet_DP_Morph,LungInfection,True,automatic,200.0,True,close,5,0.0001,48,1,70,1.3910646438598633,154.40639734268188,2.0,,training
UNet_DP_Morph,LungInfection,True,automatic,200.0,True,close,5,0.0001,48,2,70,1.3800443410873413,159.84389734268188,2.0,,training
UNet_DP_Morph,LungInfection,True,automatic,200.0,True,close,7,0.0001,48,1,70,1.3068875074386597,153.2190146446228,2.0,,training
UNet_DP_Morph,LungInfection,True,automatic,200.0,True,close,7,0.0001,48,2,70,1.402379274368286,152.21438121795654,2.0,,training
UNet_DP_Morph,LungInfection,True,automatic,200.0,True,close,9,0.0001,48,1,70,1.4143860340118408,154.43006038665771,2.0,,training
UNet_DP_Morph,LungInfection,True,automatic,200.0,True,close,9,0.0001,48,2,70,1.3628804683685305,156.15050292015076,2.0,,training
UNet_DP_Morph,LungInfection,True,automatic,200.0,True,open,3,0.0001,48,2,70,1.1989083290100098,116.51437211036682,2.0,,training
UNet_DP_Morph,LungInfection,True,automatic,200.0,True,open,3,0.0001,48,1,70,1.1322581768035889,153.5715355873108,2.0,,training
UNet_DP_Morph,LungInfection,True,automatic,200.0,True,open,5,0.0001,48,1,70,1.2089478969573977,151.1242892742157,2.0,,training
UNet_DP_Morph,LungInfection,True,automatic,200.0,True,open,5,0.0001,48,2,70,1.1658751964569092,146.02650690078735,2.0,,training
UNet_DP_Morph,LungInfection,True,automatic,200.0,True,open,7,0.0001,48,1,70,1.1123607158660889,151.9570164680481,2.0,,training
UNet_DP_Morph,LungInfection,True,automatic,200.0,True,open,9,0.0001,48,1,70,1.1082860231399536,145.53938341140747,2.0,,training
UNet_DP_Morph,LungInfection,True,automatic,200.0,True,open,9,0.0001,48,2,70,1.1307580471038818,153.95368838310242,2.0,,training
UNet_DP_Morph,LungInfection,True,base,200.0,True,both,3,0.0001,48,1,70,1.2050800323486328,151.94005012512207,2.0,,training
UNet_DP_Morph,LungInfection,True,base,200.0,True,both,3,0.0001,48,2,70,1.2345523834228516,152.7787220478058,2.0,,training
UNet_DP_Morph,LungInfection,True,base,200.0,True,both,5,0.0001,48,1,70,1.1208388805389404,146.8630392551422,2.0,,training
UNet_DP_Morph,LungInfection,True,base,200.0,True,both,5,0.0001,48,2,70,1.1252920627593994,153.4414668083191,2.0,,training
UNet_DP_Morph,LungInfection,True,base,200.0,True,both,7,0.0001,48,1,70,1.1323153972625732,153.41461849212646,2.0,,training
UNet_DP_Morph,LungInfection,True,base,200.0,True,both,7,0.0001,48,2,70,1.229520320892334,156.5389130115509,2.0,,training
UNet_DP_Morph,LungInfection,True,base,200.0,True,close,3,0.0001,48,1,70,1.2991290092468262,151.1605522632599,2.0,,training
UNet_DP_Morph,LungInfection,True,base,200.0,True,close,5,0.0001,48,1,70,1.533240556716919,151.59685564041138,2.0,,training
UNet_DP_Morph,LungInfection,True,base,200.0,True,close,7,0.0001,48,1,70,1.391101956367493,151.99250173568726,2.0,,training
UNet_DP_Morph,LungInfection,True,base,200.0,True,close,9,0.0001,48,1,70,1.34622061252594,155.63301157951355,2.0,,training
UNet_DP_Morph,LungInfection,True,base,200.0,True,open,3,0.0001,48,1,70,1.2395999431610107,152.37876343727112,2.0,,training
UNet_DP_Morph,LungInfection,True,base,200.0,True,open,3,0.0001,48,2,70,1.2821555137634275,157.5646789073944,2.0,,training
UNet_DP_Morph,LungInfection,True,base,200.0,True,open,9,0.0001,48,1,70,1.1111369132995603,154.4678463935852,2.0,,training
UNet_DP_Morph,LungInfection,True,base,200.0,True,open,9,0.0001,48,2,70,1.0765492916107178,146.85012102127075,2.0,,training
UNet_DP_Morph,LungInfection,True,nsgd,200.0,True,both,3,0.0001,48,1,70,1.3134247064590454,156.24746322631836,2.0,,training
UNet_DP_Morph,LungInfection,True,nsgd,200.0,True,both,3,0.0001,48,2,70,1.4287490844726562,151.0866181850433,2.0,,training
UNet_DP_Morph,LungInfection,True,nsgd,200.0,True,both,5,0.0001,48,1,70,1.3762736320495603,152.77657866477966,2.0,,training
UNet_DP_Morph,LungInfection,True,nsgd,200.0,True,both,5,0.0001,48,2,70,1.374008297920227,154.3500714302063,2.0,,training
UNet_DP_Morph,LungInfection,True,nsgd,200.0,True,both,7,0.0001,48,1,70,1.3054765462875366,155.04162549972534,2.0,,training
UNet_DP_Morph,LungInfection,True,nsgd,200.0,True,both,7,0.0001,48,2,70,1.3345167636871338,157.36077165603638,2.0,,training
UNet_DP_Morph,LungInfection,True,nsgd,200.0,True,both,9,0.0001,48,1,70,1.351440191268921,153.5386984348297,2.0,,training
UNet_DP_Morph,LungInfection,True,nsgd,200.0,True,both,9,0.0001,48,2,70,1.3360908031463623,150.14159679412842,2.0,,training
UNet_DP_Morph,LungInfection,True,nsgd,200.0,True,close,7,0.0001,48,1,70,1.6259043216705322,150.96418833732605,2.0,,training
UNet_DP_Morph,LungInfection,True,nsgd,200.0,True,close,7,0.0001,48,2,70,1.5042612552642822,154.8835527896881,2.0,,training
UNet_DP_Morph,LungInfection,True,nsgd,200.0,True,close,9,0.0001,48,2,70,1.515615701675415,121.6526312828064,2.0,,training
UNet_DP_Morph,LungInfection,True,nsgd,200.0,True,close,9,0.0001,48,1,70,1.556999921798706,147.70400166511536,2.0,,training
UNet_DP_Morph,LungInfection,True,nsgd,200.0,True,open,7,0.0001,48,1,70,1.3520032167434692,155.28489089012146,2.0,,training
UNet_DP_Morph,LungInfection,True,nsgd,200.0,True,open,7,0.0001,48,2,70,1.3088759183883667,152.8089303970337,2.0,,training
UNet_DP_Morph,LungInfection,True,nsgd,200.0,True,open,9,0.0001,48,2,70,1.282686471939087,121.10202479362488,2.0,,training
UNet_DP_Morph,LungInfection,True,nsgd,200.0,True,open,9,0.0001,48,1,70,1.3164114952087402,153.1165235042572,2.0,,training
UNet_DP_Morph,LungInfection,True,psac,200.0,True,both,3,0.0001,48,1,70,1.2587177753448486,165.5330102443695,2.0,,training
UNet_DP_Morph,LungInfection,True,psac,200.0,True,both,5,0.0001,48,2,70,1.2669771909713743,132.48679947853088,2.0,,training
UNet_DP_Morph,LungInfection,True,psac,200.0,True,both,5,0.0001,48,1,70,1.2373217344284058,166.26300764083862,2.0,,training
UNet_DP_Morph,LungInfection,True,psac,200.0,True,both,7,0.0001,48,1,70,1.2229434251785278,166.84916734695437,2.0,,training
UNet_DP_Morph,LungInfection,True,psac,200.0,True,both,7,0.0001,48,2,70,1.1940242052078247,166.69788265228271,2.0,,training
UNet_DP_Morph,LungInfection,True,psac,200.0,True,both,9,0.0001,48,1,70,1.2773399353027344,167.00958061218262,2.0,,training
UNet_DP_Morph,LungInfection,True,psac,200.0,True,both,9,0.0001,48,2,70,1.1793272495269775,167.9565978050232,2.0,,training
UNet_DP_Morph,LungInfection,True,psac,200.0,True,close,3,0.0001,48,1,70,1.3385835886001587,163.66311144828796,2.0,,training
UNet_DP_Morph,LungInfection,True,psac,200.0,True,close,3,0.0001,48,2,70,1.3492897748947144,158.05070900917053,2.0,,training
UNet_DP_Morph,LungInfection,True,psac,200.0,True,close,5,0.0001,48,1,70,1.300641655921936,165.7231991291046,2.0,,training
UNet_DP_Morph,LungInfection,True,psac,200.0,True,close,5,0.0001,48,2,70,1.338287591934204,164.78380036354065,2.0,,training
UNet_DP_Morph,LungInfection,True,psac,200.0,True,close,7,0.0001,48,1,70,1.426714539527893,163.92552185058594,2.0,,training
UNet_DP_Morph,LungInfection,True,psac,200.0,True,close,7,0.0001,48,2,70,1.4188252687454224,166.29321932792664,2.0,,training
UNet_DP_Morph,LungInfection,True,psac,200.0,True,open,3,0.0001,48,1,70,1.2155470848083496,164.38674402236938,2.0,,training
UNet_DP_Morph,LungInfection,True,psac,200.0,True,open,3,0.0001,48,2,70,1.222462177276611,163.5475676059723,2.0,,training
UNet_DP_Morph,LungInfection,True,psac,200.0,True,open,5,0.0001,48,1,70,1.1931339502334597,129.59873485565186,2.0,,training
UNet_DP_Morph,LungInfection,True,psac,200.0,True,open,5,0.0001,48,2,70,1.1927952766418457,170.21463704109192,2.0,,training
UNet_DP_Morph,LungInfection,True,psac,200.0,True,open,9,0.0001,48,1,70,1.2206164598464966,160.13527703285217,2.0,,training
UNet_DP_Morph,LungInfection,True,psac,200.0,True,open,9,0.0001,48,2,70,1.1700420379638672,164.41618490219116,2.0,,training
