Model_Name,Dataset,DPSGD,Clipping_Strategy,Epsilon,Morphology,Operation,Kernel_Size,Learning_Rate,Batch_Size,Run_Number,Iterations,Training_Loss,Training_Time_Seconds,Max_Grad_Norm,Noise_Multiplier,Stage
Inf-Net_DP,LungInfection,True,automatic,8.0,False,none,0,0.0001,24,1,70,6.813412666320801,345.47850370407104,1.2,,training
Inf-Net_DP,LungInfection,True,automatic,8.0,False,none,0,0.0001,24,2,70,6.584743499755859,273.89151763916016,1.2,,training
Inf-Net_DP,LungInfection,True,base,8.0,False,none,0,0.0001,24,1,70,6.425747394561768,346.16373205184937,1.2,,training
Inf-Net_DP,LungInfection,True,base,8.0,False,none,0,0.0001,24,2,70,6.5484113693237305,251.2893319129944,1.2,,training
Inf-Net_DP,LungInfection,True,nsgd,8.0,False,none,0,0.0001,24,1,70,6.598371505737305,349.08097100257874,1.2,,training
Inf-Net_DP,LungInfection,True,nsgd,8.0,False,none,0,0.0001,24,2,70,6.703770637512207,250.96587133407596,1.2,,training
Inf-Net_DP,LungInfection,True,psac,8.0,False,none,0,0.0001,24,1,70,6.74738883972168,347.33467650413513,1.2,,training
Inf-Net_DP,LungInfection,True,psac,8.0,False,none,0,0.0001,24,2,70,6.697152137756348,257.0597200393677,1.2,,training
Inf-Net_DP,LungInfection,True,automatic,8.0,False,none,0,0.0001,24,1,70,6.478108882904053,355.2958245277405,1.5,,training
Inf-Net_DP,LungInfection,True,automatic,8.0,False,none,0,0.0001,24,2,70,6.571348190307617,261.2113287448883,1.5,,training
Inf-Net_DP,LungInfection,True,base,8.0,False,none,0,0.0001,24,1,70,6.671916484832764,347.6466381549835,1.5,,training
Inf-Net_DP,LungInfection,True,base,8.0,False,none,0,0.0001,24,2,70,6.604361534118652,272.4960837364197,1.5,,training
Inf-Net_DP,LungInfection,True,nsgd,8.0,False,none,0,0.0001,24,1,70,6.430994987487793,346.16925597190857,1.5,,training
Inf-Net_DP,LungInfection,True,nsgd,8.0,False,none,0,0.0001,24,2,70,6.765217781066895,267.7006368637085,1.5,,training
Inf-Net_DP,LungInfection,True,psac,8.0,False,none,0,0.0001,24,1,70,6.641578674316406,349.06310415267944,1.5,,training
Inf-Net_DP,LungInfection,True,psac,8.0,False,none,0,0.0001,24,2,70,6.682651996612549,256.802015542984,1.5,,training
Inf-Net_DP,LungInfection,True,automatic,8.0,False,none,0,0.0001,24,1,70,6.739300727844238,346.6494047641754,2.0,,training
Inf-Net_DP,LungInfection,True,automatic,8.0,False,none,0,0.0001,24,2,70,6.638546943664551,268.3186469078064,2.0,,training
Inf-Net_DP,LungInfection,True,base,8.0,False,none,0,0.0001,24,1,70,6.600642681121826,342.12338519096375,2.0,,training
Inf-Net_DP,LungInfection,True,base,8.0,False,none,0,0.0001,24,2,70,6.631285667419434,264.4544336795807,2.0,,training
Inf-Net_DP,LungInfection,True,nsgd,8.0,False,none,0,0.0001,24,1,70,6.886932373046875,348.24582743644714,2.0,,training
Inf-Net_DP,LungInfection,True,nsgd,8.0,False,none,0,0.0001,24,2,70,7.098860740661621,260.5515105724335,2.0,,training
Inf-Net_DP,LungInfection,True,psac,8.0,False,none,0,0.0001,24,1,70,6.800839424133301,344.9354751110077,2.0,,training
Inf-Net_DP,LungInfection,True,psac,8.0,False,none,0,0.0001,24,2,70,6.568002223968506,255.9434151649475,2.0,,training
Inf-Net_DP,LungInfection,True,automatic,200.0,False,none,0,0.0001,24,1,70,5.456634521484375,532.3138430118561,1.2,,training
Inf-Net_DP,LungInfection,True,automatic,200.0,False,none,0,0.0001,24,2,70,5.550660133361816,460.9466598033905,1.2,,training
Inf-Net_DP,LungInfection,True,base,200.0,False,none,0,0.0001,24,1,70,5.43510627746582,522.2776079177856,1.2,,training
Inf-Net_DP,LungInfection,True,base,200.0,False,none,0,0.0001,24,2,70,5.635184288024902,474.7742667198181,1.2,,training
Inf-Net_DP,LungInfection,True,nsgd,200.0,False,none,0,0.0001,24,1,70,5.650075912475586,523.6133706569672,1.2,,training
Inf-Net_DP,LungInfection,True,nsgd,200.0,False,none,0,0.0001,24,2,70,5.715531349182129,481.330290555954,1.2,,training
Inf-Net_DP,LungInfection,True,psac,200.0,False,none,0,0.0001,24,1,70,5.658010959625244,539.9236550331116,1.2,,training
Inf-Net_DP,LungInfection,True,psac,200.0,False,none,0,0.0001,24,2,70,5.507683277130127,425.53467893600464,1.2,,training
Inf-Net_DP,LungInfection,True,automatic,200.0,False,none,0,0.0001,24,1,70,5.504712104797363,538.7739896774292,1.5,,training
Inf-Net_DP,LungInfection,True,automatic,200.0,False,none,0,0.0001,24,2,70,5.426581382751465,417.9969856739044,1.5,,training
Inf-Net_DP,LungInfection,True,base,200.0,False,none,0,0.0001,24,1,70,5.441250324249268,530.3822023868561,1.5,,training
Inf-Net_DP,LungInfection,True,base,200.0,False,none,0,0.0001,24,2,70,5.452827453613281,484.6681008338928,1.5,,training
Inf-Net_DP,LungInfection,True,nsgd,200.0,False,none,0,0.0001,24,1,70,5.855881690979004,519.1813037395477,1.5,,training
Inf-Net_DP,LungInfection,True,nsgd,200.0,False,none,0,0.0001,24,2,70,5.675658702850342,482.6404249668121,1.5,,training
Inf-Net_DP,LungInfection,True,psac,200.0,False,none,0,0.0001,24,1,70,5.557279586791992,531.0730774402618,1.5,,training
Inf-Net_DP,LungInfection,True,psac,200.0,False,none,0,0.0001,24,2,70,5.509697437286377,416.9446930885315,1.5,,training
Inf-Net_DP,LungInfection,True,automatic,200.0,False,none,0,0.0001,24,1,70,5.540627479553223,521.9998931884766,2.0,,training
Inf-Net_DP,LungInfection,True,automatic,200.0,False,none,0,0.0001,24,2,70,5.427262306213379,460.8391764163971,2.0,,training
Inf-Net_DP,LungInfection,True,base,200.0,False,none,0,0.0001,24,1,70,5.433122634887695,516.6926927566528,2.0,,training
Inf-Net_DP,LungInfection,True,base,200.0,False,none,0,0.0001,24,2,70,5.554776191711426,481.2911067008972,2.0,,training
Inf-Net_DP,LungInfection,True,nsgd,200.0,False,none,0,0.0001,24,1,70,5.993207931518555,530.4728760719299,2.0,,training
Inf-Net_DP,LungInfection,True,nsgd,200.0,False,none,0,0.0001,24,2,70,6.000160217285156,482.4162874221802,2.0,,training
Inf-Net_DP,LungInfection,True,psac,200.0,False,none,0,0.0001,24,1,70,5.559244155883789,535.5942642688751,2.0,,training
Inf-Net_DP,LungInfection,True,psac,200.0,False,none,0,0.0001,24,2,70,5.535816192626953,416.7454743385315,2.0,,training
Inf-Net_DP,LungInfection,True,automatic,8.0,False,none,0,0.0001,48,1,70,6.746264457702637,308.9634358882904,1.2,,training
Inf-Net_DP,LungInfection,True,automatic,8.0,False,none,0,0.0001,48,2,70,6.676017761230469,248.85000038146973,1.2,,training
Inf-Net_DP,LungInfection,True,base,8.0,False,none,0,0.0001,48,1,70,6.701397895812988,303.7072324752808,1.2,,training
Inf-Net_DP,LungInfection,True,base,8.0,False,none,0,0.0001,48,2,70,6.6429219245910645,228.1750190258026,1.2,,training
Inf-Net_DP,LungInfection,True,nsgd,8.0,False,none,0,0.0001,48,1,70,6.825348854064941,304.14728355407715,1.2,,training
Inf-Net_DP,LungInfection,True,nsgd,8.0,False,none,0,0.0001,48,2,70,6.820507049560547,250.2810270786285,1.2,,training
Inf-Net_DP,LungInfection,True,psac,8.0,False,none,0,0.0001,48,1,70,6.771090984344482,310.36212515830994,1.2,,training
Inf-Net_DP,LungInfection,True,psac,8.0,False,none,0,0.0001,48,2,70,6.776666164398193,239.67470836639404,1.2,,training
Inf-Net_DP,LungInfection,True,automatic,8.0,False,none,0,0.0001,48,1,70,6.622694492340088,308.20484614372253,1.5,,training
Inf-Net_DP,LungInfection,True,automatic,8.0,False,none,0,0.0001,48,2,70,6.8294782638549805,242.2644891738892,1.5,,training
Inf-Net_DP,LungInfection,True,base,8.0,False,none,0,0.0001,48,1,70,6.692076206207275,308.33720111846924,1.5,,training
Inf-Net_DP,LungInfection,True,base,8.0,False,none,0,0.0001,48,2,70,6.642648696899414,251.32548451423645,1.5,,training
Inf-Net_DP,LungInfection,True,nsgd,8.0,False,none,0,0.0001,48,1,70,6.789013385772705,304.33962893486023,1.5,,training
Inf-Net_DP,LungInfection,True,nsgd,8.0,False,none,0,0.0001,48,2,70,6.776230812072754,235.40328288078308,1.5,,training
Inf-Net_DP,LungInfection,True,psac,8.0,False,none,0,0.0001,48,1,70,6.797582149505615,308.1835494041443,1.5,,training
Inf-Net_DP,LungInfection,True,psac,8.0,False,none,0,0.0001,48,2,70,6.639340400695801,243.85853838920596,1.5,,training
Inf-Net_DP,LungInfection,True,automatic,8.0,False,none,0,0.0001,48,1,70,6.616817474365234,306.64445543289185,2.0,,training
Inf-Net_DP,LungInfection,True,automatic,8.0,False,none,0,0.0001,48,2,70,6.641304016113281,238.3096752166748,2.0,,training
Inf-Net_DP,LungInfection,True,base,8.0,False,none,0,0.0001,48,1,70,6.65380334854126,306.707978963852,2.0,,training
Inf-Net_DP,LungInfection,True,base,8.0,False,none,0,0.0001,48,2,70,6.520743370056152,251.9976737499237,2.0,,training
Inf-Net_DP,LungInfection,True,nsgd,8.0,False,none,0,0.0001,48,1,70,6.887247085571289,303.6571912765503,2.0,,training
Inf-Net_DP,LungInfection,True,nsgd,8.0,False,none,0,0.0001,48,2,70,6.674686431884766,239.2167935371399,2.0,,training
Inf-Net_DP,LungInfection,True,psac,8.0,False,none,0,0.0001,48,1,70,6.701779842376709,308.8899426460266,2.0,,training
Inf-Net_DP,LungInfection,True,psac,8.0,False,none,0,0.0001,48,2,70,6.57321834564209,240.15656661987305,2.0,,training
Inf-Net_DP,LungInfection,True,automatic,200.0,False,none,0,0.0001,48,1,70,5.508571624755859,435.44850158691406,1.2,,training
Inf-Net_DP,LungInfection,True,automatic,200.0,False,none,0,0.0001,48,2,70,5.424038887023926,383.2509844303131,1.2,,training
Inf-Net_DP,LungInfection,True,base,200.0,False,none,0,0.0001,48,1,70,5.354604721069336,442.1580626964569,1.2,,training
Inf-Net_DP,LungInfection,True,base,200.0,False,none,0,0.0001,48,2,70,5.573184490203857,366.5323510169983,1.2,,training
Inf-Net_DP,LungInfection,True,nsgd,200.0,False,none,0,0.0001,48,1,70,5.61879825592041,437.79719376564026,1.2,,training
Inf-Net_DP,LungInfection,True,nsgd,200.0,False,none,0,0.0001,48,2,70,5.763010025024414,357.1780273914337,1.2,,training
Inf-Net_DP,LungInfection,True,psac,200.0,False,none,0,0.0001,48,1,70,5.514138698577881,435.7392342090607,1.2,,training
Inf-Net_DP,LungInfection,True,psac,200.0,False,none,0,0.0001,48,2,70,5.508594512939453,368.6766135692597,1.2,,training
Inf-Net_DP,LungInfection,True,automatic,200.0,False,none,0,0.0001,48,1,70,5.379040241241455,419.5797019004822,1.5,,training
Inf-Net_DP,LungInfection,True,automatic,200.0,False,none,0,0.0001,48,2,70,5.489545822143555,365.7712450027466,1.5,,training
Inf-Net_DP,LungInfection,True,base,200.0,False,none,0,0.0001,48,1,70,5.432507514953613,436.1499428749085,1.5,,training
Inf-Net_DP,LungInfection,True,base,200.0,False,none,0,0.0001,48,2,70,5.435269355773926,339.8418476581573,1.5,,training
Inf-Net_DP,LungInfection,True,nsgd,200.0,False,none,0,0.0001,48,1,70,5.821482181549072,430.3366861343384,1.5,,training
Inf-Net_DP,LungInfection,True,nsgd,200.0,False,none,0,0.0001,48,2,70,5.738105773925781,339.66916584968567,1.5,,training
Inf-Net_DP,LungInfection,True,psac,200.0,False,none,0,0.0001,48,1,70,5.603450775146484,439.4499487876892,1.5,,training
Inf-Net_DP,LungInfection,True,psac,200.0,False,none,0,0.0001,48,2,70,5.434680461883545,371.8266694545746,1.5,,training
Inf-Net_DP,LungInfection,True,automatic,200.0,False,none,0,0.0001,48,1,70,5.492965698242188,431.6023678779602,2.0,,training
Inf-Net_DP,LungInfection,True,automatic,200.0,False,none,0,0.0001,48,2,70,5.473904609680176,359.33594608306885,2.0,,training
Inf-Net_DP,LungInfection,True,base,200.0,False,none,0,0.0001,48,1,70,5.605276107788086,433.650515794754,2.0,,training
Inf-Net_DP,LungInfection,True,base,200.0,False,none,0,0.0001,48,2,70,5.475069522857666,385.99116492271423,2.0,,training
Inf-Net_DP,LungInfection,True,nsgd,200.0,False,none,0,0.0001,48,1,70,6.064886569976807,434.5473253726959,2.0,,training
Inf-Net_DP,LungInfection,True,nsgd,200.0,False,none,0,0.0001,48,2,70,6.203984260559082,390.9962463378906,2.0,,training
Inf-Net_DP,LungInfection,True,psac,200.0,False,none,0,0.0001,48,1,70,5.367283821105957,426.62430572509766,2.0,,training
Inf-Net_DP,LungInfection,True,psac,200.0,False,none,0,0.0001,48,2,70,5.282168388366699,371.3153507709503,2.0,,training
Inf-Net_DP_Morph,LungInfection,True,automatic,8.0,True,both,3,0.0001,24,1,70,6.788196086883545,352.61358165740967,1.2,,training
Inf-Net_DP_Morph,LungInfection,True,automatic,8.0,True,both,3,0.0001,24,2,70,6.57805061340332,266.99436593055725,1.2,,training
Inf-Net_DP_Morph,LungInfection,True,automatic,8.0,True,both,5,0.0001,24,1,70,6.640332221984863,352.9282648563385,1.2,,training
Inf-Net_DP_Morph,LungInfection,True,automatic,8.0,True,both,5,0.0001,24,2,70,6.677814483642578,282.7257890701294,1.2,,training
Inf-Net_DP_Morph,LungInfection,True,automatic,8.0,True,both,7,0.0001,24,1,70,6.685486316680908,366.8381426334381,1.2,,training
Inf-Net_DP_Morph,LungInfection,True,automatic,8.0,True,both,7,0.0001,24,2,70,6.645901679992676,297.84390354156494,1.2,,training
Inf-Net_DP_Morph,LungInfection,True,automatic,8.0,True,close,3,0.0001,24,1,70,6.586769104003906,344.5308601856232,1.2,,training
Inf-Net_DP_Morph,LungInfection,True,automatic,8.0,True,close,3,0.0001,24,2,70,6.532988548278809,257.6906409263611,1.2,,training
Inf-Net_DP_Morph,LungInfection,True,automatic,8.0,True,close,5,0.0001,24,1,70,6.588669300079346,360.92051792144775,1.2,,training
Inf-Net_DP_Morph,LungInfection,True,automatic,8.0,True,close,5,0.0001,24,2,70,6.615592956542969,269.67038440704346,1.2,,training
Inf-Net_DP_Morph,LungInfection,True,automatic,8.0,True,close,7,0.0001,24,1,70,6.55925178527832,355.8604061603546,1.2,,training
Inf-Net_DP_Morph,LungInfection,True,automatic,8.0,True,close,7,0.0001,24,2,70,6.694858551025391,265.0881018638611,1.2,,training
Inf-Net_DP_Morph,LungInfection,True,automatic,8.0,True,close,9,0.0001,24,1,70,6.8471221923828125,358.2024540901184,1.2,,training
Inf-Net_DP_Morph,LungInfection,True,automatic,8.0,True,close,9,0.0001,24,2,70,6.687501430511475,272.770779132843,1.2,,training
Inf-Net_DP_Morph,LungInfection,True,automatic,8.0,True,open,3,0.0001,24,1,70,6.737422466278076,350.5184404850006,1.2,,training
Inf-Net_DP_Morph,LungInfection,True,automatic,8.0,True,open,3,0.0001,24,2,70,6.854950904846191,264.528131723404,1.2,,training
Inf-Net_DP_Morph,LungInfection,True,automatic,8.0,True,open,5,0.0001,24,1,70,6.627511978149414,350.362336397171,1.2,,training
Inf-Net_DP_Morph,LungInfection,True,automatic,8.0,True,open,5,0.0001,24,2,70,6.6707611083984375,279.71772360801697,1.2,,training
Inf-Net_DP_Morph,LungInfection,True,automatic,8.0,True,open,7,0.0001,24,1,70,6.515263080596924,349.1179113388061,1.2,,training
Inf-Net_DP_Morph,LungInfection,True,automatic,8.0,True,open,7,0.0001,24,2,70,6.628011703491211,280.67037320137024,1.2,,training
Inf-Net_DP_Morph,LungInfection,True,automatic,8.0,True,open,9,0.0001,24,1,70,6.506360054016113,366.4886755943298,1.2,,training
Inf-Net_DP_Morph,LungInfection,True,automatic,8.0,True,open,9,0.0001,24,2,70,6.630914688110352,281.17451548576355,1.2,,training
Inf-Net_DP_Morph,LungInfection,True,base,8.0,True,both,3,0.0001,24,1,70,6.663064002990723,355.77451634407043,1.2,,training
Inf-Net_DP_Morph,LungInfection,True,base,8.0,True,both,3,0.0001,24,2,70,6.675471305847168,267.42362236976624,1.2,,training
Inf-Net_DP_Morph,LungInfection,True,base,8.0,True,both,5,0.0001,24,1,70,6.689356803894043,359.2667570114136,1.2,,training
Inf-Net_DP_Morph,LungInfection,True,base,8.0,True,both,5,0.0001,24,2,70,6.445985794067383,272.47525811195374,1.2,,training
Inf-Net_DP_Morph,LungInfection,True,base,8.0,True,both,7,0.0001,24,1,70,6.833696365356445,366.6459965705872,1.2,,training
Inf-Net_DP_Morph,LungInfection,True,base,8.0,True,both,7,0.0001,24,2,70,6.6083292961120605,285.22012734413147,1.2,,training
Inf-Net_DP_Morph,LungInfection,True,base,8.0,True,both,9,0.0001,24,1,70,6.515450477600098,382.5803899765015,1.2,,training
Inf-Net_DP_Morph,LungInfection,True,base,8.0,True,both,9,0.0001,24,2,70,6.769560813903809,391.1624021530152,1.2,,training
Inf-Net_DP_Morph,LungInfection,True,base,8.0,True,close,3,0.0001,24,1,70,6.620130062103272,348.29467034339905,1.2,,training
Inf-Net_DP_Morph,LungInfection,True,base,8.0,True,close,3,0.0001,24,2,70,6.619356632232666,275.7639873027801,1.2,,training
Inf-Net_DP_Morph,LungInfection,True,base,8.0,True,close,5,0.0001,24,1,70,6.598732948303223,354.2895894050598,1.2,,training
Inf-Net_DP_Morph,LungInfection,True,base,8.0,True,close,5,0.0001,24,2,70,6.524659156799316,268.0310866832733,1.2,,training
Inf-Net_DP_Morph,LungInfection,True,base,8.0,True,close,7,0.0001,24,1,70,6.648282527923584,357.2535996437073,1.2,,training
Inf-Net_DP_Morph,LungInfection,True,base,8.0,True,close,7,0.0001,24,2,70,6.607504844665527,271.7666907310486,1.2,,training
Inf-Net_DP_Morph,LungInfection,True,base,8.0,True,close,9,0.0001,24,1,70,6.743343353271484,364.2883791923523,1.2,,training
Inf-Net_DP_Morph,LungInfection,True,base,8.0,True,close,9,0.0001,24,2,70,6.5359883308410645,281.0399127006531,1.2,,training
Inf-Net_DP_Morph,LungInfection,True,base,8.0,True,open,3,0.0001,24,1,70,6.582321166992188,341.3252468109131,1.2,,training
Inf-Net_DP_Morph,LungInfection,True,base,8.0,True,open,3,0.0001,24,2,70,6.611556529998779,281.59105229377747,1.2,,training
Inf-Net_DP_Morph,LungInfection,True,base,8.0,True,open,5,0.0001,24,1,70,6.472121238708496,354.7134783267975,1.2,,training
Inf-Net_DP_Morph,LungInfection,True,base,8.0,True,open,5,0.0001,24,2,70,6.513821125030518,257.4036273956299,1.2,,training
Inf-Net_DP_Morph,LungInfection,True,base,8.0,True,open,7,0.0001,24,1,70,6.583347320556641,351.38986897468567,1.2,,training
Inf-Net_DP_Morph,LungInfection,True,base,8.0,True,open,7,0.0001,24,2,70,6.552206039428711,285.13640427589417,1.2,,training
Inf-Net_DP_Morph,LungInfection,True,base,8.0,True,open,9,0.0001,24,1,70,6.379997253417969,360.23171877861023,1.2,,training
Inf-Net_DP_Morph,LungInfection,True,base,8.0,True,open,9,0.0001,24,2,70,6.391000747680664,295.12745356559753,1.2,,training
Inf-Net_DP_Morph,LungInfection,True,nsgd,8.0,True,both,3,0.0001,24,1,70,6.824255466461182,356.4947760105133,1.2,,training
Inf-Net_DP_Morph,LungInfection,True,nsgd,8.0,True,both,3,0.0001,24,2,70,6.65256404876709,267.4555938243866,1.2,,training
Inf-Net_DP_Morph,LungInfection,True,nsgd,8.0,True,both,5,0.0001,24,1,70,6.517082691192627,359.9297382831573,1.2,,training
Inf-Net_DP_Morph,LungInfection,True,nsgd,8.0,True,both,5,0.0001,24,2,70,6.547506332397461,269.0686616897583,1.2,,training
Inf-Net_DP_Morph,LungInfection,True,nsgd,8.0,True,both,7,0.0001,24,1,70,6.599549293518066,369.0898780822754,1.2,,training
Inf-Net_DP_Morph,LungInfection,True,nsgd,8.0,True,both,7,0.0001,24,2,70,6.67850399017334,296.7450466156006,1.2,,training
Inf-Net_DP_Morph,LungInfection,True,nsgd,8.0,True,both,9,0.0001,24,1,70,6.622925281524658,383.0924768447876,1.2,,training
Inf-Net_DP_Morph,LungInfection,True,nsgd,8.0,True,both,9,0.0001,24,2,70,6.725891590118408,372.2947509288788,1.2,,training
Inf-Net_DP_Morph,LungInfection,True,nsgd,8.0,True,close,3,0.0001,24,1,70,6.724636077880859,350.21319603919983,1.2,,training
Inf-Net_DP_Morph,LungInfection,True,nsgd,8.0,True,close,3,0.0001,24,2,70,6.570296287536621,264.297947883606,1.2,,training
Inf-Net_DP_Morph,LungInfection,True,nsgd,8.0,True,close,5,0.0001,24,1,70,6.627941131591797,351.6131010055542,1.2,,training
Inf-Net_DP_Morph,LungInfection,True,nsgd,8.0,True,close,5,0.0001,24,2,70,6.710398674011231,269.9525463581085,1.2,,training
Inf-Net_DP_Morph,LungInfection,True,nsgd,8.0,True,close,7,0.0001,24,1,70,6.716730117797852,356.3145158290863,1.2,,training
Inf-Net_DP_Morph,LungInfection,True,nsgd,8.0,True,close,7,0.0001,24,2,70,6.7947187423706055,274.3702139854431,1.2,,training
Inf-Net_DP_Morph,LungInfection,True,nsgd,8.0,True,close,9,0.0001,24,1,70,6.806523323059082,364.1545696258545,1.2,,training
Inf-Net_DP_Morph,LungInfection,True,nsgd,8.0,True,close,9,0.0001,24,2,70,6.773364067077637,282.7127847671509,1.2,,training
Inf-Net_DP_Morph,LungInfection,True,nsgd,8.0,True,open,3,0.0001,24,1,70,6.664860725402832,346.50559639930725,1.2,,training
Inf-Net_DP_Morph,LungInfection,True,nsgd,8.0,True,open,3,0.0001,24,2,70,6.581736564636231,282.0467281341553,1.2,,training
Inf-Net_DP_Morph,LungInfection,True,nsgd,8.0,True,open,5,0.0001,24,1,70,6.599675178527832,361.02230405807495,1.2,,training
Inf-Net_DP_Morph,LungInfection,True,nsgd,8.0,True,open,5,0.0001,24,2,70,6.66783332824707,263.69517397880554,1.2,,training
Inf-Net_DP_Morph,LungInfection,True,nsgd,8.0,True,open,7,0.0001,24,1,70,6.564821720123291,355.8380811214447,1.2,,training
Inf-Net_DP_Morph,LungInfection,True,nsgd,8.0,True,open,7,0.0001,24,2,70,6.640289306640625,269.66078782081604,1.2,,training
Inf-Net_DP_Morph,LungInfection,True,nsgd,8.0,True,open,9,0.0001,24,1,70,6.677026271820068,362.8994495868683,1.2,,training
Inf-Net_DP_Morph,LungInfection,True,nsgd,8.0,True,open,9,0.0001,24,2,70,6.586859703063965,287.4726405143738,1.2,,training
Inf-Net_DP_Morph,LungInfection,True,psac,8.0,True,both,3,0.0001,24,1,70,6.69004487991333,356.4190981388092,1.2,,training
Inf-Net_DP_Morph,LungInfection,True,psac,8.0,True,both,3,0.0001,24,2,70,6.554563999176025,270.1368658542633,1.2,,training
Inf-Net_DP_Morph,LungInfection,True,psac,8.0,True,both,5,0.0001,24,1,70,6.744562149047852,365.897733926773,1.2,,training
Inf-Net_DP_Morph,LungInfection,True,psac,8.0,True,both,5,0.0001,24,2,70,6.710964202880859,275.90056681633,1.2,,training
Inf-Net_DP_Morph,LungInfection,True,psac,8.0,True,both,7,0.0001,24,1,70,6.726500034332275,374.6600341796875,1.2,,training
Inf-Net_DP_Morph,LungInfection,True,psac,8.0,True,both,7,0.0001,24,2,70,6.557523250579834,287.968936920166,1.2,,training
Inf-Net_DP_Morph,LungInfection,True,psac,8.0,True,close,3,0.0001,24,1,70,6.521000385284424,354.6672124862671,1.2,,training
Inf-Net_DP_Morph,LungInfection,True,psac,8.0,True,close,3,0.0001,24,2,70,6.587420463562012,266.3510673046112,1.2,,training
Inf-Net_DP_Morph,LungInfection,True,psac,8.0,True,close,5,0.0001,24,1,70,6.544462203979492,358.41875863075256,1.2,,training
Inf-Net_DP_Morph,LungInfection,True,psac,8.0,True,close,5,0.0001,24,2,70,6.764482498168945,268.6342513561249,1.2,,training
Inf-Net_DP_Morph,LungInfection,True,psac,8.0,True,close,7,0.0001,24,1,70,6.722456932067871,359.8705596923828,1.2,,training
Inf-Net_DP_Morph,LungInfection,True,psac,8.0,True,close,7,0.0001,24,2,70,6.763227939605713,277.15290570259094,1.2,,training
Inf-Net_DP_Morph,LungInfection,True,psac,8.0,True,close,9,0.0001,24,1,70,6.608339786529541,367.0083246231079,1.2,,training
Inf-Net_DP_Morph,LungInfection,True,psac,8.0,True,close,9,0.0001,24,2,70,6.599526882171631,276.2140326499939,1.2,,training
Inf-Net_DP_Morph,LungInfection,True,psac,8.0,True,open,3,0.0001,24,1,70,6.581892013549805,354.5419127941132,1.2,,training
Inf-Net_DP_Morph,LungInfection,True,psac,8.0,True,open,3,0.0001,24,2,70,6.643354415893555,267.19411277771,1.2,,training
Inf-Net_DP_Morph,LungInfection,True,psac,8.0,True,open,5,0.0001,24,1,70,6.505971908569336,356.2797887325287,1.2,,training
Inf-Net_DP_Morph,LungInfection,True,psac,8.0,True,open,5,0.0001,24,2,70,6.560328483581543,275.4648771286011,1.2,,training
Inf-Net_DP_Morph,LungInfection,True,psac,8.0,True,open,7,0.0001,24,1,70,6.592466354370117,358.28471064567566,1.2,,training
Inf-Net_DP_Morph,LungInfection,True,psac,8.0,True,open,7,0.0001,24,2,70,6.520512580871582,277.6445732116699,1.2,,training
Inf-Net_DP_Morph,LungInfection,True,psac,8.0,True,open,9,0.0001,24,1,70,6.528347969055176,368.3547322750092,1.2,,training
Inf-Net_DP_Morph,LungInfection,True,psac,8.0,True,open,9,0.0001,24,2,70,6.584212303161621,282.7738711833954,1.2,,training
Inf-Net_DP_Morph,LungInfection,True,automatic,8.0,True,both,3,0.0001,24,1,70,6.576479911804199,348.7202024459839,1.5,,training
Inf-Net_DP_Morph,LungInfection,True,automatic,8.0,True,both,3,0.0001,24,2,70,6.640385627746582,267.221155166626,1.5,,training
Inf-Net_DP_Morph,LungInfection,True,automatic,8.0,True,both,5,0.0001,24,1,70,6.445901870727539,354.45647406578064,1.5,,training
Inf-Net_DP_Morph,LungInfection,True,automatic,8.0,True,both,5,0.0001,24,2,70,6.5187835693359375,275.4009909629822,1.5,,training
Inf-Net_DP_Morph,LungInfection,True,automatic,8.0,True,both,7,0.0001,24,1,70,6.650293827056885,368.1772744655609,1.5,,training
Inf-Net_DP_Morph,LungInfection,True,automatic,8.0,True,both,7,0.0001,24,2,70,6.614013195037842,289.4534306526184,1.5,,training
Inf-Net_DP_Morph,LungInfection,True,automatic,8.0,True,close,3,0.0001,24,1,70,6.646663665771484,360.9152314662933,1.5,,training
Inf-Net_DP_Morph,LungInfection,True,automatic,8.0,True,close,3,0.0001,24,2,70,6.471246719360352,262.3095827102661,1.5,,training
Inf-Net_DP_Morph,LungInfection,True,automatic,8.0,True,close,5,0.0001,24,1,70,6.597470760345459,353.22368693351746,1.5,,training
Inf-Net_DP_Morph,LungInfection,True,automatic,8.0,True,close,5,0.0001,24,2,70,6.662848472595215,267.1736044883728,1.5,,training
Inf-Net_DP_Morph,LungInfection,True,automatic,8.0,True,close,7,0.0001,24,1,70,6.504532337188721,358.9169716835022,1.5,,training
Inf-Net_DP_Morph,LungInfection,True,automatic,8.0,True,close,7,0.0001,24,2,70,6.633505821228027,268.1504111289978,1.5,,training
Inf-Net_DP_Morph,LungInfection,True,automatic,8.0,True,close,9,0.0001,24,1,70,6.540588855743408,358.1932430267334,1.5,,training
Inf-Net_DP_Morph,LungInfection,True,automatic,8.0,True,close,9,0.0001,24,2,70,6.597344875335693,267.5780785083771,1.5,,training
Inf-Net_DP_Morph,LungInfection,True,automatic,8.0,True,open,3,0.0001,24,1,70,6.510888576507568,348.585337638855,1.5,,training
Inf-Net_DP_Morph,LungInfection,True,automatic,8.0,True,open,3,0.0001,24,2,70,6.724179267883301,264.9391529560089,1.5,,training
Inf-Net_DP_Morph,LungInfection,True,automatic,8.0,True,open,5,0.0001,24,1,70,6.710270881652832,345.3196818828583,1.5,,training
Inf-Net_DP_Morph,LungInfection,True,automatic,8.0,True,open,5,0.0001,24,2,70,6.605231761932373,266.69131207466125,1.5,,training
Inf-Net_DP_Morph,LungInfection,True,automatic,8.0,True,open,7,0.0001,24,1,70,6.611449241638184,349.0374367237091,1.5,,training
Inf-Net_DP_Morph,LungInfection,True,automatic,8.0,True,open,7,0.0001,24,2,70,6.500078201293945,273.0145127773285,1.5,,training
Inf-Net_DP_Morph,LungInfection,True,automatic,8.0,True,open,9,0.0001,24,1,70,6.678949356079102,363.4778015613556,1.5,,training
Inf-Net_DP_Morph,LungInfection,True,automatic,8.0,True,open,9,0.0001,24,2,70,6.436034679412842,276.3086376190185,1.5,,training
Inf-Net_DP_Morph,LungInfection,True,base,8.0,True,both,3,0.0001,24,1,70,6.837947845458984,346.25729727745056,1.5,,training
Inf-Net_DP_Morph,LungInfection,True,base,8.0,True,both,3,0.0001,24,2,70,6.593881607055664,259.90991139411926,1.5,,training
Inf-Net_DP_Morph,LungInfection,True,base,8.0,True,both,5,0.0001,24,1,70,6.584219455718994,353.60509157180786,1.5,,training
Inf-Net_DP_Morph,LungInfection,True,base,8.0,True,both,5,0.0001,24,2,70,6.6925048828125,269.0597813129425,1.5,,training
Inf-Net_DP_Morph,LungInfection,True,base,8.0,True,both,7,0.0001,24,1,70,6.540254592895508,368.83680152893066,1.5,,training
Inf-Net_DP_Morph,LungInfection,True,base,8.0,True,both,7,0.0001,24,2,70,6.572134494781494,278.09743475914,1.5,,training
Inf-Net_DP_Morph,LungInfection,True,base,8.0,True,close,3,0.0001,24,1,70,6.659515380859375,350.02306938171387,1.5,,training
Inf-Net_DP_Morph,LungInfection,True,base,8.0,True,close,3,0.0001,24,2,70,6.666155815124512,263.19563817977905,1.5,,training
Inf-Net_DP_Morph,LungInfection,True,base,8.0,True,close,5,0.0001,24,1,70,6.547030448913574,355.32592153549194,1.5,,training
Inf-Net_DP_Morph,LungInfection,True,base,8.0,True,close,5,0.0001,24,2,70,6.537272930145264,272.11265325546265,1.5,,training
Inf-Net_DP_Morph,LungInfection,True,base,8.0,True,close,7,0.0001,24,1,70,6.641355991363525,353.5700168609619,1.5,,training
Inf-Net_DP_Morph,LungInfection,True,base,8.0,True,close,7,0.0001,24,2,70,6.673407554626465,271.09933733940125,1.5,,training
Inf-Net_DP_Morph,LungInfection,True,base,8.0,True,close,9,0.0001,24,1,70,6.676265716552734,355.8665850162506,1.5,,training
Inf-Net_DP_Morph,LungInfection,True,base,8.0,True,close,9,0.0001,24,2,70,6.515748977661133,274.56103348731995,1.5,,training
Inf-Net_DP_Morph,LungInfection,True,base,8.0,True,open,3,0.0001,24,1,70,6.564131736755371,353.57611560821533,1.5,,training
Inf-Net_DP_Morph,LungInfection,True,base,8.0,True,open,3,0.0001,24,2,70,6.5075764656066895,266.2790906429291,1.5,,training
Inf-Net_DP_Morph,LungInfection,True,base,8.0,True,open,5,0.0001,24,1,70,6.4501051902771,353.00661301612854,1.5,,training
Inf-Net_DP_Morph,LungInfection,True,base,8.0,True,open,5,0.0001,24,2,70,6.689450263977051,254.70785856246948,1.5,,training
Inf-Net_DP_Morph,LungInfection,True,base,8.0,True,open,7,0.0001,24,1,70,6.720781803131104,359.0353407859802,1.5,,training
Inf-Net_DP_Morph,LungInfection,True,base,8.0,True,open,7,0.0001,24,2,70,6.703281402587891,257.92163729667664,1.5,,training
Inf-Net_DP_Morph,LungInfection,True,base,8.0,True,open,9,0.0001,24,1,70,6.563155651092529,351.84841132164,1.5,,training
Inf-Net_DP_Morph,LungInfection,True,base,8.0,True,open,9,0.0001,24,2,70,6.590072154998779,281.21036767959595,1.5,,training
Inf-Net_DP_Morph,LungInfection,True,nsgd,8.0,True,both,3,0.0001,24,1,70,6.69328498840332,356.41402077674866,1.5,,training
Inf-Net_DP_Morph,LungInfection,True,nsgd,8.0,True,both,3,0.0001,24,2,70,6.79620885848999,261.7027542591095,1.5,,training
Inf-Net_DP_Morph,LungInfection,True,nsgd,8.0,True,both,5,0.0001,24,1,70,6.603438377380371,360.2739644050598,1.5,,training
Inf-Net_DP_Morph,LungInfection,True,nsgd,8.0,True,both,5,0.0001,24,2,70,6.702115058898926,270.6365623474121,1.5,,training
Inf-Net_DP_Morph,LungInfection,True,nsgd,8.0,True,both,7,0.0001,24,1,70,6.6912384033203125,367.9447808265686,1.5,,training
Inf-Net_DP_Morph,LungInfection,True,nsgd,8.0,True,both,7,0.0001,24,2,70,6.698470115661621,276.68314242362976,1.5,,training
Inf-Net_DP_Morph,LungInfection,True,nsgd,8.0,True,close,3,0.0001,24,1,70,6.873389720916748,355.153754234314,1.5,,training
Inf-Net_DP_Morph,LungInfection,True,nsgd,8.0,True,close,3,0.0001,24,2,70,6.675058841705322,259.4664709568024,1.5,,training
Inf-Net_DP_Morph,LungInfection,True,nsgd,8.0,True,close,5,0.0001,24,1,70,6.654618740081787,350.3380463123321,1.5,,training
Inf-Net_DP_Morph,LungInfection,True,nsgd,8.0,True,close,5,0.0001,24,2,70,6.671662330627441,267.37983870506287,1.5,,training
Inf-Net_DP_Morph,LungInfection,True,nsgd,8.0,True,close,7,0.0001,24,1,70,6.7938551902771,364.744696855545,1.5,,training
Inf-Net_DP_Morph,LungInfection,True,nsgd,8.0,True,close,7,0.0001,24,2,70,6.776754379272461,270.6566014289856,1.5,,training
Inf-Net_DP_Morph,LungInfection,True,nsgd,8.0,True,close,9,0.0001,24,1,70,6.690840721130371,357.2329607009888,1.5,,training
Inf-Net_DP_Morph,LungInfection,True,nsgd,8.0,True,close,9,0.0001,24,2,70,6.936760902404785,278.49729228019714,1.5,,training
Inf-Net_DP_Morph,LungInfection,True,nsgd,8.0,True,open,3,0.0001,24,1,70,6.698322772979736,349.83557176589966,1.5,,training
Inf-Net_DP_Morph,LungInfection,True,nsgd,8.0,True,open,3,0.0001,24,2,70,6.867103099822998,257.5190875530243,1.5,,training
Inf-Net_DP_Morph,LungInfection,True,nsgd,8.0,True,open,5,0.0001,24,1,70,6.655269622802734,348.9717984199524,1.5,,training
Inf-Net_DP_Morph,LungInfection,True,nsgd,8.0,True,open,5,0.0001,24,2,70,6.829429626464844,262.446683883667,1.5,,training
Inf-Net_DP_Morph,LungInfection,True,nsgd,8.0,True,open,7,0.0001,24,1,70,6.591788291931152,353.08461713790894,1.5,,training
Inf-Net_DP_Morph,LungInfection,True,nsgd,8.0,True,open,7,0.0001,24,2,70,6.6811394691467285,262.1056706905365,1.5,,training
Inf-Net_DP_Morph,LungInfection,True,nsgd,8.0,True,open,9,0.0001,24,1,70,6.717486381530762,357.28232431411743,1.5,,training
Inf-Net_DP_Morph,LungInfection,True,nsgd,8.0,True,open,9,0.0001,24,2,70,6.729592323303223,278.88055992126465,1.5,,training
Inf-Net_DP_Morph,LungInfection,True,psac,8.0,True,both,3,0.0001,24,1,70,6.5420331954956055,350.4699070453644,1.5,,training
Inf-Net_DP_Morph,LungInfection,True,psac,8.0,True,both,3,0.0001,24,2,70,6.462754249572754,271.38970041275024,1.5,,training
Inf-Net_DP_Morph,LungInfection,True,psac,8.0,True,both,5,0.0001,24,1,70,6.587671756744385,360.0502164363861,1.5,,training
Inf-Net_DP_Morph,LungInfection,True,psac,8.0,True,both,5,0.0001,24,2,70,6.450681686401367,283.8189449310303,1.5,,training
Inf-Net_DP_Morph,LungInfection,True,psac,8.0,True,both,7,0.0001,24,1,70,6.5651140213012695,370.93320298194885,1.5,,training
Inf-Net_DP_Morph,LungInfection,True,psac,8.0,True,both,7,0.0001,24,2,70,6.7214674949646,282.61001324653625,1.5,,training
Inf-Net_DP_Morph,LungInfection,True,psac,8.0,True,both,9,0.0001,24,1,70,6.457868576049805,389.077490568161,1.5,,training
Inf-Net_DP_Morph,LungInfection,True,psac,8.0,True,both,9,0.0001,24,2,70,6.679742813110352,294.7913765907288,1.5,,training
Inf-Net_DP_Morph,LungInfection,True,psac,8.0,True,close,3,0.0001,24,1,70,6.62313985824585,351.8183696269989,1.5,,training
Inf-Net_DP_Morph,LungInfection,True,psac,8.0,True,close,3,0.0001,24,2,70,6.680720806121826,266.42304158210754,1.5,,training
Inf-Net_DP_Morph,LungInfection,True,psac,8.0,True,close,5,0.0001,24,1,70,6.536938190460205,355.3146245479584,1.5,,training
Inf-Net_DP_Morph,LungInfection,True,psac,8.0,True,close,5,0.0001,24,2,70,6.610867977142334,270.51522159576416,1.5,,training
Inf-Net_DP_Morph,LungInfection,True,psac,8.0,True,close,7,0.0001,24,1,70,6.725881576538086,364.3140242099762,1.5,,training
Inf-Net_DP_Morph,LungInfection,True,psac,8.0,True,close,7,0.0001,24,2,70,6.752048492431641,281.1042585372925,1.5,,training
Inf-Net_DP_Morph,LungInfection,True,psac,8.0,True,close,9,0.0001,24,1,70,6.534052848815918,368.43068504333496,1.5,,training
Inf-Net_DP_Morph,LungInfection,True,psac,8.0,True,close,9,0.0001,24,2,70,6.500477313995361,281.78870582580566,1.5,,training
Inf-Net_DP_Morph,LungInfection,True,psac,8.0,True,open,3,0.0001,24,1,70,6.59376859664917,359.9773738384247,1.5,,training
Inf-Net_DP_Morph,LungInfection,True,psac,8.0,True,open,3,0.0001,24,2,70,6.651183128356934,267.14958667755127,1.5,,training
Inf-Net_DP_Morph,LungInfection,True,psac,8.0,True,open,5,0.0001,24,1,70,6.67788553237915,366.2385416030884,1.5,,training
Inf-Net_DP_Morph,LungInfection,True,psac,8.0,True,open,5,0.0001,24,2,70,6.644417762756348,264.87273621559143,1.5,,training
Inf-Net_DP_Morph,LungInfection,True,psac,8.0,True,open,7,0.0001,24,1,70,6.672496318817139,359.9080457687378,1.5,,training
Inf-Net_DP_Morph,LungInfection,True,psac,8.0,True,open,7,0.0001,24,2,70,6.5504231452941895,273.16708731651306,1.5,,training
Inf-Net_DP_Morph,LungInfection,True,psac,8.0,True,open,9,0.0001,24,1,70,6.725606918334961,360.1072232723236,1.5,,training
Inf-Net_DP_Morph,LungInfection,True,psac,8.0,True,open,9,0.0001,24,2,70,6.6350836753845215,283.3273160457611,1.5,,training
Inf-Net_DP_Morph,LungInfection,True,automatic,8.0,True,both,3,0.0001,24,1,70,6.6185688972473145,348.8860352039337,2.0,,training
Inf-Net_DP_Morph,LungInfection,True,automatic,8.0,True,both,3,0.0001,24,2,70,6.747336387634277,262.88121151924133,2.0,,training
Inf-Net_DP_Morph,LungInfection,True,automatic,8.0,True,both,5,0.0001,24,1,70,6.597265243530273,354.2886493206024,2.0,,training
Inf-Net_DP_Morph,LungInfection,True,automatic,8.0,True,both,5,0.0001,24,2,70,6.582625389099121,273.0995457172394,2.0,,training
Inf-Net_DP_Morph,LungInfection,True,automatic,8.0,True,both,7,0.0001,24,1,70,6.5302839279174805,364.1590449810028,2.0,,training
Inf-Net_DP_Morph,LungInfection,True,automatic,8.0,True,both,7,0.0001,24,2,70,6.619405746459961,278.3748939037323,2.0,,training
Inf-Net_DP_Morph,LungInfection,True,automatic,8.0,True,both,9,0.0001,24,1,70,6.502599716186523,382.27449202537537,2.0,,training
Inf-Net_DP_Morph,LungInfection,True,automatic,8.0,True,both,9,0.0001,24,2,70,6.6916704177856445,294.02320170402527,2.0,,training
Inf-Net_DP_Morph,LungInfection,True,automatic,8.0,True,close,3,0.0001,24,1,70,6.598143577575684,351.6902976036072,2.0,,training
Inf-Net_DP_Morph,LungInfection,True,automatic,8.0,True,close,3,0.0001,24,2,70,6.635379791259766,266.3708257675171,2.0,,training
Inf-Net_DP_Morph,LungInfection,True,automatic,8.0,True,close,5,0.0001,24,1,70,6.773780345916748,353.83952283859253,2.0,,training
Inf-Net_DP_Morph,LungInfection,True,automatic,8.0,True,close,5,0.0001,24,2,70,6.648919105529785,268.4576609134674,2.0,,training
Inf-Net_DP_Morph,LungInfection,True,automatic,8.0,True,close,7,0.0001,24,1,70,6.6100358963012695,347.5619378089905,2.0,,training
Inf-Net_DP_Morph,LungInfection,True,automatic,8.0,True,close,7,0.0001,24,2,70,6.609476089477539,274.5096890926361,2.0,,training
Inf-Net_DP_Morph,LungInfection,True,automatic,8.0,True,close,9,0.0001,24,1,70,6.504716396331787,351.7851004600525,2.0,,training
Inf-Net_DP_Morph,LungInfection,True,automatic,8.0,True,close,9,0.0001,24,2,70,6.495519638061523,282.802832365036,2.0,,training
Inf-Net_DP_Morph,LungInfection,True,automatic,8.0,True,open,3,0.0001,24,1,70,6.751950263977051,350.46928572654724,2.0,,training
Inf-Net_DP_Morph,LungInfection,True,automatic,8.0,True,open,3,0.0001,24,2,70,6.727723121643066,265.47559571266174,2.0,,training
Inf-Net_DP_Morph,LungInfection,True,automatic,8.0,True,open,5,0.0001,24,1,70,6.3807783126831055,352.8982779979706,2.0,,training
Inf-Net_DP_Morph,LungInfection,True,automatic,8.0,True,open,5,0.0001,24,2,70,6.489729404449463,265.55535912513733,2.0,,training
Inf-Net_DP_Morph,LungInfection,True,automatic,8.0,True,open,7,0.0001,24,1,70,6.53900146484375,355.0278732776642,2.0,,training
Inf-Net_DP_Morph,LungInfection,True,automatic,8.0,True,open,7,0.0001,24,2,70,6.719550609588623,270.3192656040192,2.0,,training
Inf-Net_DP_Morph,LungInfection,True,automatic,8.0,True,open,9,0.0001,24,1,70,6.557413578033447,372.861673116684,2.0,,training
Inf-Net_DP_Morph,LungInfection,True,automatic,8.0,True,open,9,0.0001,24,2,70,6.609443664550781,280.2471103668213,2.0,,training
Inf-Net_DP_Morph,LungInfection,True,base,8.0,True,both,3,0.0001,24,1,70,6.529232978820801,356.40083599090576,2.0,,training
Inf-Net_DP_Morph,LungInfection,True,base,8.0,True,both,3,0.0001,24,2,70,6.531916618347168,267.09764552116394,2.0,,training
Inf-Net_DP_Morph,LungInfection,True,base,8.0,True,both,5,0.0001,24,1,70,6.6807074546813965,369.9793400764465,2.0,,training
Inf-Net_DP_Morph,LungInfection,True,base,8.0,True,both,5,0.0001,24,2,70,6.507242202758789,278.7188346385956,2.0,,training
Inf-Net_DP_Morph,LungInfection,True,base,8.0,True,both,7,0.0001,24,1,70,6.578029632568359,369.2678225040436,2.0,,training
Inf-Net_DP_Morph,LungInfection,True,base,8.0,True,both,7,0.0001,24,2,70,6.621842861175537,288.3190002441406,2.0,,training
Inf-Net_DP_Morph,LungInfection,True,base,8.0,True,close,3,0.0001,24,1,70,6.584918022155762,353.4795196056366,2.0,,training
Inf-Net_DP_Morph,LungInfection,True,base,8.0,True,close,3,0.0001,24,2,70,6.794949054718018,250.42662906646729,2.0,,training
Inf-Net_DP_Morph,LungInfection,True,base,8.0,True,close,5,0.0001,24,1,70,6.645071506500244,352.7781295776367,2.0,,training
Inf-Net_DP_Morph,LungInfection,True,base,8.0,True,close,5,0.0001,24,2,70,6.499845027923584,273.60516357421875,2.0,,training
Inf-Net_DP_Morph,LungInfection,True,base,8.0,True,close,7,0.0001,24,1,70,6.5550689697265625,358.28548669815063,2.0,,training
Inf-Net_DP_Morph,LungInfection,True,base,8.0,True,close,7,0.0001,24,2,70,6.703457832336426,276.1968138217926,2.0,,training
Inf-Net_DP_Morph,LungInfection,True,base,8.0,True,close,9,0.0001,24,1,70,6.608100891113281,364.81204056739807,2.0,,training
Inf-Net_DP_Morph,LungInfection,True,base,8.0,True,close,9,0.0001,24,2,70,6.540056228637695,273.16473484039307,2.0,,training
Inf-Net_DP_Morph,LungInfection,True,base,8.0,True,open,3,0.0001,24,1,70,6.671175479888916,349.9002525806427,2.0,,training
Inf-Net_DP_Morph,LungInfection,True,base,8.0,True,open,3,0.0001,24,2,70,6.576996803283691,258.59519720077515,2.0,,training
Inf-Net_DP_Morph,LungInfection,True,base,8.0,True,open,5,0.0001,24,1,70,6.601914882659912,351.8073253631592,2.0,,training
Inf-Net_DP_Morph,LungInfection,True,base,8.0,True,open,5,0.0001,24,2,70,6.581233024597168,267.3864061832428,2.0,,training
Inf-Net_DP_Morph,LungInfection,True,base,8.0,True,open,7,0.0001,24,1,70,6.567603588104248,356.569522857666,2.0,,training
Inf-Net_DP_Morph,LungInfection,True,base,8.0,True,open,7,0.0001,24,2,70,6.609469413757324,280.56583619117737,2.0,,training
Inf-Net_DP_Morph,LungInfection,True,base,8.0,True,open,9,0.0001,24,1,70,6.632050037384033,362.09984278678894,2.0,,training
Inf-Net_DP_Morph,LungInfection,True,base,8.0,True,open,9,0.0001,24,2,70,6.611835479736328,269.0104172229767,2.0,,training
Inf-Net_DP_Morph,LungInfection,True,nsgd,8.0,True,both,3,0.0001,24,1,70,6.989299774169922,350.70372581481934,2.0,,training
Inf-Net_DP_Morph,LungInfection,True,nsgd,8.0,True,both,3,0.0001,24,2,70,6.739252090454102,265.37252259254456,2.0,,training
Inf-Net_DP_Morph,LungInfection,True,nsgd,8.0,True,both,5,0.0001,24,1,70,6.842391014099121,358.84340381622314,2.0,,training
Inf-Net_DP_Morph,LungInfection,True,nsgd,8.0,True,both,5,0.0001,24,2,70,6.773454666137695,275.315527677536,2.0,,training
Inf-Net_DP_Morph,LungInfection,True,nsgd,8.0,True,both,7,0.0001,24,1,70,6.773979187011719,365.9455552101135,2.0,,training
Inf-Net_DP_Morph,LungInfection,True,nsgd,8.0,True,both,7,0.0001,24,2,70,6.76639461517334,288.2775230407715,2.0,,training
Inf-Net_DP_Morph,LungInfection,True,nsgd,8.0,True,close,3,0.0001,24,1,70,6.685179233551025,350.800968170166,2.0,,training
Inf-Net_DP_Morph,LungInfection,True,nsgd,8.0,True,close,3,0.0001,24,2,70,6.706765174865723,256.2450532913208,2.0,,training
Inf-Net_DP_Morph,LungInfection,True,nsgd,8.0,True,close,5,0.0001,24,1,70,6.779253005981445,353.81522154808044,2.0,,training
Inf-Net_DP_Morph,LungInfection,True,nsgd,8.0,True,close,5,0.0001,24,2,70,6.94217586517334,271.366406917572,2.0,,training
Inf-Net_DP_Morph,LungInfection,True,nsgd,8.0,True,close,7,0.0001,24,1,70,6.907595634460449,361.7391221523285,2.0,,training
Inf-Net_DP_Morph,LungInfection,True,nsgd,8.0,True,close,7,0.0001,24,2,70,6.775935649871826,273.6644899845124,2.0,,training
Inf-Net_DP_Morph,LungInfection,True,nsgd,8.0,True,close,9,0.0001,24,1,70,6.772082328796387,363.96703839302063,2.0,,training
Inf-Net_DP_Morph,LungInfection,True,nsgd,8.0,True,close,9,0.0001,24,2,70,6.795258045196533,289.6392168998718,2.0,,training
Inf-Net_DP_Morph,LungInfection,True,nsgd,8.0,True,open,3,0.0001,24,1,70,6.855682373046875,351.7270920276642,2.0,,training
Inf-Net_DP_Morph,LungInfection,True,nsgd,8.0,True,open,3,0.0001,24,2,70,6.695756435394287,257.63596296310425,2.0,,training
Inf-Net_DP_Morph,LungInfection,True,nsgd,8.0,True,open,5,0.0001,24,1,70,6.83483362197876,356.87521171569824,2.0,,training
Inf-Net_DP_Morph,LungInfection,True,nsgd,8.0,True,open,5,0.0001,24,2,70,6.81800651550293,259.84561491012573,2.0,,training
Inf-Net_DP_Morph,LungInfection,True,nsgd,8.0,True,open,7,0.0001,24,1,70,6.933717727661133,356.8397364616394,2.0,,training
Inf-Net_DP_Morph,LungInfection,True,nsgd,8.0,True,open,7,0.0001,24,2,70,6.7485785484313965,269.8138618469238,2.0,,training
Inf-Net_DP_Morph,LungInfection,True,nsgd,8.0,True,open,9,0.0001,24,1,70,6.727269172668457,365.29070353508,2.0,,training
Inf-Net_DP_Morph,LungInfection,True,nsgd,8.0,True,open,9,0.0001,24,2,70,6.907227516174316,276.9530870914459,2.0,,training
Inf-Net_DP_Morph,LungInfection,True,psac,8.0,True,both,3,0.0001,24,1,70,6.769516944885254,357.8864486217499,2.0,,training
Inf-Net_DP_Morph,LungInfection,True,psac,8.0,True,both,3,0.0001,24,2,70,6.618892669677734,264.53198170661926,2.0,,training
Inf-Net_DP_Morph,LungInfection,True,psac,8.0,True,both,5,0.0001,24,1,70,6.527003288269043,361.76901721954346,2.0,,training
Inf-Net_DP_Morph,LungInfection,True,psac,8.0,True,both,5,0.0001,24,2,70,6.605633735656738,273.8774416446686,2.0,,training
Inf-Net_DP_Morph,LungInfection,True,psac,8.0,True,both,7,0.0001,24,1,70,6.652256965637207,368.8365848064423,2.0,,training
Inf-Net_DP_Morph,LungInfection,True,psac,8.0,True,both,7,0.0001,24,2,70,6.627511024475098,289.29257583618164,2.0,,training
Inf-Net_DP_Morph,LungInfection,True,psac,8.0,True,close,3,0.0001,24,1,70,6.592155456542969,355.7949459552765,2.0,,training
Inf-Net_DP_Morph,LungInfection,True,psac,8.0,True,close,3,0.0001,24,2,70,6.654089450836182,262.59474778175354,2.0,,training
Inf-Net_DP_Morph,LungInfection,True,psac,8.0,True,close,5,0.0001,24,1,70,6.5558929443359375,358.15707302093506,2.0,,training
Inf-Net_DP_Morph,LungInfection,True,psac,8.0,True,close,5,0.0001,24,2,70,6.6075520515441895,275.3724637031555,2.0,,training
Inf-Net_DP_Morph,LungInfection,True,psac,8.0,True,close,7,0.0001,24,1,70,6.51692008972168,364.54327726364136,2.0,,training
Inf-Net_DP_Morph,LungInfection,True,psac,8.0,True,close,7,0.0001,24,2,70,6.505455017089844,281.16569566726685,2.0,,training
Inf-Net_DP_Morph,LungInfection,True,psac,8.0,True,close,9,0.0001,24,1,70,6.721574306488037,371.108565568924,2.0,,training
Inf-Net_DP_Morph,LungInfection,True,psac,8.0,True,close,9,0.0001,24,2,70,6.691149711608887,287.8111217021942,2.0,,training
Inf-Net_DP_Morph,LungInfection,True,psac,8.0,True,open,3,0.0001,24,1,70,6.573386192321777,357.7246582508087,2.0,,training
Inf-Net_DP_Morph,LungInfection,True,psac,8.0,True,open,3,0.0001,24,2,70,6.53843879699707,258.8191514015198,2.0,,training
Inf-Net_DP_Morph,LungInfection,True,psac,8.0,True,open,5,0.0001,24,1,70,6.738730430603027,351.94226717948914,2.0,,training
Inf-Net_DP_Morph,LungInfection,True,psac,8.0,True,open,5,0.0001,24,2,70,6.664321899414063,273.58556938171387,2.0,,training
Inf-Net_DP_Morph,LungInfection,True,psac,8.0,True,open,7,0.0001,24,1,70,6.723447322845459,358.2635271549225,2.0,,training
Inf-Net_DP_Morph,LungInfection,True,psac,8.0,True,open,7,0.0001,24,2,70,6.6711931228637695,265.8799321651459,2.0,,training
Inf-Net_DP_Morph,LungInfection,True,psac,8.0,True,open,9,0.0001,24,1,70,6.601847171783447,363.4727840423584,2.0,,training
Inf-Net_DP_Morph,LungInfection,True,psac,8.0,True,open,9,0.0001,24,2,70,6.549528121948242,279.77503633499146,2.0,,training
Inf-Net_DP_Morph,LungInfection,True,automatic,200.0,True,both,3,0.0001,24,1,70,5.451009750366211,524.5848143100739,1.2,,training
Inf-Net_DP_Morph,LungInfection,True,automatic,200.0,True,both,3,0.0001,24,2,70,5.418248176574707,447.1247897148132,1.2,,training
Inf-Net_DP_Morph,LungInfection,True,automatic,200.0,True,both,5,0.0001,24,1,70,5.460972309112549,527.3231515884399,1.2,,training
Inf-Net_DP_Morph,LungInfection,True,automatic,200.0,True,both,5,0.0001,24,2,70,5.366580963134766,455.98819518089294,1.2,,training
Inf-Net_DP_Morph,LungInfection,True,automatic,200.0,True,both,7,0.0001,24,1,70,5.513086318969727,561.1860451698303,1.2,,training
Inf-Net_DP_Morph,LungInfection,True,automatic,200.0,True,both,7,0.0001,24,2,70,5.609837532043457,446.9902400970459,1.2,,training
Inf-Net_DP_Morph,LungInfection,True,automatic,200.0,True,close,3,0.0001,24,1,70,5.605703353881836,527.0484790802002,1.2,,training
Inf-Net_DP_Morph,LungInfection,True,automatic,200.0,True,close,3,0.0001,24,2,70,5.418086051940918,524.5244822502136,1.2,,training
Inf-Net_DP_Morph,LungInfection,True,automatic,200.0,True,close,5,0.0001,24,1,70,5.50998067855835,528.3880469799042,1.2,,training
Inf-Net_DP_Morph,LungInfection,True,automatic,200.0,True,close,5,0.0001,24,2,70,5.455075740814209,539.2743275165558,1.2,,training
Inf-Net_DP_Morph,LungInfection,True,automatic,200.0,True,close,7,0.0001,24,1,70,5.343122959136963,534.0365343093872,1.2,,training
Inf-Net_DP_Morph,LungInfection,True,automatic,200.0,True,close,7,0.0001,24,2,70,5.609141826629639,442.73627734184265,1.2,,training
Inf-Net_DP_Morph,LungInfection,True,automatic,200.0,True,close,9,0.0001,24,1,70,5.445981025695801,535.5324702262878,1.2,,training
Inf-Net_DP_Morph,LungInfection,True,automatic,200.0,True,close,9,0.0001,24,2,70,5.480323791503906,557.7246029376984,1.2,,training
Inf-Net_DP_Morph,LungInfection,True,automatic,200.0,True,open,3,0.0001,24,1,70,5.600314617156982,531.6948790550232,1.2,,training
Inf-Net_DP_Morph,LungInfection,True,automatic,200.0,True,open,3,0.0001,24,2,70,5.470846176147461,446.5009889602661,1.2,,training
Inf-Net_DP_Morph,LungInfection,True,automatic,200.0,True,open,5,0.0001,24,1,70,5.454297065734863,525.3815591335297,1.2,,training
Inf-Net_DP_Morph,LungInfection,True,automatic,200.0,True,open,5,0.0001,24,2,70,5.508145332336426,436.5996582508087,1.2,,training
Inf-Net_DP_Morph,LungInfection,True,automatic,200.0,True,open,7,0.0001,24,1,70,5.519805908203125,570.0024402141571,1.2,,training
Inf-Net_DP_Morph,LungInfection,True,automatic,200.0,True,open,7,0.0001,24,2,70,5.317084789276123,541.4545202255249,1.2,,training
Inf-Net_DP_Morph,LungInfection,True,automatic,200.0,True,open,9,0.0001,24,1,70,5.496970653533936,567.8600389957428,1.2,,training
Inf-Net_DP_Morph,LungInfection,True,automatic,200.0,True,open,9,0.0001,24,2,70,5.651594161987305,548.8628618717194,1.2,,training
Inf-Net_DP_Morph,LungInfection,True,base,200.0,True,both,3,0.0001,24,1,70,5.331758499145508,542.0051562786102,1.2,,training
Inf-Net_DP_Morph,LungInfection,True,base,200.0,True,both,3,0.0001,24,2,70,5.364932060241699,493.80220127105713,1.2,,training
Inf-Net_DP_Morph,LungInfection,True,base,200.0,True,both,5,0.0001,24,1,70,5.40755033493042,540.0704040527344,1.2,,training
Inf-Net_DP_Morph,LungInfection,True,base,200.0,True,both,5,0.0001,24,2,70,5.537652015686035,506.470251083374,1.2,,training
Inf-Net_DP_Morph,LungInfection,True,base,200.0,True,both,7,0.0001,24,1,70,5.471296310424805,556.7195150852203,1.2,,training
Inf-Net_DP_Morph,LungInfection,True,base,200.0,True,both,7,0.0001,24,2,70,5.547998428344727,472.4846060276032,1.2,,training
Inf-Net_DP_Morph,LungInfection,True,base,200.0,True,both,9,0.0001,24,1,70,5.440775871276856,576.8952214717865,1.2,,training
Inf-Net_DP_Morph,LungInfection,True,base,200.0,True,both,9,0.0001,24,2,70,5.558797359466553,553.1459999084473,1.2,,training
Inf-Net_DP_Morph,LungInfection,True,base,200.0,True,close,3,0.0001,24,1,70,5.259900093078613,542.3717255592346,1.2,,training
Inf-Net_DP_Morph,LungInfection,True,base,200.0,True,close,3,0.0001,24,2,70,5.528372287750244,530.7691295146942,1.2,,training
Inf-Net_DP_Morph,LungInfection,True,base,200.0,True,close,5,0.0001,24,1,70,5.495901107788086,535.2936670780182,1.2,,training
Inf-Net_DP_Morph,LungInfection,True,base,200.0,True,close,5,0.0001,24,2,70,5.579831123352051,432.41633439064026,1.2,,training
Inf-Net_DP_Morph,LungInfection,True,base,200.0,True,close,7,0.0001,24,1,70,5.480568885803223,543.535650730133,1.2,,training
Inf-Net_DP_Morph,LungInfection,True,base,200.0,True,close,7,0.0001,24,2,70,5.350763320922852,440.20042181015015,1.2,,training
Inf-Net_DP_Morph,LungInfection,True,base,200.0,True,close,9,0.0001,24,1,70,5.376158237457275,550.453950881958,1.2,,training
Inf-Net_DP_Morph,LungInfection,True,base,200.0,True,close,9,0.0001,24,2,70,5.437934875488281,541.3830323219299,1.2,,training
Inf-Net_DP_Morph,LungInfection,True,base,200.0,True,open,3,0.0001,24,1,70,5.416102886199951,527.8302683830261,1.2,,training
Inf-Net_DP_Morph,LungInfection,True,base,200.0,True,open,3,0.0001,24,2,70,5.499753475189209,520.1745672225952,1.2,,training
Inf-Net_DP_Morph,LungInfection,True,base,200.0,True,open,5,0.0001,24,1,70,5.46099853515625,524.3970904350281,1.2,,training
Inf-Net_DP_Morph,LungInfection,True,base,200.0,True,open,5,0.0001,24,2,70,5.636264801025391,530.5179073810577,1.2,,training
Inf-Net_DP_Morph,LungInfection,True,base,200.0,True,open,7,0.0001,24,1,70,5.478377819061279,544.9531743526459,1.2,,training
Inf-Net_DP_Morph,LungInfection,True,base,200.0,True,open,7,0.0001,24,2,70,5.254155158996582,460.168799161911,1.2,,training
Inf-Net_DP_Morph,LungInfection,True,base,200.0,True,open,9,0.0001,24,1,70,5.471442222595215,543.1734352111816,1.2,,training
Inf-Net_DP_Morph,LungInfection,True,base,200.0,True,open,9,0.0001,24,2,70,5.491619110107422,466.875795841217,1.2,,training
Inf-Net_DP_Morph,LungInfection,True,nsgd,200.0,True,both,3,0.0001,24,1,70,5.623851776123047,537.4878323078156,1.2,,training
Inf-Net_DP_Morph,LungInfection,True,nsgd,200.0,True,both,3,0.0001,24,2,70,5.462676048278809,483.87406826019287,1.2,,training
Inf-Net_DP_Morph,LungInfection,True,nsgd,200.0,True,both,5,0.0001,24,1,70,5.627486705780029,533.3029913902283,1.2,,training
Inf-Net_DP_Morph,LungInfection,True,nsgd,200.0,True,both,5,0.0001,24,2,70,5.627089500427246,509.542943239212,1.2,,training
Inf-Net_DP_Morph,LungInfection,True,nsgd,200.0,True,both,7,0.0001,24,1,70,5.605669021606445,554.9404458999634,1.2,,training
Inf-Net_DP_Morph,LungInfection,True,nsgd,200.0,True,both,7,0.0001,24,2,70,5.5544538497924805,533.8779232501984,1.2,,training
Inf-Net_DP_Morph,LungInfection,True,nsgd,200.0,True,close,3,0.0001,24,1,70,5.50581169128418,541.7947030067444,1.2,,training
Inf-Net_DP_Morph,LungInfection,True,nsgd,200.0,True,close,3,0.0001,24,2,70,5.646727561950684,458.6759095191956,1.2,,training
Inf-Net_DP_Morph,LungInfection,True,nsgd,200.0,True,close,5,0.0001,24,1,70,5.541465759277344,541.3800179958344,1.2,,training
Inf-Net_DP_Morph,LungInfection,True,nsgd,200.0,True,close,5,0.0001,24,2,70,5.547534465789795,459.3239533901215,1.2,,training
Inf-Net_DP_Morph,LungInfection,True,nsgd,200.0,True,close,7,0.0001,24,1,70,5.642302513122559,545.9692125320435,1.2,,training
Inf-Net_DP_Morph,LungInfection,True,nsgd,200.0,True,close,7,0.0001,24,2,70,5.481196880340576,423.14043617248535,1.2,,training
Inf-Net_DP_Morph,LungInfection,True,nsgd,200.0,True,close,9,0.0001,24,1,70,5.626327037811279,534.1595976352692,1.2,,training
Inf-Net_DP_Morph,LungInfection,True,nsgd,200.0,True,close,9,0.0001,24,2,70,5.52523136138916,540.811115026474,1.2,,training
Inf-Net_DP_Morph,LungInfection,True,nsgd,200.0,True,open,3,0.0001,24,1,70,5.536602020263672,518.072056055069,1.2,,training
Inf-Net_DP_Morph,LungInfection,True,nsgd,200.0,True,open,3,0.0001,24,2,70,5.588227272033691,449.8308687210083,1.2,,training
Inf-Net_DP_Morph,LungInfection,True,nsgd,200.0,True,open,5,0.0001,24,1,70,5.560370922088623,538.306177854538,1.2,,training
Inf-Net_DP_Morph,LungInfection,True,nsgd,200.0,True,open,5,0.0001,24,2,70,5.756911277770996,451.9395234584808,1.2,,training
Inf-Net_DP_Morph,LungInfection,True,nsgd,200.0,True,open,7,0.0001,24,1,70,5.537278175354004,539.2460808753967,1.2,,training
Inf-Net_DP_Morph,LungInfection,True,nsgd,200.0,True,open,7,0.0001,24,2,70,5.390281677246094,423.5034182071686,1.2,,training
Inf-Net_DP_Morph,LungInfection,True,nsgd,200.0,True,open,9,0.0001,24,1,70,5.7246198654174805,555.603997707367,1.2,,training
Inf-Net_DP_Morph,LungInfection,True,nsgd,200.0,True,open,9,0.0001,24,2,70,5.585094928741455,523.76664686203,1.2,,training
Inf-Net_DP_Morph,LungInfection,True,psac,200.0,True,both,3,0.0001,24,1,70,5.42543888092041,547.7236115932465,1.2,,training
Inf-Net_DP_Morph,LungInfection,True,psac,200.0,True,both,3,0.0001,24,2,70,5.428023338317871,492.5312747955322,1.2,,training
Inf-Net_DP_Morph,LungInfection,True,psac,200.0,True,both,5,0.0001,24,1,70,5.313670158386231,538.1253411769867,1.2,,training
Inf-Net_DP_Morph,LungInfection,True,psac,200.0,True,both,5,0.0001,24,2,70,5.374719619750977,500.6881816387177,1.2,,training
Inf-Net_DP_Morph,LungInfection,True,psac,200.0,True,both,7,0.0001,24,1,70,5.323098659515381,556.337779045105,1.2,,training
Inf-Net_DP_Morph,LungInfection,True,psac,200.0,True,both,7,0.0001,24,2,70,5.663015365600586,527.2367432117462,1.2,,training
Inf-Net_DP_Morph,LungInfection,True,psac,200.0,True,both,9,0.0001,24,1,70,5.432230949401856,557.9359464645386,1.2,,training
Inf-Net_DP_Morph,LungInfection,True,psac,200.0,True,both,9,0.0001,24,2,70,5.441609859466553,488.58448553085327,1.2,,training
Inf-Net_DP_Morph,LungInfection,True,psac,200.0,True,close,3,0.0001,24,1,70,5.382577896118164,546.0293571949005,1.2,,training
Inf-Net_DP_Morph,LungInfection,True,psac,200.0,True,close,3,0.0001,24,2,70,5.41763162612915,420.9229118824005,1.2,,training
Inf-Net_DP_Morph,LungInfection,True,psac,200.0,True,close,5,0.0001,24,1,70,5.495312213897705,554.5352659225464,1.2,,training
Inf-Net_DP_Morph,LungInfection,True,psac,200.0,True,close,5,0.0001,24,2,70,5.476751327514648,463.924432516098,1.2,,training
Inf-Net_DP_Morph,LungInfection,True,psac,200.0,True,close,7,0.0001,24,1,70,5.593731880187988,550.9683005809784,1.2,,training
Inf-Net_DP_Morph,LungInfection,True,psac,200.0,True,close,7,0.0001,24,2,70,5.4811296463012695,466.4714663028717,1.2,,training
Inf-Net_DP_Morph,LungInfection,True,psac,200.0,True,close,9,0.0001,24,1,70,5.4596476554870605,559.8649687767029,1.2,,training
Inf-Net_DP_Morph,LungInfection,True,psac,200.0,True,close,9,0.0001,24,2,70,5.489531993865967,537.5913581848145,1.2,,training
Inf-Net_DP_Morph,LungInfection,True,psac,200.0,True,open,3,0.0001,24,1,70,5.511119842529297,542.1518821716309,1.2,,training
Inf-Net_DP_Morph,LungInfection,True,psac,200.0,True,open,3,0.0001,24,2,70,5.4350786209106445,447.7415685653687,1.2,,training
Inf-Net_DP_Morph,LungInfection,True,psac,200.0,True,open,5,0.0001,24,1,70,5.6606316566467285,544.4448847770691,1.2,,training
Inf-Net_DP_Morph,LungInfection,True,psac,200.0,True,open,5,0.0001,24,2,70,5.530149459838867,423.64055585861206,1.2,,training
Inf-Net_DP_Morph,LungInfection,True,psac,200.0,True,open,7,0.0001,24,1,70,5.326111793518066,552.3570876121521,1.2,,training
Inf-Net_DP_Morph,LungInfection,True,psac,200.0,True,open,7,0.0001,24,2,70,5.515145778656006,521.2436037063599,1.2,,training
Inf-Net_DP_Morph,LungInfection,True,psac,200.0,True,open,9,0.0001,24,1,70,5.407505512237549,555.0158786773682,1.2,,training
Inf-Net_DP_Morph,LungInfection,True,psac,200.0,True,open,9,0.0001,24,2,70,5.614124774932861,530.711667060852,1.2,,training
Inf-Net_DP_Morph,LungInfection,True,automatic,200.0,True,both,3,0.0001,24,1,70,5.61381721496582,523.2492020130157,1.5,,training
Inf-Net_DP_Morph,LungInfection,True,automatic,200.0,True,both,3,0.0001,24,2,70,5.430037975311279,545.7054190635681,1.5,,training
Inf-Net_DP_Morph,LungInfection,True,automatic,200.0,True,both,5,0.0001,24,1,70,5.339034557342529,549.7033104896545,1.5,,training
Inf-Net_DP_Morph,LungInfection,True,automatic,200.0,True,both,5,0.0001,24,2,70,5.516579627990723,546.4933733940125,1.5,,training
Inf-Net_DP_Morph,LungInfection,True,automatic,200.0,True,both,9,0.0001,24,1,70,5.405998229980469,564.8536057472229,1.5,,training
Inf-Net_DP_Morph,LungInfection,True,automatic,200.0,True,both,9,0.0001,24,2,70,5.452879905700684,569.8749074935913,1.5,,training
Inf-Net_DP_Morph,LungInfection,True,automatic,200.0,True,close,3,0.0001,24,1,70,5.503798961639404,542.3584952354431,1.5,,training
Inf-Net_DP_Morph,LungInfection,True,automatic,200.0,True,close,3,0.0001,24,2,70,5.573793411254883,435.7171194553375,1.5,,training
Inf-Net_DP_Morph,LungInfection,True,automatic,200.0,True,close,5,0.0001,24,1,70,5.556464672088623,545.0847096443176,1.5,,training
Inf-Net_DP_Morph,LungInfection,True,automatic,200.0,True,close,5,0.0001,24,2,70,5.4425883293151855,441.51838397979736,1.5,,training
Inf-Net_DP_Morph,LungInfection,True,automatic,200.0,True,close,7,0.0001,24,1,70,5.552573204040527,555.646080493927,1.5,,training
Inf-Net_DP_Morph,LungInfection,True,automatic,200.0,True,close,7,0.0001,24,2,70,5.329071998596191,447.1918911933899,1.5,,training
Inf-Net_DP_Morph,LungInfection,True,automatic,200.0,True,close,9,0.0001,24,1,70,5.572964668273926,549.2648832798004,1.5,,training
Inf-Net_DP_Morph,LungInfection,True,automatic,200.0,True,close,9,0.0001,24,2,70,5.467723369598389,539.0236077308655,1.5,,training
Inf-Net_DP_Morph,LungInfection,True,automatic,200.0,True,open,3,0.0001,24,1,70,5.545538902282715,527.8824555873871,1.5,,training
Inf-Net_DP_Morph,LungInfection,True,automatic,200.0,True,open,3,0.0001,24,2,70,5.55994176864624,454.6380615234375,1.5,,training
Inf-Net_DP_Morph,LungInfection,True,automatic,200.0,True,open,5,0.0001,24,1,70,5.47190523147583,560.0347375869751,1.5,,training
Inf-Net_DP_Morph,LungInfection,True,automatic,200.0,True,open,5,0.0001,24,2,70,5.542605400085449,464.9422750473023,1.5,,training
Inf-Net_DP_Morph,LungInfection,True,automatic,200.0,True,open,7,0.0001,24,1,70,5.5879316329956055,535.553742647171,1.5,,training
Inf-Net_DP_Morph,LungInfection,True,automatic,200.0,True,open,7,0.0001,24,2,70,5.4542975425720215,474.311936378479,1.5,,training
Inf-Net_DP_Morph,LungInfection,True,automatic,200.0,True,open,9,0.0001,24,1,70,5.466728210449219,558.1088132858276,1.5,,training
Inf-Net_DP_Morph,LungInfection,True,automatic,200.0,True,open,9,0.0001,24,2,70,5.597369194030762,476.2255229949951,1.5,,training
Inf-Net_DP_Morph,LungInfection,True,base,200.0,True,both,3,0.0001,24,1,70,5.515874862670898,543.3138370513916,1.5,,training
Inf-Net_DP_Morph,LungInfection,True,base,200.0,True,both,3,0.0001,24,2,70,5.51420783996582,532.1604809761047,1.5,,training
Inf-Net_DP_Morph,LungInfection,True,base,200.0,True,both,5,0.0001,24,1,70,5.498260498046875,549.01447057724,1.5,,training
Inf-Net_DP_Morph,LungInfection,True,base,200.0,True,both,5,0.0001,24,2,70,5.481342315673828,464.32963275909424,1.5,,training
Inf-Net_DP_Morph,LungInfection,True,base,200.0,True,both,7,0.0001,24,1,70,5.426299095153809,563.9080812931061,1.5,,training
Inf-Net_DP_Morph,LungInfection,True,base,200.0,True,both,7,0.0001,24,2,70,5.536453723907471,449.91713070869446,1.5,,training
Inf-Net_DP_Morph,LungInfection,True,base,200.0,True,both,9,0.0001,24,1,70,5.618316650390625,566.6175165176392,1.5,,training
Inf-Net_DP_Morph,LungInfection,True,base,200.0,True,both,9,0.0001,24,2,70,5.362888336181641,554.1906218528748,1.5,,training
Inf-Net_DP_Morph,LungInfection,True,base,200.0,True,close,3,0.0001,24,1,70,5.477502346038818,547.3444426059723,1.5,,training
Inf-Net_DP_Morph,LungInfection,True,base,200.0,True,close,3,0.0001,24,2,70,5.343835353851318,429.4980382919312,1.5,,training
Inf-Net_DP_Morph,LungInfection,True,base,200.0,True,close,5,0.0001,24,1,70,5.349532127380371,531.9414322376251,1.5,,training
Inf-Net_DP_Morph,LungInfection,True,base,200.0,True,close,5,0.0001,24,2,70,5.495956897735596,437.30571126937866,1.5,,training
Inf-Net_DP_Morph,LungInfection,True,base,200.0,True,close,7,0.0001,24,1,70,5.402568817138672,532.5961103439331,1.5,,training
Inf-Net_DP_Morph,LungInfection,True,base,200.0,True,close,7,0.0001,24,2,70,5.710184574127197,534.5522584915161,1.5,,training
Inf-Net_DP_Morph,LungInfection,True,base,200.0,True,close,9,0.0001,24,1,70,5.323554039001465,555.7695627212524,1.5,,training
Inf-Net_DP_Morph,LungInfection,True,base,200.0,True,close,9,0.0001,24,2,70,5.400118827819824,544.7394711971283,1.5,,training
Inf-Net_DP_Morph,LungInfection,True,base,200.0,True,open,3,0.0001,24,1,70,5.363630771636963,535.6107122898102,1.5,,training
Inf-Net_DP_Morph,LungInfection,True,base,200.0,True,open,3,0.0001,24,2,70,5.530311107635498,506.1840143203736,1.5,,training
Inf-Net_DP_Morph,LungInfection,True,base,200.0,True,open,5,0.0001,24,1,70,5.503497123718262,521.0037701129913,1.5,,training
Inf-Net_DP_Morph,LungInfection,True,base,200.0,True,open,5,0.0001,24,2,70,5.458116054534912,459.45941400527954,1.5,,training
Inf-Net_DP_Morph,LungInfection,True,base,200.0,True,open,7,0.0001,24,1,70,5.441486835479736,551.125105381012,1.5,,training
Inf-Net_DP_Morph,LungInfection,True,base,200.0,True,open,7,0.0001,24,2,70,5.272424697875977,468.2869699001312,1.5,,training
Inf-Net_DP_Morph,LungInfection,True,base,200.0,True,open,9,0.0001,24,1,70,5.4661149978637695,550.4946527481079,1.5,,training
Inf-Net_DP_Morph,LungInfection,True,base,200.0,True,open,9,0.0001,24,2,70,5.402593612670898,476.3328855037689,1.5,,training
Inf-Net_DP_Morph,LungInfection,True,nsgd,200.0,True,both,3,0.0001,24,1,70,5.81964635848999,544.7171597480774,1.5,,training
Inf-Net_DP_Morph,LungInfection,True,nsgd,200.0,True,both,3,0.0001,24,2,70,5.93419885635376,529.0719420909882,1.5,,training
Inf-Net_DP_Morph,LungInfection,True,nsgd,200.0,True,both,5,0.0001,24,1,70,5.912164688110352,552.3578455448151,1.5,,training
Inf-Net_DP_Morph,LungInfection,True,nsgd,200.0,True,both,5,0.0001,24,2,70,5.711215972900391,528.1662456989288,1.5,,training
Inf-Net_DP_Morph,LungInfection,True,nsgd,200.0,True,both,7,0.0001,24,1,70,5.821547508239746,561.4479653835297,1.5,,training
Inf-Net_DP_Morph,LungInfection,True,nsgd,200.0,True,both,7,0.0001,24,2,70,5.64914083480835,540.2341575622559,1.5,,training
Inf-Net_DP_Morph,LungInfection,True,nsgd,200.0,True,close,3,0.0001,24,1,70,5.800054550170898,523.52454662323,1.5,,training
Inf-Net_DP_Morph,LungInfection,True,nsgd,200.0,True,close,3,0.0001,24,2,70,5.815080642700195,417.2091462612152,1.5,,training
Inf-Net_DP_Morph,LungInfection,True,nsgd,200.0,True,close,5,0.0001,24,1,70,5.786023139953613,542.6676082611084,1.5,,training
Inf-Net_DP_Morph,LungInfection,True,nsgd,200.0,True,close,5,0.0001,24,2,70,5.760993480682373,519.4527487754822,1.5,,training
Inf-Net_DP_Morph,LungInfection,True,nsgd,200.0,True,close,7,0.0001,24,1,70,5.799566268920898,531.2299468517303,1.5,,training
Inf-Net_DP_Morph,LungInfection,True,nsgd,200.0,True,close,7,0.0001,24,2,70,5.747834205627441,476.4448871612549,1.5,,training
Inf-Net_DP_Morph,LungInfection,True,nsgd,200.0,True,close,9,0.0001,24,1,70,5.722829818725586,546.6157941818237,1.5,,training
Inf-Net_DP_Morph,LungInfection,True,nsgd,200.0,True,close,9,0.0001,24,2,70,5.790901184082031,478.9820165634155,1.5,,training
Inf-Net_DP_Morph,LungInfection,True,nsgd,200.0,True,open,3,0.0001,24,1,70,5.815921306610107,555.8314692974091,1.5,,training
Inf-Net_DP_Morph,LungInfection,True,nsgd,200.0,True,open,3,0.0001,24,2,70,5.767289638519287,417.0480365753174,1.5,,training
Inf-Net_DP_Morph,LungInfection,True,nsgd,200.0,True,open,5,0.0001,24,1,70,5.617833614349365,556.3038730621338,1.5,,training
Inf-Net_DP_Morph,LungInfection,True,nsgd,200.0,True,open,5,0.0001,24,2,70,5.702815055847168,518.6843810081482,1.5,,training
Inf-Net_DP_Morph,LungInfection,True,nsgd,200.0,True,open,7,0.0001,24,1,70,5.742013454437256,529.2788617610931,1.5,,training
Inf-Net_DP_Morph,LungInfection,True,nsgd,200.0,True,open,7,0.0001,24,2,70,5.586658477783203,469.2440016269684,1.5,,training
Inf-Net_DP_Morph,LungInfection,True,nsgd,200.0,True,open,9,0.0001,24,1,70,5.750903606414795,548.4645767211914,1.5,,training
Inf-Net_DP_Morph,LungInfection,True,nsgd,200.0,True,open,9,0.0001,24,2,70,5.921688079833984,469.7705783843994,1.5,,training
Inf-Net_DP_Morph,LungInfection,True,psac,200.0,True,both,3,0.0001,24,1,70,5.416515350341797,539.4179491996765,1.5,,training
Inf-Net_DP_Morph,LungInfection,True,psac,200.0,True,both,3,0.0001,24,2,70,5.518260002136231,524.4333574771881,1.5,,training
Inf-Net_DP_Morph,LungInfection,True,psac,200.0,True,both,5,0.0001,24,1,70,5.331542015075684,535.9517183303833,1.5,,training
Inf-Net_DP_Morph,LungInfection,True,psac,200.0,True,both,5,0.0001,24,2,70,5.447498321533203,531.9675121307373,1.5,,training
Inf-Net_DP_Morph,LungInfection,True,psac,200.0,True,both,7,0.0001,24,1,70,5.540780067443848,545.9745268821716,1.5,,training
Inf-Net_DP_Morph,LungInfection,True,psac,200.0,True,both,7,0.0001,24,2,70,5.390598297119141,535.7808802127838,1.5,,training
Inf-Net_DP_Morph,LungInfection,True,psac,200.0,True,both,9,0.0001,24,1,70,5.453202247619629,573.2516648769379,1.5,,training
Inf-Net_DP_Morph,LungInfection,True,psac,200.0,True,both,9,0.0001,24,2,70,5.315834045410156,548.9430232048035,1.5,,training
Inf-Net_DP_Morph,LungInfection,True,psac,200.0,True,close,3,0.0001,24,1,70,5.49283504486084,526.0056674480438,1.5,,training
Inf-Net_DP_Morph,LungInfection,True,psac,200.0,True,close,3,0.0001,24,2,70,5.465733528137207,423.2380149364472,1.5,,training
Inf-Net_DP_Morph,LungInfection,True,psac,200.0,True,close,5,0.0001,24,1,70,5.506190776824951,547.0596244335175,1.5,,training
Inf-Net_DP_Morph,LungInfection,True,psac,200.0,True,close,5,0.0001,24,2,70,5.555472373962402,528.1355860233307,1.5,,training
Inf-Net_DP_Morph,LungInfection,True,psac,200.0,True,close,7,0.0001,24,1,70,5.535178661346436,547.8196122646332,1.5,,training
Inf-Net_DP_Morph,LungInfection,True,psac,200.0,True,close,7,0.0001,24,2,70,5.456561088562012,535.8986351490021,1.5,,training
Inf-Net_DP_Morph,LungInfection,True,psac,200.0,True,close,9,0.0001,24,1,70,5.54482364654541,559.0422925949097,1.5,,training
Inf-Net_DP_Morph,LungInfection,True,psac,200.0,True,close,9,0.0001,24,2,70,5.358216285705566,479.443332195282,1.5,,training
Inf-Net_DP_Morph,LungInfection,True,psac,200.0,True,open,3,0.0001,24,1,70,5.369678974151611,548.071487903595,1.5,,training
Inf-Net_DP_Morph,LungInfection,True,psac,200.0,True,open,3,0.0001,24,2,70,5.649679183959961,416.805566072464,1.5,,training
Inf-Net_DP_Morph,LungInfection,True,psac,200.0,True,open,5,0.0001,24,1,70,5.509464263916016,546.1829478740692,1.5,,training
Inf-Net_DP_Morph,LungInfection,True,psac,200.0,True,open,5,0.0001,24,2,70,5.466920375823975,526.5125448703766,1.5,,training
Inf-Net_DP_Morph,LungInfection,True,psac,200.0,True,open,7,0.0001,24,1,70,5.535930156707764,554.1890063285828,1.5,,training
Inf-Net_DP_Morph,LungInfection,True,psac,200.0,True,open,7,0.0001,24,2,70,5.51422929763794,455.8467860221863,1.5,,training
Inf-Net_DP_Morph,LungInfection,True,automatic,200.0,True,both,3,0.0001,24,1,70,5.524115562438965,543.3349783420563,2.0,,training
Inf-Net_DP_Morph,LungInfection,True,automatic,200.0,True,both,3,0.0001,24,2,70,5.424162864685059,525.9526655673981,2.0,,training
Inf-Net_DP_Morph,LungInfection,True,automatic,200.0,True,both,5,0.0001,24,1,70,5.400317192077637,550.435703754425,2.0,,training
Inf-Net_DP_Morph,LungInfection,True,automatic,200.0,True,both,5,0.0001,24,2,70,5.5109171867370605,536.0969948768616,2.0,,training
Inf-Net_DP_Morph,LungInfection,True,automatic,200.0,True,close,3,0.0001,24,1,70,5.585862636566162,546.2371091842651,2.0,,training
Inf-Net_DP_Morph,LungInfection,True,automatic,200.0,True,close,3,0.0001,24,2,70,5.44160795211792,515.9029896259308,2.0,,training
Inf-Net_DP_Morph,LungInfection,True,automatic,200.0,True,close,5,0.0001,24,1,70,5.434698581695557,527.5859746932983,2.0,,training
Inf-Net_DP_Morph,LungInfection,True,automatic,200.0,True,close,5,0.0001,24,2,70,5.403225898742676,427.5318505764008,2.0,,training
Inf-Net_DP_Morph,LungInfection,True,automatic,200.0,True,close,7,0.0001,24,1,70,5.383248805999756,553.7736744880676,2.0,,training
Inf-Net_DP_Morph,LungInfection,True,automatic,200.0,True,close,7,0.0001,24,2,70,5.364994049072266,504.7444760799408,2.0,,training
Inf-Net_DP_Morph,LungInfection,True,automatic,200.0,True,open,3,0.0001,24,1,70,5.3351569175720215,546.1247086524963,2.0,,training
Inf-Net_DP_Morph,LungInfection,True,automatic,200.0,True,open,3,0.0001,24,2,70,5.44562578201294,527.0630211830139,2.0,,training
Inf-Net_DP_Morph,LungInfection,True,automatic,200.0,True,open,5,0.0001,24,1,70,5.437817573547363,547.8077652454376,2.0,,training
Inf-Net_DP_Morph,LungInfection,True,automatic,200.0,True,open,5,0.0001,24,2,70,5.454160690307617,526.9365699291229,2.0,,training
Inf-Net_DP_Morph,LungInfection,True,automatic,200.0,True,open,7,0.0001,24,1,70,5.481460094451904,527.0508706569672,2.0,,training
Inf-Net_DP_Morph,LungInfection,True,automatic,200.0,True,open,7,0.0001,24,2,70,5.425787925720215,527.3702244758606,2.0,,training
Inf-Net_DP_Morph,LungInfection,True,automatic,200.0,True,open,9,0.0001,24,1,70,5.676077842712402,531.8949332237244,2.0,,training
Inf-Net_DP_Morph,LungInfection,True,automatic,200.0,True,open,9,0.0001,24,2,70,5.450692176818848,449.9101161956787,2.0,,training
Inf-Net_DP_Morph,LungInfection,True,base,200.0,True,both,3,0.0001,24,1,70,5.528500556945801,549.2236220836639,2.0,,training
Inf-Net_DP_Morph,LungInfection,True,base,200.0,True,both,3,0.0001,24,2,70,5.427567005157471,531.7867469787598,2.0,,training
Inf-Net_DP_Morph,LungInfection,True,base,200.0,True,both,5,0.0001,24,1,70,5.511071681976318,544.2911975383759,2.0,,training
Inf-Net_DP_Morph,LungInfection,True,base,200.0,True,both,5,0.0001,24,2,70,5.543444633483887,534.5930559635162,2.0,,training
Inf-Net_DP_Morph,LungInfection,True,base,200.0,True,both,7,0.0001,24,1,70,5.508616924285889,560.113233089447,2.0,,training
Inf-Net_DP_Morph,LungInfection,True,base,200.0,True,both,7,0.0001,24,2,70,5.476078033447266,475.5018169879913,2.0,,training
Inf-Net_DP_Morph,LungInfection,True,base,200.0,True,close,3,0.0001,24,1,70,5.452640533447266,537.9192550182343,2.0,,training
Inf-Net_DP_Morph,LungInfection,True,base,200.0,True,close,3,0.0001,24,2,70,5.3939714431762695,473.8446340560913,2.0,,training
Inf-Net_DP_Morph,LungInfection,True,base,200.0,True,close,5,0.0001,24,1,70,5.455309867858887,524.5507402420044,2.0,,training
Inf-Net_DP_Morph,LungInfection,True,base,200.0,True,close,5,0.0001,24,2,70,5.51271915435791,434.5821225643158,2.0,,training
Inf-Net_DP_Morph,LungInfection,True,base,200.0,True,close,7,0.0001,24,1,70,5.496997356414795,552.1515617370605,2.0,,training
Inf-Net_DP_Morph,LungInfection,True,base,200.0,True,close,7,0.0001,24,2,70,5.3776044845581055,445.45985889434814,2.0,,training
Inf-Net_DP_Morph,LungInfection,True,base,200.0,True,close,9,0.0001,24,1,70,5.290428638458252,552.8194749355316,2.0,,training
Inf-Net_DP_Morph,LungInfection,True,base,200.0,True,close,9,0.0001,24,2,70,5.347932815551758,456.62442278862,2.0,,training
Inf-Net_DP_Morph,LungInfection,True,base,200.0,True,open,3,0.0001,24,1,70,5.440130710601807,552.7025442123413,2.0,,training
Inf-Net_DP_Morph,LungInfection,True,base,200.0,True,open,3,0.0001,24,2,70,5.477059364318848,524.3038413524628,2.0,,training
Inf-Net_DP_Morph,LungInfection,True,base,200.0,True,open,5,0.0001,24,1,70,5.407456398010254,551.8661105632782,2.0,,training
Inf-Net_DP_Morph,LungInfection,True,base,200.0,True,open,5,0.0001,24,2,70,5.53127384185791,525.2305960655212,2.0,,training
Inf-Net_DP_Morph,LungInfection,True,base,200.0,True,open,7,0.0001,24,1,70,5.373302459716797,551.9728362560272,2.0,,training
Inf-Net_DP_Morph,LungInfection,True,base,200.0,True,open,7,0.0001,24,2,70,5.587738037109375,443.2725632190704,2.0,,training
Inf-Net_DP_Morph,LungInfection,True,base,200.0,True,open,9,0.0001,24,1,70,5.705431938171387,556.6385679244995,2.0,,training
Inf-Net_DP_Morph,LungInfection,True,base,200.0,True,open,9,0.0001,24,2,70,5.378349781036377,489.586017370224,2.0,,training
Inf-Net_DP_Morph,LungInfection,True,nsgd,200.0,True,both,3,0.0001,24,1,70,5.883727550506592,535.4352791309357,2.0,,training
Inf-Net_DP_Morph,LungInfection,True,nsgd,200.0,True,both,3,0.0001,24,2,70,5.998725891113281,518.4246168136597,2.0,,training
Inf-Net_DP_Morph,LungInfection,True,nsgd,200.0,True,both,5,0.0001,24,1,70,6.10836935043335,547.9895024299622,2.0,,training
Inf-Net_DP_Morph,LungInfection,True,nsgd,200.0,True,both,5,0.0001,24,2,70,6.034214973449707,520.4139783382416,2.0,,training
Inf-Net_DP_Morph,LungInfection,True,nsgd,200.0,True,both,7,0.0001,24,1,70,5.971731185913086,553.8800795078278,2.0,,training
Inf-Net_DP_Morph,LungInfection,True,nsgd,200.0,True,both,7,0.0001,24,2,70,6.02156400680542,540.823671579361,2.0,,training
Inf-Net_DP_Morph,LungInfection,True,nsgd,200.0,True,both,9,0.0001,24,1,70,5.951672554016113,568.5982267856598,2.0,,training
Inf-Net_DP_Morph,LungInfection,True,nsgd,200.0,True,both,9,0.0001,24,2,70,5.916296005249023,554.1807088851929,2.0,,training
Inf-Net_DP_Morph,LungInfection,True,nsgd,200.0,True,close,3,0.0001,24,1,70,5.945319175720215,545.6720826625824,2.0,,training
Inf-Net_DP_Morph,LungInfection,True,nsgd,200.0,True,close,3,0.0001,24,2,70,6.09926700592041,439.1317512989044,2.0,,training
Inf-Net_DP_Morph,LungInfection,True,nsgd,200.0,True,close,5,0.0001,24,1,70,5.93190336227417,548.9004426002502,2.0,,training
Inf-Net_DP_Morph,LungInfection,True,nsgd,200.0,True,close,5,0.0001,24,2,70,6.180677890777588,447.6925187110901,2.0,,training
Inf-Net_DP_Morph,LungInfection,True,nsgd,200.0,True,close,7,0.0001,24,1,70,5.914735794067383,533.0891737937927,2.0,,training
Inf-Net_DP_Morph,LungInfection,True,nsgd,200.0,True,close,7,0.0001,24,2,70,5.815964698791504,457.4271972179413,2.0,,training
Inf-Net_DP_Morph,LungInfection,True,nsgd,200.0,True,close,9,0.0001,24,1,70,5.928264617919922,560.6743919849396,2.0,,training
Inf-Net_DP_Morph,LungInfection,True,nsgd,200.0,True,close,9,0.0001,24,2,70,6.046738624572754,453.2291357517242,2.0,,training
Inf-Net_DP_Morph,LungInfection,True,nsgd,200.0,True,open,3,0.0001,24,1,70,5.873193740844727,542.2038097381592,2.0,,training
Inf-Net_DP_Morph,LungInfection,True,nsgd,200.0,True,open,3,0.0001,24,2,70,5.827938079833984,514.3613193035126,2.0,,training
Inf-Net_DP_Morph,LungInfection,True,nsgd,200.0,True,open,5,0.0001,24,1,70,6.008852958679199,519.4473221302032,2.0,,training
Inf-Net_DP_Morph,LungInfection,True,nsgd,200.0,True,open,5,0.0001,24,2,70,5.969020366668701,512.2913835048676,2.0,,training
Inf-Net_DP_Morph,LungInfection,True,nsgd,200.0,True,open,7,0.0001,24,1,70,5.917713165283203,543.0952622890472,2.0,,training
Inf-Net_DP_Morph,LungInfection,True,nsgd,200.0,True,open,7,0.0001,24,2,70,5.9278974533081055,424.8014619350433,2.0,,training
Inf-Net_DP_Morph,LungInfection,True,nsgd,200.0,True,open,9,0.0001,24,1,70,5.981405258178711,553.2234859466553,2.0,,training
Inf-Net_DP_Morph,LungInfection,True,nsgd,200.0,True,open,9,0.0001,24,2,70,6.083439826965332,429.2251138687134,2.0,,training
Inf-Net_DP_Morph,LungInfection,True,psac,200.0,True,both,3,0.0001,24,1,70,5.420211791992188,549.6393835544586,2.0,,training
Inf-Net_DP_Morph,LungInfection,True,psac,200.0,True,both,3,0.0001,24,2,70,5.475523471832275,465.63812136650085,2.0,,training
Inf-Net_DP_Morph,LungInfection,True,psac,200.0,True,both,5,0.0001,24,1,70,5.530813217163086,557.7834596633911,2.0,,training
Inf-Net_DP_Morph,LungInfection,True,psac,200.0,True,both,5,0.0001,24,2,70,5.497995853424072,478.1601285934448,2.0,,training
Inf-Net_DP_Morph,LungInfection,True,psac,200.0,True,both,7,0.0001,24,1,70,5.527199745178223,549.7105193138123,2.0,,training
Inf-Net_DP_Morph,LungInfection,True,psac,200.0,True,both,7,0.0001,24,2,70,5.427882194519043,544.2094988822937,2.0,,training
Inf-Net_DP_Morph,LungInfection,True,psac,200.0,True,both,9,0.0001,24,1,70,5.572282791137695,582.0146293640137,2.0,,training
Inf-Net_DP_Morph,LungInfection,True,psac,200.0,True,both,9,0.0001,24,2,70,5.429502010345459,555.5086076259613,2.0,,training
Inf-Net_DP_Morph,LungInfection,True,psac,200.0,True,close,3,0.0001,24,1,70,5.452485084533691,544.507196187973,2.0,,training
Inf-Net_DP_Morph,LungInfection,True,psac,200.0,True,close,3,0.0001,24,2,70,5.4101972579956055,424.46744298934937,2.0,,training
Inf-Net_DP_Morph,LungInfection,True,psac,200.0,True,close,5,0.0001,24,1,70,5.357142448425293,549.2114808559418,2.0,,training
Inf-Net_DP_Morph,LungInfection,True,psac,200.0,True,close,5,0.0001,24,2,70,5.515110969543457,438.9253294467926,2.0,,training
Inf-Net_DP_Morph,LungInfection,True,psac,200.0,True,close,7,0.0001,24,1,70,5.4272332191467285,551.7884497642517,2.0,,training
Inf-Net_DP_Morph,LungInfection,True,psac,200.0,True,close,7,0.0001,24,2,70,5.448502540588379,485.4583828449249,2.0,,training
Inf-Net_DP_Morph,LungInfection,True,psac,200.0,True,close,9,0.0001,24,1,70,5.445137977600098,557.4546084403992,2.0,,training
Inf-Net_DP_Morph,LungInfection,True,psac,200.0,True,close,9,0.0001,24,2,70,5.415647506713867,447.8104417324066,2.0,,training
Inf-Net_DP_Morph,LungInfection,True,psac,200.0,True,open,3,0.0001,24,1,70,5.395109176635742,547.5542051792145,2.0,,training
Inf-Net_DP_Morph,LungInfection,True,psac,200.0,True,open,3,0.0001,24,2,70,5.412308216094971,518.4591948986053,2.0,,training
Inf-Net_DP_Morph,LungInfection,True,psac,200.0,True,open,5,0.0001,24,1,70,5.453845977783203,548.5730926990509,2.0,,training
Inf-Net_DP_Morph,LungInfection,True,psac,200.0,True,open,5,0.0001,24,2,70,5.50969934463501,421.1962816715241,2.0,,training
Inf-Net_DP_Morph,LungInfection,True,psac,200.0,True,open,7,0.0001,24,1,70,5.552009105682373,548.0408458709717,2.0,,training
Inf-Net_DP_Morph,LungInfection,True,psac,200.0,True,open,7,0.0001,24,2,70,5.372239112854004,500.1590790748596,2.0,,training
Inf-Net_DP_Morph,LungInfection,True,psac,200.0,True,open,9,0.0001,24,1,70,5.52984094619751,534.7971141338348,2.0,,training
Inf-Net_DP_Morph,LungInfection,True,psac,200.0,True,open,9,0.0001,24,2,70,5.504312515258789,509.45944690704346,2.0,,training
Inf-Net_DP_Morph,LungInfection,True,automatic,8.0,True,both,5,0.0001,48,1,70,6.689484119415283,328.31825375556946,1.2,,training
Inf-Net_DP_Morph,LungInfection,True,automatic,8.0,True,both,5,0.0001,48,2,70,6.730586051940918,313.61937260627747,1.2,,training
Inf-Net_DP_Morph,LungInfection,True,automatic,8.0,True,both,7,0.0001,48,1,70,6.599297523498535,331.4683165550232,1.2,,training
Inf-Net_DP_Morph,LungInfection,True,automatic,8.0,True,both,7,0.0001,48,2,70,6.609348297119141,334.1371371746063,1.2,,training
Inf-Net_DP_Morph,LungInfection,True,automatic,8.0,True,both,9,0.0001,48,1,70,6.59262752532959,343.4593958854676,1.2,,training
Inf-Net_DP_Morph,LungInfection,True,automatic,8.0,True,both,9,0.0001,48,2,70,6.69453239440918,332.9643700122833,1.2,,training
Inf-Net_DP_Morph,LungInfection,True,automatic,8.0,True,close,3,0.0001,48,1,70,6.504741668701172,310.7908203601837,1.2,,training
Inf-Net_DP_Morph,LungInfection,True,automatic,8.0,True,close,3,0.0001,48,2,70,6.560263633728027,240.032710313797,1.2,,training
Inf-Net_DP_Morph,LungInfection,True,automatic,8.0,True,close,9,0.0001,48,1,70,6.684593677520752,320.1008052825928,1.2,,training
Inf-Net_DP_Morph,LungInfection,True,automatic,8.0,True,close,9,0.0001,48,2,70,6.6177473068237305,322.79290199279785,1.2,,training
Inf-Net_DP_Morph,LungInfection,True,automatic,8.0,True,open,3,0.0001,48,1,70,6.592077255249023,309.74784445762634,1.2,,training
Inf-Net_DP_Morph,LungInfection,True,automatic,8.0,True,open,3,0.0001,48,2,70,6.569873809814453,240.39077806472775,1.2,,training
Inf-Net_DP_Morph,LungInfection,True,automatic,8.0,True,open,5,0.0001,48,1,70,6.638944625854492,315.72269320487976,1.2,,training
Inf-Net_DP_Morph,LungInfection,True,automatic,8.0,True,open,5,0.0001,48,2,70,6.640866279602051,245.60119700431824,1.2,,training
Inf-Net_DP_Morph,LungInfection,True,automatic,8.0,True,open,7,0.0001,48,1,70,6.586103439331055,319.6770372390747,1.2,,training
Inf-Net_DP_Morph,LungInfection,True,automatic,8.0,True,open,7,0.0001,48,2,70,6.599817276000977,310.7027003765106,1.2,,training
Inf-Net_DP_Morph,LungInfection,True,automatic,8.0,True,open,9,0.0001,48,1,70,6.479528903961182,325.2644944190979,1.2,,training
Inf-Net_DP_Morph,LungInfection,True,automatic,8.0,True,open,9,0.0001,48,2,70,6.61695671081543,328.452671289444,1.2,,training
Inf-Net_DP_Morph,LungInfection,True,base,8.0,True,both,3,0.0001,48,1,70,6.564987182617188,311.41551303863525,1.2,,training
Inf-Net_DP_Morph,LungInfection,True,base,8.0,True,both,3,0.0001,48,2,70,6.634546279907227,245.611843585968,1.2,,training
Inf-Net_DP_Morph,LungInfection,True,base,8.0,True,both,5,0.0001,48,1,70,6.558506011962891,325.89301085472107,1.2,,training
Inf-Net_DP_Morph,LungInfection,True,base,8.0,True,both,5,0.0001,48,2,70,6.527451515197754,310.5244779586792,1.2,,training
Inf-Net_DP_Morph,LungInfection,True,base,8.0,True,both,7,0.0001,48,1,70,6.787302017211914,328.7401156425476,1.2,,training
Inf-Net_DP_Morph,LungInfection,True,base,8.0,True,both,7,0.0001,48,2,70,6.6648268699646,333.600204706192,1.2,,training
Inf-Net_DP_Morph,LungInfection,True,base,8.0,True,both,9,0.0001,48,1,70,6.56107234954834,347.4333531856537,1.2,,training
Inf-Net_DP_Morph,LungInfection,True,base,8.0,True,both,9,0.0001,48,2,70,6.61573600769043,331.9938535690308,1.2,,training
Inf-Net_DP_Morph,LungInfection,True,base,8.0,True,close,3,0.0001,48,1,70,6.642738342285156,315.58661556243896,1.2,,training
Inf-Net_DP_Morph,LungInfection,True,base,8.0,True,close,3,0.0001,48,2,70,6.6339640617370605,248.7352728843689,1.2,,training
Inf-Net_DP_Morph,LungInfection,True,base,8.0,True,close,5,0.0001,48,1,70,6.6594438552856445,313.7224600315094,1.2,,training
Inf-Net_DP_Morph,LungInfection,True,base,8.0,True,close,5,0.0001,48,2,70,6.629445552825928,255.49596762657168,1.2,,training
Inf-Net_DP_Morph,LungInfection,True,base,8.0,True,close,7,0.0001,48,1,70,6.668384552001953,318.11799931526184,1.2,,training
Inf-Net_DP_Morph,LungInfection,True,base,8.0,True,close,7,0.0001,48,2,70,6.714739799499512,250.43188786506653,1.2,,training
Inf-Net_DP_Morph,LungInfection,True,base,8.0,True,close,9,0.0001,48,1,70,6.700764656066895,325.69380950927734,1.2,,training
Inf-Net_DP_Morph,LungInfection,True,base,8.0,True,close,9,0.0001,48,2,70,6.658046722412109,331.8541171550751,1.2,,training
Inf-Net_DP_Morph,LungInfection,True,base,8.0,True,open,3,0.0001,48,1,70,6.673111438751221,309.7149896621704,1.2,,training
Inf-Net_DP_Morph,LungInfection,True,base,8.0,True,open,3,0.0001,48,2,70,6.653866291046143,249.6361904144287,1.2,,training
Inf-Net_DP_Morph,LungInfection,True,base,8.0,True,open,5,0.0001,48,1,70,6.580107688903809,310.3691177368164,1.2,,training
Inf-Net_DP_Morph,LungInfection,True,base,8.0,True,open,5,0.0001,48,2,70,6.598596572875977,253.22374367713928,1.2,,training
Inf-Net_DP_Morph,LungInfection,True,base,8.0,True,open,7,0.0001,48,1,70,6.543402194976807,319.96189761161804,1.2,,training
Inf-Net_DP_Morph,LungInfection,True,base,8.0,True,open,7,0.0001,48,2,70,6.717292308807373,309.1656665802002,1.2,,training
Inf-Net_DP_Morph,LungInfection,True,base,8.0,True,open,9,0.0001,48,1,70,6.7363481521606445,326.92673349380493,1.2,,training
Inf-Net_DP_Morph,LungInfection,True,base,8.0,True,open,9,0.0001,48,2,70,6.714505195617676,325.8068950176239,1.2,,training
Inf-Net_DP_Morph,LungInfection,True,nsgd,8.0,True,both,5,0.0001,48,1,70,6.789975166320801,326.97358870506287,1.2,,training
Inf-Net_DP_Morph,LungInfection,True,nsgd,8.0,True,both,5,0.0001,48,2,70,6.7115325927734375,322.29129791259766,1.2,,training
Inf-Net_DP_Morph,LungInfection,True,nsgd,8.0,True,both,7,0.0001,48,1,70,6.660465717315674,329.49192571640015,1.2,,training
Inf-Net_DP_Morph,LungInfection,True,nsgd,8.0,True,both,7,0.0001,48,2,70,6.683811187744141,318.17103719711304,1.2,,training
Inf-Net_DP_Morph,LungInfection,True,nsgd,8.0,True,both,9,0.0001,48,1,70,6.620609283447266,342.3948657512665,1.2,,training
Inf-Net_DP_Morph,LungInfection,True,nsgd,8.0,True,both,9,0.0001,48,2,70,6.715109825134277,338.0332455635071,1.2,,training
Inf-Net_DP_Morph,LungInfection,True,nsgd,8.0,True,close,3,0.0001,48,1,70,6.732150077819824,315.3900058269501,1.2,,training
Inf-Net_DP_Morph,LungInfection,True,nsgd,8.0,True,close,3,0.0001,48,2,70,6.645977973937988,247.45160460472107,1.2,,training
Inf-Net_DP_Morph,LungInfection,True,nsgd,8.0,True,close,5,0.0001,48,1,70,6.5827178955078125,316.94321727752686,1.2,,training
Inf-Net_DP_Morph,LungInfection,True,nsgd,8.0,True,close,5,0.0001,48,2,70,6.691771030426025,251.6943745613098,1.2,,training
Inf-Net_DP_Morph,LungInfection,True,nsgd,8.0,True,close,9,0.0001,48,1,70,6.552364826202393,323.36674213409424,1.2,,training
Inf-Net_DP_Morph,LungInfection,True,nsgd,8.0,True,close,9,0.0001,48,2,70,6.8640642166137695,321.33115577697754,1.2,,training
Inf-Net_DP_Morph,LungInfection,True,nsgd,8.0,True,open,3,0.0001,48,1,70,6.701675415039063,313.32665395736694,1.2,,training
Inf-Net_DP_Morph,LungInfection,True,nsgd,8.0,True,open,3,0.0001,48,2,70,6.700668811798096,248.6925218105316,1.2,,training
Inf-Net_DP_Morph,LungInfection,True,nsgd,8.0,True,open,5,0.0001,48,1,70,6.703190326690674,312.8365054130554,1.2,,training
Inf-Net_DP_Morph,LungInfection,True,nsgd,8.0,True,open,5,0.0001,48,2,70,6.698905944824219,254.5631775856018,1.2,,training
Inf-Net_DP_Morph,LungInfection,True,nsgd,8.0,True,open,7,0.0001,48,1,70,6.520571231842041,325.75655341148376,1.2,,training
Inf-Net_DP_Morph,LungInfection,True,nsgd,8.0,True,open,7,0.0001,48,2,70,6.751443862915039,320.1308341026306,1.2,,training
Inf-Net_DP_Morph,LungInfection,True,nsgd,8.0,True,open,9,0.0001,48,1,70,6.793215274810791,321.3907537460327,1.2,,training
Inf-Net_DP_Morph,LungInfection,True,nsgd,8.0,True,open,9,0.0001,48,2,70,6.5703654289245605,326.779634475708,1.2,,training
Inf-Net_DP_Morph,LungInfection,True,psac,8.0,True,both,5,0.0001,48,1,70,6.772402286529541,325.4098122119904,1.2,,training
Inf-Net_DP_Morph,LungInfection,True,psac,8.0,True,both,5,0.0001,48,2,70,6.479049682617188,315.5478422641754,1.2,,training
Inf-Net_DP_Morph,LungInfection,True,psac,8.0,True,both,7,0.0001,48,1,70,6.779726982116699,335.27016615867615,1.2,,training
Inf-Net_DP_Morph,LungInfection,True,psac,8.0,True,both,7,0.0001,48,2,70,6.679549217224121,323.6075870990753,1.2,,training
Inf-Net_DP_Morph,LungInfection,True,psac,8.0,True,both,9,0.0001,48,1,70,6.607020378112793,347.5836458206177,1.2,,training
Inf-Net_DP_Morph,LungInfection,True,psac,8.0,True,both,9,0.0001,48,2,70,6.605015754699707,345.3135271072388,1.2,,training
Inf-Net_DP_Morph,LungInfection,True,psac,8.0,True,close,3,0.0001,48,1,70,6.479803085327148,314.29330468177795,1.2,,training
Inf-Net_DP_Morph,LungInfection,True,psac,8.0,True,close,3,0.0001,48,2,70,6.6886372566223145,251.83345532417297,1.2,,training
Inf-Net_DP_Morph,LungInfection,True,psac,8.0,True,close,5,0.0001,48,1,70,6.757819175720215,320.78535079956055,1.2,,training
Inf-Net_DP_Morph,LungInfection,True,psac,8.0,True,close,5,0.0001,48,2,70,6.891665458679199,254.5255222320557,1.2,,training
Inf-Net_DP_Morph,LungInfection,True,psac,8.0,True,close,7,0.0001,48,1,70,6.766574382781982,329.49151134490967,1.2,,training
Inf-Net_DP_Morph,LungInfection,True,psac,8.0,True,close,7,0.0001,48,2,70,6.7197699546813965,323.72567200660706,1.2,,training
Inf-Net_DP_Morph,LungInfection,True,psac,8.0,True,close,9,0.0001,48,1,70,6.705231666564941,329.8058822154999,1.2,,training
Inf-Net_DP_Morph,LungInfection,True,psac,8.0,True,close,9,0.0001,48,2,70,6.856382369995117,329.53049993515015,1.2,,training
Inf-Net_DP_Morph,LungInfection,True,psac,8.0,True,open,5,0.0001,48,1,70,6.802329063415527,323.90638399124146,1.2,,training
Inf-Net_DP_Morph,LungInfection,True,psac,8.0,True,open,5,0.0001,48,2,70,6.741157531738281,263.744158744812,1.2,,training
Inf-Net_DP_Morph,LungInfection,True,psac,8.0,True,open,7,0.0001,48,1,70,6.702198028564453,325.88553047180176,1.2,,training
Inf-Net_DP_Morph,LungInfection,True,psac,8.0,True,open,7,0.0001,48,2,70,6.485213756561279,317.71534037590027,1.2,,training
Inf-Net_DP_Morph,LungInfection,True,psac,8.0,True,open,9,0.0001,48,1,70,6.571629524230957,338.4290819168091,1.2,,training
Inf-Net_DP_Morph,LungInfection,True,psac,8.0,True,open,9,0.0001,48,2,70,6.681431770324707,323.8208565711975,1.2,,training
Inf-Net_DP_Morph,LungInfection,True,automatic,8.0,True,both,3,0.0001,48,1,70,6.7637248039245605,307.8941164016724,1.5,,training
Inf-Net_DP_Morph,LungInfection,True,automatic,8.0,True,both,3,0.0001,48,2,70,6.703283309936523,241.48043417930603,1.5,,training
Inf-Net_DP_Morph,LungInfection,True,automatic,8.0,True,close,3,0.0001,48,1,70,6.773530960083008,317.3370656967163,1.5,,training
Inf-Net_DP_Morph,LungInfection,True,automatic,8.0,True,close,3,0.0001,48,2,70,6.717067718505859,240.3117618560791,1.5,,training
Inf-Net_DP_Morph,LungInfection,True,automatic,8.0,True,close,5,0.0001,48,1,70,6.827851295471191,311.55490016937256,1.5,,training
Inf-Net_DP_Morph,LungInfection,True,automatic,8.0,True,close,5,0.0001,48,2,70,6.673793792724609,242.5895779132843,1.5,,training
Inf-Net_DP_Morph,LungInfection,True,automatic,8.0,True,close,7,0.0001,48,1,70,6.811276912689209,320.39407992362976,1.5,,training
Inf-Net_DP_Morph,LungInfection,True,automatic,8.0,True,close,7,0.0001,48,2,70,6.632946014404297,249.48603868484497,1.5,,training
Inf-Net_DP_Morph,LungInfection,True,automatic,8.0,True,open,3,0.0001,48,1,70,6.467828750610352,315.44919872283936,1.5,,training
Inf-Net_DP_Morph,LungInfection,True,automatic,8.0,True,open,3,0.0001,48,2,70,6.66991662979126,245.3299510478973,1.5,,training
Inf-Net_DP_Morph,LungInfection,True,automatic,8.0,True,open,5,0.0001,48,1,70,6.648838996887207,318.50271582603455,1.5,,training
Inf-Net_DP_Morph,LungInfection,True,automatic,8.0,True,open,5,0.0001,48,2,70,6.593536376953125,251.08585143089292,1.5,,training
Inf-Net_DP_Morph,LungInfection,True,base,8.0,True,both,3,0.0001,48,1,70,6.7285661697387695,314.7571167945862,1.5,,training
Inf-Net_DP_Morph,LungInfection,True,base,8.0,True,both,3,0.0001,48,2,70,6.579894065856934,254.2366144657135,1.5,,training
Inf-Net_DP_Morph,LungInfection,True,base,8.0,True,close,3,0.0001,48,1,70,6.810666561126709,316.32306480407715,1.5,,training
Inf-Net_DP_Morph,LungInfection,True,base,8.0,True,close,3,0.0001,48,2,70,6.740108966827393,242.9195621013641,1.5,,training
Inf-Net_DP_Morph,LungInfection,True,base,8.0,True,close,5,0.0001,48,1,70,6.521460056304932,315.6857879161835,1.5,,training
Inf-Net_DP_Morph,LungInfection,True,base,8.0,True,close,5,0.0001,48,2,70,6.808105945587158,248.04956674575809,1.5,,training
Inf-Net_DP_Morph,LungInfection,True,base,8.0,True,close,7,0.0001,48,1,70,6.723001480102539,317.2824695110321,1.5,,training
Inf-Net_DP_Morph,LungInfection,True,base,8.0,True,close,7,0.0001,48,2,70,6.740251541137695,247.99433088302607,1.5,,training
Inf-Net_DP_Morph,LungInfection,True,base,8.0,True,open,3,0.0001,48,1,70,6.746871471405029,311.55125308036804,1.5,,training
Inf-Net_DP_Morph,LungInfection,True,base,8.0,True,open,3,0.0001,48,2,70,6.686376571655273,243.5016181468964,1.5,,training
Inf-Net_DP_Morph,LungInfection,True,base,8.0,True,open,5,0.0001,48,1,70,6.559466361999512,320.39384937286377,1.5,,training
Inf-Net_DP_Morph,LungInfection,True,base,8.0,True,open,5,0.0001,48,2,70,6.532816410064697,241.84012293815613,1.5,,training
Inf-Net_DP_Morph,LungInfection,True,nsgd,8.0,True,both,3,0.0001,48,1,70,6.730999946594238,317.83625769615173,1.5,,training
Inf-Net_DP_Morph,LungInfection,True,nsgd,8.0,True,both,3,0.0001,48,2,70,6.832966327667236,247.91350865364075,1.5,,training
Inf-Net_DP_Morph,LungInfection,True,nsgd,8.0,True,close,3,0.0001,48,1,70,6.622710704803467,310.66643047332764,1.5,,training
Inf-Net_DP_Morph,LungInfection,True,nsgd,8.0,True,close,3,0.0001,48,2,70,6.768641471862793,239.8760814666748,1.5,,training
Inf-Net_DP_Morph,LungInfection,True,nsgd,8.0,True,close,5,0.0001,48,1,70,6.763062477111816,313.52813482284546,1.5,,training
Inf-Net_DP_Morph,LungInfection,True,nsgd,8.0,True,close,5,0.0001,48,2,70,6.709857940673828,249.03625893592837,1.5,,training
Inf-Net_DP_Morph,LungInfection,True,nsgd,8.0,True,open,3,0.0001,48,1,70,6.863498687744141,312.3301296234131,1.5,,training
Inf-Net_DP_Morph,LungInfection,True,nsgd,8.0,True,open,3,0.0001,48,2,70,6.761062145233154,235.0143859386444,1.5,,training
Inf-Net_DP_Morph,LungInfection,True,nsgd,8.0,True,open,5,0.0001,48,1,70,6.806253433227539,318.5865821838379,1.5,,training
Inf-Net_DP_Morph,LungInfection,True,nsgd,8.0,True,open,5,0.0001,48,2,70,6.793903350830078,240.65827107429504,1.5,,training
Inf-Net_DP_Morph,LungInfection,True,psac,8.0,True,both,3,0.0001,48,1,70,6.751657485961914,319.6914980411529,1.5,,training
Inf-Net_DP_Morph,LungInfection,True,psac,8.0,True,both,3,0.0001,48,2,70,6.766396522521973,253.5201032161713,1.5,,training
Inf-Net_DP_Morph,LungInfection,True,psac,8.0,True,close,3,0.0001,48,1,70,6.748103141784668,318.8411843776703,1.5,,training
Inf-Net_DP_Morph,LungInfection,True,psac,8.0,True,close,3,0.0001,48,2,70,6.478889465332031,247.46461129188535,1.5,,training
Inf-Net_DP_Morph,LungInfection,True,psac,8.0,True,close,5,0.0001,48,1,70,6.647371292114258,319.9428970813751,1.5,,training
Inf-Net_DP_Morph,LungInfection,True,psac,8.0,True,close,5,0.0001,48,2,70,6.67716121673584,250.12986969947812,1.5,,training
Inf-Net_DP_Morph,LungInfection,True,psac,8.0,True,open,3,0.0001,48,1,70,6.582284927368164,317.941570520401,1.5,,training
Inf-Net_DP_Morph,LungInfection,True,psac,8.0,True,open,3,0.0001,48,2,70,6.544707775115967,237.14341115951535,1.5,,training
Inf-Net_DP_Morph,LungInfection,True,psac,8.0,True,open,5,0.0001,48,1,70,6.771746635437012,321.06576800346375,1.5,,training
Inf-Net_DP_Morph,LungInfection,True,psac,8.0,True,open,5,0.0001,48,2,70,6.565787315368652,243.755047082901,1.5,,training
Inf-Net_DP_Morph,LungInfection,True,automatic,8.0,True,both,3,0.0001,48,1,70,6.613569259643555,317.381067276001,2.0,,training
Inf-Net_DP_Morph,LungInfection,True,automatic,8.0,True,both,3,0.0001,48,2,70,6.621000289916992,250.7145960330963,2.0,,training
Inf-Net_DP_Morph,LungInfection,True,automatic,8.0,True,close,3,0.0001,48,1,70,6.525242328643799,307.0538158416748,2.0,,training
Inf-Net_DP_Morph,LungInfection,True,automatic,8.0,True,close,3,0.0001,48,2,70,6.751961708068848,239.48282718658447,2.0,,training
Inf-Net_DP_Morph,LungInfection,True,automatic,8.0,True,close,5,0.0001,48,1,70,6.619563102722168,320.44055247306824,2.0,,training
Inf-Net_DP_Morph,LungInfection,True,automatic,8.0,True,close,5,0.0001,48,2,70,6.671102523803711,245.04904079437256,2.0,,training
Inf-Net_DP_Morph,LungInfection,True,automatic,8.0,True,open,3,0.0001,48,1,70,6.776610374450684,309.735808134079,2.0,,training
Inf-Net_DP_Morph,LungInfection,True,automatic,8.0,True,open,3,0.0001,48,2,70,6.7869133949279785,247.6707320213318,2.0,,training
Inf-Net_DP_Morph,LungInfection,True,automatic,8.0,True,open,5,0.0001,48,1,70,6.644867420196533,313.87286138534546,2.0,,training
Inf-Net_DP_Morph,LungInfection,True,automatic,8.0,True,open,5,0.0001,48,2,70,6.630640506744385,249.952241897583,2.0,,training
Inf-Net_DP_Morph,LungInfection,True,base,8.0,True,both,3,0.0001,48,1,70,6.618911743164063,317.6152722835541,2.0,,training
Inf-Net_DP_Morph,LungInfection,True,base,8.0,True,both,3,0.0001,48,2,70,6.910910129547119,247.04421710968015,2.0,,training
Inf-Net_DP_Morph,LungInfection,True,base,8.0,True,close,3,0.0001,48,1,70,6.6210479736328125,307.2696866989136,2.0,,training
Inf-Net_DP_Morph,LungInfection,True,base,8.0,True,close,3,0.0001,48,2,70,6.647674083709717,243.94952726364136,2.0,,training
Inf-Net_DP_Morph,LungInfection,True,base,8.0,True,open,3,0.0001,48,1,70,6.644584655761719,310.3619062900543,2.0,,training
Inf-Net_DP_Morph,LungInfection,True,base,8.0,True,open,3,0.0001,48,2,70,6.553966522216797,245.96944069862369,2.0,,training
Inf-Net_DP_Morph,LungInfection,True,base,8.0,True,open,5,0.0001,48,1,70,6.743044376373291,316.1330318450928,2.0,,training
Inf-Net_DP_Morph,LungInfection,True,base,8.0,True,open,5,0.0001,48,2,70,6.689866065979004,244.38574934005737,2.0,,training
Inf-Net_DP_Morph,LungInfection,True,nsgd,8.0,True,close,3,0.0001,48,1,70,6.853501319885254,318.0745804309845,2.0,,training
Inf-Net_DP_Morph,LungInfection,True,nsgd,8.0,True,close,3,0.0001,48,2,70,6.722827434539795,252.93979382514956,2.0,,training
Inf-Net_DP_Morph,LungInfection,True,nsgd,8.0,True,close,5,0.0001,48,1,70,6.891873359680176,321.5021162033081,2.0,,training
Inf-Net_DP_Morph,LungInfection,True,nsgd,8.0,True,close,5,0.0001,48,2,70,6.855682373046875,247.48623538017276,2.0,,training
Inf-Net_DP_Morph,LungInfection,True,nsgd,8.0,True,close,7,0.0001,48,1,70,7.02425479888916,323.316778421402,2.0,,training
Inf-Net_DP_Morph,LungInfection,True,nsgd,8.0,True,close,7,0.0001,48,2,70,7.080902099609375,248.48708820343015,2.0,,training
Inf-Net_DP_Morph,LungInfection,True,nsgd,8.0,True,open,3,0.0001,48,1,70,6.826658248901367,312.2512209415436,2.0,,training
Inf-Net_DP_Morph,LungInfection,True,nsgd,8.0,True,open,3,0.0001,48,2,70,6.765731334686279,244.4110405445099,2.0,,training
Inf-Net_DP_Morph,LungInfection,True,nsgd,8.0,True,open,5,0.0001,48,1,70,6.8779296875,313.4599630832672,2.0,,training
Inf-Net_DP_Morph,LungInfection,True,nsgd,8.0,True,open,5,0.0001,48,2,70,6.824110984802246,251.4013180732727,2.0,,training
Inf-Net_DP_Morph,LungInfection,True,psac,8.0,True,both,3,0.0001,48,1,70,6.691174507141113,323.1439244747162,2.0,,training
Inf-Net_DP_Morph,LungInfection,True,psac,8.0,True,both,3,0.0001,48,2,70,6.755348205566406,248.30568647384644,2.0,,training
Inf-Net_DP_Morph,LungInfection,True,psac,8.0,True,close,3,0.0001,48,1,70,6.721180438995361,324.78814005851746,2.0,,training
Inf-Net_DP_Morph,LungInfection,True,psac,8.0,True,close,3,0.0001,48,2,70,6.636519432067871,246.65492010116577,2.0,,training
Inf-Net_DP_Morph,LungInfection,True,psac,8.0,True,close,5,0.0001,48,1,70,6.535439014434815,318.6031575202942,2.0,,training
Inf-Net_DP_Morph,LungInfection,True,psac,8.0,True,close,5,0.0001,48,2,70,6.799936771392822,248.39128184318545,2.0,,training
Inf-Net_DP_Morph,LungInfection,True,psac,8.0,True,open,3,0.0001,48,1,70,6.567592620849609,319.5592317581177,2.0,,training
Inf-Net_DP_Morph,LungInfection,True,psac,8.0,True,open,3,0.0001,48,2,70,6.643409252166748,243.08458733558652,2.0,,training
Inf-Net_DP_Morph,LungInfection,True,psac,8.0,True,open,5,0.0001,48,1,70,6.566367149353027,325.5498192310333,2.0,,training
Inf-Net_DP_Morph,LungInfection,True,psac,8.0,True,open,5,0.0001,48,2,70,6.690178871154785,248.9281120300293,2.0,,training
Inf-Net_DP_Morph,LungInfection,True,automatic,200.0,True,both,3,0.0001,48,1,70,5.379905700683594,451.1367039680481,1.2,,training
Inf-Net_DP_Morph,LungInfection,True,automatic,200.0,True,both,3,0.0001,48,2,70,5.615550518035889,375.0846519470215,1.2,,training
Inf-Net_DP_Morph,LungInfection,True,automatic,200.0,True,both,5,0.0001,48,1,70,5.609375953674316,436.6177237033844,1.2,,training
Inf-Net_DP_Morph,LungInfection,True,automatic,200.0,True,both,5,0.0001,48,2,70,5.488154411315918,428.2533748149872,1.2,,training
Inf-Net_DP_Morph,LungInfection,True,automatic,200.0,True,both,7,0.0001,48,1,70,5.520992755889893,464.31120705604553,1.2,,training
Inf-Net_DP_Morph,LungInfection,True,automatic,200.0,True,both,7,0.0001,48,2,70,5.372910022735596,484.7263314723969,1.2,,training
Inf-Net_DP_Morph,LungInfection,True,automatic,200.0,True,both,9,0.0001,48,1,70,5.384657859802246,475.6672055721283,1.2,,training
Inf-Net_DP_Morph,LungInfection,True,automatic,200.0,True,both,9,0.0001,48,2,70,5.532537460327148,468.54267501831055,1.2,,training
Inf-Net_DP_Morph,LungInfection,True,automatic,200.0,True,close,3,0.0001,48,1,70,5.46150541305542,440.1776919364929,1.2,,training
Inf-Net_DP_Morph,LungInfection,True,automatic,200.0,True,close,3,0.0001,48,2,70,5.398938179016113,370.193305015564,1.2,,training
Inf-Net_DP_Morph,LungInfection,True,automatic,200.0,True,close,5,0.0001,48,1,70,5.505856990814209,451.713787317276,1.2,,training
Inf-Net_DP_Morph,LungInfection,True,automatic,200.0,True,close,5,0.0001,48,2,70,5.575387954711914,378.2387647628784,1.2,,training
Inf-Net_DP_Morph,LungInfection,True,automatic,200.0,True,close,7,0.0001,48,1,70,5.488242149353027,445.9239284992218,1.2,,training
Inf-Net_DP_Morph,LungInfection,True,automatic,200.0,True,close,7,0.0001,48,2,70,5.547019004821777,454.2701573371887,1.2,,training
Inf-Net_DP_Morph,LungInfection,True,automatic,200.0,True,close,9,0.0001,48,1,70,5.475279808044434,444.9847428798676,1.2,,training
Inf-Net_DP_Morph,LungInfection,True,automatic,200.0,True,close,9,0.0001,48,2,70,5.380222320556641,455.818683385849,1.2,,training
Inf-Net_DP_Morph,LungInfection,True,automatic,200.0,True,open,3,0.0001,48,1,70,5.5381951332092285,445.5611634254456,1.2,,training
Inf-Net_DP_Morph,LungInfection,True,automatic,200.0,True,open,3,0.0001,48,2,70,5.588418960571289,418.8035094738007,1.2,,training
Inf-Net_DP_Morph,LungInfection,True,automatic,200.0,True,open,5,0.0001,48,1,70,5.525551795959473,450.4363555908203,1.2,,training
Inf-Net_DP_Morph,LungInfection,True,automatic,200.0,True,open,5,0.0001,48,2,70,5.518221855163574,419.3034944534302,1.2,,training
Inf-Net_DP_Morph,LungInfection,True,automatic,200.0,True,open,7,0.0001,48,1,70,5.523385047912598,451.5853681564331,1.2,,training
Inf-Net_DP_Morph,LungInfection,True,automatic,200.0,True,open,7,0.0001,48,2,70,5.648228168487549,471.8068220615387,1.2,,training
Inf-Net_DP_Morph,LungInfection,True,automatic,200.0,True,open,9,0.0001,48,1,70,5.3456878662109375,458.8543906211853,1.2,,training
Inf-Net_DP_Morph,LungInfection,True,automatic,200.0,True,open,9,0.0001,48,2,70,5.308134078979492,432.6235888004303,1.2,,training
Inf-Net_DP_Morph,LungInfection,True,base,200.0,True,both,3,0.0001,48,1,70,5.368319511413574,434.2539508342743,1.2,,training
Inf-Net_DP_Morph,LungInfection,True,base,200.0,True,both,3,0.0001,48,2,70,5.378813743591309,365.87435603141785,1.2,,training
Inf-Net_DP_Morph,LungInfection,True,base,200.0,True,both,5,0.0001,48,1,70,5.407096862792969,433.82777166366577,1.2,,training
Inf-Net_DP_Morph,LungInfection,True,base,200.0,True,both,5,0.0001,48,2,70,5.3526997566223145,469.0711905956268,1.2,,training
Inf-Net_DP_Morph,LungInfection,True,base,200.0,True,both,7,0.0001,48,1,70,5.489376068115234,463.25999426841736,1.2,,training
Inf-Net_DP_Morph,LungInfection,True,base,200.0,True,both,7,0.0001,48,2,70,5.477174282073975,459.5577175617218,1.2,,training
Inf-Net_DP_Morph,LungInfection,True,base,200.0,True,both,9,0.0001,48,1,70,5.435958385467529,482.48858284950256,1.2,,training
Inf-Net_DP_Morph,LungInfection,True,base,200.0,True,both,9,0.0001,48,2,70,5.269631385803223,498.94297313690186,1.2,,training
Inf-Net_DP_Morph,LungInfection,True,base,200.0,True,close,3,0.0001,48,1,70,5.556668758392334,451.03592109680176,1.2,,training
Inf-Net_DP_Morph,LungInfection,True,base,200.0,True,close,3,0.0001,48,2,70,5.601271629333496,368.6645851135254,1.2,,training
Inf-Net_DP_Morph,LungInfection,True,base,200.0,True,close,5,0.0001,48,1,70,5.448297500610352,452.8893175125122,1.2,,training
Inf-Net_DP_Morph,LungInfection,True,base,200.0,True,close,5,0.0001,48,2,70,5.414258003234863,416.8954679965973,1.2,,training
Inf-Net_DP_Morph,LungInfection,True,base,200.0,True,close,7,0.0001,48,1,70,5.58909797668457,445.31025314331055,1.2,,training
Inf-Net_DP_Morph,LungInfection,True,base,200.0,True,close,7,0.0001,48,2,70,5.59716796875,449.7858438491821,1.2,,training
Inf-Net_DP_Morph,LungInfection,True,base,200.0,True,close,9,0.0001,48,1,70,5.532642364501953,451.1917586326599,1.2,,training
Inf-Net_DP_Morph,LungInfection,True,base,200.0,True,close,9,0.0001,48,2,70,5.556035041809082,480.5401701927185,1.2,,training
Inf-Net_DP_Morph,LungInfection,True,base,200.0,True,open,3,0.0001,48,1,70,5.492446899414063,444.5415961742401,1.2,,training
Inf-Net_DP_Morph,LungInfection,True,base,200.0,True,open,3,0.0001,48,2,70,5.521717071533203,366.4188981056213,1.2,,training
Inf-Net_DP_Morph,LungInfection,True,base,200.0,True,open,5,0.0001,48,1,70,5.407199859619141,435.2906959056854,1.2,,training
Inf-Net_DP_Morph,LungInfection,True,base,200.0,True,open,5,0.0001,48,2,70,5.662239074707031,408.8060235977173,1.2,,training
Inf-Net_DP_Morph,LungInfection,True,base,200.0,True,open,9,0.0001,48,1,70,5.576405048370361,461.1877520084381,1.2,,training
Inf-Net_DP_Morph,LungInfection,True,base,200.0,True,open,9,0.0001,48,2,70,5.464230537414551,454.5011947154999,1.2,,training
Inf-Net_DP_Morph,LungInfection,True,nsgd,200.0,True,both,3,0.0001,48,1,70,5.723390102386475,450.35288667678833,1.2,,training
Inf-Net_DP_Morph,LungInfection,True,nsgd,200.0,True,both,3,0.0001,48,2,70,5.664670944213867,403.2681739330292,1.2,,training
Inf-Net_DP_Morph,LungInfection,True,nsgd,200.0,True,both,5,0.0001,48,1,70,5.658563613891602,458.9264748096466,1.2,,training
Inf-Net_DP_Morph,LungInfection,True,nsgd,200.0,True,both,5,0.0001,48,2,70,5.850592613220215,470.5220699310303,1.2,,training
Inf-Net_DP_Morph,LungInfection,True,nsgd,200.0,True,both,7,0.0001,48,1,70,5.593667030334473,454.0073938369751,1.2,,training
Inf-Net_DP_Morph,LungInfection,True,nsgd,200.0,True,both,7,0.0001,48,2,70,5.569201469421387,453.9305691719055,1.2,,training
Inf-Net_DP_Morph,LungInfection,True,nsgd,200.0,True,both,9,0.0001,48,1,70,5.959102630615234,467.7772889137268,1.2,,training
Inf-Net_DP_Morph,LungInfection,True,nsgd,200.0,True,both,9,0.0001,48,2,70,5.561049938201904,491.3361077308655,1.2,,training
Inf-Net_DP_Morph,LungInfection,True,nsgd,200.0,True,close,3,0.0001,48,1,70,5.612123489379883,461.2147550582886,1.2,,training
Inf-Net_DP_Morph,LungInfection,True,nsgd,200.0,True,close,3,0.0001,48,2,70,5.659395217895508,372.68985652923584,1.2,,training
Inf-Net_DP_Morph,LungInfection,True,nsgd,200.0,True,close,5,0.0001,48,1,70,5.711812496185303,440.9331088066101,1.2,,training
Inf-Net_DP_Morph,LungInfection,True,nsgd,200.0,True,close,5,0.0001,48,2,70,5.617748737335205,379.4602651596069,1.2,,training
Inf-Net_DP_Morph,LungInfection,True,nsgd,200.0,True,close,9,0.0001,48,1,70,5.548673629760742,461.08129930496216,1.2,,training
Inf-Net_DP_Morph,LungInfection,True,nsgd,200.0,True,close,9,0.0001,48,2,70,5.6139817237854,464.53865694999695,1.2,,training
Inf-Net_DP_Morph,LungInfection,True,nsgd,200.0,True,open,3,0.0001,48,1,70,5.829604625701904,428.7441790103912,1.2,,training
Inf-Net_DP_Morph,LungInfection,True,nsgd,200.0,True,open,3,0.0001,48,2,70,5.767319679260254,400.63787484169006,1.2,,training
Inf-Net_DP_Morph,LungInfection,True,nsgd,200.0,True,open,5,0.0001,48,1,70,5.668996334075928,449.992842912674,1.2,,training
Inf-Net_DP_Morph,LungInfection,True,nsgd,200.0,True,open,5,0.0001,48,2,70,5.569393157958984,360.16706585884094,1.2,,training
Inf-Net_DP_Morph,LungInfection,True,nsgd,200.0,True,open,7,0.0001,48,1,70,5.744306564331055,453.6482691764832,1.2,,training
Inf-Net_DP_Morph,LungInfection,True,nsgd,200.0,True,open,7,0.0001,48,2,70,5.60743522644043,362.01584649086,1.2,,training
Inf-Net_DP_Morph,LungInfection,True,nsgd,200.0,True,open,9,0.0001,48,1,70,5.657315254211426,461.68886709213257,1.2,,training
Inf-Net_DP_Morph,LungInfection,True,nsgd,200.0,True,open,9,0.0001,48,2,70,5.661220550537109,470.5251281261444,1.2,,training
Inf-Net_DP_Morph,LungInfection,True,psac,200.0,True,both,3,0.0001,48,1,70,5.578243732452393,440.3260545730591,1.2,,training
Inf-Net_DP_Morph,LungInfection,True,psac,200.0,True,both,3,0.0001,48,2,70,5.56779670715332,370.4262800216675,1.2,,training
Inf-Net_DP_Morph,LungInfection,True,psac,200.0,True,both,7,0.0001,48,1,70,5.609685897827148,458.56613850593567,1.2,,training
Inf-Net_DP_Morph,LungInfection,True,psac,200.0,True,both,7,0.0001,48,2,70,5.358248233795166,508.0980854034424,1.2,,training
Inf-Net_DP_Morph,LungInfection,True,psac,200.0,True,both,9,0.0001,48,1,70,5.501737117767334,480.0138342380524,1.2,,training
Inf-Net_DP_Morph,LungInfection,True,psac,200.0,True,both,9,0.0001,48,2,70,5.4586944580078125,468.3765897750855,1.2,,training
Inf-Net_DP_Morph,LungInfection,True,psac,200.0,True,close,3,0.0001,48,1,70,5.402982711791992,449.1957485675812,1.2,,training
Inf-Net_DP_Morph,LungInfection,True,psac,200.0,True,close,3,0.0001,48,2,70,5.414234161376953,351.302937746048,1.2,,training
Inf-Net_DP_Morph,LungInfection,True,psac,200.0,True,close,5,0.0001,48,1,70,5.457938194274902,449.74327063560486,1.2,,training
Inf-Net_DP_Morph,LungInfection,True,psac,200.0,True,close,5,0.0001,48,2,70,5.55344295501709,359.7165744304657,1.2,,training
Inf-Net_DP_Morph,LungInfection,True,psac,200.0,True,close,7,0.0001,48,1,70,5.5904412269592285,461.297131061554,1.2,,training
Inf-Net_DP_Morph,LungInfection,True,psac,200.0,True,close,7,0.0001,48,2,70,5.449946403503418,385.8189663887024,1.2,,training
Inf-Net_DP_Morph,LungInfection,True,psac,200.0,True,close,9,0.0001,48,1,70,5.400758743286133,461.70949363708496,1.2,,training
Inf-Net_DP_Morph,LungInfection,True,psac,200.0,True,close,9,0.0001,48,2,70,5.554989337921143,498.9494454860687,1.2,,training
Inf-Net_DP_Morph,LungInfection,True,psac,200.0,True,open,3,0.0001,48,1,70,5.429455757141113,448.6574182510376,1.2,,training
Inf-Net_DP_Morph,LungInfection,True,psac,200.0,True,open,3,0.0001,48,2,70,5.549962520599365,396.18544578552246,1.2,,training
Inf-Net_DP_Morph,LungInfection,True,psac,200.0,True,open,5,0.0001,48,1,70,5.437379837036133,451.3471024036408,1.2,,training
Inf-Net_DP_Morph,LungInfection,True,psac,200.0,True,open,5,0.0001,48,2,70,5.443686008453369,406.0229017734528,1.2,,training
Inf-Net_DP_Morph,LungInfection,True,psac,200.0,True,open,7,0.0001,48,1,70,5.408257961273193,455.0429856777191,1.2,,training
Inf-Net_DP_Morph,LungInfection,True,psac,200.0,True,open,7,0.0001,48,2,70,5.634317398071289,466.5603785514832,1.2,,training
Inf-Net_DP_Morph,LungInfection,True,psac,200.0,True,open,9,0.0001,48,1,70,5.562008857727051,460.57911944389343,1.2,,training
Inf-Net_DP_Morph,LungInfection,True,psac,200.0,True,open,9,0.0001,48,2,70,5.582332611083984,476.2676377296448,1.2,,training
Inf-Net_DP_Morph,LungInfection,True,automatic,200.0,True,both,3,0.0001,48,1,70,5.4128499031066895,433.84241104125977,1.5,,training
Inf-Net_DP_Morph,LungInfection,True,automatic,200.0,True,both,3,0.0001,48,2,70,5.52220344543457,419.8514175415039,1.5,,training
Inf-Net_DP_Morph,LungInfection,True,automatic,200.0,True,close,3,0.0001,48,1,70,5.380586624145508,448.046804189682,1.5,,training
Inf-Net_DP_Morph,LungInfection,True,automatic,200.0,True,close,3,0.0001,48,2,70,5.570208549499512,414.7080466747284,1.5,,training
Inf-Net_DP_Morph,LungInfection,True,automatic,200.0,True,close,5,0.0001,48,1,70,5.435051441192627,453.9838840961456,1.5,,training
Inf-Net_DP_Morph,LungInfection,True,automatic,200.0,True,close,5,0.0001,48,2,70,5.547616481781006,415.6829741001129,1.5,,training
Inf-Net_DP_Morph,LungInfection,True,automatic,200.0,True,open,3,0.0001,48,1,70,5.579160690307617,444.8422875404358,1.5,,training
Inf-Net_DP_Morph,LungInfection,True,automatic,200.0,True,open,3,0.0001,48,2,70,5.528007984161377,419.820461511612,1.5,,training
Inf-Net_DP_Morph,LungInfection,True,automatic,200.0,True,open,5,0.0001,48,1,70,5.569476127624512,451.1570928096771,1.5,,training
Inf-Net_DP_Morph,LungInfection,True,automatic,200.0,True,open,5,0.0001,48,2,70,5.305559158325195,361.80330634117126,1.5,,training
Inf-Net_DP_Morph,LungInfection,True,base,200.0,True,both,3,0.0001,48,1,70,5.43617057800293,443.15827107429504,1.5,,training
Inf-Net_DP_Morph,LungInfection,True,base,200.0,True,both,3,0.0001,48,2,70,5.49365234375,415.5828459262848,1.5,,training
Inf-Net_DP_Morph,LungInfection,True,base,200.0,True,close,3,0.0001,48,1,70,5.531461238861084,427.00408244133,1.5,,training
Inf-Net_DP_Morph,LungInfection,True,base,200.0,True,close,3,0.0001,48,2,70,5.482752323150635,366.8547313213349,1.5,,training
Inf-Net_DP_Morph,LungInfection,True,base,200.0,True,close,5,0.0001,48,1,70,5.429862022399902,448.787944316864,1.5,,training
Inf-Net_DP_Morph,LungInfection,True,base,200.0,True,close,5,0.0001,48,2,70,5.557808876037598,421.0163266658783,1.5,,training
Inf-Net_DP_Morph,LungInfection,True,base,200.0,True,open,3,0.0001,48,1,70,5.490336418151856,435.8944189548493,1.5,,training
Inf-Net_DP_Morph,LungInfection,True,base,200.0,True,open,3,0.0001,48,2,70,5.475193977355957,424.2003252506256,1.5,,training
Inf-Net_DP_Morph,LungInfection,True,base,200.0,True,open,5,0.0001,48,1,70,5.399274826049805,451.9389111995697,1.5,,training
Inf-Net_DP_Morph,LungInfection,True,base,200.0,True,open,5,0.0001,48,2,70,5.628320693969727,425.8018307685852,1.5,,training
Inf-Net_DP_Morph,LungInfection,True,nsgd,200.0,True,both,3,0.0001,48,1,70,5.998258590698242,429.74565863609314,1.5,,training
Inf-Net_DP_Morph,LungInfection,True,nsgd,200.0,True,both,3,0.0001,48,2,70,5.700408935546875,415.4275381565094,1.5,,training
Inf-Net_DP_Morph,LungInfection,True,nsgd,200.0,True,close,3,0.0001,48,1,70,5.809571266174316,447.0458807945252,1.5,,training
Inf-Net_DP_Morph,LungInfection,True,nsgd,200.0,True,close,3,0.0001,48,2,70,5.821303844451904,414.444034576416,1.5,,training
Inf-Net_DP_Morph,LungInfection,True,nsgd,200.0,True,close,7,0.0001,48,1,70,5.905579566955566,439.5113198757172,1.5,,training
Inf-Net_DP_Morph,LungInfection,True,nsgd,200.0,True,close,7,0.0001,48,2,70,5.6525559425354,417.403708934784,1.5,,training
Inf-Net_DP_Morph,LungInfection,True,nsgd,200.0,True,open,3,0.0001,48,1,70,5.706926345825195,444.1815404891968,1.5,,training
Inf-Net_DP_Morph,LungInfection,True,nsgd,200.0,True,open,3,0.0001,48,2,70,5.731413841247559,410.7024235725403,1.5,,training
Inf-Net_DP_Morph,LungInfection,True,nsgd,200.0,True,open,5,0.0001,48,1,70,5.868744373321533,449.5446858406067,1.5,,training
Inf-Net_DP_Morph,LungInfection,True,nsgd,200.0,True,open,5,0.0001,48,2,70,5.720476150512695,381.3768866062164,1.5,,training
Inf-Net_DP_Morph,LungInfection,True,psac,200.0,True,both,3,0.0001,48,1,70,5.509066581726074,452.2907404899597,1.5,,training
Inf-Net_DP_Morph,LungInfection,True,psac,200.0,True,both,3,0.0001,48,2,70,5.554542064666748,415.6855363845825,1.5,,training
Inf-Net_DP_Morph,LungInfection,True,psac,200.0,True,close,3,0.0001,48,1,70,5.410655498504639,439.54009985923767,1.5,,training
Inf-Net_DP_Morph,LungInfection,True,psac,200.0,True,close,3,0.0001,48,2,70,5.546802520751953,380.23312067985535,1.5,,training
Inf-Net_DP_Morph,LungInfection,True,psac,200.0,True,close,5,0.0001,48,1,70,5.4712677001953125,439.221287727356,1.5,,training
Inf-Net_DP_Morph,LungInfection,True,psac,200.0,True,close,5,0.0001,48,2,70,5.442045211791992,387.5072958469391,1.5,,training
Inf-Net_DP_Morph,LungInfection,True,automatic,200.0,True,close,3,0.0001,48,1,70,5.460790157318115,443.3588631153106,2.0,,training
Inf-Net_DP_Morph,LungInfection,True,automatic,200.0,True,close,3,0.0001,48,2,70,5.542080402374268,368.4346239566803,2.0,,training
Inf-Net_DP_Morph,LungInfection,True,automatic,200.0,True,close,5,0.0001,48,1,70,5.3906660079956055,443.91722893714905,2.0,,training
Inf-Net_DP_Morph,LungInfection,True,automatic,200.0,True,close,5,0.0001,48,2,70,5.514741897583008,370.79168343544006,2.0,,training
Inf-Net_DP_Morph,LungInfection,True,automatic,200.0,True,open,3,0.0001,48,1,70,5.489383220672607,446.2407670021057,2.0,,training
Inf-Net_DP_Morph,LungInfection,True,automatic,200.0,True,open,3,0.0001,48,2,70,5.520817756652832,359.3976221084595,2.0,,training
Inf-Net_DP_Morph,LungInfection,True,automatic,200.0,True,open,5,0.0001,48,1,70,5.438440799713135,445.3511357307434,2.0,,training
Inf-Net_DP_Morph,LungInfection,True,automatic,200.0,True,open,5,0.0001,48,2,70,5.539015293121338,405.8536326885224,2.0,,training
Inf-Net_DP_Morph,LungInfection,True,base,200.0,True,both,3,0.0001,48,1,70,5.525467872619629,451.5450792312622,2.0,,training
Inf-Net_DP_Morph,LungInfection,True,base,200.0,True,both,3,0.0001,48,2,70,5.551715850830078,377.6021957397461,2.0,,training
Inf-Net_DP_Morph,LungInfection,True,base,200.0,True,close,3,0.0001,48,1,70,5.550371170043945,438.0886855125427,2.0,,training
Inf-Net_DP_Morph,LungInfection,True,base,200.0,True,close,3,0.0001,48,2,70,5.4632720947265625,366.5534517765045,2.0,,training
Inf-Net_DP_Morph,LungInfection,True,base,200.0,True,close,5,0.0001,48,1,70,5.544490337371826,444.8573217391968,2.0,,training
Inf-Net_DP_Morph,LungInfection,True,base,200.0,True,close,5,0.0001,48,2,70,5.466026306152344,376.58168840408325,2.0,,training
Inf-Net_DP_Morph,LungInfection,True,base,200.0,True,open,3,0.0001,48,1,70,5.407445430755615,443.6437785625458,2.0,,training
Inf-Net_DP_Morph,LungInfection,True,base,200.0,True,open,3,0.0001,48,2,70,5.459257125854492,410.398729801178,2.0,,training
Inf-Net_DP_Morph,LungInfection,True,base,200.0,True,open,5,0.0001,48,1,70,5.367655277252197,446.6939857006073,2.0,,training
Inf-Net_DP_Morph,LungInfection,True,base,200.0,True,open,5,0.0001,48,2,70,5.350700855255127,423.8675065040589,2.0,,training
Inf-Net_DP_Morph,LungInfection,True,base,200.0,True,open,7,0.0001,48,1,70,5.61886739730835,442.2574560642242,2.0,,training
Inf-Net_DP_Morph,LungInfection,True,base,200.0,True,open,7,0.0001,48,2,70,5.5146965980529785,382.4645872116089,2.0,,training
Inf-Net_DP_Morph,LungInfection,True,nsgd,200.0,True,both,3,0.0001,48,1,70,5.990808486938477,445.959668636322,2.0,,training
Inf-Net_DP_Morph,LungInfection,True,nsgd,200.0,True,both,3,0.0001,48,2,70,5.907202243804932,385.6263380050659,2.0,,training
Inf-Net_DP_Morph,LungInfection,True,nsgd,200.0,True,close,3,0.0001,48,1,70,5.956455707550049,440.66040086746216,2.0,,training
Inf-Net_DP_Morph,LungInfection,True,nsgd,200.0,True,close,3,0.0001,48,2,70,6.160035133361816,383.99799704551697,2.0,,training
Inf-Net_DP_Morph,LungInfection,True,nsgd,200.0,True,close,5,0.0001,48,1,70,6.16143274307251,451.414053440094,2.0,,training
Inf-Net_DP_Morph,LungInfection,True,nsgd,200.0,True,close,5,0.0001,48,2,70,6.054305553436279,384.9499642848969,2.0,,training
Inf-Net_DP_Morph,LungInfection,True,nsgd,200.0,True,open,5,0.0001,48,1,70,5.982612609863281,442.6794581413269,2.0,,training
Inf-Net_DP_Morph,LungInfection,True,nsgd,200.0,True,open,5,0.0001,48,2,70,6.2146711349487305,412.3007674217224,2.0,,training
Inf-Net_DP_Morph,LungInfection,True,nsgd,200.0,True,open,7,0.0001,48,1,70,6.030520439147949,455.44306898117065,2.0,,training
Inf-Net_DP_Morph,LungInfection,True,nsgd,200.0,True,open,7,0.0001,48,2,70,6.006361484527588,417.75026965141296,2.0,,training
Inf-Net_DP_Morph,LungInfection,True,psac,200.0,True,both,5,0.0001,48,1,70,5.502581596374512,462.8736424446106,2.0,,training
Inf-Net_DP_Morph,LungInfection,True,psac,200.0,True,both,5,0.0001,48,2,70,5.51594877243042,392.02857398986816,2.0,,training
Inf-Net_DP_Morph,LungInfection,True,psac,200.0,True,close,3,0.0001,48,1,70,5.557567596435547,430.82825994491577,2.0,,training
Inf-Net_DP_Morph,LungInfection,True,psac,200.0,True,close,3,0.0001,48,2,70,5.453099250793457,351.95824575424194,2.0,,training
Inf-Net_DP_Morph,LungInfection,True,psac,200.0,True,close,5,0.0001,48,1,70,5.527487754821777,451.6982924938202,2.0,,training
Inf-Net_DP_Morph,LungInfection,True,psac,200.0,True,close,5,0.0001,48,2,70,5.453775882720947,419.02540850639343,2.0,,training
Inf-Net_DP_Morph,LungInfection,True,psac,200.0,True,open,3,0.0001,48,1,70,5.450691223144531,443.5430328845978,2.0,,training
Inf-Net_DP_Morph,LungInfection,True,psac,200.0,True,open,3,0.0001,48,2,70,5.4855732917785645,414.51122665405273,2.0,,training
Inf-Net_DP_Morph,LungInfection,True,psac,200.0,True,open,5,0.0001,48,1,70,5.488707542419434,456.3590030670166,2.0,,training
Inf-Net_DP_Morph,LungInfection,True,psac,200.0,True,open,5,0.0001,48,2,70,5.638938903808594,418.4102423191071,2.0,,training
Inf-Net_GroupNorm,LungInfection,False,none,0.0,False,none,0,0.0001,24,1,70,2.929389476776123,117.56148624420166,,,training
Inf-Net_GroupNorm,LungInfection,False,none,0.0,False,none,0,0.0001,24,2,70,3.272367238998413,111.53280425071716,,,training
Inf-Net_GroupNorm,LungInfection,False,none,0.0,False,none,0,0.0001,48,1,70,3.670813798904419,126.0986979007721,,,training
Inf-Net_GroupNorm,LungInfection,False,none,0.0,False,none,0,0.0001,48,2,70,3.588858366012573,119.32766723632812,,,training
Inf-Net_Morph_GroupNorm,LungInfection,False,none,0.0,True,both,3,0.0001,24,1,70,3.0339102745056152,127.64487218856812,,,training
Inf-Net_Morph_GroupNorm,LungInfection,False,none,0.0,True,both,3,0.0001,24,2,70,3.0356948375701904,132.8332703113556,,,training
Inf-Net_Morph_GroupNorm,LungInfection,False,none,0.0,True,both,5,0.0001,24,1,70,3.185346364974976,135.72098803520203,,,training
Inf-Net_Morph_GroupNorm,LungInfection,False,none,0.0,True,both,5,0.0001,24,2,70,3.0356192588806152,143.1369607448578,,,training
Inf-Net_Morph_GroupNorm,LungInfection,False,none,0.0,True,both,7,0.0001,24,1,70,3.083350658416748,145.6728653907776,,,training
Inf-Net_Morph_GroupNorm,LungInfection,False,none,0.0,True,both,7,0.0001,24,2,70,2.941377878189087,148.52310419082642,,,training
Inf-Net_Morph_GroupNorm,LungInfection,False,none,0.0,True,both,9,0.0001,24,1,70,3.148552894592285,160.06957173347473,,,training
Inf-Net_Morph_GroupNorm,LungInfection,False,none,0.0,True,both,9,0.0001,24,2,70,3.0715365409851074,167.76882123947144,,,training
Inf-Net_Morph_GroupNorm,LungInfection,False,none,0.0,True,close,3,0.0001,24,1,70,3.284095525741577,124.17814946174622,,,training
Inf-Net_Morph_GroupNorm,LungInfection,False,none,0.0,True,close,3,0.0001,24,2,70,2.965162754058838,116.8713321685791,,,training
Inf-Net_Morph_GroupNorm,LungInfection,False,none,0.0,True,close,5,0.0001,24,1,70,3.192822933197021,125.94834208488464,,,training
Inf-Net_Morph_GroupNorm,LungInfection,False,none,0.0,True,close,5,0.0001,24,2,70,3.1066250801086426,125.84031772613524,,,training
Inf-Net_Morph_GroupNorm,LungInfection,False,none,0.0,True,close,7,0.0001,24,1,70,3.1843457221984863,134.1041340827942,,,training
Inf-Net_Morph_GroupNorm,LungInfection,False,none,0.0,True,close,7,0.0001,24,2,70,3.05230975151062,132.6987602710724,,,training
Inf-Net_Morph_GroupNorm,LungInfection,False,none,0.0,True,close,9,0.0001,24,1,70,3.090941429138184,135.71676921844482,,,training
Inf-Net_Morph_GroupNorm,LungInfection,False,none,0.0,True,close,9,0.0001,24,2,70,3.10852575302124,138.9600145816803,,,training
Inf-Net_Morph_GroupNorm,LungInfection,False,none,0.0,True,open,3,0.0001,24,1,70,3.130030393600464,124.58212304115295,,,training
Inf-Net_Morph_GroupNorm,LungInfection,False,none,0.0,True,open,3,0.0001,24,2,70,3.1819443702697754,125.52925539016724,,,training
Inf-Net_Morph_GroupNorm,LungInfection,False,none,0.0,True,open,5,0.0001,24,1,70,3.2473976612091064,126.23156523704527,,,training
Inf-Net_Morph_GroupNorm,LungInfection,False,none,0.0,True,open,5,0.0001,24,2,70,2.9579503536224365,126.56960368156432,,,training
Inf-Net_Morph_GroupNorm,LungInfection,False,none,0.0,True,open,7,0.0001,24,1,70,3.238468170166016,131.1420168876648,,,training
Inf-Net_Morph_GroupNorm,LungInfection,False,none,0.0,True,open,7,0.0001,24,2,70,3.098106861114502,129.75374841690063,,,training
Inf-Net_Morph_GroupNorm,LungInfection,False,none,0.0,True,open,9,0.0001,24,1,70,3.3333981037139893,138.21195101737976,,,training
Inf-Net_Morph_GroupNorm,LungInfection,False,none,0.0,True,open,9,0.0001,24,2,70,3.408667802810669,142.1747395992279,,,training
Inf-Net_Morph_GroupNorm,LungInfection,False,none,0.0,True,both,3,0.0001,48,1,70,3.43666934967041,137.05792617797852,,,training
Inf-Net_Morph_GroupNorm,LungInfection,False,none,0.0,True,both,3,0.0001,48,2,70,3.5166289806365967,128.1446075439453,,,training
Inf-Net_Morph_GroupNorm,LungInfection,False,none,0.0,True,both,5,0.0001,48,1,70,3.538835287094116,142.09122681617737,,,training
Inf-Net_Morph_GroupNorm,LungInfection,False,none,0.0,True,both,5,0.0001,48,2,70,3.371177673339844,134.0069510936737,,,training
Inf-Net_Morph_GroupNorm,LungInfection,False,none,0.0,True,both,7,0.0001,48,1,70,3.4900622367858887,152.12722754478455,,,training
Inf-Net_Morph_GroupNorm,LungInfection,False,none,0.0,True,both,7,0.0001,48,2,70,3.520895481109619,154.59389472007751,,,training
Inf-Net_Morph_GroupNorm,LungInfection,False,none,0.0,True,close,3,0.0001,48,1,70,3.732473373413086,131.96947026252747,,,training
Inf-Net_Morph_GroupNorm,LungInfection,False,none,0.0,True,close,3,0.0001,48,2,70,3.663553714752197,139.23031640052795,,,training
Inf-Net_Morph_GroupNorm,LungInfection,False,none,0.0,True,close,5,0.0001,48,1,70,3.6196370124816895,130.1718602180481,,,training
Inf-Net_Morph_GroupNorm,LungInfection,False,none,0.0,True,close,5,0.0001,48,2,70,3.741001605987549,129.21076798439026,,,training
Inf-Net_Morph_GroupNorm,LungInfection,False,none,0.0,True,close,7,0.0001,48,1,70,3.708231210708618,138.42039012908936,,,training
Inf-Net_Morph_GroupNorm,LungInfection,False,none,0.0,True,close,7,0.0001,48,2,70,3.6036219596862793,132.57818484306335,,,training
Inf-Net_Morph_GroupNorm,LungInfection,False,none,0.0,True,close,9,0.0001,48,1,70,3.444523811340332,145.34240198135376,,,training
Inf-Net_Morph_GroupNorm,LungInfection,False,none,0.0,True,close,9,0.0001,48,2,70,3.85068678855896,136.81438899040222,,,training
Inf-Net_Morph_GroupNorm,LungInfection,False,none,0.0,True,open,3,0.0001,48,1,70,3.514730215072632,127.20742297172546,,,training
Inf-Net_Morph_GroupNorm,LungInfection,False,none,0.0,True,open,3,0.0001,48,2,70,3.61995267868042,135.95155262947085,,,training
Inf-Net_Morph_GroupNorm,LungInfection,False,none,0.0,True,open,5,0.0001,48,1,70,3.270040988922119,133.98037815093994,,,training
Inf-Net_Morph_GroupNorm,LungInfection,False,none,0.0,True,open,5,0.0001,48,2,70,3.614445209503174,141.83418679237366,,,training
Inf-Net_Morph_GroupNorm,LungInfection,False,none,0.0,True,open,7,0.0001,48,1,70,3.701405286788941,138.9005343914032,,,training
Inf-Net_Morph_GroupNorm,LungInfection,False,none,0.0,True,open,7,0.0001,48,2,70,3.833936929702759,133.04151272773743,,,training
Inf-Net_Morph_GroupNorm,LungInfection,False,none,0.0,True,open,9,0.0001,48,1,70,3.496291399002075,146.566743850708,,,training
Inf-Net_Morph_GroupNorm,LungInfection,False,none,0.0,True,open,9,0.0001,48,2,70,3.485988140106201,150.40058398246765,,,training
NestedUNet_DP,LungInfection,True,automatic,8.0,False,none,0,0.0001,24,1,70,1.2419772148132324,255.49588918685916,1.2,,training
NestedUNet_DP,LungInfection,True,automatic,8.0,False,none,0,0.0001,24,2,70,1.3904660940170288,245.8702907562256,1.2,,training
NestedUNet_DP,LungInfection,True,base,8.0,False,none,0,0.0001,24,1,70,1.3121654987335205,257.6748192310333,1.2,,training
NestedUNet_DP,LungInfection,True,base,8.0,False,none,0,0.0001,24,2,70,1.2727477550506592,245.2163772583008,1.2,,training
NestedUNet_DP,LungInfection,True,nsgd,8.0,False,none,0,0.0001,24,1,70,1.3588923215866089,255.8776125907898,1.2,,training
NestedUNet_DP,LungInfection,True,nsgd,8.0,False,none,0,0.0001,24,2,70,1.3105192184448242,240.16593384742737,1.2,,training
NestedUNet_DP,LungInfection,True,psac,8.0,False,none,0,0.0001,24,1,70,1.2680076360702517,258.41383600234985,1.2,,training
NestedUNet_DP,LungInfection,True,psac,8.0,False,none,0,0.0001,24,2,70,1.292706847190857,265.5959768295288,1.2,,training
NestedUNet_DP,LungInfection,True,automatic,200.0,False,none,0,0.0001,24,1,70,1.077594757080078,295.7723033428192,1.2,,training
NestedUNet_DP,LungInfection,True,automatic,200.0,False,none,0,0.0001,24,2,70,1.1638028621673584,283.0098628997803,1.2,,training
NestedUNet_DP,LungInfection,True,base,200.0,False,none,0,0.0001,24,1,70,1.0882219076156616,289.625203371048,1.2,,training
NestedUNet_DP,LungInfection,True,base,200.0,False,none,0,0.0001,24,2,70,1.1373064517974854,285.38732719421387,1.2,,training
NestedUNet_DP,LungInfection,True,nsgd,200.0,False,none,0,0.0001,24,1,70,1.0823395252227783,286.9883785247803,1.2,,training
NestedUNet_DP,LungInfection,True,nsgd,200.0,False,none,0,0.0001,24,2,70,1.1509641408920288,292.1071014404297,1.2,,training
NestedUNet_DP,LungInfection,True,psac,200.0,False,none,0,0.0001,24,1,70,1.1774053573608398,298.37022519111633,1.2,,training
NestedUNet_DP,LungInfection,True,psac,200.0,False,none,0,0.0001,24,2,70,1.132246494293213,298.43560314178467,1.2,,training
NestedUNet_DP,LungInfection,True,automatic,8.0,False,none,0,0.0001,48,1,70,1.3331012725830078,274.49629855155945,1.2,,training
NestedUNet_DP,LungInfection,True,automatic,8.0,False,none,0,0.0001,48,2,70,1.2961782217025757,272.24200797080994,1.2,,training
NestedUNet_DP,LungInfection,True,base,8.0,False,none,0,0.0001,48,1,70,1.3285768032073977,277.9209651947021,1.2,,training
NestedUNet_DP,LungInfection,True,base,8.0,False,none,0,0.0001,48,2,70,1.284137487411499,285.6711313724518,1.2,,training
NestedUNet_DP,LungInfection,True,nsgd,8.0,False,none,0,0.0001,48,1,70,1.3558080196380615,281.27601742744446,1.5,,training
NestedUNet_DP,LungInfection,True,nsgd,8.0,False,none,0,0.0001,48,2,70,1.3297297954559326,285.3642246723175,1.5,,training
NestedUNet_DP,LungInfection,True,nsgd,200.0,False,none,0,0.0001,48,1,70,1.203244686126709,282.5147297382355,1.2,,training
NestedUNet_DP,LungInfection,True,nsgd,200.0,False,none,0,0.0001,48,2,70,1.1037967205047607,286.99053978919983,1.2,,training
NestedUNet_DP,LungInfection,True,automatic,200.0,False,none,0,0.0001,48,1,70,1.275475025177002,305.9535527229309,1.5,,training
NestedUNet_DP,LungInfection,True,automatic,200.0,False,none,0,0.0001,48,2,70,1.1230838298797607,282.48579144477844,1.5,,training
NestedUNet_DP,LungInfection,True,base,200.0,False,none,0,0.0001,48,1,70,1.1797993183135986,297.0343511104584,2.0,,training
NestedUNet_DP,LungInfection,True,base,200.0,False,none,0,0.0001,48,2,70,1.0870100259780884,287.37315940856934,2.0,,training
NestedUNet_DP,LungInfection,True,psac,200.0,False,none,0,0.0001,48,1,70,1.2036105394363403,300.90925645828247,2.0,,training
NestedUNet_DP,LungInfection,True,psac,200.0,False,none,0,0.0001,48,2,70,1.129369020462036,308.97584438323975,2.0,,training
NestedUNet_DP_Morph,LungInfection,True,automatic,8.0,True,both,3,0.0001,24,1,70,1.251861810684204,301.0921940803528,1.2,,training
NestedUNet_DP_Morph,LungInfection,True,automatic,8.0,True,both,3,0.0001,24,2,70,1.2733154296875,240.49010348320007,1.2,,training
NestedUNet_DP_Morph,LungInfection,True,automatic,8.0,True,both,5,0.0001,24,1,70,1.271793246269226,287.7843384742737,1.2,,training
NestedUNet_DP_Morph,LungInfection,True,automatic,8.0,True,both,5,0.0001,24,2,70,1.2593389749526978,247.8463549613953,1.2,,training
NestedUNet_DP_Morph,LungInfection,True,automatic,8.0,True,both,7,0.0001,24,1,70,1.299847960472107,247.64949560165405,1.2,,training
NestedUNet_DP_Morph,LungInfection,True,automatic,8.0,True,both,7,0.0001,24,2,70,1.3061769008636477,251.00119996070865,1.2,,training
NestedUNet_DP_Morph,LungInfection,True,automatic,8.0,True,both,9,0.0001,24,1,70,1.406267166137695,276.6425220966339,1.2,,training
NestedUNet_DP_Morph,LungInfection,True,automatic,8.0,True,both,9,0.0001,24,2,70,1.377090334892273,242.4550998210907,1.2,,training
NestedUNet_DP_Morph,LungInfection,True,automatic,8.0,True,close,3,0.0001,24,1,70,1.3229575157165527,265.8710267543793,1.2,,training
NestedUNet_DP_Morph,LungInfection,True,automatic,8.0,True,close,3,0.0001,24,2,70,1.2706894874572754,243.14002394676208,1.2,,training
NestedUNet_DP_Morph,LungInfection,True,automatic,8.0,True,close,5,0.0001,24,1,70,1.2865662574768066,254.24743604660037,1.2,,training
NestedUNet_DP_Morph,LungInfection,True,automatic,8.0,True,close,5,0.0001,24,2,70,1.3655327558517456,244.6583347320557,1.2,,training
NestedUNet_DP_Morph,LungInfection,True,automatic,8.0,True,close,7,0.0001,24,1,70,1.46919584274292,250.158061504364,1.2,,training
NestedUNet_DP_Morph,LungInfection,True,automatic,8.0,True,close,7,0.0001,24,2,70,1.3473414182662964,246.42177510261536,1.2,,training
NestedUNet_DP_Morph,LungInfection,True,automatic,8.0,True,close,9,0.0001,24,1,70,1.343314528465271,256.5865705013275,1.2,,training
NestedUNet_DP_Morph,LungInfection,True,automatic,8.0,True,close,9,0.0001,24,2,70,1.3529456853866575,244.76878476142883,1.2,,training
NestedUNet_DP_Morph,LungInfection,True,automatic,8.0,True,open,3,0.0001,24,1,70,1.2176833152770996,250.92267680168152,1.2,,training
NestedUNet_DP_Morph,LungInfection,True,automatic,8.0,True,open,3,0.0001,24,2,70,1.3037769794464111,248.32584023475647,1.2,,training
NestedUNet_DP_Morph,LungInfection,True,automatic,8.0,True,open,5,0.0001,24,1,70,1.2726329565048218,273.8139839172363,1.2,,training
NestedUNet_DP_Morph,LungInfection,True,automatic,8.0,True,open,5,0.0001,24,2,70,1.320680022239685,245.25106978416443,1.2,,training
NestedUNet_DP_Morph,LungInfection,True,automatic,8.0,True,open,7,0.0001,24,1,70,1.316438913345337,298.36302757263184,1.2,,training
NestedUNet_DP_Morph,LungInfection,True,automatic,8.0,True,open,7,0.0001,24,2,70,1.3495256900787354,248.42083191871643,1.2,,training
NestedUNet_DP_Morph,LungInfection,True,automatic,8.0,True,open,9,0.0001,24,1,70,1.3187668323516846,247.76135778427124,1.2,,training
NestedUNet_DP_Morph,LungInfection,True,automatic,8.0,True,open,9,0.0001,24,2,70,1.333322525024414,250.3477787971497,1.2,,training
NestedUNet_DP_Morph,LungInfection,True,base,8.0,True,both,3,0.0001,24,1,70,1.356921672821045,260.05683040618896,1.2,,training
NestedUNet_DP_Morph,LungInfection,True,base,8.0,True,both,3,0.0001,24,2,70,1.2635421752929688,253.2427439689636,1.2,,training
NestedUNet_DP_Morph,LungInfection,True,base,8.0,True,both,5,0.0001,24,1,70,1.2666970491409302,238.83588027954104,1.2,,training
NestedUNet_DP_Morph,LungInfection,True,base,8.0,True,both,5,0.0001,24,2,70,1.3110078573226929,240.14849996566767,1.2,,training
NestedUNet_DP_Morph,LungInfection,True,base,8.0,True,both,7,0.0001,24,1,70,1.2751654386520386,255.6230261325836,1.2,,training
NestedUNet_DP_Morph,LungInfection,True,base,8.0,True,both,7,0.0001,24,2,70,1.2658175230026243,244.559907913208,1.2,,training
NestedUNet_DP_Morph,LungInfection,True,base,8.0,True,both,9,0.0001,24,1,70,1.2906969785690308,257.2318060398102,1.2,,training
NestedUNet_DP_Morph,LungInfection,True,base,8.0,True,both,9,0.0001,24,2,70,1.3309460878372192,248.6701030731201,1.2,,training
NestedUNet_DP_Morph,LungInfection,True,base,8.0,True,close,3,0.0001,24,1,70,1.2823402881622314,250.6690828800201,1.2,,training
NestedUNet_DP_Morph,LungInfection,True,base,8.0,True,close,3,0.0001,24,2,70,1.2693378925323486,248.07900404930115,1.2,,training
NestedUNet_DP_Morph,LungInfection,True,base,8.0,True,close,5,0.0001,24,1,70,1.3734817504882812,249.3603553771973,1.2,,training
NestedUNet_DP_Morph,LungInfection,True,base,8.0,True,close,5,0.0001,24,2,70,1.401348352432251,241.662543296814,1.2,,training
NestedUNet_DP_Morph,LungInfection,True,base,8.0,True,close,7,0.0001,24,1,70,1.2895427942276,255.6701738834381,1.2,,training
NestedUNet_DP_Morph,LungInfection,True,base,8.0,True,close,7,0.0001,24,2,70,1.2238812446594238,251.1987109184265,1.2,,training
NestedUNet_DP_Morph,LungInfection,True,base,8.0,True,close,9,0.0001,24,1,70,1.3670676946640017,240.8623082637787,1.2,,training
NestedUNet_DP_Morph,LungInfection,True,base,8.0,True,close,9,0.0001,24,2,70,1.2752231359481812,251.7214248180389,1.2,,training
NestedUNet_DP_Morph,LungInfection,True,base,8.0,True,open,3,0.0001,24,1,70,1.280432105064392,246.25818824768064,1.2,,training
NestedUNet_DP_Morph,LungInfection,True,base,8.0,True,open,3,0.0001,24,2,70,1.2936385869979858,245.18790245056152,1.2,,training
NestedUNet_DP_Morph,LungInfection,True,base,8.0,True,open,5,0.0001,24,1,70,1.248979568481445,248.15003943443295,1.2,,training
NestedUNet_DP_Morph,LungInfection,True,base,8.0,True,open,5,0.0001,24,2,70,1.357298731803894,242.82431960105896,1.2,,training
NestedUNet_DP_Morph,LungInfection,True,base,8.0,True,open,7,0.0001,24,1,70,1.3145055770874023,248.0350465774536,1.2,,training
NestedUNet_DP_Morph,LungInfection,True,base,8.0,True,open,7,0.0001,24,2,70,1.335903882980347,246.57938313484192,1.2,,training
NestedUNet_DP_Morph,LungInfection,True,base,8.0,True,open,9,0.0001,24,1,70,1.268083572387695,247.64910864830017,1.2,,training
NestedUNet_DP_Morph,LungInfection,True,base,8.0,True,open,9,0.0001,24,2,70,1.2762620449066162,254.66797614097595,1.2,,training
NestedUNet_DP_Morph,LungInfection,True,nsgd,8.0,True,both,3,0.0001,24,2,70,1.4134385585784912,251.07467246055603,1.2,,training
NestedUNet_DP_Morph,LungInfection,True,nsgd,8.0,True,both,3,0.0001,24,1,70,1.3550734519958496,246.27654147148127,1.2,,training
NestedUNet_DP_Morph,LungInfection,True,nsgd,8.0,True,both,5,0.0001,24,2,70,1.3231139183044434,246.99397230148315,1.2,,training
NestedUNet_DP_Morph,LungInfection,True,nsgd,8.0,True,both,5,0.0001,24,1,70,1.2615211009979248,245.0539014339447,1.2,,training
NestedUNet_DP_Morph,LungInfection,True,nsgd,8.0,True,both,7,0.0001,24,2,70,1.303205490112305,256.7736668586731,1.2,,training
NestedUNet_DP_Morph,LungInfection,True,nsgd,8.0,True,both,7,0.0001,24,1,70,1.4164093732833862,247.59498620033264,1.2,,training
NestedUNet_DP_Morph,LungInfection,True,nsgd,8.0,True,both,9,0.0001,24,2,70,1.2363091707229614,263.52148056030273,1.2,,training
NestedUNet_DP_Morph,LungInfection,True,nsgd,8.0,True,both,9,0.0001,24,1,70,1.3379071950912476,247.59697461128235,1.2,,training
NestedUNet_DP_Morph,LungInfection,True,nsgd,8.0,True,close,3,0.0001,24,2,70,1.3327285051345823,244.88994526863095,1.2,,training
NestedUNet_DP_Morph,LungInfection,True,nsgd,8.0,True,close,3,0.0001,24,1,70,1.3584744930267334,247.91902327537537,1.2,,training
NestedUNet_DP_Morph,LungInfection,True,nsgd,8.0,True,close,5,0.0001,24,2,70,1.4264194965362549,247.95900440216064,1.2,,training
NestedUNet_DP_Morph,LungInfection,True,nsgd,8.0,True,close,5,0.0001,24,1,70,1.4161471128463743,251.23861145973208,1.2,,training
NestedUNet_DP_Morph,LungInfection,True,nsgd,8.0,True,close,7,0.0001,24,2,70,1.2684415578842163,250.76666450500488,1.2,,training
NestedUNet_DP_Morph,LungInfection,True,nsgd,8.0,True,close,7,0.0001,24,1,70,1.357577562332153,251.89861226081848,1.2,,training
NestedUNet_DP_Morph,LungInfection,True,nsgd,8.0,True,close,9,0.0001,24,2,70,1.3512144088745115,245.32280325889587,1.2,,training
NestedUNet_DP_Morph,LungInfection,True,nsgd,8.0,True,close,9,0.0001,24,1,70,1.4226226806640625,248.6033251285553,1.2,,training
NestedUNet_DP_Morph,LungInfection,True,nsgd,8.0,True,open,3,0.0001,24,2,70,1.361532211303711,247.2016282081604,1.2,,training
NestedUNet_DP_Morph,LungInfection,True,nsgd,8.0,True,open,3,0.0001,24,1,70,1.332831621170044,242.49373960494995,1.2,,training
NestedUNet_DP_Morph,LungInfection,True,nsgd,8.0,True,open,5,0.0001,24,2,70,1.3231158256530762,251.09273767471316,1.2,,training
NestedUNet_DP_Morph,LungInfection,True,nsgd,8.0,True,open,5,0.0001,24,1,70,1.3347208499908447,243.64113068580627,1.2,,training
NestedUNet_DP_Morph,LungInfection,True,nsgd,8.0,True,open,7,0.0001,24,2,70,1.3014401197433472,252.31884098052976,1.2,,training
NestedUNet_DP_Morph,LungInfection,True,nsgd,8.0,True,open,7,0.0001,24,1,70,1.2862184047698977,249.73795366287231,1.2,,training
NestedUNet_DP_Morph,LungInfection,True,nsgd,8.0,True,open,9,0.0001,24,2,70,1.3344357013702393,247.7432217597961,1.2,,training
NestedUNet_DP_Morph,LungInfection,True,nsgd,8.0,True,open,9,0.0001,24,1,70,1.3731756210327148,246.32536220550537,1.2,,training
NestedUNet_DP_Morph,LungInfection,True,psac,8.0,True,both,3,0.0001,24,1,70,1.403385877609253,265.0436794757843,1.2,,training
NestedUNet_DP_Morph,LungInfection,True,psac,8.0,True,both,3,0.0001,24,2,70,1.3373947143554688,260.7634902000427,1.2,,training
NestedUNet_DP_Morph,LungInfection,True,psac,8.0,True,both,5,0.0001,24,1,70,1.4051660299301147,280.10628056526184,1.2,,training
NestedUNet_DP_Morph,LungInfection,True,psac,8.0,True,both,5,0.0001,24,2,70,1.3216214179992676,261.549546957016,1.2,,training
NestedUNet_DP_Morph,LungInfection,True,psac,8.0,True,both,7,0.0001,24,1,70,1.4029840230941772,261.2873480319977,1.2,,training
NestedUNet_DP_Morph,LungInfection,True,psac,8.0,True,both,7,0.0001,24,2,70,1.286279559135437,259.8204391002655,1.2,,training
NestedUNet_DP_Morph,LungInfection,True,psac,8.0,True,both,9,0.0001,24,1,70,1.3386906385421753,261.97099018096924,1.2,,training
NestedUNet_DP_Morph,LungInfection,True,psac,8.0,True,both,9,0.0001,24,2,70,1.298249363899231,265.30389189720154,1.2,,training
NestedUNet_DP_Morph,LungInfection,True,psac,8.0,True,close,3,0.0001,24,1,70,1.4344470500946045,256.87761759758,1.2,,training
NestedUNet_DP_Morph,LungInfection,True,psac,8.0,True,close,3,0.0001,24,2,70,1.4674394130706787,259.3970077037811,1.2,,training
NestedUNet_DP_Morph,LungInfection,True,psac,8.0,True,close,5,0.0001,24,1,70,1.3698697090148926,265.6765236854553,1.2,,training
NestedUNet_DP_Morph,LungInfection,True,psac,8.0,True,close,5,0.0001,24,2,70,1.4228429794311523,266.63992714881897,1.2,,training
NestedUNet_DP_Morph,LungInfection,True,psac,8.0,True,close,7,0.0001,24,1,70,1.231342315673828,263.71322441101074,1.2,,training
NestedUNet_DP_Morph,LungInfection,True,psac,8.0,True,close,7,0.0001,24,2,70,1.4270710945129397,265.9088439941406,1.2,,training
NestedUNet_DP_Morph,LungInfection,True,psac,8.0,True,close,9,0.0001,24,1,70,1.3548588752746582,266.1773021221161,1.2,,training
NestedUNet_DP_Morph,LungInfection,True,psac,8.0,True,close,9,0.0001,24,2,70,1.3776075839996338,270.06442975997925,1.2,,training
NestedUNet_DP_Morph,LungInfection,True,psac,8.0,True,open,3,0.0001,24,1,70,1.3619439601898191,265.6719260215759,1.2,,training
NestedUNet_DP_Morph,LungInfection,True,psac,8.0,True,open,3,0.0001,24,2,70,1.3000099658966064,256.66212940216064,1.2,,training
NestedUNet_DP_Morph,LungInfection,True,psac,8.0,True,open,5,0.0001,24,1,70,1.4492605924606323,265.5530183315277,1.2,,training
NestedUNet_DP_Morph,LungInfection,True,psac,8.0,True,open,5,0.0001,24,2,70,1.31672465801239,270.60352087020874,1.2,,training
NestedUNet_DP_Morph,LungInfection,True,psac,8.0,True,open,7,0.0001,24,1,70,1.2600290775299072,261.1111879348755,1.2,,training
NestedUNet_DP_Morph,LungInfection,True,psac,8.0,True,open,7,0.0001,24,2,70,1.27815842628479,268.2539961338043,1.2,,training
NestedUNet_DP_Morph,LungInfection,True,psac,8.0,True,open,9,0.0001,24,1,70,1.3683279752731323,263.49841570854187,1.2,,training
NestedUNet_DP_Morph,LungInfection,True,psac,8.0,True,open,9,0.0001,24,2,70,1.3726837635040283,264.743200302124,1.2,,training
NestedUNet_DP_Morph,LungInfection,True,automatic,8.0,True,both,3,0.0001,24,1,70,1.3109983205795288,247.422189950943,1.5,,training
NestedUNet_DP_Morph,LungInfection,True,automatic,8.0,True,both,3,0.0001,24,2,70,1.3503402471542358,250.18363881111145,1.5,,training
NestedUNet_DP_Morph,LungInfection,True,automatic,8.0,True,both,5,0.0001,24,1,70,1.3604869842529297,269.2703709602356,1.5,,training
NestedUNet_DP_Morph,LungInfection,True,automatic,8.0,True,both,5,0.0001,24,2,70,1.2890520095825195,251.6556122303009,1.5,,training
NestedUNet_DP_Morph,LungInfection,True,automatic,8.0,True,both,7,0.0001,24,1,70,1.2695754766464231,251.3184106349945,1.5,,training
NestedUNet_DP_Morph,LungInfection,True,automatic,8.0,True,both,7,0.0001,24,2,70,1.2931976318359375,248.98842310905457,1.5,,training
NestedUNet_DP_Morph,LungInfection,True,automatic,8.0,True,both,9,0.0001,24,1,70,1.3786990642547607,260.7069847583771,1.5,,training
NestedUNet_DP_Morph,LungInfection,True,automatic,8.0,True,both,9,0.0001,24,2,70,1.2328060865402222,251.79577088356015,1.5,,training
NestedUNet_DP_Morph,LungInfection,True,automatic,8.0,True,close,3,0.0001,24,1,70,1.307276487350464,264.88368701934814,1.5,,training
NestedUNet_DP_Morph,LungInfection,True,automatic,8.0,True,close,3,0.0001,24,2,70,1.33619487285614,247.34148263931277,1.5,,training
NestedUNet_DP_Morph,LungInfection,True,automatic,8.0,True,close,5,0.0001,24,1,70,1.3497364521026611,265.7092876434326,1.5,,training
NestedUNet_DP_Morph,LungInfection,True,automatic,8.0,True,close,5,0.0001,24,2,70,1.2464599609375,242.88646602630612,1.5,,training
NestedUNet_DP_Morph,LungInfection,True,automatic,8.0,True,close,7,0.0001,24,1,70,1.3134377002716064,260.09970331192017,1.5,,training
NestedUNet_DP_Morph,LungInfection,True,automatic,8.0,True,close,7,0.0001,24,2,70,1.4157445430755615,245.58297896385196,1.5,,training
NestedUNet_DP_Morph,LungInfection,True,automatic,8.0,True,close,9,0.0001,24,1,70,1.3257431983947754,246.7948660850525,1.5,,training
NestedUNet_DP_Morph,LungInfection,True,automatic,8.0,True,close,9,0.0001,24,2,70,1.3540894985198977,246.0807309150696,1.5,,training
NestedUNet_DP_Morph,LungInfection,True,automatic,8.0,True,open,3,0.0001,24,1,70,1.2685551643371582,244.33804297447205,1.5,,training
NestedUNet_DP_Morph,LungInfection,True,automatic,8.0,True,open,3,0.0001,24,2,70,1.3739941120147705,251.00820779800412,1.5,,training
NestedUNet_DP_Morph,LungInfection,True,automatic,8.0,True,open,5,0.0001,24,1,70,1.2324378490447998,279.5819847583771,1.5,,training
NestedUNet_DP_Morph,LungInfection,True,automatic,8.0,True,open,5,0.0001,24,2,70,1.2694623470306396,244.1435751914978,1.5,,training
NestedUNet_DP_Morph,LungInfection,True,automatic,8.0,True,open,7,0.0001,24,1,70,1.3774402141571045,284.4853615760803,1.5,,training
NestedUNet_DP_Morph,LungInfection,True,automatic,8.0,True,open,7,0.0001,24,2,70,1.2906266450881958,247.66304850578308,1.5,,training
NestedUNet_DP_Morph,LungInfection,True,automatic,8.0,True,open,9,0.0001,24,1,70,1.2930703163146973,273.31994819641113,1.5,,training
NestedUNet_DP_Morph,LungInfection,True,automatic,8.0,True,open,9,0.0001,24,2,70,1.288277506828308,247.8442325592041,1.5,,training
NestedUNet_DP_Morph,LungInfection,True,nsgd,8.0,True,both,3,0.0001,24,2,70,1.3252487182617188,248.59184622764587,1.5,,training
NestedUNet_DP_Morph,LungInfection,True,nsgd,8.0,True,both,3,0.0001,24,1,70,1.3961728811264038,243.6691358089447,1.5,,training
NestedUNet_DP_Morph,LungInfection,True,nsgd,8.0,True,both,5,0.0001,24,2,70,1.3688180446624756,249.0254991054535,1.5,,training
NestedUNet_DP_Morph,LungInfection,True,nsgd,8.0,True,both,5,0.0001,24,1,70,1.3505696058273315,247.07133531570437,1.5,,training
NestedUNet_DP_Morph,LungInfection,True,nsgd,8.0,True,both,7,0.0001,24,2,70,1.3395328521728516,252.5182054042816,1.5,,training
NestedUNet_DP_Morph,LungInfection,True,nsgd,8.0,True,both,7,0.0001,24,1,70,1.3074724674224854,253.4524233341217,1.5,,training
NestedUNet_DP_Morph,LungInfection,True,nsgd,8.0,True,both,9,0.0001,24,2,70,1.2804882526397705,256.0802264213562,1.5,,training
NestedUNet_DP_Morph,LungInfection,True,nsgd,8.0,True,both,9,0.0001,24,1,70,1.317947268486023,249.69868111610413,1.5,,training
NestedUNet_DP_Morph,LungInfection,True,nsgd,8.0,True,close,3,0.0001,24,2,70,1.327806830406189,245.9675052165985,1.5,,training
NestedUNet_DP_Morph,LungInfection,True,nsgd,8.0,True,close,3,0.0001,24,1,70,1.356032371520996,248.74831342697144,1.5,,training
NestedUNet_DP_Morph,LungInfection,True,nsgd,8.0,True,close,5,0.0001,24,2,70,1.4345654249191284,251.3121371269226,1.5,,training
NestedUNet_DP_Morph,LungInfection,True,nsgd,8.0,True,close,5,0.0001,24,1,70,1.4142544269561768,248.76127672195437,1.5,,training
NestedUNet_DP_Morph,LungInfection,True,nsgd,8.0,True,close,7,0.0001,24,2,70,1.3616889715194702,252.695157289505,1.5,,training
NestedUNet_DP_Morph,LungInfection,True,nsgd,8.0,True,close,7,0.0001,24,1,70,1.3511357307434082,246.3568592071533,1.5,,training
NestedUNet_DP_Morph,LungInfection,True,nsgd,8.0,True,close,9,0.0001,24,2,70,1.412440299987793,249.7067949771881,1.5,,training
NestedUNet_DP_Morph,LungInfection,True,nsgd,8.0,True,close,9,0.0001,24,1,70,1.3461198806762695,244.60936617851257,1.5,,training
NestedUNet_DP_Morph,LungInfection,True,nsgd,8.0,True,open,3,0.0001,24,2,70,1.327243089675903,247.8709397315979,1.5,,training
NestedUNet_DP_Morph,LungInfection,True,nsgd,8.0,True,open,3,0.0001,24,1,70,1.3346967697143557,239.51726722717285,1.5,,training
NestedUNet_DP_Morph,LungInfection,True,nsgd,8.0,True,open,5,0.0001,24,2,70,1.435253620147705,246.15501737594604,1.5,,training
NestedUNet_DP_Morph,LungInfection,True,nsgd,8.0,True,open,5,0.0001,24,1,70,1.3257410526275637,248.88982248306277,1.5,,training
NestedUNet_DP_Morph,LungInfection,True,nsgd,8.0,True,open,7,0.0001,24,2,70,1.3240872621536257,247.99635219573972,1.5,,training
NestedUNet_DP_Morph,LungInfection,True,nsgd,8.0,True,open,7,0.0001,24,1,70,1.3645663261413574,249.9708585739136,1.5,,training
NestedUNet_DP_Morph,LungInfection,True,nsgd,8.0,True,open,9,0.0001,24,2,70,1.3767263889312744,251.7571170330048,1.5,,training
NestedUNet_DP_Morph,LungInfection,True,nsgd,8.0,True,open,9,0.0001,24,1,70,1.3512762784957886,246.993896484375,1.5,,training
NestedUNet_DP_Morph,LungInfection,True,automatic,8.0,True,both,3,0.0001,24,1,70,1.296128273010254,248.5843224525452,2.0,,training
NestedUNet_DP_Morph,LungInfection,True,automatic,8.0,True,both,3,0.0001,24,2,70,1.4475512504577637,245.604647397995,2.0,,training
NestedUNet_DP_Morph,LungInfection,True,automatic,8.0,True,both,5,0.0001,24,1,70,1.3282086849212646,251.63253784179688,2.0,,training
NestedUNet_DP_Morph,LungInfection,True,automatic,8.0,True,both,5,0.0001,24,2,70,1.3477771282196045,245.45726823806763,2.0,,training
NestedUNet_DP_Morph,LungInfection,True,automatic,8.0,True,both,7,0.0001,24,1,70,1.4482982158660889,246.7409677505493,2.0,,training
NestedUNet_DP_Morph,LungInfection,True,automatic,8.0,True,both,7,0.0001,24,2,70,1.3705110549926758,252.69933772087097,2.0,,training
NestedUNet_DP_Morph,LungInfection,True,automatic,8.0,True,both,9,0.0001,24,1,70,1.3225464820861816,248.8795518875122,2.0,,training
NestedUNet_DP_Morph,LungInfection,True,automatic,8.0,True,both,9,0.0001,24,2,70,1.27592670917511,248.1984007358551,2.0,,training
NestedUNet_DP_Morph,LungInfection,True,automatic,8.0,True,close,3,0.0001,24,1,70,1.3233120441436768,262.21903681755066,2.0,,training
NestedUNet_DP_Morph,LungInfection,True,automatic,8.0,True,close,3,0.0001,24,2,70,1.3062748908996582,244.5865631103516,2.0,,training
NestedUNet_DP_Morph,LungInfection,True,automatic,8.0,True,close,5,0.0001,24,1,70,1.3480961322784424,264.67509150505066,2.0,,training
NestedUNet_DP_Morph,LungInfection,True,automatic,8.0,True,close,5,0.0001,24,2,70,1.2926254272460938,247.15272688865664,2.0,,training
NestedUNet_DP_Morph,LungInfection,True,automatic,8.0,True,close,7,0.0001,24,1,70,1.2674599885940552,257.5218172073364,2.0,,training
NestedUNet_DP_Morph,LungInfection,True,automatic,8.0,True,close,7,0.0001,24,2,70,1.2957799434661863,247.14673829078677,2.0,,training
NestedUNet_DP_Morph,LungInfection,True,automatic,8.0,True,close,9,0.0001,24,1,70,1.3770835399627686,264.174103975296,2.0,,training
NestedUNet_DP_Morph,LungInfection,True,automatic,8.0,True,close,9,0.0001,24,2,70,1.318813681602478,246.24010252952576,2.0,,training
NestedUNet_DP_Morph,LungInfection,True,automatic,8.0,True,open,3,0.0001,24,1,70,1.2240761518478394,244.4997763633728,2.0,,training
NestedUNet_DP_Morph,LungInfection,True,automatic,8.0,True,open,3,0.0001,24,2,70,1.272073745727539,248.4968202114105,2.0,,training
NestedUNet_DP_Morph,LungInfection,True,automatic,8.0,True,open,5,0.0001,24,1,70,1.3549919128417969,254.79831290245056,2.0,,training
NestedUNet_DP_Morph,LungInfection,True,automatic,8.0,True,open,5,0.0001,24,2,70,1.2924774885177612,245.94073939323425,2.0,,training
NestedUNet_DP_Morph,LungInfection,True,automatic,8.0,True,open,7,0.0001,24,1,70,1.306200385093689,247.75478625297544,2.0,,training
NestedUNet_DP_Morph,LungInfection,True,automatic,8.0,True,open,7,0.0001,24,2,70,1.233259201049805,244.90755200386047,2.0,,training
NestedUNet_DP_Morph,LungInfection,True,automatic,8.0,True,open,9,0.0001,24,1,70,1.3234467506408691,244.32788944244385,2.0,,training
NestedUNet_DP_Morph,LungInfection,True,automatic,8.0,True,open,9,0.0001,24,2,70,1.263654708862305,247.19687914848328,2.0,,training
NestedUNet_DP_Morph,LungInfection,True,nsgd,8.0,True,both,3,0.0001,24,2,70,1.3715451955795288,246.36109828948972,2.0,,training
NestedUNet_DP_Morph,LungInfection,True,nsgd,8.0,True,both,3,0.0001,24,1,70,1.4606692790985107,250.2698528766632,2.0,,training
NestedUNet_DP_Morph,LungInfection,True,nsgd,8.0,True,both,5,0.0001,24,2,70,1.4425246715545654,247.90904426574707,2.0,,training
NestedUNet_DP_Morph,LungInfection,True,nsgd,8.0,True,both,5,0.0001,24,1,70,1.448099970817566,249.62492632865903,2.0,,training
NestedUNet_DP_Morph,LungInfection,True,nsgd,8.0,True,both,7,0.0001,24,2,70,1.3963279724121094,249.90961122512817,2.0,,training
NestedUNet_DP_Morph,LungInfection,True,nsgd,8.0,True,both,7,0.0001,24,1,70,1.3218672275543213,251.80216360092163,2.0,,training
NestedUNet_DP_Morph,LungInfection,True,nsgd,8.0,True,both,9,0.0001,24,2,70,1.4184238910675049,250.86972665786743,2.0,,training
NestedUNet_DP_Morph,LungInfection,True,nsgd,8.0,True,both,9,0.0001,24,1,70,1.34456467628479,246.38648438453677,2.0,,training
NestedUNet_DP_Morph,LungInfection,True,automatic,200.0,True,both,3,0.0001,24,1,70,1.1343666315078735,327.434529542923,1.2,,training
NestedUNet_DP_Morph,LungInfection,True,automatic,200.0,True,both,3,0.0001,24,2,70,1.0892422199249268,278.47213077545166,1.2,,training
NestedUNet_DP_Morph,LungInfection,True,automatic,200.0,True,both,5,0.0001,24,1,70,1.0571324825286863,277.9951524734497,1.2,,training
NestedUNet_DP_Morph,LungInfection,True,automatic,200.0,True,both,5,0.0001,24,2,70,1.0764786005020142,282.9140348434448,1.2,,training
NestedUNet_DP_Morph,LungInfection,True,automatic,200.0,True,both,7,0.0001,24,1,70,1.159945011138916,287.1739921569824,1.2,,training
NestedUNet_DP_Morph,LungInfection,True,automatic,200.0,True,both,7,0.0001,24,2,70,1.1131500005722046,288.009197473526,1.2,,training
NestedUNet_DP_Morph,LungInfection,True,automatic,200.0,True,both,9,0.0001,24,1,70,1.0933746099472046,287.98845195770264,1.2,,training
NestedUNet_DP_Morph,LungInfection,True,automatic,200.0,True,both,9,0.0001,24,2,70,1.0416853427886963,286.42642307281494,1.2,,training
NestedUNet_DP_Morph,LungInfection,True,automatic,200.0,True,close,3,0.0001,24,1,70,1.0980195999145508,280.0368266105652,1.2,,training
NestedUNet_DP_Morph,LungInfection,True,automatic,200.0,True,close,3,0.0001,24,2,70,1.086303949356079,283.8098194599152,1.2,,training
NestedUNet_DP_Morph,LungInfection,True,automatic,200.0,True,close,5,0.0001,24,1,70,1.0863337516784668,283.85085129737854,1.2,,training
NestedUNet_DP_Morph,LungInfection,True,automatic,200.0,True,close,5,0.0001,24,2,70,1.1527431011199951,285.097279548645,1.2,,training
NestedUNet_DP_Morph,LungInfection,True,automatic,200.0,True,close,7,0.0001,24,1,70,1.168508529663086,283.6328115463257,1.2,,training
NestedUNet_DP_Morph,LungInfection,True,automatic,200.0,True,close,7,0.0001,24,2,70,1.112431526184082,275.54736137390137,1.2,,training
NestedUNet_DP_Morph,LungInfection,True,automatic,200.0,True,close,9,0.0001,24,1,70,1.121279239654541,284.509644985199,1.2,,training
NestedUNet_DP_Morph,LungInfection,True,automatic,200.0,True,close,9,0.0001,24,2,70,1.039823055267334,285.6912546157837,1.2,,training
NestedUNet_DP_Morph,LungInfection,True,automatic,200.0,True,open,3,0.0001,24,1,70,1.1072275638580322,290.95455050468445,1.2,,training
NestedUNet_DP_Morph,LungInfection,True,automatic,200.0,True,open,3,0.0001,24,2,70,1.0631402730941772,280.57788014411926,1.2,,training
NestedUNet_DP_Morph,LungInfection,True,automatic,200.0,True,open,5,0.0001,24,1,70,1.095388650894165,286.6116940975189,1.2,,training
NestedUNet_DP_Morph,LungInfection,True,automatic,200.0,True,open,5,0.0001,24,2,70,1.070669651031494,282.66275668144226,1.2,,training
NestedUNet_DP_Morph,LungInfection,True,automatic,200.0,True,open,7,0.0001,24,1,70,1.1881155967712402,287.6258702278137,1.2,,training
NestedUNet_DP_Morph,LungInfection,True,automatic,200.0,True,open,7,0.0001,24,2,70,1.2458291053771973,284.05602192878723,1.2,,training
NestedUNet_DP_Morph,LungInfection,True,automatic,200.0,True,open,9,0.0001,24,1,70,1.078601360321045,288.8244278430939,1.2,,training
NestedUNet_DP_Morph,LungInfection,True,automatic,200.0,True,open,9,0.0001,24,2,70,1.046139121055603,286.3090090751648,1.2,,training
NestedUNet_DP_Morph,LungInfection,True,base,200.0,True,both,3,0.0001,24,1,70,1.1641526222229004,293.54649543762207,1.2,,training
NestedUNet_DP_Morph,LungInfection,True,base,200.0,True,both,3,0.0001,24,2,70,1.1568689346313477,283.9535961151123,1.2,,training
NestedUNet_DP_Morph,LungInfection,True,base,200.0,True,both,5,0.0001,24,1,70,1.123797059059143,296.6215889453888,1.2,,training
NestedUNet_DP_Morph,LungInfection,True,base,200.0,True,both,5,0.0001,24,2,70,1.1029239892959597,281.1091387271881,1.2,,training
NestedUNet_DP_Morph,LungInfection,True,base,200.0,True,both,7,0.0001,24,1,70,1.055349826812744,287.94198656082153,1.2,,training
NestedUNet_DP_Morph,LungInfection,True,base,200.0,True,both,7,0.0001,24,2,70,1.0551204681396484,285.5993013381958,1.2,,training
NestedUNet_DP_Morph,LungInfection,True,base,200.0,True,both,9,0.0001,24,1,70,1.136836051940918,297.0244679450989,1.2,,training
NestedUNet_DP_Morph,LungInfection,True,base,200.0,True,both,9,0.0001,24,2,70,1.0840299129486084,289.4223473072052,1.2,,training
NestedUNet_DP_Morph,LungInfection,True,base,200.0,True,close,3,0.0001,24,1,70,1.0737580060958862,293.0285758972168,1.2,,training
NestedUNet_DP_Morph,LungInfection,True,base,200.0,True,close,3,0.0001,24,2,70,1.0844906568527222,285.5101375579834,1.2,,training
NestedUNet_DP_Morph,LungInfection,True,base,200.0,True,close,5,0.0001,24,1,70,1.2276232242584229,285.229838848114,1.2,,training
NestedUNet_DP_Morph,LungInfection,True,base,200.0,True,close,5,0.0001,24,2,70,1.1213334798812866,285.3868582248688,1.2,,training
NestedUNet_DP_Morph,LungInfection,True,base,200.0,True,close,7,0.0001,24,1,70,1.0837836265563965,294.9930725097656,1.2,,training
NestedUNet_DP_Morph,LungInfection,True,base,200.0,True,close,7,0.0001,24,2,70,1.1193373203277588,291.2773883342743,1.2,,training
NestedUNet_DP_Morph,LungInfection,True,base,200.0,True,close,9,0.0001,24,1,70,1.081716775894165,275.911655664444,1.2,,training
NestedUNet_DP_Morph,LungInfection,True,base,200.0,True,close,9,0.0001,24,2,70,1.1777136325836182,288.50541067123413,1.2,,training
NestedUNet_DP_Morph,LungInfection,True,base,200.0,True,open,3,0.0001,24,1,70,1.106587290763855,289.90249729156494,1.2,,training
NestedUNet_DP_Morph,LungInfection,True,base,200.0,True,open,3,0.0001,24,2,70,1.1833276748657229,295.4190845489502,1.2,,training
NestedUNet_DP_Morph,LungInfection,True,base,200.0,True,open,5,0.0001,24,1,70,1.093905687332153,283.1447536945343,1.2,,training
NestedUNet_DP_Morph,LungInfection,True,base,200.0,True,open,5,0.0001,24,2,70,1.103194236755371,287.8160755634308,1.2,,training
NestedUNet_DP_Morph,LungInfection,True,base,200.0,True,open,7,0.0001,24,1,70,1.0701205730438232,285.98205184936523,1.2,,training
NestedUNet_DP_Morph,LungInfection,True,base,200.0,True,open,7,0.0001,24,2,70,1.1256771087646484,285.04456615448,1.2,,training
NestedUNet_DP_Morph,LungInfection,True,base,200.0,True,open,9,0.0001,24,1,70,1.1052651405334473,294.3483440876007,1.2,,training
NestedUNet_DP_Morph,LungInfection,True,base,200.0,True,open,9,0.0001,24,2,70,1.0511481761932373,282.2764370441437,1.2,,training
NestedUNet_DP_Morph,LungInfection,True,nsgd,200.0,True,both,3,0.0001,24,1,70,1.073863506317139,282.73018503189087,1.2,,training
NestedUNet_DP_Morph,LungInfection,True,nsgd,200.0,True,both,3,0.0001,24,2,70,1.2353512048721311,292.8020644187927,1.2,,training
NestedUNet_DP_Morph,LungInfection,True,nsgd,200.0,True,both,5,0.0001,24,1,70,1.124107837677002,296.7609226703644,1.2,,training
NestedUNet_DP_Morph,LungInfection,True,nsgd,200.0,True,both,5,0.0001,24,2,70,1.0727431774139404,284.5900776386261,1.2,,training
NestedUNet_DP_Morph,LungInfection,True,nsgd,200.0,True,both,7,0.0001,24,1,70,1.090243577957153,291.2188708782196,1.2,,training
NestedUNet_DP_Morph,LungInfection,True,nsgd,200.0,True,both,7,0.0001,24,2,70,1.1058905124664309,294.1205394268036,1.2,,training
NestedUNet_DP_Morph,LungInfection,True,nsgd,200.0,True,both,9,0.0001,24,1,70,1.0891904830932615,291.3431828022003,1.2,,training
NestedUNet_DP_Morph,LungInfection,True,nsgd,200.0,True,both,9,0.0001,24,2,70,1.059958815574646,299.86414551734924,1.2,,training
NestedUNet_DP_Morph,LungInfection,True,nsgd,200.0,True,close,3,0.0001,24,1,70,1.1420143842697144,285.879474401474,1.2,,training
NestedUNet_DP_Morph,LungInfection,True,nsgd,200.0,True,close,3,0.0001,24,2,70,1.0928728580474854,297.3660542964936,1.2,,training
NestedUNet_DP_Morph,LungInfection,True,nsgd,200.0,True,close,5,0.0001,24,1,70,1.1566959619522097,286.1081669330597,1.2,,training
NestedUNet_DP_Morph,LungInfection,True,nsgd,200.0,True,close,5,0.0001,24,2,70,1.2367784976959229,285.5168986320496,1.2,,training
NestedUNet_DP_Morph,LungInfection,True,nsgd,200.0,True,close,7,0.0001,24,1,70,1.1880710124969482,286.8630497455597,1.2,,training
NestedUNet_DP_Morph,LungInfection,True,nsgd,200.0,True,close,7,0.0001,24,2,70,1.1509687900543213,284.45585107803345,1.2,,training
NestedUNet_DP_Morph,LungInfection,True,nsgd,200.0,True,close,9,0.0001,24,1,70,1.122840166091919,285.9855625629425,1.2,,training
NestedUNet_DP_Morph,LungInfection,True,nsgd,200.0,True,close,9,0.0001,24,2,70,1.1506775617599487,291.1008188724518,1.2,,training
NestedUNet_DP_Morph,LungInfection,True,nsgd,200.0,True,open,3,0.0001,24,1,70,1.1007146835327148,288.1271347999573,1.2,,training
NestedUNet_DP_Morph,LungInfection,True,nsgd,200.0,True,open,3,0.0001,24,2,70,1.247677206993103,292.8888747692108,1.2,,training
NestedUNet_DP_Morph,LungInfection,True,nsgd,200.0,True,open,5,0.0001,24,1,70,1.1643770933151243,291.1939573287964,1.2,,training
NestedUNet_DP_Morph,LungInfection,True,nsgd,200.0,True,open,5,0.0001,24,2,70,1.1462125778198242,293.77437114715576,1.2,,training
NestedUNet_DP_Morph,LungInfection,True,nsgd,200.0,True,open,7,0.0001,24,1,70,1.1858174800872805,294.32041120529175,1.2,,training
NestedUNet_DP_Morph,LungInfection,True,nsgd,200.0,True,open,7,0.0001,24,2,70,1.1360371112823486,291.33098220825195,1.2,,training
NestedUNet_DP_Morph,LungInfection,True,nsgd,200.0,True,open,9,0.0001,24,1,70,1.082815170288086,288.7886688709259,1.2,,training
NestedUNet_DP_Morph,LungInfection,True,nsgd,200.0,True,open,9,0.0001,24,2,70,1.1798616647720337,277.0331919193268,1.2,,training
NestedUNet_DP_Morph,LungInfection,True,psac,200.0,True,both,3,0.0001,24,1,70,1.0913232564926147,306.4946415424347,1.2,,training
NestedUNet_DP_Morph,LungInfection,True,psac,200.0,True,both,3,0.0001,24,2,70,1.0979760885238647,302.43910813331604,1.2,,training
NestedUNet_DP_Morph,LungInfection,True,psac,200.0,True,both,5,0.0001,24,1,70,1.1394522190093994,304.6444113254547,1.2,,training
NestedUNet_DP_Morph,LungInfection,True,psac,200.0,True,both,5,0.0001,24,2,70,1.0882818698883057,296.18027901649475,1.2,,training
NestedUNet_DP_Morph,LungInfection,True,psac,200.0,True,both,7,0.0001,24,1,70,1.0928401947021484,302.53092551231384,1.2,,training
NestedUNet_DP_Morph,LungInfection,True,psac,200.0,True,both,7,0.0001,24,2,70,1.1122064590454102,298.770094871521,1.2,,training
NestedUNet_DP_Morph,LungInfection,True,psac,200.0,True,both,9,0.0001,24,1,70,1.1080546379089355,304.2827591896057,1.2,,training
NestedUNet_DP_Morph,LungInfection,True,psac,200.0,True,both,9,0.0001,24,2,70,1.1575345993041992,298.824036359787,1.2,,training
NestedUNet_DP_Morph,LungInfection,True,psac,200.0,True,close,3,0.0001,24,1,70,1.1288251876831057,302.9470410346985,1.2,,training
NestedUNet_DP_Morph,LungInfection,True,psac,200.0,True,close,3,0.0001,24,2,70,1.180734157562256,312.1645436286926,1.2,,training
NestedUNet_DP_Morph,LungInfection,True,psac,200.0,True,close,5,0.0001,24,1,70,1.1637505292892456,305.21058988571167,1.2,,training
NestedUNet_DP_Morph,LungInfection,True,psac,200.0,True,close,5,0.0001,24,2,70,1.1133884191513062,301.3985288143158,1.2,,training
NestedUNet_DP_Morph,LungInfection,True,psac,200.0,True,close,7,0.0001,24,1,70,1.1283514499664309,309.2682218551636,1.2,,training
NestedUNet_DP_Morph,LungInfection,True,psac,200.0,True,close,7,0.0001,24,2,70,1.1375017166137695,296.0832703113556,1.2,,training
NestedUNet_DP_Morph,LungInfection,True,psac,200.0,True,close,9,0.0001,24,1,70,1.1134402751922607,305.0180373191833,1.2,,training
NestedUNet_DP_Morph,LungInfection,True,psac,200.0,True,close,9,0.0001,24,2,70,1.1184053421020508,303.42393040657043,1.2,,training
NestedUNet_DP_Morph,LungInfection,True,psac,200.0,True,open,3,0.0001,24,1,70,1.0924568176269531,301.0168278217316,1.2,,training
NestedUNet_DP_Morph,LungInfection,True,psac,200.0,True,open,3,0.0001,24,2,70,1.149374008178711,312.5897831916809,1.2,,training
NestedUNet_DP_Morph,LungInfection,True,psac,200.0,True,open,5,0.0001,24,1,70,1.187236785888672,302.0287847518921,1.2,,training
NestedUNet_DP_Morph,LungInfection,True,psac,200.0,True,open,5,0.0001,24,2,70,1.154339075088501,302.69114327430725,1.2,,training
NestedUNet_DP_Morph,LungInfection,True,psac,200.0,True,open,7,0.0001,24,1,70,1.1457895040512085,301.59659576416016,1.2,,training
NestedUNet_DP_Morph,LungInfection,True,psac,200.0,True,open,7,0.0001,24,2,70,1.0812031030654907,312.2562880516052,1.2,,training
NestedUNet_DP_Morph,LungInfection,True,psac,200.0,True,open,9,0.0001,24,1,70,1.1304816007614136,296.24007201194763,1.2,,training
NestedUNet_DP_Morph,LungInfection,True,psac,200.0,True,open,9,0.0001,24,2,70,1.0862977504730225,294.2981560230255,1.2,,training
NestedUNet_DP_Morph,LungInfection,True,automatic,200.0,True,both,3,0.0001,24,1,70,1.0950719118118286,283.8542432785034,1.5,,training
NestedUNet_DP_Morph,LungInfection,True,automatic,200.0,True,both,3,0.0001,24,2,70,1.066667556762695,285.7005846500397,1.5,,training
NestedUNet_DP_Morph,LungInfection,True,automatic,200.0,True,both,5,0.0001,24,1,70,1.1991485357284546,286.80760526657104,1.5,,training
NestedUNet_DP_Morph,LungInfection,True,automatic,200.0,True,both,5,0.0001,24,2,70,1.0585196018218994,284.218807220459,1.5,,training
NestedUNet_DP_Morph,LungInfection,True,automatic,200.0,True,both,7,0.0001,24,1,70,1.1289737224578855,291.13791823387146,1.5,,training
NestedUNet_DP_Morph,LungInfection,True,automatic,200.0,True,both,7,0.0001,24,2,70,1.074324369430542,290.1057105064392,1.5,,training
NestedUNet_DP_Morph,LungInfection,True,automatic,200.0,True,both,9,0.0001,24,1,70,1.0785932540893557,293.3497383594513,1.5,,training
NestedUNet_DP_Morph,LungInfection,True,automatic,200.0,True,both,9,0.0001,24,2,70,1.0794262886047363,282.2157509326935,1.5,,training
NestedUNet_DP_Morph,LungInfection,True,automatic,200.0,True,close,3,0.0001,24,1,70,1.138873815536499,289.83534574508667,1.5,,training
NestedUNet_DP_Morph,LungInfection,True,automatic,200.0,True,close,3,0.0001,24,2,70,1.060340404510498,280.8382863998413,1.5,,training
NestedUNet_DP_Morph,LungInfection,True,automatic,200.0,True,close,5,0.0001,24,1,70,1.1561822891235352,288.2831346988678,1.5,,training
NestedUNet_DP_Morph,LungInfection,True,automatic,200.0,True,close,5,0.0001,24,2,70,1.12713360786438,284.1424033641815,1.5,,training
NestedUNet_DP_Morph,LungInfection,True,automatic,200.0,True,close,7,0.0001,24,1,70,1.0842580795288086,296.4001648426056,1.5,,training
NestedUNet_DP_Morph,LungInfection,True,automatic,200.0,True,close,7,0.0001,24,2,70,1.083416223526001,282.49181270599365,1.5,,training
NestedUNet_DP_Morph,LungInfection,True,automatic,200.0,True,close,9,0.0001,24,1,70,1.0691165924072266,291.93836402893066,1.5,,training
NestedUNet_DP_Morph,LungInfection,True,automatic,200.0,True,close,9,0.0001,24,2,70,1.1423008441925049,284.4866108894348,1.5,,training
NestedUNet_DP_Morph,LungInfection,True,automatic,200.0,True,open,3,0.0001,24,1,70,1.1346285343170166,287.7125647068024,1.5,,training
NestedUNet_DP_Morph,LungInfection,True,automatic,200.0,True,open,3,0.0001,24,2,70,1.0735445022583008,284.628493309021,1.5,,training
NestedUNet_DP_Morph,LungInfection,True,automatic,200.0,True,open,5,0.0001,24,1,70,1.1373709440231323,285.3548970222473,1.5,,training
NestedUNet_DP_Morph,LungInfection,True,automatic,200.0,True,open,5,0.0001,24,2,70,1.0860092639923096,285.19445395469666,1.5,,training
NestedUNet_DP_Morph,LungInfection,True,automatic,200.0,True,open,7,0.0001,24,1,70,1.082435131072998,284.12768626213074,1.5,,training
NestedUNet_DP_Morph,LungInfection,True,automatic,200.0,True,open,7,0.0001,24,2,70,1.1197481155395508,286.1551971435547,1.5,,training
NestedUNet_DP_Morph,LungInfection,True,automatic,200.0,True,open,9,0.0001,24,1,70,1.1469368934631348,286.0347423553467,1.5,,training
NestedUNet_DP_Morph,LungInfection,True,automatic,200.0,True,open,9,0.0001,24,2,70,1.1044509410858154,282.91839146614075,1.5,,training
NestedUNet_DP_Morph,LungInfection,True,automatic,200.0,True,both,3,0.0001,24,1,70,1.083332061767578,292.8919515609741,2.0,,training
NestedUNet_DP_Morph,LungInfection,True,automatic,200.0,True,both,3,0.0001,24,2,70,1.168956279754639,284.25939440727234,2.0,,training
NestedUNet_DP_Morph,LungInfection,True,automatic,200.0,True,both,5,0.0001,24,1,70,1.1163649559020996,294.7792327404022,2.0,,training
NestedUNet_DP_Morph,LungInfection,True,automatic,200.0,True,both,5,0.0001,24,2,70,1.0685267448425293,278.58540964126587,2.0,,training
NestedUNet_DP_Morph,LungInfection,True,automatic,200.0,True,both,7,0.0001,24,1,70,1.075887680053711,288.3605480194092,2.0,,training
NestedUNet_DP_Morph,LungInfection,True,automatic,200.0,True,both,7,0.0001,24,2,70,1.1228713989257812,280.76918745040894,2.0,,training
NestedUNet_DP_Morph,LungInfection,True,automatic,200.0,True,both,9,0.0001,24,1,70,1.146791934967041,288.6826469898224,2.0,,training
NestedUNet_DP_Morph,LungInfection,True,automatic,200.0,True,both,9,0.0001,24,2,70,1.073868751525879,283.3914985656738,2.0,,training
NestedUNet_DP_Morph,LungInfection,True,automatic,200.0,True,close,3,0.0001,24,1,70,1.2056972980499268,294.9623534679413,2.0,,training
NestedUNet_DP_Morph,LungInfection,True,automatic,200.0,True,close,3,0.0001,24,2,70,1.087133765220642,284.38627576828003,2.0,,training
NestedUNet_DP_Morph,LungInfection,True,automatic,200.0,True,close,5,0.0001,24,1,70,1.1064692735671997,284.779333114624,2.0,,training
NestedUNet_DP_Morph,LungInfection,True,automatic,200.0,True,close,5,0.0001,24,2,70,1.109830379486084,286.6428518295288,2.0,,training
NestedUNet_DP_Morph,LungInfection,True,automatic,200.0,True,close,7,0.0001,24,1,70,1.0777838230133057,291.6584150791168,2.0,,training
NestedUNet_DP_Morph,LungInfection,True,automatic,200.0,True,close,7,0.0001,24,2,70,1.1275714635849,286.81887125968933,2.0,,training
NestedUNet_DP_Morph,LungInfection,True,automatic,200.0,True,close,9,0.0001,24,1,70,1.144853115081787,298.0823998451233,2.0,,training
NestedUNet_DP_Morph,LungInfection,True,automatic,200.0,True,close,9,0.0001,24,2,70,1.1579177379608154,281.51946353912354,2.0,,training
NestedUNet_DP_Morph,LungInfection,True,automatic,200.0,True,open,3,0.0001,24,1,70,1.1129858493804932,285.03036236763,2.0,,training
NestedUNet_DP_Morph,LungInfection,True,automatic,200.0,True,open,3,0.0001,24,2,70,1.1673420667648315,279.8513984680176,2.0,,training
NestedUNet_DP_Morph,LungInfection,True,automatic,200.0,True,open,5,0.0001,24,1,70,1.1030542850494385,289.09871459007263,2.0,,training
NestedUNet_DP_Morph,LungInfection,True,automatic,200.0,True,open,5,0.0001,24,2,70,1.0895099639892578,279.57050800323486,2.0,,training
NestedUNet_DP_Morph,LungInfection,True,automatic,200.0,True,open,7,0.0001,24,1,70,1.0553334951400757,293.8338670730591,2.0,,training
NestedUNet_DP_Morph,LungInfection,True,automatic,200.0,True,open,7,0.0001,24,2,70,1.0951813459396362,282.30181097984314,2.0,,training
NestedUNet_DP_Morph,LungInfection,True,automatic,200.0,True,open,9,0.0001,24,1,70,1.0565321445465088,285.4942195415497,2.0,,training
NestedUNet_DP_Morph,LungInfection,True,automatic,200.0,True,open,9,0.0001,24,2,70,1.1026949882507324,283.5271351337433,2.0,,training
NestedUNet_DP_Morph,LungInfection,True,automatic,8.0,True,both,5,0.0001,48,1,70,1.3113701343536377,277.7235600948334,1.2,,training
NestedUNet_DP_Morph,LungInfection,True,automatic,8.0,True,both,5,0.0001,48,2,70,1.2968089580535889,276.68439388275146,1.2,,training
NestedUNet_DP_Morph,LungInfection,True,automatic,8.0,True,both,7,0.0001,48,2,70,1.3788950443267822,272.94911527633667,1.2,,training
NestedUNet_DP_Morph,LungInfection,True,automatic,8.0,True,both,7,0.0001,48,1,70,1.3040366172790527,291.70380210876465,1.2,,training
NestedUNet_DP_Morph,LungInfection,True,automatic,8.0,True,both,9,0.0001,48,2,70,1.3430554866790771,306.2395269870758,1.2,,training
NestedUNet_DP_Morph,LungInfection,True,automatic,8.0,True,both,9,0.0001,48,1,70,1.3225889205932615,271.85001730918884,1.2,,training
NestedUNet_DP_Morph,LungInfection,True,automatic,8.0,True,close,3,0.0001,48,1,70,1.3482015132904053,298.3459453582764,1.2,,training
NestedUNet_DP_Morph,LungInfection,True,automatic,8.0,True,close,3,0.0001,48,2,70,1.2710778713226318,273.0995481014252,1.2,,training
NestedUNet_DP_Morph,LungInfection,True,automatic,8.0,True,close,5,0.0001,48,1,70,1.327770471572876,284.6504645347595,1.2,,training
NestedUNet_DP_Morph,LungInfection,True,automatic,8.0,True,close,5,0.0001,48,2,70,1.4384938478469849,294.2690935134888,1.2,,training
NestedUNet_DP_Morph,LungInfection,True,automatic,8.0,True,close,7,0.0001,48,1,70,1.4541301727294922,279.4674439430237,1.2,,training
NestedUNet_DP_Morph,LungInfection,True,automatic,8.0,True,close,7,0.0001,48,2,70,1.4273066520690918,277.9204761981964,1.2,,training
NestedUNet_DP_Morph,LungInfection,True,automatic,8.0,True,close,9,0.0001,48,1,70,1.3027293682098389,280.1947646141052,1.2,,training
NestedUNet_DP_Morph,LungInfection,True,automatic,8.0,True,close,9,0.0001,48,2,70,1.271431803703308,281.8268041610718,1.2,,training
NestedUNet_DP_Morph,LungInfection,True,automatic,8.0,True,open,3,0.0001,48,1,70,1.3126105070114136,285.0020570755005,1.2,,training
NestedUNet_DP_Morph,LungInfection,True,automatic,8.0,True,open,3,0.0001,48,2,70,1.4014300107955933,273.1411616802216,1.2,,training
NestedUNet_DP_Morph,LungInfection,True,automatic,8.0,True,open,5,0.0001,48,2,70,1.240937352180481,280.75923442840576,1.2,,training
NestedUNet_DP_Morph,LungInfection,True,automatic,8.0,True,open,5,0.0001,48,1,70,1.306171178817749,298.4760310649872,1.2,,training
NestedUNet_DP_Morph,LungInfection,True,automatic,8.0,True,open,7,0.0001,48,1,70,1.4461219310760498,289.77108001708984,1.2,,training
NestedUNet_DP_Morph,LungInfection,True,automatic,8.0,True,open,7,0.0001,48,2,70,1.2772233486175537,304.15724420547485,1.2,,training
NestedUNet_DP_Morph,LungInfection,True,automatic,8.0,True,open,9,0.0001,48,1,70,1.4277474880218506,283.7982029914856,1.2,,training
NestedUNet_DP_Morph,LungInfection,True,automatic,8.0,True,open,9,0.0001,48,2,70,1.3567852973937988,276.11544704437256,1.2,,training
NestedUNet_DP_Morph,LungInfection,True,nsgd,8.0,True,both,3,0.0001,48,1,70,1.373805284500122,280.03324151039124,1.2,,training
NestedUNet_DP_Morph,LungInfection,True,nsgd,8.0,True,both,3,0.0001,48,2,70,1.3649537563323977,269.9360167980194,1.2,,training
NestedUNet_DP_Morph,LungInfection,True,nsgd,8.0,True,close,7,0.0001,48,1,70,1.2970776557922363,279.09968304634094,1.2,,training
NestedUNet_DP_Morph,LungInfection,True,nsgd,8.0,True,close,7,0.0001,48,2,70,1.3855009078979492,280.41630268096924,1.2,,training
NestedUNet_DP_Morph,LungInfection,True,nsgd,8.0,True,close,9,0.0001,48,1,70,1.3687262535095217,275.70768761634827,1.2,,training
NestedUNet_DP_Morph,LungInfection,True,nsgd,8.0,True,close,9,0.0001,48,2,70,1.4423840045928955,287.0566864013672,1.2,,training
NestedUNet_DP_Morph,LungInfection,True,nsgd,8.0,True,open,3,0.0001,48,1,70,1.353644847869873,284.52758145332336,1.2,,training
NestedUNet_DP_Morph,LungInfection,True,nsgd,8.0,True,open,3,0.0001,48,2,70,1.401839017868042,300.00833916664124,1.2,,training
NestedUNet_DP_Morph,LungInfection,True,nsgd,8.0,True,open,5,0.0001,48,1,70,1.3236052989959717,288.3214554786682,1.2,,training
NestedUNet_DP_Morph,LungInfection,True,nsgd,8.0,True,open,5,0.0001,48,2,70,1.296892166137695,284.04705810546875,1.2,,training
NestedUNet_DP_Morph,LungInfection,True,psac,8.0,True,both,5,0.0001,48,1,70,1.309273362159729,298.0128884315491,1.2,,training
NestedUNet_DP_Morph,LungInfection,True,psac,8.0,True,both,5,0.0001,48,2,70,1.32246196269989,299.8334152698517,1.2,,training
NestedUNet_DP_Morph,LungInfection,True,psac,8.0,True,both,9,0.0001,48,1,70,1.4743313789367676,311.1219472885132,1.2,,training
NestedUNet_DP_Morph,LungInfection,True,psac,8.0,True,both,9,0.0001,48,2,70,1.3436338901519775,300.4895646572113,1.2,,training
NestedUNet_DP_Morph,LungInfection,True,psac,8.0,True,close,3,0.0001,48,1,70,1.369945764541626,321.5042245388031,1.2,,training
NestedUNet_DP_Morph,LungInfection,True,psac,8.0,True,close,3,0.0001,48,2,70,1.3047306537628174,294.61119055747986,1.2,,training
NestedUNet_DP_Morph,LungInfection,True,psac,8.0,True,close,7,0.0001,48,1,70,1.3150019645690918,302.5288462638855,1.2,,training
NestedUNet_DP_Morph,LungInfection,True,psac,8.0,True,close,7,0.0001,48,2,70,1.393319606781006,299.1933560371399,1.2,,training
NestedUNet_DP_Morph,LungInfection,True,psac,8.0,True,close,9,0.0001,48,1,70,1.4782283306121826,301.4268078804016,1.2,,training
NestedUNet_DP_Morph,LungInfection,True,psac,8.0,True,close,9,0.0001,48,2,70,1.3475852012634275,313.9126446247101,1.2,,training
NestedUNet_DP_Morph,LungInfection,True,psac,8.0,True,open,5,0.0001,48,1,70,1.3015563488006592,308.2963213920593,1.2,,training
NestedUNet_DP_Morph,LungInfection,True,psac,8.0,True,open,5,0.0001,48,2,70,1.3668386936187744,293.8458952903748,1.2,,training
NestedUNet_DP_Morph,LungInfection,True,psac,8.0,True,open,7,0.0001,48,1,70,1.3519287109375,306.38289403915405,1.2,,training
NestedUNet_DP_Morph,LungInfection,True,psac,8.0,True,open,7,0.0001,48,2,70,1.3471660614013672,316.5851445198059,1.2,,training
NestedUNet_DP_Morph,LungInfection,True,psac,8.0,True,open,9,0.0001,48,1,70,1.3673079013824463,320.49542689323425,1.2,,training
NestedUNet_DP_Morph,LungInfection,True,psac,8.0,True,open,9,0.0001,48,2,70,1.331899642944336,300.16246032714844,1.2,,training
NestedUNet_DP_Morph,LungInfection,True,automatic,8.0,True,both,3,0.0001,48,1,70,1.3120174407958984,282.06937527656555,1.5,,training
NestedUNet_DP_Morph,LungInfection,True,automatic,8.0,True,both,3,0.0001,48,2,70,1.271778583526611,279.6260042190552,1.5,,training
NestedUNet_DP_Morph,LungInfection,True,automatic,8.0,True,both,5,0.0001,48,2,70,1.4355806112289429,279.64640855789185,1.5,,training
NestedUNet_DP_Morph,LungInfection,True,automatic,8.0,True,both,5,0.0001,48,1,70,1.4071519374847412,279.94007635116577,1.5,,training
NestedUNet_DP_Morph,LungInfection,True,automatic,8.0,True,both,7,0.0001,48,1,70,1.268582820892334,283.4830801486969,1.5,,training
NestedUNet_DP_Morph,LungInfection,True,automatic,8.0,True,both,7,0.0001,48,2,70,1.2676188945770264,277.9226312637329,1.5,,training
NestedUNet_DP_Morph,LungInfection,True,automatic,8.0,True,both,9,0.0001,48,1,70,1.268038034439087,286.8645462989807,1.5,,training
NestedUNet_DP_Morph,LungInfection,True,automatic,8.0,True,both,9,0.0001,48,2,70,1.2716872692108154,295.3244616985321,1.5,,training
NestedUNet_DP_Morph,LungInfection,True,automatic,8.0,True,close,3,0.0001,48,1,70,1.364022970199585,279.4446196556092,1.5,,training
NestedUNet_DP_Morph,LungInfection,True,automatic,8.0,True,close,3,0.0001,48,2,70,1.30592679977417,273.6539304256439,1.5,,training
NestedUNet_DP_Morph,LungInfection,True,automatic,8.0,True,close,5,0.0001,48,2,70,1.3506126403808594,273.59363317489624,1.5,,training
NestedUNet_DP_Morph,LungInfection,True,automatic,8.0,True,close,5,0.0001,48,1,70,1.3096365928649902,288.1727886199951,1.5,,training
NestedUNet_DP_Morph,LungInfection,True,automatic,8.0,True,close,7,0.0001,48,1,70,1.3263005018234253,276.63624477386475,1.5,,training
NestedUNet_DP_Morph,LungInfection,True,automatic,8.0,True,close,7,0.0001,48,2,70,1.3115103244781494,279.3127472400665,1.5,,training
NestedUNet_DP_Morph,LungInfection,True,automatic,8.0,True,close,9,0.0001,48,1,70,1.379868507385254,279.77579641342163,1.5,,training
NestedUNet_DP_Morph,LungInfection,True,automatic,8.0,True,close,9,0.0001,48,2,70,1.3486593961715698,278.4023106098175,1.5,,training
NestedUNet_DP_Morph,LungInfection,True,automatic,8.0,True,open,3,0.0001,48,1,70,1.2998210191726685,283.1574940681457,1.5,,training
NestedUNet_DP_Morph,LungInfection,True,automatic,8.0,True,open,3,0.0001,48,2,70,1.3490090370178225,292.2916100025177,1.5,,training
NestedUNet_DP_Morph,LungInfection,True,automatic,8.0,True,open,5,0.0001,48,1,70,1.3853600025177002,297.8138542175293,1.5,,training
NestedUNet_DP_Morph,LungInfection,True,automatic,8.0,True,open,5,0.0001,48,2,70,1.2840209007263184,276.7565121650696,1.5,,training
NestedUNet_DP_Morph,LungInfection,True,automatic,8.0,True,open,7,0.0001,48,1,70,1.3178131580352783,280.90031909942627,1.5,,training
NestedUNet_DP_Morph,LungInfection,True,automatic,8.0,True,open,7,0.0001,48,2,70,1.4048254489898682,290.6164994239807,1.5,,training
NestedUNet_DP_Morph,LungInfection,True,automatic,8.0,True,open,9,0.0001,48,1,70,1.3470704555511477,287.853147983551,1.5,,training
NestedUNet_DP_Morph,LungInfection,True,automatic,8.0,True,open,9,0.0001,48,2,70,1.294050693511963,289.0880928039551,1.5,,training
NestedUNet_DP_Morph,LungInfection,True,nsgd,8.0,True,both,5,0.0001,48,1,70,1.435993194580078,290.7027904987335,1.5,,training
NestedUNet_DP_Morph,LungInfection,True,nsgd,8.0,True,both,5,0.0001,48,2,70,1.3628523349761963,302.4991018772125,1.5,,training
NestedUNet_DP_Morph,LungInfection,True,nsgd,8.0,True,both,9,0.0001,48,1,70,1.362889289855957,302.2931635379791,1.5,,training
NestedUNet_DP_Morph,LungInfection,True,nsgd,8.0,True,both,9,0.0001,48,2,70,1.3864054679870603,298.0260984897613,1.5,,training
NestedUNet_DP_Morph,LungInfection,True,nsgd,8.0,True,close,5,0.0001,48,1,70,1.4312427043914795,291.96171259880066,1.5,,training
NestedUNet_DP_Morph,LungInfection,True,nsgd,8.0,True,close,5,0.0001,48,2,70,1.369584321975708,296.5573241710663,1.5,,training
NestedUNet_DP_Morph,LungInfection,True,psac,8.0,True,both,7,0.0001,48,1,70,1.281871318817139,307.79568886756897,1.5,,training
NestedUNet_DP_Morph,LungInfection,True,psac,8.0,True,both,7,0.0001,48,2,70,1.3250861167907717,306.5669572353363,1.5,,training
NestedUNet_DP_Morph,LungInfection,True,psac,8.0,True,close,5,0.0001,48,1,70,1.5173828601837158,306.7819714546204,1.5,,training
NestedUNet_DP_Morph,LungInfection,True,psac,8.0,True,close,5,0.0001,48,2,70,1.3974251747131348,307.8427610397339,1.5,,training
NestedUNet_DP_Morph,LungInfection,True,automatic,8.0,True,both,3,0.0001,48,1,70,1.3117804527282717,294.74907207489014,2.0,,training
NestedUNet_DP_Morph,LungInfection,True,automatic,8.0,True,both,3,0.0001,48,2,70,1.3150479793548584,296.1210873126984,2.0,,training
NestedUNet_DP_Morph,LungInfection,True,automatic,8.0,True,both,5,0.0001,48,2,70,1.2981622219085691,283.8626480102539,2.0,,training
NestedUNet_DP_Morph,LungInfection,True,automatic,8.0,True,both,5,0.0001,48,1,70,1.322808027267456,301.11425042152405,2.0,,training
NestedUNet_DP_Morph,LungInfection,True,automatic,8.0,True,both,7,0.0001,48,2,70,1.2993954420089722,295.1522550582886,2.0,,training
NestedUNet_DP_Morph,LungInfection,True,automatic,8.0,True,both,7,0.0001,48,1,70,1.2346398830413818,271.37847661972046,2.0,,training
NestedUNet_DP_Morph,LungInfection,True,automatic,8.0,True,both,9,0.0001,48,1,70,1.3323537111282349,299.2183041572571,2.0,,training
NestedUNet_DP_Morph,LungInfection,True,automatic,8.0,True,both,9,0.0001,48,2,70,1.2886083126068115,285.75859236717224,2.0,,training
NestedUNet_DP_Morph,LungInfection,True,automatic,8.0,True,close,3,0.0001,48,1,70,1.3222228288650513,288.3421995639801,2.0,,training
NestedUNet_DP_Morph,LungInfection,True,automatic,8.0,True,close,3,0.0001,48,2,70,1.3504198789596558,281.04692935943604,2.0,,training
NestedUNet_DP_Morph,LungInfection,True,automatic,8.0,True,close,5,0.0001,48,1,70,1.2411725521087646,285.52670550346375,2.0,,training
NestedUNet_DP_Morph,LungInfection,True,automatic,8.0,True,close,5,0.0001,48,2,70,1.2941391468048096,282.0015070438385,2.0,,training
NestedUNet_DP_Morph,LungInfection,True,automatic,8.0,True,close,7,0.0001,48,1,70,1.4192522764205933,278.11289644241333,2.0,,training
NestedUNet_DP_Morph,LungInfection,True,automatic,8.0,True,close,7,0.0001,48,2,70,1.3259773254394531,279.6457495689392,2.0,,training
NestedUNet_DP_Morph,LungInfection,True,automatic,8.0,True,close,9,0.0001,48,1,70,1.2942914962768557,279.2035074234009,2.0,,training
NestedUNet_DP_Morph,LungInfection,True,automatic,8.0,True,close,9,0.0001,48,2,70,1.3059245347976685,278.3390781879425,2.0,,training
NestedUNet_DP_Morph,LungInfection,True,automatic,8.0,True,open,3,0.0001,48,1,70,1.3366470336914062,289.3490281105041,2.0,,training
NestedUNet_DP_Morph,LungInfection,True,automatic,8.0,True,open,3,0.0001,48,2,70,1.271517634391785,289.686354637146,2.0,,training
NestedUNet_DP_Morph,LungInfection,True,automatic,8.0,True,open,5,0.0001,48,2,70,1.2707483768463137,296.8193461894989,2.0,,training
NestedUNet_DP_Morph,LungInfection,True,automatic,8.0,True,open,5,0.0001,48,1,70,1.3101427555084229,291.4115831851959,2.0,,training
NestedUNet_DP_Morph,LungInfection,True,automatic,8.0,True,open,7,0.0001,48,2,70,1.37706458568573,275.38514399528503,2.0,,training
NestedUNet_DP_Morph,LungInfection,True,automatic,8.0,True,open,7,0.0001,48,1,70,1.2992619276046753,293.47816276550293,2.0,,training
NestedUNet_DP_Morph,LungInfection,True,automatic,8.0,True,open,9,0.0001,48,1,70,1.3148317337036133,289.4013752937317,2.0,,training
NestedUNet_DP_Morph,LungInfection,True,automatic,8.0,True,open,9,0.0001,48,2,70,1.456902265548706,295.6073942184448,2.0,,training
NestedUNet_DP_Morph,LungInfection,True,nsgd,8.0,True,close,3,0.0001,48,1,70,1.537605047225952,279.99876070022583,2.0,,training
NestedUNet_DP_Morph,LungInfection,True,nsgd,8.0,True,close,3,0.0001,48,2,70,1.3821613788604736,298.7254021167755,2.0,,training
NestedUNet_DP_Morph,LungInfection,True,nsgd,8.0,True,open,9,0.0001,48,1,70,1.3718748092651367,277.2003471851349,2.0,,training
NestedUNet_DP_Morph,LungInfection,True,nsgd,8.0,True,open,9,0.0001,48,2,70,1.6001975536346436,284.5479850769043,2.0,,training
NestedUNet_DP_Morph,LungInfection,True,psac,8.0,True,both,3,0.0001,48,1,70,1.5047301054000854,314.31814312934875,2.0,,training
NestedUNet_DP_Morph,LungInfection,True,psac,8.0,True,both,3,0.0001,48,2,70,1.3293156623840332,295.71143221855164,2.0,,training
NestedUNet_DP_Morph,LungInfection,True,automatic,200.0,True,both,3,0.0001,48,1,70,1.1558306217193604,290.728657245636,1.2,,training
NestedUNet_DP_Morph,LungInfection,True,automatic,200.0,True,both,3,0.0001,48,2,70,1.120887279510498,283.1593029499054,1.2,,training
NestedUNet_DP_Morph,LungInfection,True,automatic,200.0,True,both,5,0.0001,48,2,70,1.1660103797912598,297.1593792438507,1.2,,training
NestedUNet_DP_Morph,LungInfection,True,automatic,200.0,True,both,5,0.0001,48,1,70,1.0876245498657229,288.0908422470093,1.2,,training
NestedUNet_DP_Morph,LungInfection,True,automatic,200.0,True,both,7,0.0001,48,1,70,1.1325016021728516,293.4342129230499,1.2,,training
NestedUNet_DP_Morph,LungInfection,True,automatic,200.0,True,both,7,0.0001,48,2,70,1.0752830505371094,291.8202290534973,1.2,,training
NestedUNet_DP_Morph,LungInfection,True,automatic,200.0,True,both,9,0.0001,48,2,70,1.177139401435852,292.8992033004761,1.2,,training
NestedUNet_DP_Morph,LungInfection,True,automatic,200.0,True,both,9,0.0001,48,1,70,1.1203999519348145,301.77775835990906,1.2,,training
NestedUNet_DP_Morph,LungInfection,True,automatic,200.0,True,close,3,0.0001,48,1,70,1.1309148073196411,283.26378750801086,1.2,,training
NestedUNet_DP_Morph,LungInfection,True,automatic,200.0,True,close,3,0.0001,48,2,70,1.122661828994751,289.0954897403717,1.2,,training
NestedUNet_DP_Morph,LungInfection,True,automatic,200.0,True,close,5,0.0001,48,1,70,1.1172730922698977,305.5296013355255,1.2,,training
NestedUNet_DP_Morph,LungInfection,True,automatic,200.0,True,close,5,0.0001,48,2,70,1.1764421463012695,268.66639590263367,1.2,,training
NestedUNet_DP_Morph,LungInfection,True,automatic,200.0,True,close,7,0.0001,48,1,70,1.0944557189941406,279.6299846172333,1.2,,training
NestedUNet_DP_Morph,LungInfection,True,automatic,200.0,True,close,7,0.0001,48,2,70,1.1543337106704712,288.3230187892914,1.2,,training
NestedUNet_DP_Morph,LungInfection,True,automatic,200.0,True,close,9,0.0001,48,1,70,1.1988767385482788,281.10106658935547,1.2,,training
NestedUNet_DP_Morph,LungInfection,True,automatic,200.0,True,close,9,0.0001,48,2,70,1.094205617904663,281.5101101398468,1.2,,training
NestedUNet_DP_Morph,LungInfection,True,automatic,200.0,True,open,3,0.0001,48,1,70,1.097102165222168,288.120477437973,1.2,,training
NestedUNet_DP_Morph,LungInfection,True,automatic,200.0,True,open,3,0.0001,48,2,70,1.134493112564087,299.3359403610229,1.2,,training
NestedUNet_DP_Morph,LungInfection,True,automatic,200.0,True,open,5,0.0001,48,2,70,1.1585232019424438,281.82350754737854,1.2,,training
NestedUNet_DP_Morph,LungInfection,True,automatic,200.0,True,open,5,0.0001,48,1,70,1.1624970436096191,307.70365810394287,1.2,,training
NestedUNet_DP_Morph,LungInfection,True,automatic,200.0,True,open,7,0.0001,48,1,70,1.0957026481628418,279.6829106807709,1.2,,training
NestedUNet_DP_Morph,LungInfection,True,automatic,200.0,True,open,7,0.0001,48,2,70,1.1119635105133057,284.7357974052429,1.2,,training
NestedUNet_DP_Morph,LungInfection,True,automatic,200.0,True,open,9,0.0001,48,1,70,1.0641989707946775,285.21103072166443,1.2,,training
NestedUNet_DP_Morph,LungInfection,True,automatic,200.0,True,open,9,0.0001,48,2,70,1.1811208724975586,278.10343980789185,1.2,,training
NestedUNet_DP_Morph,LungInfection,True,nsgd,200.0,True,both,3,0.0001,48,1,70,1.133832931518555,301.1250014305115,1.2,,training
NestedUNet_DP_Morph,LungInfection,True,nsgd,200.0,True,both,3,0.0001,48,2,70,1.0949945449829102,286.27701473236084,1.2,,training
NestedUNet_DP_Morph,LungInfection,True,nsgd,200.0,True,both,7,0.0001,48,1,70,1.1573251485824585,294.0750982761383,1.2,,training
NestedUNet_DP_Morph,LungInfection,True,nsgd,200.0,True,both,7,0.0001,48,2,70,1.2099881172180176,290.50703287124634,1.2,,training
NestedUNet_DP_Morph,LungInfection,True,nsgd,200.0,True,both,9,0.0001,48,1,70,1.2070860862731934,307.8807246685028,1.2,,training
NestedUNet_DP_Morph,LungInfection,True,nsgd,200.0,True,both,9,0.0001,48,2,70,1.090215802192688,301.739853143692,1.2,,training
NestedUNet_DP_Morph,LungInfection,True,nsgd,200.0,True,close,3,0.0001,48,1,70,1.2554616928100586,288.655145406723,1.2,,training
NestedUNet_DP_Morph,LungInfection,True,nsgd,200.0,True,close,3,0.0001,48,2,70,1.1861047744750977,286.4517240524292,1.2,,training
NestedUNet_DP_Morph,LungInfection,True,nsgd,200.0,True,close,5,0.0001,48,1,70,1.19612455368042,294.19387435913086,1.2,,training
NestedUNet_DP_Morph,LungInfection,True,nsgd,200.0,True,close,5,0.0001,48,2,70,1.1451430320739746,298.20884466171265,1.2,,training
NestedUNet_DP_Morph,LungInfection,True,nsgd,200.0,True,open,5,0.0001,48,1,70,1.1135005950927734,290.4948391914368,1.2,,training
NestedUNet_DP_Morph,LungInfection,True,nsgd,200.0,True,open,5,0.0001,48,2,70,1.105988383293152,300.4391436576843,1.2,,training
NestedUNet_DP_Morph,LungInfection,True,nsgd,200.0,True,open,7,0.0001,48,1,70,1.1194437742233276,283.358948469162,1.2,,training
NestedUNet_DP_Morph,LungInfection,True,nsgd,200.0,True,open,7,0.0001,48,2,70,1.1047382354736328,308.9052059650421,1.2,,training
NestedUNet_DP_Morph,LungInfection,True,nsgd,200.0,True,open,9,0.0001,48,1,70,1.1666243076324463,289.6906645298004,1.2,,training
NestedUNet_DP_Morph,LungInfection,True,nsgd,200.0,True,open,9,0.0001,48,2,70,1.2519629001617432,290.357399225235,1.2,,training
NestedUNet_DP_Morph,LungInfection,True,psac,200.0,True,both,3,0.0001,48,1,70,1.2375198602676392,305.785751581192,1.2,,training
NestedUNet_DP_Morph,LungInfection,True,psac,200.0,True,both,3,0.0001,48,2,70,1.1002570390701294,315.23235750198364,1.2,,training
NestedUNet_DP_Morph,LungInfection,True,psac,200.0,True,both,7,0.0001,48,1,70,1.146511793136597,313.70473051071167,1.2,,training
NestedUNet_DP_Morph,LungInfection,True,psac,200.0,True,both,7,0.0001,48,2,70,1.1527111530303955,323.70558977127075,1.2,,training
NestedUNet_DP_Morph,LungInfection,True,psac,200.0,True,close,3,0.0001,48,1,70,1.1004871129989624,311.1037199497223,1.2,,training
NestedUNet_DP_Morph,LungInfection,True,psac,200.0,True,close,3,0.0001,48,2,70,1.177645564079285,305.2519950866699,1.2,,training
NestedUNet_DP_Morph,LungInfection,True,psac,200.0,True,close,7,0.0001,48,1,70,1.1194264888763428,312.2204689979553,1.2,,training
NestedUNet_DP_Morph,LungInfection,True,psac,200.0,True,close,7,0.0001,48,2,70,1.135472059249878,303.0126762390137,1.2,,training
NestedUNet_DP_Morph,LungInfection,True,psac,200.0,True,close,9,0.0001,48,1,70,1.1671481132507324,304.68391370773315,1.2,,training
NestedUNet_DP_Morph,LungInfection,True,psac,200.0,True,close,9,0.0001,48,2,70,1.1666653156280518,318.3137447834015,1.2,,training
NestedUNet_DP_Morph,LungInfection,True,psac,200.0,True,open,5,0.0001,48,1,70,1.104934573173523,301.2393550872803,1.2,,training
NestedUNet_DP_Morph,LungInfection,True,psac,200.0,True,open,5,0.0001,48,2,70,1.154747486114502,305.45390701293945,1.2,,training
NestedUNet_DP_Morph,LungInfection,True,automatic,200.0,True,both,3,0.0001,48,1,70,1.0708115100860596,295.0574927330017,1.5,,training
NestedUNet_DP_Morph,LungInfection,True,automatic,200.0,True,both,3,0.0001,48,2,70,1.1554553508758545,294.96327924728394,1.5,,training
NestedUNet_DP_Morph,LungInfection,True,automatic,200.0,True,both,5,0.0001,48,1,70,1.125251293182373,287.4980969429016,1.5,,training
NestedUNet_DP_Morph,LungInfection,True,automatic,200.0,True,both,5,0.0001,48,2,70,1.0605509281158447,274.2719156742096,1.5,,training
NestedUNet_DP_Morph,LungInfection,True,automatic,200.0,True,both,7,0.0001,48,1,70,1.1055381298065186,282.2512822151184,1.5,,training
NestedUNet_DP_Morph,LungInfection,True,automatic,200.0,True,both,7,0.0001,48,2,70,1.0921357870101929,276.4287323951721,1.5,,training
NestedUNet_DP_Morph,LungInfection,True,automatic,200.0,True,both,9,0.0001,48,1,70,1.128814935684204,299.85227513313293,1.5,,training
NestedUNet_DP_Morph,LungInfection,True,automatic,200.0,True,both,9,0.0001,48,2,70,1.120962381362915,294.13692331314087,1.5,,training
NestedUNet_DP_Morph,LungInfection,True,automatic,200.0,True,close,3,0.0001,48,1,70,1.1220800876617432,278.82722520828247,1.5,,training
NestedUNet_DP_Morph,LungInfection,True,automatic,200.0,True,close,3,0.0001,48,2,70,1.1089425086975098,282.3619487285614,1.5,,training
NestedUNet_DP_Morph,LungInfection,True,automatic,200.0,True,close,5,0.0001,48,1,70,1.100783348083496,281.6231541633606,1.5,,training
NestedUNet_DP_Morph,LungInfection,True,automatic,200.0,True,close,5,0.0001,48,2,70,1.12707257270813,285.85813164711,1.5,,training
NestedUNet_DP_Morph,LungInfection,True,automatic,200.0,True,close,7,0.0001,48,1,70,1.119886875152588,314.41708755493164,1.5,,training
NestedUNet_DP_Morph,LungInfection,True,automatic,200.0,True,close,7,0.0001,48,2,70,1.1941730976104736,274.4020655155182,1.5,,training
NestedUNet_DP_Morph,LungInfection,True,automatic,200.0,True,close,9,0.0001,48,2,70,1.1384994983673096,302.21350860595703,1.5,,training
NestedUNet_DP_Morph,LungInfection,True,automatic,200.0,True,close,9,0.0001,48,1,70,1.1209354400634766,295.5136744976044,1.5,,training
NestedUNet_DP_Morph,LungInfection,True,automatic,200.0,True,open,3,0.0001,48,1,70,1.0939724445343018,291.2391424179077,1.5,,training
NestedUNet_DP_Morph,LungInfection,True,automatic,200.0,True,open,3,0.0001,48,2,70,1.070461988449097,279.3123548030853,1.5,,training
NestedUNet_DP_Morph,LungInfection,True,automatic,200.0,True,open,5,0.0001,48,1,70,1.083441972732544,287.3240580558777,1.5,,training
NestedUNet_DP_Morph,LungInfection,True,automatic,200.0,True,open,5,0.0001,48,2,70,1.0957484245300293,303.52475357055664,1.5,,training
NestedUNet_DP_Morph,LungInfection,True,automatic,200.0,True,open,7,0.0001,48,2,70,1.132096529006958,286.3524706363678,1.5,,training
NestedUNet_DP_Morph,LungInfection,True,automatic,200.0,True,open,7,0.0001,48,1,70,1.124909281730652,312.9529514312744,1.5,,training
NestedUNet_DP_Morph,LungInfection,True,automatic,200.0,True,open,9,0.0001,48,2,70,1.1330621242523191,289.9812994003296,1.5,,training
NestedUNet_DP_Morph,LungInfection,True,automatic,200.0,True,open,9,0.0001,48,1,70,1.1070544719696045,313.7074615955353,1.5,,training
NestedUNet_DP_Morph,LungInfection,True,nsgd,200.0,True,close,7,0.0001,48,1,70,1.2186408042907717,295.70366954803467,1.5,,training
NestedUNet_DP_Morph,LungInfection,True,nsgd,200.0,True,close,7,0.0001,48,2,70,1.1519062519073486,282.1312265396118,1.5,,training
NestedUNet_DP_Morph,LungInfection,True,nsgd,200.0,True,open,3,0.0001,48,1,70,1.1454224586486816,299.6909236907959,1.5,,training
NestedUNet_DP_Morph,LungInfection,True,nsgd,200.0,True,open,3,0.0001,48,2,70,1.1596152782440186,284.7498300075531,1.5,,training
NestedUNet_DP_Morph,LungInfection,True,psac,200.0,True,both,5,0.0001,48,1,70,1.1450294256210327,308.8145809173584,1.5,,training
NestedUNet_DP_Morph,LungInfection,True,psac,200.0,True,both,5,0.0001,48,2,70,1.1926292181015017,293.54303789138794,1.5,,training
NestedUNet_DP_Morph,LungInfection,True,psac,200.0,True,both,9,0.0001,48,1,70,1.2382068634033203,309.08625507354736,1.5,,training
NestedUNet_DP_Morph,LungInfection,True,psac,200.0,True,both,9,0.0001,48,2,70,1.2211532592773438,299.8115875720978,1.5,,training
NestedUNet_DP_Morph,LungInfection,True,psac,200.0,True,open,3,0.0001,48,1,70,1.092327356338501,303.14551854133606,1.5,,training
NestedUNet_DP_Morph,LungInfection,True,psac,200.0,True,open,3,0.0001,48,2,70,1.0792934894561768,301.5922689437866,1.5,,training
NestedUNet_DP_Morph,LungInfection,True,psac,200.0,True,open,7,0.0001,48,1,70,1.2191015481948853,306.2173821926117,1.5,,training
NestedUNet_DP_Morph,LungInfection,True,psac,200.0,True,open,7,0.0001,48,2,70,1.1025490760803225,314.87843561172485,1.5,,training
NestedUNet_DP_Morph,LungInfection,True,psac,200.0,True,open,9,0.0001,48,1,70,1.1053627729415894,315.0407636165619,1.5,,training
NestedUNet_DP_Morph,LungInfection,True,psac,200.0,True,open,9,0.0001,48,2,70,1.0834473371505735,311.48554253578186,1.5,,training
NestedUNet_DP_Morph,LungInfection,True,automatic,200.0,True,both,3,0.0001,48,1,70,1.0666608810424805,278.5824122428894,2.0,,training
NestedUNet_DP_Morph,LungInfection,True,automatic,200.0,True,both,3,0.0001,48,2,70,1.0734617710113523,282.15887808799744,2.0,,training
NestedUNet_DP_Morph,LungInfection,True,automatic,200.0,True,both,5,0.0001,48,1,70,1.0951530933380127,286.05416345596313,2.0,,training
NestedUNet_DP_Morph,LungInfection,True,automatic,200.0,True,both,5,0.0001,48,2,70,1.199024677276611,286.3543679714203,2.0,,training
NestedUNet_DP_Morph,LungInfection,True,automatic,200.0,True,both,7,0.0001,48,1,70,1.1399567127227783,309.51868629455566,2.0,,training
NestedUNet_DP_Morph,LungInfection,True,automatic,200.0,True,both,7,0.0001,48,2,70,1.1554569005966189,286.89516615867615,2.0,,training
NestedUNet_DP_Morph,LungInfection,True,automatic,200.0,True,both,9,0.0001,48,1,70,1.147674560546875,309.42854261398315,2.0,,training
NestedUNet_DP_Morph,LungInfection,True,automatic,200.0,True,both,9,0.0001,48,2,70,1.092872977256775,306.675726890564,2.0,,training
NestedUNet_GroupNorm,LungInfection,False,none,0.0,False,none,0,0.0001,24,1,70,0.9350636005401612,134.656888961792,,,training
NestedUNet_GroupNorm,LungInfection,False,none,0.0,False,none,0,0.0001,24,2,70,0.9139205813407898,92.60643601417542,,,training
NestedUNet_GroupNorm,LungInfection,False,none,0.0,False,none,0,0.0001,48,1,70,1.0242364406585691,150.6009213924408,,,training
NestedUNet_GroupNorm,LungInfection,False,none,0.0,False,none,0,0.0001,48,2,70,0.963626265525818,118.93286323547365,,,training
NestedUNet_Morph_GroupNorm,LungInfection,False,none,0.0,True,both,3,0.0001,24,1,70,0.909810483455658,156.75422644615173,,,training
NestedUNet_Morph_GroupNorm,LungInfection,False,none,0.0,True,both,3,0.0001,24,2,70,0.8161882162094116,95.95895624160768,,,training
NestedUNet_Morph_GroupNorm,LungInfection,False,none,0.0,True,both,5,0.0001,24,1,70,0.881790041923523,155.09786224365234,,,training
NestedUNet_Morph_GroupNorm,LungInfection,False,none,0.0,True,both,5,0.0001,24,2,70,0.8844701051712036,96.53504776954652,,,training
NestedUNet_Morph_GroupNorm,LungInfection,False,none,0.0,True,both,7,0.0001,24,1,70,0.7967728972434998,150.94905495643616,,,training
NestedUNet_Morph_GroupNorm,LungInfection,False,none,0.0,True,both,7,0.0001,24,2,70,0.9193109273910522,97.61766934394836,,,training
NestedUNet_Morph_GroupNorm,LungInfection,False,none,0.0,True,both,9,0.0001,24,1,70,0.7901927828788757,97.60700392723083,,,training
NestedUNet_Morph_GroupNorm,LungInfection,False,none,0.0,True,both,9,0.0001,24,2,70,0.7842446565628052,98.9222469329834,,,training
NestedUNet_Morph_GroupNorm,LungInfection,False,none,0.0,True,close,3,0.0001,24,1,70,0.912925124168396,93.96950578689577,,,training
NestedUNet_Morph_GroupNorm,LungInfection,False,none,0.0,True,close,3,0.0001,24,2,70,0.9450291991233826,96.11964416503906,,,training
NestedUNet_Morph_GroupNorm,LungInfection,False,none,0.0,True,close,5,0.0001,24,1,70,0.8418395519256592,102.06880378723145,,,training
NestedUNet_Morph_GroupNorm,LungInfection,False,none,0.0,True,close,5,0.0001,24,2,70,1.0351769924163818,96.35319471359252,,,training
NestedUNet_Morph_GroupNorm,LungInfection,False,none,0.0,True,close,7,0.0001,24,1,70,0.929153323173523,154.62652564048767,,,training
NestedUNet_Morph_GroupNorm,LungInfection,False,none,0.0,True,close,7,0.0001,24,2,70,0.950234830379486,96.77618360519408,,,training
NestedUNet_Morph_GroupNorm,LungInfection,False,none,0.0,True,close,9,0.0001,24,1,70,0.9294595718383788,112.3206741809845,,,training
NestedUNet_Morph_GroupNorm,LungInfection,False,none,0.0,True,close,9,0.0001,24,2,70,0.9102345705032348,97.058331489563,,,training
NestedUNet_Morph_GroupNorm,LungInfection,False,none,0.0,True,open,3,0.0001,24,1,70,1.1267013549804688,97.6340856552124,,,training
NestedUNet_Morph_GroupNorm,LungInfection,False,none,0.0,True,open,3,0.0001,24,2,70,0.8880035281181335,95.87923645973206,,,training
NestedUNet_Morph_GroupNorm,LungInfection,False,none,0.0,True,open,5,0.0001,24,1,70,0.8169701099395752,95.06866693496704,,,training
NestedUNet_Morph_GroupNorm,LungInfection,False,none,0.0,True,open,5,0.0001,24,2,70,0.869186520576477,96.40393686294556,,,training
NestedUNet_Morph_GroupNorm,LungInfection,False,none,0.0,True,open,7,0.0001,24,1,70,0.8108266592025757,145.04614853858948,,,training
NestedUNet_Morph_GroupNorm,LungInfection,False,none,0.0,True,open,7,0.0001,24,2,70,0.8379327654838562,96.63536143302916,,,training
NestedUNet_Morph_GroupNorm,LungInfection,False,none,0.0,True,open,9,0.0001,24,1,70,0.8658842444419861,97.75291442871094,,,training
NestedUNet_Morph_GroupNorm,LungInfection,False,none,0.0,True,open,9,0.0001,24,2,70,0.843463122844696,97.01734113693236,,,training
NestedUNet_Morph_GroupNorm,LungInfection,False,none,0.0,True,both,3,0.0001,48,1,70,1.0214648246765137,173.53698015213013,,,training
NestedUNet_Morph_GroupNorm,LungInfection,False,none,0.0,True,both,3,0.0001,48,2,70,0.9538564682006836,117.18819761276244,,,training
NestedUNet_Morph_GroupNorm,LungInfection,False,none,0.0,True,both,5,0.0001,48,1,70,0.9465849995613098,138.34305357933044,,,training
NestedUNet_Morph_GroupNorm,LungInfection,False,none,0.0,True,both,5,0.0001,48,2,70,0.9030457139015198,113.43826842308044,,,training
NestedUNet_Morph_GroupNorm,LungInfection,False,none,0.0,True,both,7,0.0001,48,1,70,0.9901788234710692,184.2573108673096,,,training
NestedUNet_Morph_GroupNorm,LungInfection,False,none,0.0,True,both,7,0.0001,48,2,70,0.8979358673095703,132.11000323295593,,,training
NestedUNet_Morph_GroupNorm,LungInfection,False,none,0.0,True,both,9,0.0001,48,1,70,0.9617058038711548,159.70829892158508,,,training
NestedUNet_Morph_GroupNorm,LungInfection,False,none,0.0,True,both,9,0.0001,48,2,70,0.99489563703537,130.38838481903076,,,training
NestedUNet_Morph_GroupNorm,LungInfection,False,none,0.0,True,close,3,0.0001,48,1,70,1.0322308540344238,167.88830828666687,,,training
NestedUNet_Morph_GroupNorm,LungInfection,False,none,0.0,True,close,3,0.0001,48,2,70,0.9361494779586792,122.8738625049591,,,training
NestedUNet_Morph_GroupNorm,LungInfection,False,none,0.0,True,close,5,0.0001,48,1,70,1.0260212421417236,175.66448783874512,,,training
NestedUNet_Morph_GroupNorm,LungInfection,False,none,0.0,True,close,5,0.0001,48,2,70,0.9627419710159302,127.42073345184326,,,training
NestedUNet_Morph_GroupNorm,LungInfection,False,none,0.0,True,close,7,0.0001,48,1,70,1.1095468997955322,146.50966024398804,,,training
NestedUNet_Morph_GroupNorm,LungInfection,False,none,0.0,True,close,7,0.0001,48,2,70,1.0369563102722168,127.12698030471802,,,training
NestedUNet_Morph_GroupNorm,LungInfection,False,none,0.0,True,close,9,0.0001,48,1,70,0.9618699550628662,167.97012281417847,,,training
NestedUNet_Morph_GroupNorm,LungInfection,False,none,0.0,True,close,9,0.0001,48,2,70,0.9112870693206788,117.71496438980104,,,training
NestedUNet_Morph_GroupNorm,LungInfection,False,none,0.0,True,open,3,0.0001,48,1,70,0.9618473052978516,147.2316083908081,,,training
NestedUNet_Morph_GroupNorm,LungInfection,False,none,0.0,True,open,3,0.0001,48,2,70,1.0265233516693115,120.64763641357422,,,training
NestedUNet_Morph_GroupNorm,LungInfection,False,none,0.0,True,open,5,0.0001,48,1,70,0.9587807059288024,180.39837336540225,,,training
NestedUNet_Morph_GroupNorm,LungInfection,False,none,0.0,True,open,5,0.0001,48,2,70,1.0194250345230105,127.71141242980956,,,training
NestedUNet_Morph_GroupNorm,LungInfection,False,none,0.0,True,open,7,0.0001,48,1,70,0.9768798351287842,153.1977500915527,,,training
NestedUNet_Morph_GroupNorm,LungInfection,False,none,0.0,True,open,7,0.0001,48,2,70,0.9607213139533995,128.61079263687134,,,training
NestedUNet_Morph_GroupNorm,LungInfection,False,none,0.0,True,open,9,0.0001,48,1,70,0.8672961592674255,179.10302329063416,,,training
NestedUNet_Morph_GroupNorm,LungInfection,False,none,0.0,True,open,9,0.0001,48,2,70,0.989553928375244,116.47307109832764,,,training
UNet_DP,LungInfection,True,automatic,8.0,False,none,0,0.0001,24,2,70,1.4194397926330566,90.88622760772704,1.2,,training
UNet_DP,LungInfection,True,automatic,8.0,False,none,0,0.0001,24,1,70,1.442399024963379,117.0416967868805,1.2,,training
UNet_DP,LungInfection,True,base,8.0,False,none,0,0.0001,24,1,70,1.5122947692871094,91.79866647720335,1.2,,training
UNet_DP,LungInfection,True,base,8.0,False,none,0,0.0001,24,2,70,1.473318099975586,90.77915906906128,1.2,,training
UNet_DP,LungInfection,True,nsgd,8.0,False,none,0,0.0001,24,1,70,1.4810473918914795,94.20480942726137,1.2,,training
UNet_DP,LungInfection,True,nsgd,8.0,False,none,0,0.0001,24,2,70,1.5439833402633667,90.47697591781616,1.2,,training
UNet_DP,LungInfection,True,psac,8.0,False,none,0,0.0001,24,1,70,1.3706897497177124,99.58981132507324,1.2,,training
UNet_DP,LungInfection,True,psac,8.0,False,none,0,0.0001,24,2,70,1.4109649658203125,101.03249835968018,1.2,,training
UNet_DP,LungInfection,True,automatic,8.0,False,none,0,0.0001,24,1,70,1.4178184270858765,91.51490259170532,1.5,,training
UNet_DP,LungInfection,True,automatic,8.0,False,none,0,0.0001,24,2,70,1.3970293998718262,90.30289149284364,1.5,,training
UNet_DP,LungInfection,True,base,8.0,False,none,0,0.0001,24,1,70,1.4661941528320312,90.88742852211,1.5,,training
UNet_DP,LungInfection,True,base,8.0,False,none,0,0.0001,24,2,70,1.4966434240341189,89.49469447135925,1.5,,training
UNet_DP,LungInfection,True,nsgd,8.0,False,none,0,0.0001,24,1,70,1.623172163963318,93.0457375049591,1.5,,training
UNet_DP,LungInfection,True,nsgd,8.0,False,none,0,0.0001,24,2,70,1.645948886871338,90.78365397453308,1.5,,training
UNet_DP,LungInfection,True,psac,8.0,False,none,0,0.0001,24,1,70,1.48930025100708,100.68497848510742,1.5,,training
UNet_DP,LungInfection,True,psac,8.0,False,none,0,0.0001,24,2,70,1.429680347442627,102.2198314666748,1.5,,training
UNet_DP,LungInfection,True,automatic,8.0,False,none,0,0.0001,24,1,70,1.3932945728302002,90.4028618335724,2.0,,training
UNet_DP,LungInfection,True,automatic,8.0,False,none,0,0.0001,24,2,70,1.410991907119751,95.0228352546692,2.0,,training
UNet_DP,LungInfection,True,base,8.0,False,none,0,0.0001,24,1,70,1.4521358013153076,91.7702751159668,2.0,,training
UNet_DP,LungInfection,True,base,8.0,False,none,0,0.0001,24,2,70,1.5554249286651611,92.37360405921936,2.0,,training
UNet_DP,LungInfection,True,nsgd,8.0,False,none,0,0.0001,24,1,70,1.4285485744476318,92.70888996124268,2.0,,training
UNet_DP,LungInfection,True,nsgd,8.0,False,none,0,0.0001,24,2,70,1.4183419942855835,93.71575450897215,2.0,,training
UNet_DP,LungInfection,True,psac,8.0,False,none,0,0.0001,24,1,70,1.5696243047714231,101.29775142669678,2.0,,training
UNet_DP,LungInfection,True,psac,8.0,False,none,0,0.0001,24,2,70,1.4169776439666748,102.52722835540771,2.0,,training
UNet_DP,LungInfection,True,automatic,200.0,False,none,0,0.0001,24,1,70,1.272463083267212,127.75624561309814,1.2,,training
UNet_DP,LungInfection,True,automatic,200.0,False,none,0,0.0001,24,2,70,1.3117318153381348,129.57763147354126,1.2,,training
UNet_DP,LungInfection,True,base,200.0,False,none,0,0.0001,24,1,70,1.2626545429229736,127.99871158599854,1.2,,training
UNet_DP,LungInfection,True,base,200.0,False,none,0,0.0001,24,2,70,1.355337142944336,129.79096794128418,1.2,,training
UNet_DP,LungInfection,True,nsgd,200.0,False,none,0,0.0001,24,1,70,1.3550033569335938,128.33307361602783,1.2,,training
UNet_DP,LungInfection,True,nsgd,200.0,False,none,0,0.0001,24,2,70,1.3407281637191772,128.70948147773743,1.2,,training
UNet_DP,LungInfection,True,psac,200.0,False,none,0,0.0001,24,2,70,1.3261041641235352,134.94698214530945,1.2,,training
UNet_DP,LungInfection,True,psac,200.0,False,none,0,0.0001,24,1,70,1.296148657798767,176.59599328041077,1.2,,training
UNet_DP,LungInfection,True,automatic,200.0,False,none,0,0.0001,24,1,70,1.2469537258148191,126.93366241455078,1.5,,training
UNet_DP,LungInfection,True,automatic,200.0,False,none,0,0.0001,24,2,70,1.346557378768921,130.16286206245422,1.5,,training
UNet_DP,LungInfection,True,base,200.0,False,none,0,0.0001,24,1,70,1.2911523580551147,128.6507499217987,1.5,,training
UNet_DP,LungInfection,True,base,200.0,False,none,0,0.0001,24,2,70,1.365182638168335,130.46039080619812,1.5,,training
UNet_DP,LungInfection,True,nsgd,200.0,False,none,0,0.0001,24,1,70,1.3168604373931885,160.1986427307129,1.5,,training
UNet_DP,LungInfection,True,nsgd,200.0,False,none,0,0.0001,24,2,70,1.3158477544784546,155.57957577705383,1.5,,training
UNet_DP,LungInfection,True,psac,200.0,False,none,0,0.0001,24,1,70,1.3195617198944092,134.8424150943756,1.5,,training
UNet_DP,LungInfection,True,psac,200.0,False,none,0,0.0001,24,2,70,1.247822642326355,135.18863487243652,1.5,,training
UNet_DP,LungInfection,True,automatic,200.0,False,none,0,0.0001,24,2,70,1.3077698945999146,131.21400547027588,2.0,,training
UNet_DP,LungInfection,True,automatic,200.0,False,none,0,0.0001,24,1,70,1.3541454076766968,161.16750264167786,2.0,,training
UNet_DP,LungInfection,True,base,200.0,False,none,0,0.0001,24,1,70,1.4165887832641602,126.12144780158997,2.0,,training
UNet_DP,LungInfection,True,base,200.0,False,none,0,0.0001,24,2,70,1.3832591772079468,125.79031491279602,2.0,,training
UNet_DP,LungInfection,True,nsgd,200.0,False,none,0,0.0001,24,1,70,1.373937964439392,129.71798539161682,2.0,,training
UNet_DP,LungInfection,True,nsgd,200.0,False,none,0,0.0001,24,2,70,1.4532182216644287,129.9971580505371,2.0,,training
UNet_DP,LungInfection,True,psac,200.0,False,none,0,0.0001,24,1,70,1.2665104866027832,132.97142386436462,2.0,,training
UNet_DP,LungInfection,True,psac,200.0,False,none,0,0.0001,24,2,70,1.3413820266723633,137.00846362113953,2.0,,training
UNet_DP,LungInfection,True,automatic,8.0,False,none,0,0.0001,48,1,70,1.5149720907211304,104.16897749900818,1.2,,training
UNet_DP,LungInfection,True,automatic,8.0,False,none,0,0.0001,48,2,70,1.501984715461731,131.51689553260803,1.2,,training
UNet_DP,LungInfection,True,base,8.0,False,none,0,0.0001,48,1,70,1.4456599950790403,132.98061847686768,1.2,,training
UNet_DP,LungInfection,True,base,8.0,False,none,0,0.0001,48,2,70,1.451600432395935,133.31701183319092,1.2,,training
UNet_DP,LungInfection,True,nsgd,8.0,False,none,0,0.0001,48,1,70,1.5032775402069092,135.65012764930725,1.2,,training
UNet_DP,LungInfection,True,nsgd,8.0,False,none,0,0.0001,48,2,70,1.5644068717956543,136.1649672985077,1.2,,training
UNet_DP,LungInfection,True,psac,8.0,False,none,0,0.0001,48,2,70,1.4649977684020996,153.18476176261902,1.2,,training
UNet_DP,LungInfection,True,psac,8.0,False,none,0,0.0001,48,1,70,1.5476539134979248,156.02820491790771,1.2,,training
UNet_DP,LungInfection,True,automatic,8.0,False,none,0,0.0001,48,1,70,1.4177452325820925,135.43700575828552,1.5,,training
UNet_DP,LungInfection,True,automatic,8.0,False,none,0,0.0001,48,2,70,1.4729387760162354,135.2008192539215,1.5,,training
UNet_DP,LungInfection,True,nsgd,8.0,False,none,0,0.0001,48,1,70,1.4675395488739014,136.4418535232544,1.5,,training
UNet_DP,LungInfection,True,nsgd,8.0,False,none,0,0.0001,48,2,70,1.6375718116760254,138.1705629825592,1.5,,training
UNet_DP,LungInfection,True,base,8.0,False,none,0,0.0001,48,1,70,1.3839735984802246,134.30808353424072,2.0,,training
UNet_DP,LungInfection,True,base,8.0,False,none,0,0.0001,48,2,70,1.493588924407959,134.8451533317566,2.0,,training
UNet_DP,LungInfection,True,nsgd,8.0,False,none,0,0.0001,48,1,70,1.5077003240585327,135.86513471603394,2.0,,training
UNet_DP,LungInfection,True,nsgd,8.0,False,none,0,0.0001,48,2,70,1.5659528970718384,139.77263855934143,2.0,,training
UNet_DP,LungInfection,True,psac,8.0,False,none,0,0.0001,48,2,70,1.4298242330551147,116.7258448600769,2.0,,training
UNet_DP,LungInfection,True,psac,8.0,False,none,0,0.0001,48,1,70,1.5363430976867676,152.946387052536,2.0,,training
UNet_DP,LungInfection,True,base,200.0,False,none,0,0.0001,48,1,70,1.279299259185791,151.1177043914795,1.2,,training
UNet_DP,LungInfection,True,base,200.0,False,none,0,0.0001,48,2,70,1.36926531791687,148.9772515296936,1.2,,training
UNet_DP,LungInfection,True,nsgd,200.0,False,none,0,0.0001,48,1,70,1.2895703315734863,117.18971920013428,1.2,,training
UNet_DP,LungInfection,True,nsgd,200.0,False,none,0,0.0001,48,2,70,1.3073909282684326,153.5455026626587,1.2,,training
UNet_DP,LungInfection,True,psac,200.0,False,none,0,0.0001,48,2,70,1.3230431079864502,165.0067436695099,1.2,,training
UNet_DP,LungInfection,True,psac,200.0,False,none,0,0.0001,48,1,70,1.312317132949829,169.70376873016355,1.2,,training
UNet_DP,LungInfection,True,automatic,200.0,False,none,0,0.0001,48,1,70,1.2664000988006592,150.6689374446869,1.5,,training
UNet_DP,LungInfection,True,automatic,200.0,False,none,0,0.0001,48,2,70,1.2842016220092771,150.57585191726685,1.5,,training
UNet_DP,LungInfection,True,base,200.0,False,none,0,0.0001,48,1,70,1.3270725011825562,146.50737500190735,1.5,,training
UNet_DP,LungInfection,True,base,200.0,False,none,0,0.0001,48,2,70,1.2919399738311768,145.12279653549194,1.5,,training
UNet_DP,LungInfection,True,psac,200.0,False,none,0,0.0001,48,2,70,1.4427943229675293,164.5011067390442,1.5,,training
UNet_DP,LungInfection,True,psac,200.0,False,none,0,0.0001,48,1,70,1.3487837314605713,170.14613795280457,1.5,,training
UNet_DP,LungInfection,True,automatic,200.0,False,none,0,0.0001,48,1,70,1.2978423833847046,148.85791182518005,2.0,,training
UNet_DP,LungInfection,True,automatic,200.0,False,none,0,0.0001,48,2,70,1.3479715585708618,154.38777709007263,2.0,,training
UNet_DP,LungInfection,True,nsgd,200.0,False,none,0,0.0001,48,1,70,1.3918275833129885,148.36254167556763,2.0,,training
UNet_DP,LungInfection,True,nsgd,200.0,False,none,0,0.0001,48,2,70,1.4139182567596436,152.63617324829102,2.0,,training
UNet_DP,LungInfection,True,psac,200.0,False,none,0,0.0001,48,1,70,1.429617166519165,167.94125819206238,2.0,,training
UNet_DP,LungInfection,True,psac,200.0,False,none,0,0.0001,48,2,70,1.3009567260742188,167.49795293807983,2.0,,training
UNet_DP_Morph,LungInfection,True,automatic,8.0,True,both,3,0.0001,24,1,70,1.3856967687606812,95.71980118751526,1.2,,training
UNet_DP_Morph,LungInfection,True,automatic,8.0,True,both,3,0.0001,24,2,70,1.3788981437683103,95.17097687721252,1.2,,training
UNet_DP_Morph,LungInfection,True,automatic,8.0,True,both,5,0.0001,24,1,70,1.4062780141830444,96.03950715065002,1.2,,training
UNet_DP_Morph,LungInfection,True,automatic,8.0,True,both,5,0.0001,24,2,70,1.3256747722625732,96.33914518356325,1.2,,training
UNet_DP_Morph,LungInfection,True,automatic,8.0,True,both,7,0.0001,24,1,70,1.3898872137069702,95.00470113754272,1.2,,training
UNet_DP_Morph,LungInfection,True,automatic,8.0,True,both,7,0.0001,24,2,70,1.3518083095550537,94.54023337364195,1.2,,training
UNet_DP_Morph,LungInfection,True,automatic,8.0,True,both,9,0.0001,24,1,70,1.3597863912582395,95.82124543190002,1.2,,training
UNet_DP_Morph,LungInfection,True,automatic,8.0,True,both,9,0.0001,24,2,70,1.3680787086486816,98.5964584350586,1.2,,training
UNet_DP_Morph,LungInfection,True,automatic,8.0,True,close,3,0.0001,24,1,70,1.562800407409668,94.76197528839111,1.2,,training
UNet_DP_Morph,LungInfection,True,automatic,8.0,True,close,3,0.0001,24,2,70,1.4736557006835938,92.20021176338196,1.2,,training
UNet_DP_Morph,LungInfection,True,automatic,8.0,True,close,5,0.0001,24,1,70,1.4498543739318848,96.63302421569824,1.2,,training
UNet_DP_Morph,LungInfection,True,automatic,8.0,True,close,5,0.0001,24,2,70,1.4230365753173828,93.25918507575987,1.2,,training
UNet_DP_Morph,LungInfection,True,automatic,8.0,True,close,7,0.0001,24,1,70,1.4363439083099363,95.0880844593048,1.2,,training
UNet_DP_Morph,LungInfection,True,automatic,8.0,True,close,7,0.0001,24,2,70,1.4017963409423828,92.03894472122192,1.2,,training
UNet_DP_Morph,LungInfection,True,automatic,8.0,True,close,9,0.0001,24,1,70,1.5307948589324951,97.71042728424072,1.2,,training
UNet_DP_Morph,LungInfection,True,automatic,8.0,True,close,9,0.0001,24,2,70,1.5186831951141355,94.28472661972046,1.2,,training
UNet_DP_Morph,LungInfection,True,automatic,8.0,True,open,3,0.0001,24,1,70,1.4082038402557373,93.45714616775513,1.2,,training
UNet_DP_Morph,LungInfection,True,automatic,8.0,True,open,3,0.0001,24,2,70,1.4226006269454956,91.53336310386658,1.2,,training
UNet_DP_Morph,LungInfection,True,automatic,8.0,True,open,5,0.0001,24,1,70,1.3808664083480835,92.17043709754944,1.2,,training
UNet_DP_Morph,LungInfection,True,automatic,8.0,True,open,5,0.0001,24,2,70,1.3974169492721558,93.61655259132384,1.2,,training
UNet_DP_Morph,LungInfection,True,automatic,8.0,True,open,7,0.0001,24,1,70,1.359755039215088,93.10141587257384,1.2,,training
UNet_DP_Morph,LungInfection,True,automatic,8.0,True,open,7,0.0001,24,2,70,1.3995193243026731,94.69382834434508,1.2,,training
UNet_DP_Morph,LungInfection,True,automatic,8.0,True,open,9,0.0001,24,1,70,1.34116530418396,93.87783551216124,1.2,,training
UNet_DP_Morph,LungInfection,True,automatic,8.0,True,open,9,0.0001,24,2,70,1.3387926816940308,93.04999256134032,1.2,,training
UNet_DP_Morph,LungInfection,True,base,8.0,True,both,3,0.0001,24,1,70,1.395764708518982,95.4079761505127,1.2,,training
UNet_DP_Morph,LungInfection,True,base,8.0,True,both,3,0.0001,24,2,70,1.3841780424118042,93.31015133857728,1.2,,training
UNet_DP_Morph,LungInfection,True,base,8.0,True,both,5,0.0001,24,2,70,1.3744564056396484,93.72440791130066,1.2,,training
UNet_DP_Morph,LungInfection,True,base,8.0,True,both,5,0.0001,24,1,70,1.3459324836730957,120.32809853553772,1.2,,training
UNet_DP_Morph,LungInfection,True,base,8.0,True,both,7,0.0001,24,1,70,1.3742191791534424,96.56745028495789,1.2,,training
UNet_DP_Morph,LungInfection,True,base,8.0,True,both,7,0.0001,24,2,70,1.3406985998153689,95.25607085227966,1.2,,training
UNet_DP_Morph,LungInfection,True,base,8.0,True,both,9,0.0001,24,1,70,1.4118261337280271,97.12090468406676,1.2,,training
UNet_DP_Morph,LungInfection,True,base,8.0,True,both,9,0.0001,24,2,70,1.344451665878296,97.04611849784852,1.2,,training
UNet_DP_Morph,LungInfection,True,base,8.0,True,close,3,0.0001,24,1,70,1.4699225425720217,92.71231460571288,1.2,,training
UNet_DP_Morph,LungInfection,True,base,8.0,True,close,3,0.0001,24,2,70,1.4038317203521729,90.82737636566162,1.2,,training
UNet_DP_Morph,LungInfection,True,base,8.0,True,close,5,0.0001,24,1,70,1.3972724676132202,93.19289970397948,1.2,,training
UNet_DP_Morph,LungInfection,True,base,8.0,True,close,5,0.0001,24,2,70,1.4913829565048218,91.76467657089232,1.2,,training
UNet_DP_Morph,LungInfection,True,base,8.0,True,close,7,0.0001,24,1,70,1.7058271169662476,93.80614590644836,1.2,,training
UNet_DP_Morph,LungInfection,True,base,8.0,True,close,7,0.0001,24,2,70,1.7042258977890017,95.77464318275452,1.2,,training
UNet_DP_Morph,LungInfection,True,base,8.0,True,close,9,0.0001,24,1,70,1.4686763286590576,95.85911083221436,1.2,,training
UNet_DP_Morph,LungInfection,True,base,8.0,True,close,9,0.0001,24,2,70,1.4329850673675537,93.88902688026428,1.2,,training
UNet_DP_Morph,LungInfection,True,base,8.0,True,open,3,0.0001,24,1,70,1.3815240859985352,91.46672749519348,1.2,,training
UNet_DP_Morph,LungInfection,True,base,8.0,True,open,3,0.0001,24,2,70,1.400607943534851,93.02447867393494,1.2,,training
UNet_DP_Morph,LungInfection,True,base,8.0,True,open,5,0.0001,24,1,70,1.303878664970398,96.18871068954468,1.2,,training
UNet_DP_Morph,LungInfection,True,base,8.0,True,open,5,0.0001,24,2,70,1.4046125411987305,91.75087285041808,1.2,,training
UNet_DP_Morph,LungInfection,True,base,8.0,True,open,7,0.0001,24,1,70,1.398422122001648,94.58108162879944,1.2,,training
UNet_DP_Morph,LungInfection,True,base,8.0,True,open,7,0.0001,24,2,70,1.369271159172058,121.15176749229433,1.2,,training
UNet_DP_Morph,LungInfection,True,base,8.0,True,open,9,0.0001,24,1,70,1.3897112607955933,96.16782450675964,1.2,,training
UNet_DP_Morph,LungInfection,True,base,8.0,True,open,9,0.0001,24,2,70,1.4281630516052246,121.28996753692628,1.2,,training
UNet_DP_Morph,LungInfection,True,nsgd,8.0,True,both,3,0.0001,24,1,70,1.4192323684692385,93.00585150718688,1.2,,training
UNet_DP_Morph,LungInfection,True,nsgd,8.0,True,both,3,0.0001,24,2,70,1.3779473304748535,95.7323546409607,1.2,,training
UNet_DP_Morph,LungInfection,True,nsgd,8.0,True,both,5,0.0001,24,1,70,1.4214420318603516,94.70630955696106,1.2,,training
UNet_DP_Morph,LungInfection,True,nsgd,8.0,True,both,5,0.0001,24,2,70,1.4014322757720947,94.24625515937804,1.2,,training
UNet_DP_Morph,LungInfection,True,nsgd,8.0,True,both,7,0.0001,24,1,70,1.373294711112976,95.74146556854248,1.2,,training
UNet_DP_Morph,LungInfection,True,nsgd,8.0,True,both,7,0.0001,24,2,70,1.4800806045532229,94.34738540649414,1.2,,training
UNet_DP_Morph,LungInfection,True,nsgd,8.0,True,both,9,0.0001,24,1,70,1.507552981376648,95.89064264297484,1.2,,training
UNet_DP_Morph,LungInfection,True,nsgd,8.0,True,both,9,0.0001,24,2,70,1.3702653646469116,96.59338665008544,1.2,,training
UNet_DP_Morph,LungInfection,True,nsgd,8.0,True,close,3,0.0001,24,1,70,1.5444364547729492,95.56571388244627,1.2,,training
UNet_DP_Morph,LungInfection,True,nsgd,8.0,True,close,3,0.0001,24,2,70,1.517514944076538,92.04421472549438,1.2,,training
UNet_DP_Morph,LungInfection,True,nsgd,8.0,True,close,5,0.0001,24,1,70,1.5640122890472412,95.12828373908997,1.2,,training
UNet_DP_Morph,LungInfection,True,nsgd,8.0,True,close,5,0.0001,24,2,70,1.5434794425964355,92.21447920799255,1.2,,training
UNet_DP_Morph,LungInfection,True,nsgd,8.0,True,close,7,0.0001,24,1,70,1.474241018295288,92.92102146148682,1.2,,training
UNet_DP_Morph,LungInfection,True,nsgd,8.0,True,close,7,0.0001,24,2,70,1.590323805809021,93.00954341888428,1.2,,training
UNet_DP_Morph,LungInfection,True,nsgd,8.0,True,close,9,0.0001,24,1,70,1.4581859111785889,94.6293511390686,1.2,,training
UNet_DP_Morph,LungInfection,True,nsgd,8.0,True,close,9,0.0001,24,2,70,1.5982093811035156,94.8045620918274,1.2,,training
UNet_DP_Morph,LungInfection,True,nsgd,8.0,True,open,3,0.0001,24,1,70,1.5621356964111328,92.54770231246948,1.2,,training
UNet_DP_Morph,LungInfection,True,nsgd,8.0,True,open,3,0.0001,24,2,70,1.524094820022583,93.15118980407716,1.2,,training
UNet_DP_Morph,LungInfection,True,nsgd,8.0,True,open,5,0.0001,24,1,70,1.4083349704742432,92.38551354408264,1.2,,training
UNet_DP_Morph,LungInfection,True,nsgd,8.0,True,open,5,0.0001,24,2,70,1.4820380210876465,92.13311314582825,1.2,,training
UNet_DP_Morph,LungInfection,True,nsgd,8.0,True,open,7,0.0001,24,1,70,1.4035733938217163,95.26057887077332,1.2,,training
UNet_DP_Morph,LungInfection,True,nsgd,8.0,True,open,7,0.0001,24,2,70,1.4358458518981934,92.36975288391112,1.2,,training
UNet_DP_Morph,LungInfection,True,nsgd,8.0,True,open,9,0.0001,24,1,70,1.4413235187530518,95.28279376029968,1.2,,training
UNet_DP_Morph,LungInfection,True,nsgd,8.0,True,open,9,0.0001,24,2,70,1.3848193883895874,93.68336200714111,1.2,,training
UNet_DP_Morph,LungInfection,True,psac,8.0,True,both,3,0.0001,24,1,70,1.4080734252929688,102.74421405792236,1.2,,training
UNet_DP_Morph,LungInfection,True,psac,8.0,True,both,3,0.0001,24,2,70,1.5109280347824097,101.12509870529176,1.2,,training
UNet_DP_Morph,LungInfection,True,psac,8.0,True,both,5,0.0001,24,1,70,1.540719509124756,101.95988178253174,1.2,,training
UNet_DP_Morph,LungInfection,True,psac,8.0,True,both,5,0.0001,24,2,70,1.388052463531494,102.8506166934967,1.2,,training
UNet_DP_Morph,LungInfection,True,psac,8.0,True,both,7,0.0001,24,1,70,1.316176414489746,101.76686787605286,1.2,,training
UNet_DP_Morph,LungInfection,True,psac,8.0,True,both,7,0.0001,24,2,70,1.4291906356811523,104.56875586509705,1.2,,training
UNet_DP_Morph,LungInfection,True,psac,8.0,True,both,9,0.0001,24,1,70,1.3894972801208496,105.06540274620056,1.2,,training
UNet_DP_Morph,LungInfection,True,psac,8.0,True,both,9,0.0001,24,2,70,1.4151859283447266,105.3977062702179,1.2,,training
UNet_DP_Morph,LungInfection,True,psac,8.0,True,close,3,0.0001,24,1,70,1.4526021480560305,101.54230737686156,1.2,,training
UNet_DP_Morph,LungInfection,True,psac,8.0,True,close,3,0.0001,24,2,70,1.4342658519744873,100.63358092308044,1.2,,training
UNet_DP_Morph,LungInfection,True,psac,8.0,True,close,5,0.0001,24,1,70,1.5711044073104858,101.9064884185791,1.2,,training
UNet_DP_Morph,LungInfection,True,psac,8.0,True,close,5,0.0001,24,2,70,1.5384526252746582,104.0675013065338,1.2,,training
UNet_DP_Morph,LungInfection,True,psac,8.0,True,close,7,0.0001,24,1,70,1.5721262693405151,100.6076147556305,1.2,,training
UNet_DP_Morph,LungInfection,True,psac,8.0,True,close,7,0.0001,24,2,70,1.6176822185516355,102.4042558670044,1.2,,training
UNet_DP_Morph,LungInfection,True,psac,8.0,True,close,9,0.0001,24,2,70,1.6459115743637085,107.09153532981873,1.2,,training
UNet_DP_Morph,LungInfection,True,psac,8.0,True,close,9,0.0001,24,1,70,1.5195053815841677,132.65613198280334,1.2,,training
UNet_DP_Morph,LungInfection,True,psac,8.0,True,open,3,0.0001,24,1,70,1.5169353485107422,103.54738521575928,1.2,,training
UNet_DP_Morph,LungInfection,True,psac,8.0,True,open,3,0.0001,24,2,70,1.4594392776489258,99.63141989707948,1.2,,training
UNet_DP_Morph,LungInfection,True,psac,8.0,True,open,5,0.0001,24,1,70,1.460985541343689,102.62394547462463,1.2,,training
UNet_DP_Morph,LungInfection,True,psac,8.0,True,open,5,0.0001,24,2,70,1.3877185583114624,100.06878018379211,1.2,,training
UNet_DP_Morph,LungInfection,True,psac,8.0,True,open,7,0.0001,24,2,70,1.4178322553634644,101.082759141922,1.2,,training
UNet_DP_Morph,LungInfection,True,psac,8.0,True,open,7,0.0001,24,1,70,1.4402010440826416,132.76423048973083,1.2,,training
UNet_DP_Morph,LungInfection,True,psac,8.0,True,open,9,0.0001,24,1,70,1.3578269481658936,103.43186211586,1.2,,training
UNet_DP_Morph,LungInfection,True,psac,8.0,True,open,9,0.0001,24,2,70,1.3711674213409424,101.13135862350464,1.2,,training
UNet_DP_Morph,LungInfection,True,automatic,8.0,True,both,3,0.0001,24,1,70,1.4077415466308594,94.39389300346376,1.5,,training
UNet_DP_Morph,LungInfection,True,automatic,8.0,True,both,3,0.0001,24,2,70,1.4330404996871948,117.11039233207704,1.5,,training
UNet_DP_Morph,LungInfection,True,automatic,8.0,True,both,5,0.0001,24,2,70,1.3993858098983765,96.74058842658997,1.5,,training
UNet_DP_Morph,LungInfection,True,automatic,8.0,True,both,5,0.0001,24,1,70,1.3456909656524658,122.26839852333067,1.5,,training
UNet_DP_Morph,LungInfection,True,automatic,8.0,True,both,7,0.0001,24,1,70,1.4336602687835691,97.17877745628356,1.5,,training
UNet_DP_Morph,LungInfection,True,automatic,8.0,True,both,7,0.0001,24,2,70,1.437835693359375,97.38244819641112,1.5,,training
UNet_DP_Morph,LungInfection,True,automatic,8.0,True,both,9,0.0001,24,1,70,1.3651728630065918,97.5016598701477,1.5,,training
UNet_DP_Morph,LungInfection,True,automatic,8.0,True,both,9,0.0001,24,2,70,1.3582730293273926,99.12326264381409,1.5,,training
UNet_DP_Morph,LungInfection,True,automatic,8.0,True,close,3,0.0001,24,1,70,1.600963830947876,92.03958916664124,1.5,,training
UNet_DP_Morph,LungInfection,True,automatic,8.0,True,close,3,0.0001,24,2,70,1.4729074239730835,93.68492317199708,1.5,,training
UNet_DP_Morph,LungInfection,True,automatic,8.0,True,close,5,0.0001,24,1,70,1.4029948711395264,92.78974843025208,1.5,,training
UNet_DP_Morph,LungInfection,True,automatic,8.0,True,close,5,0.0001,24,2,70,1.4850115776062012,93.03746485710144,1.5,,training
UNet_DP_Morph,LungInfection,True,automatic,8.0,True,close,7,0.0001,24,1,70,1.524298071861267,94.49035549163818,1.5,,training
UNet_DP_Morph,LungInfection,True,automatic,8.0,True,close,7,0.0001,24,2,70,1.5247273445129397,93.6190061569214,1.5,,training
UNet_DP_Morph,LungInfection,True,automatic,8.0,True,close,9,0.0001,24,1,70,1.5133440494537354,93.34232831001282,1.5,,training
UNet_DP_Morph,LungInfection,True,automatic,8.0,True,close,9,0.0001,24,2,70,1.383319854736328,92.6123707294464,1.5,,training
UNet_DP_Morph,LungInfection,True,automatic,8.0,True,open,3,0.0001,24,1,70,1.3551597595214844,92.94530487060548,1.5,,training
UNet_DP_Morph,LungInfection,True,automatic,8.0,True,open,3,0.0001,24,2,70,1.349130392074585,94.3719494342804,1.5,,training
UNet_DP_Morph,LungInfection,True,automatic,8.0,True,open,5,0.0001,24,1,70,1.3305621147155762,91.96486377716064,1.5,,training
UNet_DP_Morph,LungInfection,True,automatic,8.0,True,open,5,0.0001,24,2,70,1.33150053024292,94.69344472885132,1.5,,training
UNet_DP_Morph,LungInfection,True,automatic,8.0,True,open,7,0.0001,24,1,70,1.4010400772094729,92.61384510993958,1.5,,training
UNet_DP_Morph,LungInfection,True,automatic,8.0,True,open,7,0.0001,24,2,70,1.3500083684921265,95.2902054786682,1.5,,training
UNet_DP_Morph,LungInfection,True,automatic,8.0,True,open,9,0.0001,24,1,70,1.413883924484253,95.63087129592896,1.5,,training
UNet_DP_Morph,LungInfection,True,automatic,8.0,True,open,9,0.0001,24,2,70,1.3196477890014648,94.26926279067992,1.5,,training
UNet_DP_Morph,LungInfection,True,base,8.0,True,both,3,0.0001,24,1,70,1.374596357345581,92.86078023910522,1.5,,training
UNet_DP_Morph,LungInfection,True,base,8.0,True,both,3,0.0001,24,2,70,1.4355052709579468,92.51228833198547,1.5,,training
UNet_DP_Morph,LungInfection,True,base,8.0,True,both,5,0.0001,24,1,70,1.319676399230957,93.97535634040833,1.5,,training
UNet_DP_Morph,LungInfection,True,base,8.0,True,both,5,0.0001,24,2,70,1.4035139083862305,96.85359120368958,1.5,,training
UNet_DP_Morph,LungInfection,True,base,8.0,True,both,7,0.0001,24,1,70,1.4157066345214844,98.5039746761322,1.5,,training
UNet_DP_Morph,LungInfection,True,base,8.0,True,both,7,0.0001,24,2,70,1.400917410850525,96.34667682647704,1.5,,training
UNet_DP_Morph,LungInfection,True,base,8.0,True,both,9,0.0001,24,1,70,1.458845853805542,97.65149188041688,1.5,,training
UNet_DP_Morph,LungInfection,True,base,8.0,True,both,9,0.0001,24,2,70,1.3549306392669678,98.47856068611144,1.5,,training
UNet_DP_Morph,LungInfection,True,base,8.0,True,close,3,0.0001,24,1,70,1.4186004400253296,94.94448733329772,1.5,,training
UNet_DP_Morph,LungInfection,True,base,8.0,True,close,3,0.0001,24,2,70,1.385071039199829,92.21745777130128,1.5,,training
UNet_DP_Morph,LungInfection,True,base,8.0,True,close,5,0.0001,24,1,70,1.623868703842163,92.81542420387268,1.5,,training
UNet_DP_Morph,LungInfection,True,base,8.0,True,close,5,0.0001,24,2,70,1.5854142904281616,90.65499997138976,1.5,,training
UNet_DP_Morph,LungInfection,True,base,8.0,True,close,7,0.0001,24,1,70,1.4874112606048584,93.75610685348512,1.5,,training
UNet_DP_Morph,LungInfection,True,base,8.0,True,close,7,0.0001,24,2,70,1.513831377029419,94.42304134368896,1.5,,training
UNet_DP_Morph,LungInfection,True,base,8.0,True,close,9,0.0001,24,1,70,1.4739954471588137,95.87999391555786,1.5,,training
UNet_DP_Morph,LungInfection,True,base,8.0,True,close,9,0.0001,24,2,70,1.42463481426239,123.33009672164916,1.5,,training
UNet_DP_Morph,LungInfection,True,base,8.0,True,open,3,0.0001,24,1,70,1.401526689529419,94.40851140022278,1.5,,training
UNet_DP_Morph,LungInfection,True,base,8.0,True,open,3,0.0001,24,2,70,1.3736979961395264,93.84569716453552,1.5,,training
UNet_DP_Morph,LungInfection,True,base,8.0,True,open,5,0.0001,24,1,70,1.319991111755371,95.16924238204956,1.5,,training
UNet_DP_Morph,LungInfection,True,base,8.0,True,open,5,0.0001,24,2,70,1.4386224746704102,94.15872406959534,1.5,,training
UNet_DP_Morph,LungInfection,True,base,8.0,True,open,7,0.0001,24,1,70,1.3264379501342771,95.3771858215332,1.5,,training
UNet_DP_Morph,LungInfection,True,base,8.0,True,open,7,0.0001,24,2,70,1.3503367900848389,96.2266035079956,1.5,,training
UNet_DP_Morph,LungInfection,True,base,8.0,True,open,9,0.0001,24,1,70,1.385967493057251,95.07479453086852,1.5,,training
UNet_DP_Morph,LungInfection,True,base,8.0,True,open,9,0.0001,24,2,70,1.368990182876587,94.37966680526732,1.5,,training
UNet_DP_Morph,LungInfection,True,nsgd,8.0,True,both,3,0.0001,24,1,70,1.3750451803207395,94.12938857078552,1.5,,training
UNet_DP_Morph,LungInfection,True,nsgd,8.0,True,both,3,0.0001,24,2,70,1.5060310363769531,96.34310626983644,1.5,,training
UNet_DP_Morph,LungInfection,True,nsgd,8.0,True,both,5,0.0001,24,1,70,1.497582197189331,94.80932354927064,1.5,,training
UNet_DP_Morph,LungInfection,True,nsgd,8.0,True,both,5,0.0001,24,2,70,1.4158217906951904,95.78491926193236,1.5,,training
UNet_DP_Morph,LungInfection,True,nsgd,8.0,True,both,7,0.0001,24,1,70,1.4974086284637451,96.84395384788512,1.5,,training
UNet_DP_Morph,LungInfection,True,nsgd,8.0,True,both,7,0.0001,24,2,70,1.3723609447479248,97.73232650756836,1.5,,training
UNet_DP_Morph,LungInfection,True,nsgd,8.0,True,both,9,0.0001,24,1,70,1.443246841430664,97.2061562538147,1.5,,training
UNet_DP_Morph,LungInfection,True,nsgd,8.0,True,both,9,0.0001,24,2,70,1.411929965019226,96.59356212615968,1.5,,training
UNet_DP_Morph,LungInfection,True,nsgd,8.0,True,close,3,0.0001,24,1,70,1.5265569686889648,91.41338562965392,1.5,,training
UNet_DP_Morph,LungInfection,True,nsgd,8.0,True,close,3,0.0001,24,2,70,1.560611128807068,92.74285697937012,1.5,,training
UNet_DP_Morph,LungInfection,True,nsgd,8.0,True,close,5,0.0001,24,1,70,1.525576114654541,95.55037689208984,1.5,,training
UNet_DP_Morph,LungInfection,True,nsgd,8.0,True,close,5,0.0001,24,2,70,1.510216474533081,118.09991478919984,1.5,,training
UNet_DP_Morph,LungInfection,True,nsgd,8.0,True,close,7,0.0001,24,1,70,1.5452194213867188,96.3776581287384,1.5,,training
UNet_DP_Morph,LungInfection,True,nsgd,8.0,True,close,7,0.0001,24,2,70,1.5731228590011597,93.83565187454224,1.5,,training
UNet_DP_Morph,LungInfection,True,nsgd,8.0,True,close,9,0.0001,24,1,70,1.4733270406723022,93.07217264175416,1.5,,training
UNet_DP_Morph,LungInfection,True,nsgd,8.0,True,close,9,0.0001,24,2,70,1.5157997608184814,119.52559995651244,1.5,,training
UNet_DP_Morph,LungInfection,True,nsgd,8.0,True,open,3,0.0001,24,1,70,1.4711741209030151,93.80767631530762,1.5,,training
UNet_DP_Morph,LungInfection,True,nsgd,8.0,True,open,3,0.0001,24,2,70,1.4017118215560913,119.24450182914734,1.5,,training
UNet_DP_Morph,LungInfection,True,nsgd,8.0,True,open,5,0.0001,24,1,70,1.5198062658309937,94.22870230674744,1.5,,training
UNet_DP_Morph,LungInfection,True,nsgd,8.0,True,open,5,0.0001,24,2,70,1.4607725143432615,120.34620833396912,1.5,,training
UNet_DP_Morph,LungInfection,True,nsgd,8.0,True,open,7,0.0001,24,1,70,1.452643632888794,92.17710852622986,1.5,,training
UNet_DP_Morph,LungInfection,True,nsgd,8.0,True,open,7,0.0001,24,2,70,1.4307270050048828,93.68319320678712,1.5,,training
UNet_DP_Morph,LungInfection,True,nsgd,8.0,True,open,9,0.0001,24,1,70,1.5349787473678589,94.47868847846983,1.5,,training
UNet_DP_Morph,LungInfection,True,nsgd,8.0,True,open,9,0.0001,24,2,70,1.372676134109497,119.41464567184448,1.5,,training
UNet_DP_Morph,LungInfection,True,psac,8.0,True,both,3,0.0001,24,1,70,1.443331003189087,99.3148636817932,1.5,,training
UNet_DP_Morph,LungInfection,True,psac,8.0,True,both,3,0.0001,24,2,70,1.5362451076507568,106.24097943305968,1.5,,training
UNet_DP_Morph,LungInfection,True,psac,8.0,True,both,5,0.0001,24,1,70,1.4211108684539795,100.15009999275208,1.5,,training
UNet_DP_Morph,LungInfection,True,psac,8.0,True,both,5,0.0001,24,2,70,1.4022929668426514,102.9044439792633,1.5,,training
UNet_DP_Morph,LungInfection,True,psac,8.0,True,both,7,0.0001,24,1,70,1.3650211095809937,102.69328308105467,1.5,,training
UNet_DP_Morph,LungInfection,True,psac,8.0,True,both,7,0.0001,24,2,70,1.3724143505096436,103.5481104850769,1.5,,training
UNet_DP_Morph,LungInfection,True,psac,8.0,True,both,9,0.0001,24,1,70,1.407476782798767,104.07355451583862,1.5,,training
UNet_DP_Morph,LungInfection,True,psac,8.0,True,both,9,0.0001,24,2,70,1.4094260931015017,104.46588325500488,1.5,,training
UNet_DP_Morph,LungInfection,True,psac,8.0,True,close,3,0.0001,24,1,70,1.5022752285003662,101.82678461074828,1.5,,training
UNet_DP_Morph,LungInfection,True,psac,8.0,True,close,3,0.0001,24,2,70,1.4652884006500244,101.31915068626404,1.5,,training
UNet_DP_Morph,LungInfection,True,psac,8.0,True,close,5,0.0001,24,1,70,1.5350902080535889,101.47797298431396,1.5,,training
UNet_DP_Morph,LungInfection,True,psac,8.0,True,close,5,0.0001,24,2,70,1.4054421186447144,103.16254258155824,1.5,,training
UNet_DP_Morph,LungInfection,True,psac,8.0,True,close,7,0.0001,24,1,70,1.4346317052841189,102.39916205406188,1.5,,training
UNet_DP_Morph,LungInfection,True,psac,8.0,True,close,7,0.0001,24,2,70,1.7401480674743652,104.32389879226685,1.5,,training
UNet_DP_Morph,LungInfection,True,psac,8.0,True,close,9,0.0001,24,1,70,1.4435317516326904,102.49280548095705,1.5,,training
UNet_DP_Morph,LungInfection,True,psac,8.0,True,close,9,0.0001,24,2,70,1.6434248685836792,103.113703250885,1.5,,training
UNet_DP_Morph,LungInfection,True,psac,8.0,True,open,3,0.0001,24,1,70,1.4282598495483398,100.87924313545228,1.5,,training
UNet_DP_Morph,LungInfection,True,psac,8.0,True,open,3,0.0001,24,2,70,1.3773887157440186,100.867582321167,1.5,,training
UNet_DP_Morph,LungInfection,True,psac,8.0,True,open,5,0.0001,24,1,70,1.425475835800171,102.62895727157591,1.5,,training
UNet_DP_Morph,LungInfection,True,psac,8.0,True,open,5,0.0001,24,2,70,1.3415656089782717,103.3469033241272,1.5,,training
UNet_DP_Morph,LungInfection,True,psac,8.0,True,open,7,0.0001,24,1,70,1.46978759765625,102.495299577713,1.5,,training
UNet_DP_Morph,LungInfection,True,psac,8.0,True,open,7,0.0001,24,2,70,1.3916085958480835,101.1727340221405,1.5,,training
UNet_DP_Morph,LungInfection,True,psac,8.0,True,open,9,0.0001,24,1,70,1.3987042903900146,102.75816011428832,1.5,,training
UNet_DP_Morph,LungInfection,True,psac,8.0,True,open,9,0.0001,24,2,70,1.525457739830017,103.5538592338562,1.5,,training
UNet_DP_Morph,LungInfection,True,automatic,8.0,True,both,3,0.0001,24,1,70,1.3623244762420654,94.29149508476256,2.0,,training
UNet_DP_Morph,LungInfection,True,automatic,8.0,True,both,3,0.0001,24,2,70,1.4293296337127686,91.30054068565369,2.0,,training
UNet_DP_Morph,LungInfection,True,automatic,8.0,True,both,5,0.0001,24,1,70,1.384864091873169,94.94578051567078,2.0,,training
UNet_DP_Morph,LungInfection,True,automatic,8.0,True,both,5,0.0001,24,2,70,1.338435411453247,95.11575746536256,2.0,,training
UNet_DP_Morph,LungInfection,True,automatic,8.0,True,both,7,0.0001,24,1,70,1.4745330810546875,98.78872728347778,2.0,,training
UNet_DP_Morph,LungInfection,True,automatic,8.0,True,both,7,0.0001,24,2,70,1.3993299007415771,94.68639540672302,2.0,,training
UNet_DP_Morph,LungInfection,True,automatic,8.0,True,both,9,0.0001,24,1,70,1.3696975708007812,100.45951223373412,2.0,,training
UNet_DP_Morph,LungInfection,True,automatic,8.0,True,both,9,0.0001,24,2,70,1.3855503797531128,97.04433012008668,2.0,,training
UNet_DP_Morph,LungInfection,True,automatic,8.0,True,close,3,0.0001,24,1,70,1.4911731481552124,92.85302591323853,2.0,,training
UNet_DP_Morph,LungInfection,True,automatic,8.0,True,close,3,0.0001,24,2,70,1.384932518005371,91.93174076080322,2.0,,training
UNet_DP_Morph,LungInfection,True,automatic,8.0,True,close,5,0.0001,24,1,70,1.5713424682617188,92.2322554588318,2.0,,training
UNet_DP_Morph,LungInfection,True,automatic,8.0,True,close,5,0.0001,24,2,70,1.552861571311951,95.08977603912354,2.0,,training
UNet_DP_Morph,LungInfection,True,automatic,8.0,True,close,7,0.0001,24,1,70,1.518229365348816,93.37162280082704,2.0,,training
UNet_DP_Morph,LungInfection,True,automatic,8.0,True,close,7,0.0001,24,2,70,1.3875163793563845,93.98433995246889,2.0,,training
UNet_DP_Morph,LungInfection,True,automatic,8.0,True,close,9,0.0001,24,2,70,1.602078199386597,96.04043817520142,2.0,,training
UNet_DP_Morph,LungInfection,True,automatic,8.0,True,close,9,0.0001,24,1,70,1.556979060173035,122.45012402534483,2.0,,training
UNet_DP_Morph,LungInfection,True,automatic,8.0,True,open,3,0.0001,24,1,70,1.3531324863433838,93.00236630439758,2.0,,training
UNet_DP_Morph,LungInfection,True,automatic,8.0,True,open,3,0.0001,24,2,70,1.399862289428711,94.9392795562744,2.0,,training
UNet_DP_Morph,LungInfection,True,automatic,8.0,True,open,5,0.0001,24,1,70,1.333132028579712,94.47225761413574,2.0,,training
UNet_DP_Morph,LungInfection,True,automatic,8.0,True,open,5,0.0001,24,2,70,1.3830350637435913,96.04545164108276,2.0,,training
UNet_DP_Morph,LungInfection,True,automatic,8.0,True,open,7,0.0001,24,1,70,1.3480143547058103,94.36301779747008,2.0,,training
UNet_DP_Morph,LungInfection,True,automatic,8.0,True,open,7,0.0001,24,2,70,1.406694412231445,94.83351755142212,2.0,,training
UNet_DP_Morph,LungInfection,True,automatic,8.0,True,open,9,0.0001,24,1,70,1.3756282329559326,96.88203620910645,2.0,,training
UNet_DP_Morph,LungInfection,True,automatic,8.0,True,open,9,0.0001,24,2,70,1.371479034423828,97.01845145225523,2.0,,training
UNet_DP_Morph,LungInfection,True,base,8.0,True,both,3,0.0001,24,1,70,1.4433554410934448,93.22919082641602,2.0,,training
UNet_DP_Morph,LungInfection,True,base,8.0,True,both,3,0.0001,24,2,70,1.3802459239959717,91.90676760673524,2.0,,training
UNet_DP_Morph,LungInfection,True,base,8.0,True,both,5,0.0001,24,1,70,1.4291560649871826,96.17695927619934,2.0,,training
UNet_DP_Morph,LungInfection,True,base,8.0,True,both,5,0.0001,24,2,70,1.3478457927703855,96.96410202980042,2.0,,training
UNet_DP_Morph,LungInfection,True,base,8.0,True,both,7,0.0001,24,1,70,1.3772399425506592,95.48935675621031,2.0,,training
UNet_DP_Morph,LungInfection,True,base,8.0,True,both,7,0.0001,24,2,70,1.3531599044799805,94.9227170944214,2.0,,training
UNet_DP_Morph,LungInfection,True,base,8.0,True,both,9,0.0001,24,1,70,1.3664673566818235,96.1234040260315,2.0,,training
UNet_DP_Morph,LungInfection,True,base,8.0,True,both,9,0.0001,24,2,70,1.3453483581542969,96.34455394744872,2.0,,training
UNet_DP_Morph,LungInfection,True,base,8.0,True,close,3,0.0001,24,1,70,1.557314157485962,94.06098628044128,2.0,,training
UNet_DP_Morph,LungInfection,True,base,8.0,True,close,3,0.0001,24,2,70,1.589267015457153,92.72923231124878,2.0,,training
UNet_DP_Morph,LungInfection,True,base,8.0,True,close,5,0.0001,24,1,70,1.4048781394958496,94.4958701133728,2.0,,training
UNet_DP_Morph,LungInfection,True,base,8.0,True,close,5,0.0001,24,2,70,1.5267817974090576,95.02512907981873,2.0,,training
UNet_DP_Morph,LungInfection,True,base,8.0,True,close,7,0.0001,24,1,70,1.573113203048706,93.68962359428406,2.0,,training
UNet_DP_Morph,LungInfection,True,base,8.0,True,close,7,0.0001,24,2,70,1.5808300971984863,94.46028208732604,2.0,,training
UNet_DP_Morph,LungInfection,True,base,8.0,True,close,9,0.0001,24,1,70,1.5721038579940796,97.4344789981842,2.0,,training
UNet_DP_Morph,LungInfection,True,base,8.0,True,close,9,0.0001,24,2,70,1.6428682804107666,92.88431072235107,2.0,,training
UNet_DP_Morph,LungInfection,True,base,8.0,True,open,3,0.0001,24,1,70,1.3843339681625366,93.6474266052246,2.0,,training
UNet_DP_Morph,LungInfection,True,base,8.0,True,open,3,0.0001,24,2,70,1.4188790321350098,94.67116022109984,2.0,,training
UNet_DP_Morph,LungInfection,True,base,8.0,True,open,5,0.0001,24,1,70,1.391640067100525,94.61465120315552,2.0,,training
UNet_DP_Morph,LungInfection,True,base,8.0,True,open,5,0.0001,24,2,70,1.3958070278167725,94.67855787277222,2.0,,training
UNet_DP_Morph,LungInfection,True,base,8.0,True,open,7,0.0001,24,1,70,1.3048427104949951,95.22259855270386,2.0,,training
UNet_DP_Morph,LungInfection,True,base,8.0,True,open,7,0.0001,24,2,70,1.3551496267318726,96.78976392745972,2.0,,training
UNet_DP_Morph,LungInfection,True,base,8.0,True,open,9,0.0001,24,1,70,1.3270251750946045,97.59599900245668,2.0,,training
UNet_DP_Morph,LungInfection,True,base,8.0,True,open,9,0.0001,24,2,70,1.3597445487976074,97.72276878356934,2.0,,training
UNet_DP_Morph,LungInfection,True,nsgd,8.0,True,both,3,0.0001,24,1,70,1.6203947067260742,93.08493542671204,2.0,,training
UNet_DP_Morph,LungInfection,True,nsgd,8.0,True,both,3,0.0001,24,2,70,1.526440143585205,93.72583365440369,2.0,,training
UNet_DP_Morph,LungInfection,True,nsgd,8.0,True,both,5,0.0001,24,1,70,1.5800904035568235,94.93997836112976,2.0,,training
UNet_DP_Morph,LungInfection,True,nsgd,8.0,True,both,5,0.0001,24,2,70,1.4179790019989014,92.72772336006165,2.0,,training
UNet_DP_Morph,LungInfection,True,nsgd,8.0,True,both,7,0.0001,24,1,70,1.466496229171753,97.15522742271423,2.0,,training
UNet_DP_Morph,LungInfection,True,nsgd,8.0,True,both,7,0.0001,24,2,70,1.501843810081482,96.08972477912904,2.0,,training
UNet_DP_Morph,LungInfection,True,nsgd,8.0,True,both,9,0.0001,24,1,70,1.455266356468201,100.067485332489,2.0,,training
UNet_DP_Morph,LungInfection,True,nsgd,8.0,True,both,9,0.0001,24,2,70,1.518195867538452,97.15444111824036,2.0,,training
UNet_DP_Morph,LungInfection,True,nsgd,8.0,True,close,3,0.0001,24,1,70,1.6259006261825562,93.56938529014587,2.0,,training
UNet_DP_Morph,LungInfection,True,nsgd,8.0,True,close,3,0.0001,24,2,70,1.5228441953659058,95.1807930469513,2.0,,training
UNet_DP_Morph,LungInfection,True,nsgd,8.0,True,close,5,0.0001,24,1,70,1.5357797145843506,93.27151584625244,2.0,,training
UNet_DP_Morph,LungInfection,True,nsgd,8.0,True,close,5,0.0001,24,2,70,1.6694421768188477,93.16969966888428,2.0,,training
UNet_DP_Morph,LungInfection,True,nsgd,8.0,True,close,7,0.0001,24,1,70,1.5360091924667358,93.6068024635315,2.0,,training
UNet_DP_Morph,LungInfection,True,nsgd,8.0,True,close,7,0.0001,24,2,70,1.5860466957092283,95.401113986969,2.0,,training
UNet_DP_Morph,LungInfection,True,nsgd,8.0,True,close,9,0.0001,24,1,70,1.7204256057739258,92.7939248085022,2.0,,training
UNet_DP_Morph,LungInfection,True,nsgd,8.0,True,close,9,0.0001,24,2,70,1.6392697095870972,95.69005370140076,2.0,,training
UNet_DP_Morph,LungInfection,True,nsgd,8.0,True,open,3,0.0001,24,1,70,1.3808702230453491,95.59285187721252,2.0,,training
UNet_DP_Morph,LungInfection,True,nsgd,8.0,True,open,3,0.0001,24,2,70,1.4402475357055664,91.74166560173036,2.0,,training
UNet_DP_Morph,LungInfection,True,nsgd,8.0,True,open,5,0.0001,24,1,70,1.4779571294784546,93.88775753974916,2.0,,training
UNet_DP_Morph,LungInfection,True,nsgd,8.0,True,open,5,0.0001,24,2,70,1.4733924865722656,94.80446767807008,2.0,,training
UNet_DP_Morph,LungInfection,True,nsgd,8.0,True,open,7,0.0001,24,1,70,1.4390243291854858,93.4594268798828,2.0,,training
UNet_DP_Morph,LungInfection,True,nsgd,8.0,True,open,7,0.0001,24,2,70,1.4499939680099487,95.74731826782228,2.0,,training
UNet_DP_Morph,LungInfection,True,nsgd,8.0,True,open,9,0.0001,24,1,70,1.41990065574646,96.59388375282288,2.0,,training
UNet_DP_Morph,LungInfection,True,nsgd,8.0,True,open,9,0.0001,24,2,70,1.4175646305084229,97.19568729400636,2.0,,training
UNet_DP_Morph,LungInfection,True,psac,8.0,True,both,3,0.0001,24,1,70,1.458909034729004,100.99157905578612,2.0,,training
UNet_DP_Morph,LungInfection,True,psac,8.0,True,both,3,0.0001,24,2,70,1.4044917821884155,101.87018895149232,2.0,,training
UNet_DP_Morph,LungInfection,True,psac,8.0,True,both,5,0.0001,24,1,70,1.387325644493103,101.53316688537598,2.0,,training
UNet_DP_Morph,LungInfection,True,psac,8.0,True,both,5,0.0001,24,2,70,1.395951271057129,100.51179242134094,2.0,,training
UNet_DP_Morph,LungInfection,True,psac,8.0,True,both,7,0.0001,24,1,70,1.3981096744537354,103.16383123397829,2.0,,training
UNet_DP_Morph,LungInfection,True,psac,8.0,True,both,7,0.0001,24,2,70,1.3808586597442627,104.10396409034728,2.0,,training
UNet_DP_Morph,LungInfection,True,psac,8.0,True,both,9,0.0001,24,1,70,1.3364136219024658,106.09106707572936,2.0,,training
UNet_DP_Morph,LungInfection,True,psac,8.0,True,both,9,0.0001,24,2,70,1.3590977191925049,103.79292488098145,2.0,,training
UNet_DP_Morph,LungInfection,True,psac,8.0,True,close,3,0.0001,24,1,70,1.4055145978927612,100.29490876197816,2.0,,training
UNet_DP_Morph,LungInfection,True,psac,8.0,True,close,3,0.0001,24,2,70,1.437093734741211,101.24203991889954,2.0,,training
UNet_DP_Morph,LungInfection,True,psac,8.0,True,close,5,0.0001,24,1,70,1.4765290021896362,101.92671132087708,2.0,,training
UNet_DP_Morph,LungInfection,True,psac,8.0,True,close,5,0.0001,24,2,70,1.525694727897644,102.83721590042114,2.0,,training
UNet_DP_Morph,LungInfection,True,psac,8.0,True,close,7,0.0001,24,1,70,1.4469149112701416,102.1507306098938,2.0,,training
UNet_DP_Morph,LungInfection,True,psac,8.0,True,close,7,0.0001,24,2,70,1.5724124908447266,101.70535326004028,2.0,,training
UNet_DP_Morph,LungInfection,True,psac,8.0,True,close,9,0.0001,24,1,70,1.460513949394226,104.43178153038023,2.0,,training
UNet_DP_Morph,LungInfection,True,psac,8.0,True,close,9,0.0001,24,2,70,1.6601369380950928,104.9789879322052,2.0,,training
UNet_DP_Morph,LungInfection,True,psac,8.0,True,open,3,0.0001,24,1,70,1.4227445125579834,104.62366557121275,2.0,,training
UNet_DP_Morph,LungInfection,True,psac,8.0,True,open,3,0.0001,24,2,70,1.4504655599594116,101.78708553314208,2.0,,training
UNet_DP_Morph,LungInfection,True,psac,8.0,True,open,5,0.0001,24,2,70,1.4905974864959717,102.6041178703308,2.0,,training
UNet_DP_Morph,LungInfection,True,psac,8.0,True,open,5,0.0001,24,1,70,1.403353571891785,132.08824586868286,2.0,,training
UNet_DP_Morph,LungInfection,True,psac,8.0,True,open,7,0.0001,24,1,70,1.3297860622406006,101.43985438346864,2.0,,training
UNet_DP_Morph,LungInfection,True,psac,8.0,True,open,7,0.0001,24,2,70,1.4101684093475342,103.64551973342896,2.0,,training
UNet_DP_Morph,LungInfection,True,psac,8.0,True,open,9,0.0001,24,1,70,1.4290530681610107,101.6951744556427,2.0,,training
UNet_DP_Morph,LungInfection,True,psac,8.0,True,open,9,0.0001,24,2,70,1.4169859886169434,105.92341589927672,2.0,,training
UNet_DP_Morph,LungInfection,True,automatic,200.0,True,both,3,0.0001,24,1,70,1.1437824964523315,126.74086618423462,1.2,,training
UNet_DP_Morph,LungInfection,True,automatic,200.0,True,both,3,0.0001,24,2,70,1.1811792850494385,125.92279076576231,1.2,,training
UNet_DP_Morph,LungInfection,True,automatic,200.0,True,both,5,0.0001,24,1,70,1.1474676132202148,128.83862829208374,1.2,,training
UNet_DP_Morph,LungInfection,True,automatic,200.0,True,both,5,0.0001,24,2,70,1.1832867860794067,130.93510580062866,1.2,,training
UNet_DP_Morph,LungInfection,True,automatic,200.0,True,both,7,0.0001,24,1,70,1.1101946830749512,129.1469738483429,1.2,,training
UNet_DP_Morph,LungInfection,True,automatic,200.0,True,both,7,0.0001,24,2,70,1.0954376459121704,133.09781742095947,1.2,,training
UNet_DP_Morph,LungInfection,True,automatic,200.0,True,both,9,0.0001,24,2,70,1.0884417295455933,134.21709775924683,1.2,,training
UNet_DP_Morph,LungInfection,True,automatic,200.0,True,both,9,0.0001,24,1,70,1.1225014925003052,171.26401686668396,1.2,,training
UNet_DP_Morph,LungInfection,True,automatic,200.0,True,close,3,0.0001,24,1,70,1.2306054830551147,130.4373688697815,1.2,,training
UNet_DP_Morph,LungInfection,True,automatic,200.0,True,close,3,0.0001,24,2,70,1.2167366743087769,134.05657625198364,1.2,,training
UNet_DP_Morph,LungInfection,True,automatic,200.0,True,close,5,0.0001,24,1,70,1.3444507122039795,130.9772229194641,1.2,,training
UNet_DP_Morph,LungInfection,True,automatic,200.0,True,close,5,0.0001,24,2,70,1.283549189567566,133.5356740951538,1.2,,training
UNet_DP_Morph,LungInfection,True,automatic,200.0,True,close,7,0.0001,24,1,70,1.3161802291870115,130.1068913936615,1.2,,training
UNet_DP_Morph,LungInfection,True,automatic,200.0,True,close,7,0.0001,24,2,70,1.3725656270980835,135.2183997631073,1.2,,training
UNet_DP_Morph,LungInfection,True,automatic,200.0,True,close,9,0.0001,24,1,70,1.371868133544922,136.05998468399048,1.2,,training
UNet_DP_Morph,LungInfection,True,automatic,200.0,True,close,9,0.0001,24,2,70,1.3342256546020508,133.37503957748413,1.2,,training
UNet_DP_Morph,LungInfection,True,automatic,200.0,True,open,3,0.0001,24,2,70,1.135663390159607,128.89157700538635,1.2,,training
UNet_DP_Morph,LungInfection,True,automatic,200.0,True,open,3,0.0001,24,1,70,1.1793432235717771,163.7800269126892,1.2,,training
UNet_DP_Morph,LungInfection,True,automatic,200.0,True,open,5,0.0001,24,1,70,1.133340835571289,133.84973859786987,1.2,,training
UNet_DP_Morph,LungInfection,True,automatic,200.0,True,open,5,0.0001,24,2,70,1.1054668426513672,162.5303614139557,1.2,,training
UNet_DP_Morph,LungInfection,True,automatic,200.0,True,open,7,0.0001,24,1,70,1.1750712394714355,135.36423778533936,1.2,,training
UNet_DP_Morph,LungInfection,True,automatic,200.0,True,open,7,0.0001,24,2,70,1.1343170404434204,128.72931456565857,1.2,,training
UNet_DP_Morph,LungInfection,True,automatic,200.0,True,open,9,0.0001,24,2,70,1.207004427909851,135.4935600757599,1.2,,training
UNet_DP_Morph,LungInfection,True,automatic,200.0,True,open,9,0.0001,24,1,70,1.136200189590454,165.18908143043518,1.2,,training
UNet_DP_Morph,LungInfection,True,base,200.0,True,both,3,0.0001,24,1,70,1.1431267261505127,131.16901111602783,1.2,,training
UNet_DP_Morph,LungInfection,True,base,200.0,True,both,3,0.0001,24,2,70,1.172215461730957,129.24895596504211,1.2,,training
UNet_DP_Morph,LungInfection,True,base,200.0,True,both,5,0.0001,24,1,70,1.1111745834350586,131.3005645275116,1.2,,training
UNet_DP_Morph,LungInfection,True,base,200.0,True,both,5,0.0001,24,2,70,1.1978702545166016,131.10884761810303,1.2,,training
UNet_DP_Morph,LungInfection,True,base,200.0,True,both,7,0.0001,24,1,70,1.1707279682159424,132.7303912639618,1.2,,training
UNet_DP_Morph,LungInfection,True,base,200.0,True,both,7,0.0001,24,2,70,1.1401715278625488,129.2558720111847,1.2,,training
UNet_DP_Morph,LungInfection,True,base,200.0,True,both,9,0.0001,24,1,70,1.1226675510406494,133.93804097175598,1.2,,training
UNet_DP_Morph,LungInfection,True,base,200.0,True,both,9,0.0001,24,2,70,1.1728614568710327,128.8742322921753,1.2,,training
UNet_DP_Morph,LungInfection,True,base,200.0,True,close,3,0.0001,24,1,70,1.2390726804733276,132.635258436203,1.2,,training
UNet_DP_Morph,LungInfection,True,base,200.0,True,close,3,0.0001,24,2,70,1.3461971282958984,134.51253366470337,1.2,,training
UNet_DP_Morph,LungInfection,True,base,200.0,True,close,5,0.0001,24,1,70,1.301770567893982,134.2163603305817,1.2,,training
UNet_DP_Morph,LungInfection,True,base,200.0,True,close,5,0.0001,24,2,70,1.2914646863937378,135.7680802345276,1.2,,training
UNet_DP_Morph,LungInfection,True,base,200.0,True,close,7,0.0001,24,1,70,1.255218267440796,134.03712821006775,1.2,,training
UNet_DP_Morph,LungInfection,True,base,200.0,True,close,7,0.0001,24,2,70,1.2539820671081543,132.92069578170776,1.2,,training
UNet_DP_Morph,LungInfection,True,base,200.0,True,close,9,0.0001,24,1,70,1.2658003568649292,133.64543843269348,1.2,,training
UNet_DP_Morph,LungInfection,True,base,200.0,True,close,9,0.0001,24,2,70,1.2835735082626345,132.94692850112915,1.2,,training
UNet_DP_Morph,LungInfection,True,base,200.0,True,open,3,0.0001,24,1,70,1.101175308227539,129.45264554023743,1.2,,training
UNet_DP_Morph,LungInfection,True,base,200.0,True,open,3,0.0001,24,2,70,1.1501998901367188,131.8693814277649,1.2,,training
UNet_DP_Morph,LungInfection,True,base,200.0,True,open,5,0.0001,24,1,70,1.171103835105896,130.80507588386536,1.2,,training
UNet_DP_Morph,LungInfection,True,base,200.0,True,open,5,0.0001,24,2,70,1.1639670133590698,130.8870894908905,1.2,,training
UNet_DP_Morph,LungInfection,True,base,200.0,True,open,7,0.0001,24,1,70,1.099956750869751,127.64245533943176,1.2,,training
UNet_DP_Morph,LungInfection,True,base,200.0,True,open,7,0.0001,24,2,70,1.10573410987854,128.9388027191162,1.2,,training
UNet_DP_Morph,LungInfection,True,base,200.0,True,open,9,0.0001,24,1,70,1.137438178062439,130.77011227607727,1.2,,training
UNet_DP_Morph,LungInfection,True,base,200.0,True,open,9,0.0001,24,2,70,1.07874596118927,136.8850440979004,1.2,,training
UNet_DP_Morph,LungInfection,True,nsgd,200.0,True,both,3,0.0001,24,1,70,1.3627285957336426,132.63145208358765,1.2,,training
UNet_DP_Morph,LungInfection,True,nsgd,200.0,True,both,3,0.0001,24,2,70,1.2359838485717771,129.0766224861145,1.2,,training
UNet_DP_Morph,LungInfection,True,nsgd,200.0,True,both,5,0.0001,24,1,70,1.336687088012695,134.88727378845215,1.2,,training
UNet_DP_Morph,LungInfection,True,nsgd,200.0,True,both,5,0.0001,24,2,70,1.3055698871612549,130.2603464126587,1.2,,training
UNet_DP_Morph,LungInfection,True,nsgd,200.0,True,both,7,0.0001,24,1,70,1.189154863357544,132.81628584861755,1.2,,training
UNet_DP_Morph,LungInfection,True,nsgd,200.0,True,both,7,0.0001,24,2,70,1.2438569068908691,130.29673433303833,1.2,,training
UNet_DP_Morph,LungInfection,True,nsgd,200.0,True,both,9,0.0001,24,1,70,1.2161264419555664,135.815181016922,1.2,,training
UNet_DP_Morph,LungInfection,True,nsgd,200.0,True,both,9,0.0001,24,2,70,1.183784246444702,130.2102975845337,1.2,,training
UNet_DP_Morph,LungInfection,True,nsgd,200.0,True,close,3,0.0001,24,1,70,1.26188063621521,131.93691635131836,1.2,,training
UNet_DP_Morph,LungInfection,True,nsgd,200.0,True,close,3,0.0001,24,2,70,1.3148216009140017,156.90501236915588,1.2,,training
UNet_DP_Morph,LungInfection,True,nsgd,200.0,True,close,5,0.0001,24,1,70,1.3541368246078491,129.72957706451416,1.2,,training
UNet_DP_Morph,LungInfection,True,nsgd,200.0,True,close,5,0.0001,24,2,70,1.3813934326171875,135.02024340629578,1.2,,training
UNet_DP_Morph,LungInfection,True,nsgd,200.0,True,close,7,0.0001,24,1,70,1.3866779804229736,131.20372605323792,1.2,,training
UNet_DP_Morph,LungInfection,True,nsgd,200.0,True,close,7,0.0001,24,2,70,1.3989591598510742,134.68000960350037,1.2,,training
UNet_DP_Morph,LungInfection,True,nsgd,200.0,True,close,9,0.0001,24,1,70,1.390510320663452,131.8650381565094,1.2,,training
UNet_DP_Morph,LungInfection,True,nsgd,200.0,True,close,9,0.0001,24,2,70,1.3354318141937256,135.84705996513367,1.2,,training
UNet_DP_Morph,LungInfection,True,nsgd,200.0,True,open,3,0.0001,24,1,70,1.2418856620788574,129.0411307811737,1.2,,training
UNet_DP_Morph,LungInfection,True,nsgd,200.0,True,open,3,0.0001,24,2,70,1.3034076690673828,126.01779198646544,1.2,,training
UNet_DP_Morph,LungInfection,True,nsgd,200.0,True,open,5,0.0001,24,1,70,1.1565932035446167,131.34054613113403,1.2,,training
UNet_DP_Morph,LungInfection,True,nsgd,200.0,True,open,5,0.0001,24,2,70,1.272179365158081,133.58300590515137,1.2,,training
UNet_DP_Morph,LungInfection,True,nsgd,200.0,True,open,7,0.0001,24,1,70,1.220842361450195,136.42959570884705,1.2,,training
UNet_DP_Morph,LungInfection,True,nsgd,200.0,True,open,7,0.0001,24,2,70,1.2086310386657717,130.260436296463,1.2,,training
UNet_DP_Morph,LungInfection,True,nsgd,200.0,True,open,9,0.0001,24,1,70,1.2223424911499023,136.37514662742615,1.2,,training
UNet_DP_Morph,LungInfection,True,nsgd,200.0,True,open,9,0.0001,24,2,70,1.2046542167663574,132.4936900138855,1.2,,training
UNet_DP_Morph,LungInfection,True,psac,200.0,True,both,3,0.0001,24,1,70,1.1925400495529177,134.10310530662537,1.2,,training
UNet_DP_Morph,LungInfection,True,psac,200.0,True,both,3,0.0001,24,2,70,1.2654979228973389,136.31037163734436,1.2,,training
UNet_DP_Morph,LungInfection,True,psac,200.0,True,both,5,0.0001,24,1,70,1.1269067525863647,139.09620428085327,1.2,,training
UNet_DP_Morph,LungInfection,True,psac,200.0,True,both,5,0.0001,24,2,70,1.2617942094802856,136.8721833229065,1.2,,training
UNet_DP_Morph,LungInfection,True,psac,200.0,True,both,7,0.0001,24,1,70,1.0660889148712158,142.74845504760742,1.2,,training
UNet_DP_Morph,LungInfection,True,psac,200.0,True,both,7,0.0001,24,2,70,1.12489914894104,135.89387774467468,1.2,,training
UNet_DP_Morph,LungInfection,True,psac,200.0,True,both,9,0.0001,24,2,70,1.190195918083191,142.35089373588562,1.2,,training
UNet_DP_Morph,LungInfection,True,psac,200.0,True,both,9,0.0001,24,1,70,1.254590392112732,172.42593693733215,1.2,,training
UNet_DP_Morph,LungInfection,True,psac,200.0,True,close,3,0.0001,24,1,70,1.3539588451385498,140.5130259990692,1.2,,training
UNet_DP_Morph,LungInfection,True,psac,200.0,True,close,3,0.0001,24,2,70,1.4044859409332275,137.967214345932,1.2,,training
UNet_DP_Morph,LungInfection,True,psac,200.0,True,close,5,0.0001,24,1,70,1.2995617389678955,135.72974276542664,1.2,,training
UNet_DP_Morph,LungInfection,True,psac,200.0,True,close,5,0.0001,24,2,70,1.3258497714996338,138.70107007026672,1.2,,training
UNet_DP_Morph,LungInfection,True,psac,200.0,True,close,7,0.0001,24,1,70,1.4950650930404663,138.98271465301514,1.2,,training
UNet_DP_Morph,LungInfection,True,psac,200.0,True,close,7,0.0001,24,2,70,1.4889310598373413,142.17584800720215,1.2,,training
UNet_DP_Morph,LungInfection,True,psac,200.0,True,close,9,0.0001,24,1,70,1.3465036153793335,137.09090781211853,1.2,,training
UNet_DP_Morph,LungInfection,True,psac,200.0,True,close,9,0.0001,24,2,70,1.489177703857422,135.1052360534668,1.2,,training
UNet_DP_Morph,LungInfection,True,psac,200.0,True,open,3,0.0001,24,1,70,1.2185760736465454,138.82565569877625,1.2,,training
UNet_DP_Morph,LungInfection,True,psac,200.0,True,open,3,0.0001,24,2,70,1.2715061902999878,137.47825646400452,1.2,,training
UNet_DP_Morph,LungInfection,True,psac,200.0,True,open,5,0.0001,24,1,70,1.2971179485321045,142.82188391685486,1.2,,training
UNet_DP_Morph,LungInfection,True,psac,200.0,True,open,5,0.0001,24,2,70,1.1965502500534058,141.55011224746704,1.2,,training
UNet_DP_Morph,LungInfection,True,psac,200.0,True,open,7,0.0001,24,1,70,1.1965744495391846,140.94602179527283,1.2,,training
UNet_DP_Morph,LungInfection,True,psac,200.0,True,open,7,0.0001,24,2,70,1.2751070261001587,139.78340578079224,1.2,,training
UNet_DP_Morph,LungInfection,True,psac,200.0,True,open,9,0.0001,24,1,70,1.180647850036621,142.35603070259094,1.2,,training
UNet_DP_Morph,LungInfection,True,psac,200.0,True,open,9,0.0001,24,2,70,1.189704418182373,141.15317726135254,1.2,,training
UNet_DP_Morph,LungInfection,True,automatic,200.0,True,both,3,0.0001,24,1,70,1.18672776222229,131.575049161911,1.5,,training
UNet_DP_Morph,LungInfection,True,automatic,200.0,True,both,3,0.0001,24,2,70,1.187957763671875,131.46375107765198,1.5,,training
UNet_DP_Morph,LungInfection,True,automatic,200.0,True,both,5,0.0001,24,1,70,1.141136884689331,132.29131388664246,1.5,,training
UNet_DP_Morph,LungInfection,True,automatic,200.0,True,both,5,0.0001,24,2,70,1.165673851966858,132.0208158493042,1.5,,training
UNet_DP_Morph,LungInfection,True,automatic,200.0,True,both,7,0.0001,24,1,70,1.1303508281707764,132.78553104400635,1.5,,training
UNet_DP_Morph,LungInfection,True,automatic,200.0,True,both,7,0.0001,24,2,70,1.0864801406860352,133.6468164920807,1.5,,training
UNet_DP_Morph,LungInfection,True,automatic,200.0,True,both,9,0.0001,24,1,70,1.1167417764663696,132.73853278160095,1.5,,training
UNet_DP_Morph,LungInfection,True,automatic,200.0,True,both,9,0.0001,24,2,70,1.1325167417526243,131.0782527923584,1.5,,training
UNet_DP_Morph,LungInfection,True,automatic,200.0,True,close,3,0.0001,24,1,70,1.2106878757476809,132.31193113327026,1.5,,training
UNet_DP_Morph,LungInfection,True,automatic,200.0,True,close,3,0.0001,24,2,70,1.264629364013672,129.19175148010254,1.5,,training
UNet_DP_Morph,LungInfection,True,automatic,200.0,True,close,5,0.0001,24,1,70,1.2491964101791382,133.66212487220764,1.5,,training
UNet_DP_Morph,LungInfection,True,automatic,200.0,True,close,5,0.0001,24,2,70,1.4007591009140017,128.24226188659668,1.5,,training
UNet_DP_Morph,LungInfection,True,automatic,200.0,True,close,7,0.0001,24,1,70,1.250387191772461,135.2660698890686,1.5,,training
UNet_DP_Morph,LungInfection,True,automatic,200.0,True,close,7,0.0001,24,2,70,1.2372729778289795,132.09802341461182,1.5,,training
UNet_DP_Morph,LungInfection,True,automatic,200.0,True,close,9,0.0001,24,1,70,1.3815873861312866,133.1654736995697,1.5,,training
UNet_DP_Morph,LungInfection,True,automatic,200.0,True,close,9,0.0001,24,2,70,1.25496506690979,135.53885054588318,1.5,,training
UNet_DP_Morph,LungInfection,True,automatic,200.0,True,open,3,0.0001,24,1,70,1.2092077732086182,131.83432602882385,1.5,,training
UNet_DP_Morph,LungInfection,True,automatic,200.0,True,open,3,0.0001,24,2,70,1.1630558967590332,126.63939547538756,1.5,,training
UNet_DP_Morph,LungInfection,True,automatic,200.0,True,open,5,0.0001,24,1,70,1.1142864227294922,128.0699484348297,1.5,,training
UNet_DP_Morph,LungInfection,True,automatic,200.0,True,open,5,0.0001,24,2,70,1.1153491735458374,130.00716018676758,1.5,,training
UNet_DP_Morph,LungInfection,True,automatic,200.0,True,open,7,0.0001,24,1,70,1.1314414739608765,129.8879942893982,1.5,,training
UNet_DP_Morph,LungInfection,True,automatic,200.0,True,open,7,0.0001,24,2,70,1.1562753915786743,131.1672601699829,1.5,,training
UNet_DP_Morph,LungInfection,True,automatic,200.0,True,open,9,0.0001,24,1,70,1.0905383825302124,129.4322509765625,1.5,,training
UNet_DP_Morph,LungInfection,True,automatic,200.0,True,open,9,0.0001,24,2,70,1.1231534481048584,130.3566176891327,1.5,,training
UNet_DP_Morph,LungInfection,True,base,200.0,True,both,3,0.0001,24,1,70,1.1629226207733154,131.64231872558594,1.5,,training
UNet_DP_Morph,LungInfection,True,base,200.0,True,both,3,0.0001,24,2,70,1.1190168857574463,132.76022863388062,1.5,,training
UNet_DP_Morph,LungInfection,True,base,200.0,True,both,5,0.0001,24,1,70,1.1461795568466189,129.8249866962433,1.5,,training
UNet_DP_Morph,LungInfection,True,base,200.0,True,both,5,0.0001,24,2,70,1.12355375289917,131.56398606300354,1.5,,training
UNet_DP_Morph,LungInfection,True,base,200.0,True,both,7,0.0001,24,1,70,1.119119644165039,136.85204029083252,1.5,,training
UNet_DP_Morph,LungInfection,True,base,200.0,True,both,7,0.0001,24,2,70,1.0917890071868896,132.59957456588745,1.5,,training
UNet_DP_Morph,LungInfection,True,base,200.0,True,both,9,0.0001,24,1,70,1.1773977279663086,136.00107336044312,1.5,,training
UNet_DP_Morph,LungInfection,True,base,200.0,True,both,9,0.0001,24,2,70,1.1133129596710205,134.84041571617126,1.5,,training
UNet_DP_Morph,LungInfection,True,base,200.0,True,close,3,0.0001,24,1,70,1.4156126976013184,131.09400415420532,1.5,,training
UNet_DP_Morph,LungInfection,True,base,200.0,True,close,3,0.0001,24,2,70,1.249820590019226,132.02850127220154,1.5,,training
UNet_DP_Morph,LungInfection,True,base,200.0,True,close,5,0.0001,24,1,70,1.3897171020507812,128.33287739753723,1.5,,training
UNet_DP_Morph,LungInfection,True,base,200.0,True,close,5,0.0001,24,2,70,1.4278944730758667,129.68292999267578,1.5,,training
UNet_DP_Morph,LungInfection,True,base,200.0,True,close,7,0.0001,24,1,70,1.2779664993286133,129.7190330028534,1.5,,training
UNet_DP_Morph,LungInfection,True,base,200.0,True,close,7,0.0001,24,2,70,1.3551900386810305,134.37551045417786,1.5,,training
UNet_DP_Morph,LungInfection,True,base,200.0,True,close,9,0.0001,24,1,70,1.371504306793213,134.00065398216248,1.5,,training
UNet_DP_Morph,LungInfection,True,base,200.0,True,close,9,0.0001,24,2,70,1.2964128255844116,164.35148215293884,1.5,,training
UNet_DP_Morph,LungInfection,True,base,200.0,True,open,3,0.0001,24,1,70,1.125006914138794,130.3916027545929,1.5,,training
UNet_DP_Morph,LungInfection,True,base,200.0,True,open,3,0.0001,24,2,70,1.098618507385254,131.89808559417725,1.5,,training
UNet_DP_Morph,LungInfection,True,base,200.0,True,open,5,0.0001,24,1,70,1.1092513799667358,130.74564599990845,1.5,,training
UNet_DP_Morph,LungInfection,True,base,200.0,True,open,5,0.0001,24,2,70,1.1490254402160645,128.46715474128723,1.5,,training
UNet_DP_Morph,LungInfection,True,base,200.0,True,open,7,0.0001,24,1,70,1.1316072940826416,131.3258078098297,1.5,,training
UNet_DP_Morph,LungInfection,True,base,200.0,True,open,7,0.0001,24,2,70,1.1459553241729736,126.90103387832642,1.5,,training
UNet_DP_Morph,LungInfection,True,base,200.0,True,open,9,0.0001,24,1,70,1.1284570693969729,131.71840953826904,1.5,,training
UNet_DP_Morph,LungInfection,True,base,200.0,True,open,9,0.0001,24,2,70,1.1010650396347046,133.40356993675232,1.5,,training
UNet_DP_Morph,LungInfection,True,nsgd,200.0,True,both,3,0.0001,24,1,70,1.411462664604187,128.22147035598755,1.5,,training
UNet_DP_Morph,LungInfection,True,nsgd,200.0,True,both,3,0.0001,24,2,70,1.3267269134521484,130.99824237823486,1.5,,training
UNet_DP_Morph,LungInfection,True,nsgd,200.0,True,both,5,0.0001,24,1,70,1.2629764080047607,130.660240650177,1.5,,training
UNet_DP_Morph,LungInfection,True,nsgd,200.0,True,both,5,0.0001,24,2,70,1.2944802045822144,131.9858467578888,1.5,,training
UNet_DP_Morph,LungInfection,True,nsgd,200.0,True,both,7,0.0001,24,1,70,1.2595473527908323,129.57336473464966,1.5,,training
UNet_DP_Morph,LungInfection,True,nsgd,200.0,True,both,7,0.0001,24,2,70,1.3133976459503174,132.86361408233645,1.5,,training
UNet_DP_Morph,LungInfection,True,nsgd,200.0,True,both,9,0.0001,24,1,70,1.21240496635437,136.1342043876648,1.5,,training
UNet_DP_Morph,LungInfection,True,nsgd,200.0,True,both,9,0.0001,24,2,70,1.2642329931259155,135.6192810535431,1.5,,training
UNet_DP_Morph,LungInfection,True,nsgd,200.0,True,close,3,0.0001,24,1,70,1.3856524229049685,131.7230567932129,1.5,,training
UNet_DP_Morph,LungInfection,True,nsgd,200.0,True,close,3,0.0001,24,2,70,1.3394198417663574,124.44299697875977,1.5,,training
UNet_DP_Morph,LungInfection,True,nsgd,200.0,True,close,5,0.0001,24,1,70,1.3288466930389404,135.5110080242157,1.5,,training
UNet_DP_Morph,LungInfection,True,nsgd,200.0,True,close,5,0.0001,24,2,70,1.3953256607055664,132.56207871437073,1.5,,training
UNet_DP_Morph,LungInfection,True,nsgd,200.0,True,close,7,0.0001,24,1,70,1.5254173278808594,133.22580671310425,1.5,,training
UNet_DP_Morph,LungInfection,True,nsgd,200.0,True,close,7,0.0001,24,2,70,1.4031639099121094,134.05520176887512,1.5,,training
UNet_DP_Morph,LungInfection,True,nsgd,200.0,True,close,9,0.0001,24,1,70,1.476649522781372,133.2889428138733,1.5,,training
UNet_DP_Morph,LungInfection,True,nsgd,200.0,True,close,9,0.0001,24,2,70,1.426027774810791,135.57606530189514,1.5,,training
UNet_DP_Morph,LungInfection,True,nsgd,200.0,True,open,3,0.0001,24,1,70,1.2765387296676636,132.03057169914246,1.5,,training
UNet_DP_Morph,LungInfection,True,nsgd,200.0,True,open,3,0.0001,24,2,70,1.345279097557068,129.60181713104248,1.5,,training
UNet_DP_Morph,LungInfection,True,nsgd,200.0,True,open,5,0.0001,24,2,70,1.2455668449401855,131.76769614219666,1.5,,training
UNet_DP_Morph,LungInfection,True,nsgd,200.0,True,open,5,0.0001,24,1,70,1.2079713344573977,165.4932518005371,1.5,,training
UNet_DP_Morph,LungInfection,True,nsgd,200.0,True,open,7,0.0001,24,1,70,1.258610725402832,131.2879502773285,1.5,,training
UNet_DP_Morph,LungInfection,True,nsgd,200.0,True,open,7,0.0001,24,2,70,1.2538633346557615,126.79287815093994,1.5,,training
UNet_DP_Morph,LungInfection,True,nsgd,200.0,True,open,9,0.0001,24,1,70,1.2638847827911377,134.26840496063232,1.5,,training
UNet_DP_Morph,LungInfection,True,nsgd,200.0,True,open,9,0.0001,24,2,70,1.2306588888168335,129.41181540489197,1.5,,training
UNet_DP_Morph,LungInfection,True,psac,200.0,True,both,3,0.0001,24,1,70,1.1922006607055664,138.9139518737793,1.5,,training
UNet_DP_Morph,LungInfection,True,psac,200.0,True,both,3,0.0001,24,2,70,1.232524275779724,133.82774710655212,1.5,,training
UNet_DP_Morph,LungInfection,True,psac,200.0,True,both,5,0.0001,24,1,70,1.150105118751526,141.71227979660034,1.5,,training
UNet_DP_Morph,LungInfection,True,psac,200.0,True,both,5,0.0001,24,2,70,1.1702134609222412,139.11704754829407,1.5,,training
UNet_DP_Morph,LungInfection,True,psac,200.0,True,both,7,0.0001,24,1,70,1.2129886150360107,140.47560000419617,1.5,,training
UNet_DP_Morph,LungInfection,True,psac,200.0,True,both,7,0.0001,24,2,70,1.231602430343628,139.44109892845154,1.5,,training
UNet_DP_Morph,LungInfection,True,psac,200.0,True,both,9,0.0001,24,1,70,1.164067625999451,143.37704062461853,1.5,,training
UNet_DP_Morph,LungInfection,True,psac,200.0,True,both,9,0.0001,24,2,70,1.1865785121917725,175.97150588035583,1.5,,training
UNet_DP_Morph,LungInfection,True,psac,200.0,True,close,3,0.0001,24,1,70,1.4316511154174805,135.63798642158508,1.5,,training
UNet_DP_Morph,LungInfection,True,psac,200.0,True,close,3,0.0001,24,2,70,1.3277761936187744,140.79910612106323,1.5,,training
UNet_DP_Morph,LungInfection,True,psac,200.0,True,close,5,0.0001,24,1,70,1.3492120504379272,136.32716417312622,1.5,,training
UNet_DP_Morph,LungInfection,True,psac,200.0,True,close,5,0.0001,24,2,70,1.3472981452941897,136.79250407218933,1.5,,training
UNet_DP_Morph,LungInfection,True,psac,200.0,True,close,7,0.0001,24,1,70,1.4152836799621582,138.62489867210388,1.5,,training
UNet_DP_Morph,LungInfection,True,psac,200.0,True,close,7,0.0001,24,2,70,1.2846330404281616,136.5035696029663,1.5,,training
UNet_DP_Morph,LungInfection,True,psac,200.0,True,close,9,0.0001,24,2,70,1.3654208183288574,140.8463838100433,1.5,,training
UNet_DP_Morph,LungInfection,True,psac,200.0,True,close,9,0.0001,24,1,70,1.4437007904052734,175.66309452056885,1.5,,training
UNet_DP_Morph,LungInfection,True,psac,200.0,True,open,3,0.0001,24,1,70,1.3078210353851318,139.38706946372986,1.5,,training
UNet_DP_Morph,LungInfection,True,psac,200.0,True,open,3,0.0001,24,2,70,1.2793452739715576,137.56304359436035,1.5,,training
UNet_DP_Morph,LungInfection,True,psac,200.0,True,open,5,0.0001,24,1,70,1.2510031461715698,137.9718475341797,1.5,,training
UNet_DP_Morph,LungInfection,True,psac,200.0,True,open,5,0.0001,24,2,70,1.2012076377868652,141.9562268257141,1.5,,training
UNet_DP_Morph,LungInfection,True,psac,200.0,True,open,7,0.0001,24,1,70,1.1803525686264038,139.4846773147583,1.5,,training
UNet_DP_Morph,LungInfection,True,psac,200.0,True,open,7,0.0001,24,2,70,1.2413829565048218,141.42812991142273,1.5,,training
UNet_DP_Morph,LungInfection,True,psac,200.0,True,open,9,0.0001,24,1,70,1.2105177640914917,136.89773726463318,1.5,,training
UNet_DP_Morph,LungInfection,True,psac,200.0,True,open,9,0.0001,24,2,70,1.1492724418640137,140.42411947250366,1.5,,training
UNet_DP_Morph,LungInfection,True,automatic,200.0,True,both,3,0.0001,24,1,70,1.1704390048980713,131.28382182121277,2.0,,training
UNet_DP_Morph,LungInfection,True,automatic,200.0,True,both,3,0.0001,24,2,70,1.2011414766311646,133.32855105400083,2.0,,training
UNet_DP_Morph,LungInfection,True,automatic,200.0,True,both,5,0.0001,24,1,70,1.1071215867996216,132.34989666938782,2.0,,training
UNet_DP_Morph,LungInfection,True,automatic,200.0,True,both,5,0.0001,24,2,70,1.1125521659851074,133.9812614917755,2.0,,training
UNet_DP_Morph,LungInfection,True,automatic,200.0,True,both,7,0.0001,24,1,70,1.134859561920166,134.06759238243103,2.0,,training
UNet_DP_Morph,LungInfection,True,automatic,200.0,True,both,7,0.0001,24,2,70,1.3086103200912476,133.63760042190552,2.0,,training
UNet_DP_Morph,LungInfection,True,automatic,200.0,True,both,9,0.0001,24,1,70,1.1234514713287354,134.20721006393433,2.0,,training
UNet_DP_Morph,LungInfection,True,automatic,200.0,True,both,9,0.0001,24,2,70,1.1333832740783691,135.8604600429535,2.0,,training
UNet_DP_Morph,LungInfection,True,automatic,200.0,True,close,3,0.0001,24,1,70,1.3315773010253906,128.14202213287354,2.0,,training
UNet_DP_Morph,LungInfection,True,automatic,200.0,True,close,3,0.0001,24,2,70,1.2658424377441406,128.57919192314148,2.0,,training
UNet_DP_Morph,LungInfection,True,automatic,200.0,True,close,5,0.0001,24,1,70,1.3490543365478516,126.36673045158386,2.0,,training
UNet_DP_Morph,LungInfection,True,automatic,200.0,True,close,5,0.0001,24,2,70,1.225197672843933,129.94054126739502,2.0,,training
UNet_DP_Morph,LungInfection,True,automatic,200.0,True,close,7,0.0001,24,1,70,1.3678224086761477,127.6030616760254,2.0,,training
UNet_DP_Morph,LungInfection,True,automatic,200.0,True,close,7,0.0001,24,2,70,1.3080891370773315,128.63707327842712,2.0,,training
UNet_DP_Morph,LungInfection,True,automatic,200.0,True,close,9,0.0001,24,1,70,1.4511064291000366,131.0691854953766,2.0,,training
UNet_DP_Morph,LungInfection,True,automatic,200.0,True,close,9,0.0001,24,2,70,1.3895163536071775,132.21054315567017,2.0,,training
UNet_DP_Morph,LungInfection,True,automatic,200.0,True,open,3,0.0001,24,1,70,1.1650232076644895,130.71924948692322,2.0,,training
UNet_DP_Morph,LungInfection,True,automatic,200.0,True,open,3,0.0001,24,2,70,1.201084852218628,130.9990360736847,2.0,,training
UNet_DP_Morph,LungInfection,True,automatic,200.0,True,open,5,0.0001,24,1,70,1.238602876663208,131.88544178009033,2.0,,training
UNet_DP_Morph,LungInfection,True,automatic,200.0,True,open,5,0.0001,24,2,70,1.2342689037322998,129.5724184513092,2.0,,training
UNet_DP_Morph,LungInfection,True,automatic,200.0,True,open,7,0.0001,24,1,70,1.131990671157837,132.18809032440186,2.0,,training
UNet_DP_Morph,LungInfection,True,automatic,200.0,True,open,7,0.0001,24,2,70,1.139173984527588,127.49360060691832,2.0,,training
UNet_DP_Morph,LungInfection,True,automatic,200.0,True,open,9,0.0001,24,1,70,1.166842341423035,126.89732670783997,2.0,,training
UNet_DP_Morph,LungInfection,True,automatic,200.0,True,open,9,0.0001,24,2,70,1.1196494102478027,126.84894919395448,2.0,,training
UNet_DP_Morph,LungInfection,True,base,200.0,True,both,3,0.0001,24,1,70,1.215376853942871,134.5601351261139,2.0,,training
UNet_DP_Morph,LungInfection,True,base,200.0,True,both,3,0.0001,24,2,70,1.2452058792114258,132.80953192710876,2.0,,training
UNet_DP_Morph,LungInfection,True,base,200.0,True,both,5,0.0001,24,1,70,1.144366979598999,134.5943796634674,2.0,,training
UNet_DP_Morph,LungInfection,True,base,200.0,True,both,5,0.0001,24,2,70,1.152834415435791,132.92519855499268,2.0,,training
UNet_DP_Morph,LungInfection,True,base,200.0,True,both,7,0.0001,24,1,70,1.102338790893555,133.1093831062317,2.0,,training
UNet_DP_Morph,LungInfection,True,base,200.0,True,both,7,0.0001,24,2,70,1.082058668136597,133.53537154197693,2.0,,training
UNet_DP_Morph,LungInfection,True,base,200.0,True,both,9,0.0001,24,1,70,1.1666699647903442,135.8056800365448,2.0,,training
UNet_DP_Morph,LungInfection,True,base,200.0,True,both,9,0.0001,24,2,70,1.1620770692825315,136.34758067131042,2.0,,training
UNet_DP_Morph,LungInfection,True,base,200.0,True,close,3,0.0001,24,1,70,1.3678736686706543,130.7219808101654,2.0,,training
UNet_DP_Morph,LungInfection,True,base,200.0,True,close,3,0.0001,24,2,70,1.2680814266204834,127.45972990989684,2.0,,training
UNet_DP_Morph,LungInfection,True,base,200.0,True,close,5,0.0001,24,1,70,1.3425105810165403,132.51305079460144,2.0,,training
UNet_DP_Morph,LungInfection,True,base,200.0,True,close,5,0.0001,24,2,70,1.3046566247940063,125.85314989089966,2.0,,training
UNet_DP_Morph,LungInfection,True,base,200.0,True,close,7,0.0001,24,1,70,1.455667495727539,126.2396342754364,2.0,,training
UNet_DP_Morph,LungInfection,True,base,200.0,True,close,7,0.0001,24,2,70,1.4089534282684326,157.95920658111572,2.0,,training
UNet_DP_Morph,LungInfection,True,base,200.0,True,close,9,0.0001,24,2,70,1.3807224035263062,130.99155163764954,2.0,,training
UNet_DP_Morph,LungInfection,True,base,200.0,True,close,9,0.0001,24,1,70,1.2908433675765991,170.48135018348694,2.0,,training
UNet_DP_Morph,LungInfection,True,base,200.0,True,open,3,0.0001,24,1,70,1.1466082334518433,127.68218779563904,2.0,,training
UNet_DP_Morph,LungInfection,True,base,200.0,True,open,3,0.0001,24,2,70,1.1150474548339844,132.66995644569397,2.0,,training
UNet_DP_Morph,LungInfection,True,base,200.0,True,open,5,0.0001,24,1,70,1.0675010681152344,131.87579870224,2.0,,training
UNet_DP_Morph,LungInfection,True,base,200.0,True,open,5,0.0001,24,2,70,1.2002875804901123,132.0757384300232,2.0,,training
UNet_DP_Morph,LungInfection,True,base,200.0,True,open,7,0.0001,24,1,70,1.1254339218139648,131.12371277809143,2.0,,training
UNet_DP_Morph,LungInfection,True,base,200.0,True,open,7,0.0001,24,2,70,1.1847636699676514,130.04747557640076,2.0,,training
UNet_DP_Morph,LungInfection,True,base,200.0,True,open,9,0.0001,24,1,70,1.109075903892517,131.35125303268433,2.0,,training
UNet_DP_Morph,LungInfection,True,base,200.0,True,open,9,0.0001,24,2,70,1.1009821891784668,131.84788966178894,2.0,,training
UNet_DP_Morph,LungInfection,True,nsgd,200.0,True,both,3,0.0001,24,1,70,1.38201904296875,130.98354578018188,2.0,,training
UNet_DP_Morph,LungInfection,True,nsgd,200.0,True,both,3,0.0001,24,2,70,1.2955074310302734,132.9688696861267,2.0,,training
UNet_DP_Morph,LungInfection,True,nsgd,200.0,True,both,5,0.0001,24,1,70,1.2469571828842163,131.2810788154602,2.0,,training
UNet_DP_Morph,LungInfection,True,nsgd,200.0,True,both,5,0.0001,24,2,70,1.2782667875289917,134.78599858283997,2.0,,training
UNet_DP_Morph,LungInfection,True,nsgd,200.0,True,both,7,0.0001,24,1,70,1.342678427696228,135.84487795829773,2.0,,training
UNet_DP_Morph,LungInfection,True,nsgd,200.0,True,both,7,0.0001,24,2,70,1.3228930234909058,135.48578548431396,2.0,,training
UNet_DP_Morph,LungInfection,True,nsgd,200.0,True,both,9,0.0001,24,1,70,1.3913962841033936,134.80587100982666,2.0,,training
UNet_DP_Morph,LungInfection,True,nsgd,200.0,True,both,9,0.0001,24,2,70,1.3788695335388184,135.0668432712555,2.0,,training
UNet_DP_Morph,LungInfection,True,nsgd,200.0,True,close,3,0.0001,24,1,70,1.507718801498413,130.33691382408142,2.0,,training
UNet_DP_Morph,LungInfection,True,nsgd,200.0,True,close,3,0.0001,24,2,70,1.466400980949402,161.87894368171692,2.0,,training
UNet_DP_Morph,LungInfection,True,nsgd,200.0,True,close,5,0.0001,24,1,70,1.4113826751708984,127.40815472602844,2.0,,training
UNet_DP_Morph,LungInfection,True,nsgd,200.0,True,close,5,0.0001,24,2,70,1.5441278219223022,128.84770226478577,2.0,,training
UNet_DP_Morph,LungInfection,True,nsgd,200.0,True,close,7,0.0001,24,1,70,1.4692167043685913,128.3560860157013,2.0,,training
UNet_DP_Morph,LungInfection,True,nsgd,200.0,True,close,7,0.0001,24,2,70,1.5138390064239502,130.1008758544922,2.0,,training
UNet_DP_Morph,LungInfection,True,nsgd,200.0,True,close,9,0.0001,24,1,70,1.4327434301376345,129.26295065879822,2.0,,training
UNet_DP_Morph,LungInfection,True,nsgd,200.0,True,close,9,0.0001,24,2,70,1.4871788024902344,128.7179811000824,2.0,,training
UNet_DP_Morph,LungInfection,True,nsgd,200.0,True,open,3,0.0001,24,1,70,1.3604873418807983,125.885272026062,2.0,,training
UNet_DP_Morph,LungInfection,True,nsgd,200.0,True,open,3,0.0001,24,2,70,1.503313064575195,129.20175123214722,2.0,,training
UNet_DP_Morph,LungInfection,True,nsgd,200.0,True,open,5,0.0001,24,1,70,1.3187661170959473,128.90587258338928,2.0,,training
UNet_DP_Morph,LungInfection,True,nsgd,200.0,True,open,5,0.0001,24,2,70,1.3109016418457031,132.5245065689087,2.0,,training
UNet_DP_Morph,LungInfection,True,nsgd,200.0,True,open,7,0.0001,24,1,70,1.3378089666366575,130.03436064720154,2.0,,training
UNet_DP_Morph,LungInfection,True,nsgd,200.0,True,open,7,0.0001,24,2,70,1.2934901714324951,128.09473180770874,2.0,,training
UNet_DP_Morph,LungInfection,True,nsgd,200.0,True,open,9,0.0001,24,1,70,1.3063485622406006,133.0964424610138,2.0,,training
UNet_DP_Morph,LungInfection,True,nsgd,200.0,True,open,9,0.0001,24,2,70,1.2717570066452026,129.5924117565155,2.0,,training
UNet_DP_Morph,LungInfection,True,psac,200.0,True,both,3,0.0001,24,1,70,1.1894872188568115,138.96191692352295,2.0,,training
UNet_DP_Morph,LungInfection,True,psac,200.0,True,both,3,0.0001,24,2,70,1.220854878425598,137.76608896255493,2.0,,training
UNet_DP_Morph,LungInfection,True,psac,200.0,True,both,5,0.0001,24,1,70,1.2277169227600098,138.40676307678223,2.0,,training
UNet_DP_Morph,LungInfection,True,psac,200.0,True,both,5,0.0001,24,2,70,1.1328535079956057,140.17863202095032,2.0,,training
UNet_DP_Morph,LungInfection,True,psac,200.0,True,both,7,0.0001,24,1,70,1.2123717069625854,137.64283108711243,2.0,,training
UNet_DP_Morph,LungInfection,True,psac,200.0,True,both,7,0.0001,24,2,70,1.2572596073150637,175.28470277786255,2.0,,training
UNet_DP_Morph,LungInfection,True,psac,200.0,True,both,9,0.0001,24,1,70,1.220489501953125,142.80219173431396,2.0,,training
UNet_DP_Morph,LungInfection,True,psac,200.0,True,both,9,0.0001,24,2,70,1.186240553855896,142.10696053504944,2.0,,training
UNet_DP_Morph,LungInfection,True,psac,200.0,True,close,3,0.0001,24,1,70,1.240517497062683,139.3155813217163,2.0,,training
UNet_DP_Morph,LungInfection,True,psac,200.0,True,close,3,0.0001,24,2,70,1.372436285018921,134.8099775314331,2.0,,training
UNet_DP_Morph,LungInfection,True,psac,200.0,True,close,5,0.0001,24,1,70,1.3041458129882812,141.9490203857422,2.0,,training
UNet_DP_Morph,LungInfection,True,psac,200.0,True,close,5,0.0001,24,2,70,1.3370418548583984,134.93891596794128,2.0,,training
UNet_DP_Morph,LungInfection,True,psac,200.0,True,close,7,0.0001,24,1,70,1.4035236835479736,140.28392791748047,2.0,,training
UNet_DP_Morph,LungInfection,True,psac,200.0,True,close,7,0.0001,24,2,70,1.3344134092330933,138.29228734970093,2.0,,training
UNet_DP_Morph,LungInfection,True,psac,200.0,True,close,9,0.0001,24,1,70,1.301478385925293,135.194495677948,2.0,,training
UNet_DP_Morph,LungInfection,True,psac,200.0,True,close,9,0.0001,24,2,70,1.3810218572616575,140.1153748035431,2.0,,training
UNet_DP_Morph,LungInfection,True,psac,200.0,True,open,3,0.0001,24,1,70,1.232083082199097,138.62103414535522,2.0,,training
UNet_DP_Morph,LungInfection,True,psac,200.0,True,open,3,0.0001,24,2,70,1.1821796894073486,138.1581301689148,2.0,,training
UNet_DP_Morph,LungInfection,True,psac,200.0,True,open,5,0.0001,24,1,70,1.1750441789627075,136.10684752464294,2.0,,training
UNet_DP_Morph,LungInfection,True,psac,200.0,True,open,5,0.0001,24,2,70,1.1530877351760864,140.98477292060852,2.0,,training
UNet_DP_Morph,LungInfection,True,psac,200.0,True,open,7,0.0001,24,1,70,1.112601399421692,137.60690879821777,2.0,,training
UNet_DP_Morph,LungInfection,True,psac,200.0,True,open,7,0.0001,24,2,70,1.1894978284835815,175.64764738082886,2.0,,training
UNet_DP_Morph,LungInfection,True,psac,200.0,True,open,9,0.0001,24,1,70,1.1518096923828125,137.3000829219818,2.0,,training
UNet_DP_Morph,LungInfection,True,psac,200.0,True,open,9,0.0001,24,2,70,1.1561368703842163,140.68384218215942,2.0,,training
UNet_DP_Morph,LungInfection,True,automatic,8.0,True,both,3,0.0001,48,1,70,1.532450795173645,107.11315894126892,1.2,,training
UNet_DP_Morph,LungInfection,True,automatic,8.0,True,both,3,0.0001,48,2,70,1.4178259372711182,139.34516072273254,1.2,,training
UNet_DP_Morph,LungInfection,True,automatic,8.0,True,both,5,0.0001,48,1,70,1.3453388214111328,132.29591035842896,1.2,,training
UNet_DP_Morph,LungInfection,True,automatic,8.0,True,both,5,0.0001,48,2,70,1.397047519683838,107.06972074508668,1.2,,training
UNet_DP_Morph,LungInfection,True,automatic,8.0,True,both,7,0.0001,48,1,70,1.3468211889266968,140.88211822509766,1.2,,training
UNet_DP_Morph,LungInfection,True,automatic,8.0,True,both,7,0.0001,48,2,70,1.3930234909057615,142.73979258537292,1.2,,training
UNet_DP_Morph,LungInfection,True,automatic,8.0,True,close,3,0.0001,48,1,70,1.4819493293762207,137.54169249534607,1.2,,training
UNet_DP_Morph,LungInfection,True,automatic,8.0,True,close,3,0.0001,48,2,70,1.4732744693756104,139.54368472099304,1.2,,training
UNet_DP_Morph,LungInfection,True,automatic,8.0,True,close,7,0.0001,48,1,70,1.5157597064971924,138.32361245155334,1.2,,training
UNet_DP_Morph,LungInfection,True,automatic,8.0,True,close,7,0.0001,48,2,70,1.5642536878585815,139.28722023963928,1.2,,training
UNet_DP_Morph,LungInfection,True,automatic,8.0,True,close,9,0.0001,48,1,70,1.445108413696289,138.2058174610138,1.2,,training
UNet_DP_Morph,LungInfection,True,automatic,8.0,True,close,9,0.0001,48,2,70,1.6780550479888916,139.88270616531372,1.2,,training
UNet_DP_Morph,LungInfection,True,automatic,8.0,True,open,3,0.0001,48,1,70,1.3465325832366943,136.72653317451477,1.2,,training
UNet_DP_Morph,LungInfection,True,automatic,8.0,True,open,3,0.0001,48,2,70,1.4378070831298828,139.19207310676575,1.2,,training
UNet_DP_Morph,LungInfection,True,automatic,8.0,True,open,5,0.0001,48,1,70,1.432189702987671,139.3485655784607,1.2,,training
UNet_DP_Morph,LungInfection,True,automatic,8.0,True,open,5,0.0001,48,2,70,1.3832335472106934,136.65578699111938,1.2,,training
UNet_DP_Morph,LungInfection,True,automatic,8.0,True,open,9,0.0001,48,1,70,1.4108868837356567,138.95444178581238,1.2,,training
UNet_DP_Morph,LungInfection,True,automatic,8.0,True,open,9,0.0001,48,2,70,1.3585246801376345,139.694313287735,1.2,,training
UNet_DP_Morph,LungInfection,True,base,8.0,True,both,7,0.0001,48,1,70,1.388811111450195,139.62902569770813,1.2,,training
UNet_DP_Morph,LungInfection,True,base,8.0,True,both,7,0.0001,48,2,70,1.3661727905273438,139.58718347549438,1.2,,training
UNet_DP_Morph,LungInfection,True,base,8.0,True,close,3,0.0001,48,1,70,1.475184679031372,104.87074446678162,1.2,,training
UNet_DP_Morph,LungInfection,True,base,8.0,True,close,3,0.0001,48,2,70,1.4733097553253174,135.45916652679443,1.2,,training
UNet_DP_Morph,LungInfection,True,base,8.0,True,close,7,0.0001,48,1,70,1.5121994018554688,140.83622813224792,1.2,,training
UNet_DP_Morph,LungInfection,True,base,8.0,True,close,7,0.0001,48,2,70,1.5849246978759766,138.9737594127655,1.2,,training
UNet_DP_Morph,LungInfection,True,base,8.0,True,close,9,0.0001,48,1,70,1.5150309801101685,139.18641424179077,1.2,,training
UNet_DP_Morph,LungInfection,True,base,8.0,True,close,9,0.0001,48,2,70,1.4812469482421875,142.44785618782043,1.2,,training
UNet_DP_Morph,LungInfection,True,base,8.0,True,open,5,0.0001,48,1,70,1.3218839168548584,105.45964312553406,1.2,,training
UNet_DP_Morph,LungInfection,True,base,8.0,True,open,5,0.0001,48,2,70,1.3799238204956057,140.27867889404297,1.2,,training
UNet_DP_Morph,LungInfection,True,base,8.0,True,open,9,0.0001,48,1,70,1.3791495561599731,138.5077395439148,1.2,,training
UNet_DP_Morph,LungInfection,True,base,8.0,True,open,9,0.0001,48,2,70,1.350229024887085,137.45423245429993,1.2,,training
UNet_DP_Morph,LungInfection,True,nsgd,8.0,True,both,3,0.0001,48,1,70,1.4873411655426023,138.50388622283936,1.2,,training
UNet_DP_Morph,LungInfection,True,nsgd,8.0,True,both,3,0.0001,48,2,70,1.4060633182525637,140.15668559074402,1.2,,training
UNet_DP_Morph,LungInfection,True,nsgd,8.0,True,both,5,0.0001,48,1,70,1.4987969398498535,139.82187390327454,1.2,,training
UNet_DP_Morph,LungInfection,True,nsgd,8.0,True,both,5,0.0001,48,2,70,1.4403212070465088,138.59600615501404,1.2,,training
UNet_DP_Morph,LungInfection,True,nsgd,8.0,True,both,9,0.0001,48,1,70,1.4434973001480105,108.90155410766602,1.2,,training
UNet_DP_Morph,LungInfection,True,nsgd,8.0,True,both,9,0.0001,48,2,70,1.395710825920105,140.74468541145325,1.2,,training
UNet_DP_Morph,LungInfection,True,nsgd,8.0,True,close,3,0.0001,48,1,70,1.5128573179244995,137.7163519859314,1.2,,training
UNet_DP_Morph,LungInfection,True,nsgd,8.0,True,close,3,0.0001,48,2,70,1.536027193069458,139.57532715797424,1.2,,training
UNet_DP_Morph,LungInfection,True,nsgd,8.0,True,close,5,0.0001,48,1,70,1.486950159072876,140.5879509449005,1.2,,training
UNet_DP_Morph,LungInfection,True,nsgd,8.0,True,close,5,0.0001,48,2,70,1.5397074222564695,136.164879322052,1.2,,training
UNet_DP_Morph,LungInfection,True,nsgd,8.0,True,close,7,0.0001,48,1,70,1.53620183467865,138.04102182388306,1.2,,training
UNet_DP_Morph,LungInfection,True,nsgd,8.0,True,close,7,0.0001,48,2,70,1.5448317527770996,137.30644392967224,1.2,,training
UNet_DP_Morph,LungInfection,True,nsgd,8.0,True,close,9,0.0001,48,1,70,1.566152572631836,108.34990763664246,1.2,,training
UNet_DP_Morph,LungInfection,True,nsgd,8.0,True,close,9,0.0001,48,2,70,1.595374345779419,137.37755036354065,1.2,,training
UNet_DP_Morph,LungInfection,True,nsgd,8.0,True,open,7,0.0001,48,1,70,1.4102023839950562,138.01916694641113,1.2,,training
UNet_DP_Morph,LungInfection,True,nsgd,8.0,True,open,7,0.0001,48,2,70,1.3959524631500244,139.94078969955444,1.2,,training
UNet_DP_Morph,LungInfection,True,psac,8.0,True,both,3,0.0001,48,1,70,1.4713521003723145,154.5784513950348,1.2,,training
UNet_DP_Morph,LungInfection,True,psac,8.0,True,both,3,0.0001,48,2,70,1.4555256366729736,151.0440318584442,1.2,,training
UNet_DP_Morph,LungInfection,True,psac,8.0,True,both,5,0.0001,48,1,70,1.4946823120117188,147.4897334575653,1.2,,training
UNet_DP_Morph,LungInfection,True,psac,8.0,True,both,5,0.0001,48,2,70,1.4068548679351809,153.48715376853943,1.2,,training
UNet_DP_Morph,LungInfection,True,psac,8.0,True,both,9,0.0001,48,1,70,1.406233549118042,147.71917128562927,1.2,,training
UNet_DP_Morph,LungInfection,True,psac,8.0,True,both,9,0.0001,48,2,70,1.3703409433364868,156.09471559524536,1.2,,training
UNet_DP_Morph,LungInfection,True,psac,8.0,True,close,5,0.0001,48,1,70,1.5881550312042236,147.59261512756348,1.2,,training
UNet_DP_Morph,LungInfection,True,psac,8.0,True,close,5,0.0001,48,2,70,1.4581079483032229,149.8597927093506,1.2,,training
UNet_DP_Morph,LungInfection,True,psac,8.0,True,close,7,0.0001,48,1,70,1.647940158843994,145.71889281272888,1.2,,training
UNet_DP_Morph,LungInfection,True,psac,8.0,True,close,7,0.0001,48,2,70,1.4972891807556152,150.76243233680725,1.2,,training
UNet_DP_Morph,LungInfection,True,psac,8.0,True,close,9,0.0001,48,1,70,1.5353213548660278,152.75478601455688,1.2,,training
UNet_DP_Morph,LungInfection,True,psac,8.0,True,close,9,0.0001,48,2,70,1.5485095977783203,154.35613322257996,1.2,,training
UNet_DP_Morph,LungInfection,True,psac,8.0,True,open,3,0.0001,48,1,70,1.457366943359375,153.08759665489197,1.2,,training
UNet_DP_Morph,LungInfection,True,psac,8.0,True,open,3,0.0001,48,2,70,1.421814203262329,152.3793203830719,1.2,,training
UNet_DP_Morph,LungInfection,True,psac,8.0,True,open,5,0.0001,48,1,70,1.4383355379104614,115.40286922454834,1.2,,training
UNet_DP_Morph,LungInfection,True,psac,8.0,True,open,5,0.0001,48,2,70,1.334341049194336,146.8026406764984,1.2,,training
UNet_DP_Morph,LungInfection,True,psac,8.0,True,open,7,0.0001,48,2,70,1.416948318481445,115.58242702484132,1.2,,training
UNet_DP_Morph,LungInfection,True,psac,8.0,True,open,7,0.0001,48,1,70,1.3967044353485107,157.11019659042358,1.2,,training
UNet_DP_Morph,LungInfection,True,psac,8.0,True,open,9,0.0001,48,1,70,1.391572117805481,152.68582248687744,1.2,,training
UNet_DP_Morph,LungInfection,True,psac,8.0,True,open,9,0.0001,48,2,70,1.4132287502288818,148.4379026889801,1.2,,training
UNet_DP_Morph,LungInfection,True,automatic,8.0,True,both,3,0.0001,48,1,70,1.4273502826690674,137.84330582618713,1.5,,training
UNet_DP_Morph,LungInfection,True,automatic,8.0,True,both,3,0.0001,48,2,70,1.4655098915100098,139.5675015449524,1.5,,training
UNet_DP_Morph,LungInfection,True,automatic,8.0,True,both,5,0.0001,48,2,70,1.414480686187744,109.65909790992735,1.5,,training
UNet_DP_Morph,LungInfection,True,automatic,8.0,True,both,5,0.0001,48,1,70,1.3929541110992432,140.97532749176025,1.5,,training
UNet_DP_Morph,LungInfection,True,automatic,8.0,True,close,3,0.0001,48,1,70,1.5246148109436035,136.06909227371216,1.5,,training
UNet_DP_Morph,LungInfection,True,automatic,8.0,True,close,3,0.0001,48,2,70,1.5711545944213867,138.32820296287537,1.5,,training
UNet_DP_Morph,LungInfection,True,automatic,8.0,True,open,3,0.0001,48,1,70,1.4484331607818604,138.45062065124512,1.5,,training
UNet_DP_Morph,LungInfection,True,automatic,8.0,True,open,3,0.0001,48,2,70,1.464496612548828,104.07037568092346,1.5,,training
UNet_DP_Morph,LungInfection,True,automatic,8.0,True,open,5,0.0001,48,1,70,1.3700084686279297,135.62981915473938,1.5,,training
UNet_DP_Morph,LungInfection,True,automatic,8.0,True,open,5,0.0001,48,2,70,1.386483669281006,137.06834197044373,1.5,,training
UNet_DP_Morph,LungInfection,True,automatic,8.0,True,open,7,0.0001,48,1,70,1.3689441680908203,138.1087782382965,1.5,,training
UNet_DP_Morph,LungInfection,True,automatic,8.0,True,open,7,0.0001,48,2,70,1.3977546691894531,136.2321903705597,1.5,,training
UNet_DP_Morph,LungInfection,True,automatic,8.0,True,open,9,0.0001,48,1,70,1.3357290029525757,140.14051961898804,1.5,,training
UNet_DP_Morph,LungInfection,True,automatic,8.0,True,open,9,0.0001,48,2,70,1.442225217819214,138.353768825531,1.5,,training
UNet_DP_Morph,LungInfection,True,base,8.0,True,both,3,0.0001,48,1,70,1.452792406082153,136.30936002731323,1.5,,training
UNet_DP_Morph,LungInfection,True,base,8.0,True,both,3,0.0001,48,2,70,1.5371878147125244,136.77951169013977,1.5,,training
UNet_DP_Morph,LungInfection,True,base,8.0,True,both,5,0.0001,48,1,70,1.4387973546981812,136.75661492347717,1.5,,training
UNet_DP_Morph,LungInfection,True,base,8.0,True,both,5,0.0001,48,2,70,1.3965740203857422,138.4297218322754,1.5,,training
UNet_DP_Morph,LungInfection,True,base,8.0,True,both,7,0.0001,48,1,70,1.4096670150756836,107.5441529750824,1.5,,training
UNet_DP_Morph,LungInfection,True,base,8.0,True,both,7,0.0001,48,2,70,1.401464819908142,133.80387115478516,1.5,,training
UNet_DP_Morph,LungInfection,True,base,8.0,True,both,9,0.0001,48,1,70,1.3895788192749023,138.99035000801086,1.5,,training
UNet_DP_Morph,LungInfection,True,base,8.0,True,both,9,0.0001,48,2,70,1.426872730255127,139.40680646896362,1.5,,training
UNet_DP_Morph,LungInfection,True,base,8.0,True,close,3,0.0001,48,1,70,1.5400140285491943,137.58765196800232,1.5,,training
UNet_DP_Morph,LungInfection,True,base,8.0,True,close,3,0.0001,48,2,70,1.6863806247711182,137.2222764492035,1.5,,training
UNet_DP_Morph,LungInfection,True,base,8.0,True,close,5,0.0001,48,1,70,1.4370585680007937,138.2731735706329,1.5,,training
UNet_DP_Morph,LungInfection,True,base,8.0,True,close,5,0.0001,48,2,70,1.5492093563079834,138.81854367256165,1.5,,training
UNet_DP_Morph,LungInfection,True,base,8.0,True,close,7,0.0001,48,1,70,1.5834448337554932,139.8061101436615,1.5,,training
UNet_DP_Morph,LungInfection,True,base,8.0,True,close,7,0.0001,48,2,70,1.5859378576278689,139.05437207221985,1.5,,training
UNet_DP_Morph,LungInfection,True,base,8.0,True,close,9,0.0001,48,1,70,1.6530911922454834,138.2794795036316,1.5,,training
UNet_DP_Morph,LungInfection,True,base,8.0,True,close,9,0.0001,48,2,70,1.5893023014068604,139.38425135612488,1.5,,training
UNet_DP_Morph,LungInfection,True,base,8.0,True,open,3,0.0001,48,1,70,1.4520812034606934,138.8440089225769,1.5,,training
UNet_DP_Morph,LungInfection,True,base,8.0,True,open,3,0.0001,48,2,70,1.3755087852478027,137.82153487205505,1.5,,training
UNet_DP_Morph,LungInfection,True,base,8.0,True,open,5,0.0001,48,1,70,1.3990219831466677,138.1589822769165,1.5,,training
UNet_DP_Morph,LungInfection,True,base,8.0,True,open,5,0.0001,48,2,70,1.4053829908370972,135.37427878379822,1.5,,training
UNet_DP_Morph,LungInfection,True,base,8.0,True,open,7,0.0001,48,1,70,1.398890256881714,107.2555787563324,1.5,,training
UNet_DP_Morph,LungInfection,True,base,8.0,True,open,7,0.0001,48,2,70,1.4195964336395264,137.61316680908203,1.5,,training
UNet_DP_Morph,LungInfection,True,base,8.0,True,open,9,0.0001,48,1,70,1.40874981880188,135.93675994873047,1.5,,training
UNet_DP_Morph,LungInfection,True,base,8.0,True,open,9,0.0001,48,2,70,1.3789286613464355,137.7320041656494,1.5,,training
UNet_DP_Morph,LungInfection,True,nsgd,8.0,True,both,3,0.0001,48,1,70,1.5015891790390017,105.8280758857727,1.5,,training
UNet_DP_Morph,LungInfection,True,nsgd,8.0,True,both,3,0.0001,48,2,70,1.4524540901184082,133.24728751182556,1.5,,training
UNet_DP_Morph,LungInfection,True,nsgd,8.0,True,both,9,0.0001,48,1,70,1.3958661556243896,140.92167806625366,1.5,,training
UNet_DP_Morph,LungInfection,True,nsgd,8.0,True,both,9,0.0001,48,2,70,1.4731266498565674,143.63574314117432,1.5,,training
UNet_DP_Morph,LungInfection,True,nsgd,8.0,True,close,3,0.0001,48,1,70,1.6688125133514404,138.65763998031616,1.5,,training
UNet_DP_Morph,LungInfection,True,nsgd,8.0,True,close,3,0.0001,48,2,70,1.569200038909912,138.59933853149414,1.5,,training
UNet_DP_Morph,LungInfection,True,nsgd,8.0,True,close,5,0.0001,48,1,70,1.4992451667785645,136.6080138683319,1.5,,training
UNet_DP_Morph,LungInfection,True,nsgd,8.0,True,close,5,0.0001,48,2,70,1.5340499877929688,138.91474652290344,1.5,,training
UNet_DP_Morph,LungInfection,True,nsgd,8.0,True,open,3,0.0001,48,1,70,1.472858190536499,141.60509037971497,1.5,,training
UNet_DP_Morph,LungInfection,True,nsgd,8.0,True,open,3,0.0001,48,2,70,1.3946439027786257,139.8310489654541,1.5,,training
UNet_DP_Morph,LungInfection,True,nsgd,8.0,True,open,7,0.0001,48,2,70,1.4168550968170166,108.26590824127196,1.5,,training
UNet_DP_Morph,LungInfection,True,nsgd,8.0,True,open,7,0.0001,48,1,70,1.3934636116027832,141.1783230304718,1.5,,training
UNet_DP_Morph,LungInfection,True,nsgd,8.0,True,open,9,0.0001,48,2,70,1.3994419574737549,104.89145612716676,1.5,,training
UNet_DP_Morph,LungInfection,True,nsgd,8.0,True,open,9,0.0001,48,1,70,1.4162477254867554,142.67098927497864,1.5,,training
UNet_DP_Morph,LungInfection,True,psac,8.0,True,both,7,0.0001,48,1,70,1.4111294746398926,146.30441331863403,1.5,,training
UNet_DP_Morph,LungInfection,True,psac,8.0,True,both,7,0.0001,48,2,70,1.4484270811080933,153.63950061798096,1.5,,training
UNet_DP_Morph,LungInfection,True,psac,8.0,True,close,3,0.0001,48,1,70,1.671220064163208,144.96641039848328,1.5,,training
UNet_DP_Morph,LungInfection,True,psac,8.0,True,close,3,0.0001,48,2,70,1.4663400650024414,150.08239340782166,1.5,,training
UNet_DP_Morph,LungInfection,True,psac,8.0,True,close,5,0.0001,48,1,70,1.5313727855682373,145.98404026031494,1.5,,training
UNet_DP_Morph,LungInfection,True,psac,8.0,True,close,5,0.0001,48,2,70,1.7268829345703125,148.43555736541748,1.5,,training
UNet_DP_Morph,LungInfection,True,psac,8.0,True,close,7,0.0001,48,1,70,1.4827485084533691,145.68472623825073,1.5,,training
UNet_DP_Morph,LungInfection,True,psac,8.0,True,close,7,0.0001,48,2,70,1.6887056827545166,148.6805682182312,1.5,,training
UNet_DP_Morph,LungInfection,True,psac,8.0,True,open,3,0.0001,48,1,70,1.4148249626159668,150.5439052581787,1.5,,training
UNet_DP_Morph,LungInfection,True,psac,8.0,True,open,3,0.0001,48,2,70,1.4245822429656982,147.73794198036194,1.5,,training
UNet_DP_Morph,LungInfection,True,psac,8.0,True,open,5,0.0001,48,1,70,1.4031356573104858,151.75522184371948,1.5,,training
UNet_DP_Morph,LungInfection,True,psac,8.0,True,open,5,0.0001,48,2,70,1.369908094406128,154.46972584724426,1.5,,training
UNet_DP_Morph,LungInfection,True,psac,8.0,True,open,7,0.0001,48,1,70,1.3833529949188232,150.0369770526886,1.5,,training
UNet_DP_Morph,LungInfection,True,psac,8.0,True,open,7,0.0001,48,2,70,1.3540668487548828,147.07435584068298,1.5,,training
UNet_DP_Morph,LungInfection,True,psac,8.0,True,open,9,0.0001,48,1,70,1.4227242469787598,152.27057218551636,1.5,,training
UNet_DP_Morph,LungInfection,True,psac,8.0,True,open,9,0.0001,48,2,70,1.4490468502044678,156.075035572052,1.5,,training
UNet_DP_Morph,LungInfection,True,automatic,8.0,True,both,3,0.0001,48,2,70,1.395870804786682,105.678555727005,2.0,,training
UNet_DP_Morph,LungInfection,True,automatic,8.0,True,both,3,0.0001,48,1,70,1.4176180362701416,135.56338047981262,2.0,,training
UNet_DP_Morph,LungInfection,True,automatic,8.0,True,close,5,0.0001,48,1,70,1.4338972568511963,140.1562943458557,2.0,,training
UNet_DP_Morph,LungInfection,True,automatic,8.0,True,close,5,0.0001,48,2,70,1.4820287227630615,138.10582065582275,2.0,,training
UNet_DP_Morph,LungInfection,True,automatic,8.0,True,close,7,0.0001,48,1,70,1.554828405380249,137.58871936798096,2.0,,training
UNet_DP_Morph,LungInfection,True,automatic,8.0,True,close,7,0.0001,48,2,70,1.5533268451690674,136.42351078987122,2.0,,training
UNet_DP_Morph,LungInfection,True,automatic,8.0,True,open,5,0.0001,48,1,70,1.3828985691070557,141.57630681991577,2.0,,training
UNet_DP_Morph,LungInfection,True,automatic,8.0,True,open,5,0.0001,48,2,70,1.4071335792541504,106.89631247520448,2.0,,training
UNet_DP_Morph,LungInfection,True,automatic,8.0,True,open,7,0.0001,48,1,70,1.380117416381836,136.03040194511414,2.0,,training
UNet_DP_Morph,LungInfection,True,automatic,8.0,True,open,7,0.0001,48,2,70,1.3672640323638916,138.11718010902405,2.0,,training
UNet_DP_Morph,LungInfection,True,automatic,8.0,True,open,9,0.0001,48,1,70,1.3319342136383057,139.16343665122986,2.0,,training
UNet_DP_Morph,LungInfection,True,automatic,8.0,True,open,9,0.0001,48,2,70,1.3288534879684448,139.13521146774292,2.0,,training
UNet_DP_Morph,LungInfection,True,base,8.0,True,both,3,0.0001,48,1,70,1.4383933544158936,135.18757462501526,2.0,,training
UNet_DP_Morph,LungInfection,True,base,8.0,True,both,3,0.0001,48,2,70,1.3280696868896484,142.9111249446869,2.0,,training
UNet_DP_Morph,LungInfection,True,base,8.0,True,both,5,0.0001,48,1,70,1.3608708381652832,138.4040329456329,2.0,,training
UNet_DP_Morph,LungInfection,True,base,8.0,True,both,5,0.0001,48,2,70,1.3971810340881348,137.84552884101868,2.0,,training
UNet_DP_Morph,LungInfection,True,base,8.0,True,both,7,0.0001,48,1,70,1.3907532691955566,136.5265595912933,2.0,,training
UNet_DP_Morph,LungInfection,True,base,8.0,True,both,7,0.0001,48,2,70,1.4074411392211914,141.07437133789062,2.0,,training
UNet_DP_Morph,LungInfection,True,base,8.0,True,both,9,0.0001,48,1,70,1.3822695016860962,140.23084473609924,2.0,,training
UNet_DP_Morph,LungInfection,True,base,8.0,True,both,9,0.0001,48,2,70,1.356804609298706,141.5895836353302,2.0,,training
UNet_DP_Morph,LungInfection,True,base,8.0,True,close,5,0.0001,48,1,70,1.4217333793640137,107.53619575500488,2.0,,training
UNet_DP_Morph,LungInfection,True,base,8.0,True,close,5,0.0001,48,2,70,1.4572062492370603,140.1964225769043,2.0,,training
UNet_DP_Morph,LungInfection,True,base,8.0,True,open,3,0.0001,48,1,70,1.4236783981323242,139.88585662841797,2.0,,training
UNet_DP_Morph,LungInfection,True,base,8.0,True,open,3,0.0001,48,2,70,1.3513685464859009,136.8201458454132,2.0,,training
UNet_DP_Morph,LungInfection,True,base,8.0,True,open,7,0.0001,48,1,70,1.3706998825073242,136.99934244155884,2.0,,training
UNet_DP_Morph,LungInfection,True,base,8.0,True,open,7,0.0001,48,2,70,1.4306690692901611,136.7867443561554,2.0,,training
UNet_DP_Morph,LungInfection,True,base,8.0,True,open,9,0.0001,48,1,70,1.366091251373291,137.70199942588806,2.0,,training
UNet_DP_Morph,LungInfection,True,base,8.0,True,open,9,0.0001,48,2,70,1.399190068244934,138.25658226013184,2.0,,training
UNet_DP_Morph,LungInfection,True,nsgd,8.0,True,both,3,0.0001,48,1,70,1.5714370012283323,137.55032110214233,2.0,,training
UNet_DP_Morph,LungInfection,True,nsgd,8.0,True,both,3,0.0001,48,2,70,1.4549448490142822,134.56657767295837,2.0,,training
UNet_DP_Morph,LungInfection,True,nsgd,8.0,True,both,7,0.0001,48,1,70,1.43706214427948,137.04593133926392,2.0,,training
UNet_DP_Morph,LungInfection,True,nsgd,8.0,True,both,7,0.0001,48,2,70,1.4535367488861084,138.1543891429901,2.0,,training
UNet_DP_Morph,LungInfection,True,nsgd,8.0,True,both,9,0.0001,48,1,70,1.4026631116867063,138.76483845710754,2.0,,training
UNet_DP_Morph,LungInfection,True,nsgd,8.0,True,both,9,0.0001,48,2,70,1.4026380777359009,142.18223929405212,2.0,,training
UNet_DP_Morph,LungInfection,True,nsgd,8.0,True,close,3,0.0001,48,1,70,1.5664007663726809,108.20236873626708,2.0,,training
UNet_DP_Morph,LungInfection,True,nsgd,8.0,True,close,3,0.0001,48,2,70,1.552131414413452,138.33249735832214,2.0,,training
UNet_DP_Morph,LungInfection,True,nsgd,8.0,True,close,7,0.0001,48,1,70,1.634143352508545,137.60773587226868,2.0,,training
UNet_DP_Morph,LungInfection,True,nsgd,8.0,True,close,7,0.0001,48,2,70,1.5146279335021973,135.81834411621094,2.0,,training
UNet_DP_Morph,LungInfection,True,nsgd,8.0,True,close,9,0.0001,48,1,70,1.6068758964538574,137.44977378845215,2.0,,training
UNet_DP_Morph,LungInfection,True,nsgd,8.0,True,close,9,0.0001,48,2,70,1.5730328559875488,141.98854064941406,2.0,,training
UNet_DP_Morph,LungInfection,True,nsgd,8.0,True,open,3,0.0001,48,1,70,1.4571174383163452,140.23817348480225,2.0,,training
UNet_DP_Morph,LungInfection,True,nsgd,8.0,True,open,3,0.0001,48,2,70,1.6262266635894775,140.82295179367063,2.0,,training
UNet_DP_Morph,LungInfection,True,nsgd,8.0,True,open,5,0.0001,48,1,70,1.4500253200531006,136.4739716053009,2.0,,training
UNet_DP_Morph,LungInfection,True,nsgd,8.0,True,open,5,0.0001,48,2,70,1.413891077041626,136.69321846961975,2.0,,training
UNet_DP_Morph,LungInfection,True,nsgd,8.0,True,open,7,0.0001,48,1,70,1.3740153312683103,138.15311527252197,2.0,,training
UNet_DP_Morph,LungInfection,True,nsgd,8.0,True,open,7,0.0001,48,2,70,1.4700884819030762,136.04492163658142,2.0,,training
UNet_DP_Morph,LungInfection,True,nsgd,8.0,True,open,9,0.0001,48,2,70,1.389089584350586,109.84149980545044,2.0,,training
UNet_DP_Morph,LungInfection,True,nsgd,8.0,True,open,9,0.0001,48,1,70,1.488089084625244,138.58819246292114,2.0,,training
UNet_DP_Morph,LungInfection,True,psac,8.0,True,both,3,0.0001,48,1,70,1.4619147777557373,146.84009408950806,2.0,,training
UNet_DP_Morph,LungInfection,True,psac,8.0,True,both,3,0.0001,48,2,70,1.443286418914795,149.95696115493774,2.0,,training
UNet_DP_Morph,LungInfection,True,psac,8.0,True,both,5,0.0001,48,1,70,1.4191511869430542,144.0544672012329,2.0,,training
UNet_DP_Morph,LungInfection,True,psac,8.0,True,both,5,0.0001,48,2,70,1.4766252040863037,153.03611826896667,2.0,,training
UNet_DP_Morph,LungInfection,True,psac,8.0,True,both,7,0.0001,48,1,70,1.482874870300293,116.62841749191284,2.0,,training
UNet_DP_Morph,LungInfection,True,psac,8.0,True,both,7,0.0001,48,2,70,1.37602698802948,117.66603183746338,2.0,,training
UNet_DP_Morph,LungInfection,True,psac,8.0,True,both,9,0.0001,48,1,70,1.4088611602783203,150.75329637527466,2.0,,training
UNet_DP_Morph,LungInfection,True,psac,8.0,True,both,9,0.0001,48,2,70,1.393283486366272,153.22252011299133,2.0,,training
UNet_DP_Morph,LungInfection,True,psac,8.0,True,close,5,0.0001,48,1,70,1.5750168561935425,116.98828649520874,2.0,,training
UNet_DP_Morph,LungInfection,True,psac,8.0,True,close,5,0.0001,48,2,70,1.5526593923568726,154.55444836616516,2.0,,training
UNet_DP_Morph,LungInfection,True,psac,8.0,True,open,3,0.0001,48,1,70,1.4397783279418943,119.60480332374571,2.0,,training
UNet_DP_Morph,LungInfection,True,psac,8.0,True,open,3,0.0001,48,2,70,1.4256870746612549,155.0807991027832,2.0,,training
UNet_DP_Morph,LungInfection,True,psac,8.0,True,open,5,0.0001,48,1,70,1.405277967453003,153.14648485183716,2.0,,training
UNet_DP_Morph,LungInfection,True,psac,8.0,True,open,5,0.0001,48,2,70,1.371297836303711,149.2466139793396,2.0,,training
UNet_DP_Morph,LungInfection,True,psac,8.0,True,open,9,0.0001,48,1,70,1.3963230848312378,154.48224902153015,2.0,,training
UNet_DP_Morph,LungInfection,True,psac,8.0,True,open,9,0.0001,48,2,70,1.4584323167800903,150.37962865829468,2.0,,training
UNet_DP_Morph,LungInfection,True,automatic,200.0,True,both,3,0.0001,48,1,70,1.180823564529419,152.30939388275146,1.2,,training
UNet_DP_Morph,LungInfection,True,automatic,200.0,True,both,3,0.0001,48,2,70,1.168919801712036,153.87562608718872,1.2,,training
UNet_DP_Morph,LungInfection,True,automatic,200.0,True,both,5,0.0001,48,1,70,1.129300594329834,153.06566286087036,1.2,,training
UNet_DP_Morph,LungInfection,True,automatic,200.0,True,both,5,0.0001,48,2,70,1.1633360385894775,155.28549647331238,1.2,,training
UNet_DP_Morph,LungInfection,True,automatic,200.0,True,close,5,0.0001,48,1,70,1.3500423431396484,156.06715440750122,1.2,,training
UNet_DP_Morph,LungInfection,True,automatic,200.0,True,close,5,0.0001,48,2,70,1.2756093740463257,150.1888782978058,1.2,,training
UNet_DP_Morph,LungInfection,True,automatic,200.0,True,open,3,0.0001,48,1,70,1.1434054374694824,117.0731873512268,1.2,,training
UNet_DP_Morph,LungInfection,True,automatic,200.0,True,open,3,0.0001,48,2,70,1.283627986907959,150.98611783981323,1.2,,training
UNet_DP_Morph,LungInfection,True,automatic,200.0,True,open,5,0.0001,48,1,70,1.1160085201263428,150.57136344909668,1.2,,training
UNet_DP_Morph,LungInfection,True,automatic,200.0,True,open,5,0.0001,48,2,70,1.138291597366333,154.29701566696167,1.2,,training
UNet_DP_Morph,LungInfection,True,automatic,200.0,True,open,9,0.0001,48,1,70,1.1610634326934814,153.6390655040741,1.2,,training
UNet_DP_Morph,LungInfection,True,automatic,200.0,True,open,9,0.0001,48,2,70,1.1138393878936768,153.7979006767273,1.2,,training
UNet_DP_Morph,LungInfection,True,base,200.0,True,both,3,0.0001,48,1,70,1.2443232536315918,150.3304147720337,1.2,,training
UNet_DP_Morph,LungInfection,True,base,200.0,True,both,3,0.0001,48,2,70,1.2222859859466553,152.09423971176147,1.2,,training
UNet_DP_Morph,LungInfection,True,base,200.0,True,close,5,0.0001,48,1,70,1.2766250371932983,150.70314145088196,1.2,,training
UNet_DP_Morph,LungInfection,True,base,200.0,True,close,5,0.0001,48,2,70,1.3546221256256104,154.32772135734558,1.2,,training
UNet_DP_Morph,LungInfection,True,base,200.0,True,close,7,0.0001,48,1,70,1.2735638618469238,146.54765939712524,1.2,,training
UNet_DP_Morph,LungInfection,True,base,200.0,True,close,7,0.0001,48,2,70,1.263232707977295,153.9712438583374,1.2,,training
UNet_DP_Morph,LungInfection,True,base,200.0,True,close,9,0.0001,48,1,70,1.3553569316864014,150.86681652069092,1.2,,training
UNet_DP_Morph,LungInfection,True,base,200.0,True,close,9,0.0001,48,2,70,1.2775651216506958,156.77186608314514,1.2,,training
UNet_DP_Morph,LungInfection,True,base,200.0,True,open,7,0.0001,48,1,70,1.1580742597579956,152.5172004699707,1.2,,training
UNet_DP_Morph,LungInfection,True,base,200.0,True,open,7,0.0001,48,2,70,1.1280462741851809,151.23759198188782,1.2,,training
UNet_DP_Morph,LungInfection,True,base,200.0,True,open,9,0.0001,48,1,70,1.1468539237976074,157.6017713546753,1.2,,training
UNet_DP_Morph,LungInfection,True,base,200.0,True,open,9,0.0001,48,2,70,1.1616220474243164,147.6623010635376,1.2,,training
UNet_DP_Morph,LungInfection,True,nsgd,200.0,True,both,3,0.0001,48,1,70,1.252347707748413,151.94635033607483,1.2,,training
UNet_DP_Morph,LungInfection,True,nsgd,200.0,True,both,3,0.0001,48,2,70,1.3877112865447998,152.42793607711792,1.2,,training
UNet_DP_Morph,LungInfection,True,nsgd,200.0,True,both,5,0.0001,48,1,70,1.2614692449569702,153.33684396743774,1.2,,training
UNet_DP_Morph,LungInfection,True,nsgd,200.0,True,both,5,0.0001,48,2,70,1.303246259689331,155.4391119480133,1.2,,training
UNet_DP_Morph,LungInfection,True,nsgd,200.0,True,both,7,0.0001,48,1,70,1.292180061340332,153.3192617893219,1.2,,training
UNet_DP_Morph,LungInfection,True,nsgd,200.0,True,both,7,0.0001,48,2,70,1.316556096076965,154.56816577911377,1.2,,training
UNet_DP_Morph,LungInfection,True,nsgd,200.0,True,close,5,0.0001,48,1,70,1.4020304679870603,158.25515246391296,1.2,,training
UNet_DP_Morph,LungInfection,True,nsgd,200.0,True,close,5,0.0001,48,2,70,1.3848344087600708,152.98199152946472,1.2,,training
UNet_DP_Morph,LungInfection,True,nsgd,200.0,True,open,3,0.0001,48,1,70,1.1645045280456543,149.70200181007385,1.2,,training
UNet_DP_Morph,LungInfection,True,nsgd,200.0,True,open,3,0.0001,48,2,70,1.3224031925201416,151.95247387886047,1.2,,training
UNet_DP_Morph,LungInfection,True,nsgd,200.0,True,open,9,0.0001,48,1,70,1.213432550430298,156.6915159225464,1.2,,training
UNet_DP_Morph,LungInfection,True,nsgd,200.0,True,open,9,0.0001,48,2,70,1.2267277240753174,153.43781328201294,1.2,,training
UNet_DP_Morph,LungInfection,True,psac,200.0,True,both,3,0.0001,48,1,70,1.2059483528137207,164.672385931015,1.2,,training
UNet_DP_Morph,LungInfection,True,psac,200.0,True,both,3,0.0001,48,2,70,1.2601714134216309,164.1555426120758,1.2,,training
UNet_DP_Morph,LungInfection,True,psac,200.0,True,both,5,0.0001,48,1,70,1.230699062347412,161.64070439338684,1.2,,training
UNet_DP_Morph,LungInfection,True,psac,200.0,True,both,5,0.0001,48,2,70,1.1883549690246582,163.49580073356628,1.2,,training
UNet_DP_Morph,LungInfection,True,psac,200.0,True,both,9,0.0001,48,2,70,1.24344801902771,136.67577958106995,1.2,,training
UNet_DP_Morph,LungInfection,True,psac,200.0,True,both,9,0.0001,48,1,70,1.281132698059082,167.0470688343048,1.2,,training
UNet_DP_Morph,LungInfection,True,psac,200.0,True,close,7,0.0001,48,1,70,1.391057014465332,163.61990332603455,1.2,,training
UNet_DP_Morph,LungInfection,True,psac,200.0,True,close,7,0.0001,48,2,70,1.442254662513733,160.27703714370728,1.2,,training
UNet_DP_Morph,LungInfection,True,psac,200.0,True,open,3,0.0001,48,1,70,1.2155373096466064,162.24839663505554,1.2,,training
UNet_DP_Morph,LungInfection,True,psac,200.0,True,open,3,0.0001,48,2,70,1.2910349369049072,162.67828392982483,1.2,,training
UNet_DP_Morph,LungInfection,True,psac,200.0,True,open,7,0.0001,48,1,70,1.1861512660980225,165.032372713089,1.2,,training
UNet_DP_Morph,LungInfection,True,psac,200.0,True,open,7,0.0001,48,2,70,1.1354658603668213,164.37727642059326,1.2,,training
UNet_DP_Morph,LungInfection,True,psac,200.0,True,open,9,0.0001,48,2,70,1.156303644180298,129.52162837982178,1.2,,training
UNet_DP_Morph,LungInfection,True,psac,200.0,True,open,9,0.0001,48,1,70,1.2403534650802612,154.6682960987091,1.2,,training
UNet_DP_Morph,LungInfection,True,automatic,200.0,True,both,3,0.0001,48,1,70,1.1361604928970337,152.78793215751648,1.5,,training
UNet_DP_Morph,LungInfection,True,automatic,200.0,True,both,3,0.0001,48,2,70,1.15940260887146,145.1567120552063,1.5,,training
UNet_DP_Morph,LungInfection,True,automatic,200.0,True,both,5,0.0001,48,1,70,1.1620612144470217,146.6198172569275,1.5,,training
UNet_DP_Morph,LungInfection,True,automatic,200.0,True,both,5,0.0001,48,2,70,1.1987028121948242,152.97941851615906,1.5,,training
UNet_DP_Morph,LungInfection,True,automatic,200.0,True,both,9,0.0001,48,1,70,1.1078356504440308,157.45168614387512,1.5,,training
UNet_DP_Morph,LungInfection,True,automatic,200.0,True,both,9,0.0001,48,2,70,1.1323480606079102,159.85633611679077,1.5,,training
UNet_DP_Morph,LungInfection,True,automatic,200.0,True,close,3,0.0001,48,1,70,1.3868837356567385,151.07815170288086,1.5,,training
UNet_DP_Morph,LungInfection,True,automatic,200.0,True,close,3,0.0001,48,2,70,1.3028016090393066,156.24411034584045,1.5,,training
UNet_DP_Morph,LungInfection,True,automatic,200.0,True,close,5,0.0001,48,1,70,1.3489410877227783,154.6274755001068,1.5,,training
UNet_DP_Morph,LungInfection,True,automatic,200.0,True,close,5,0.0001,48,2,70,1.329529881477356,151.84665489196777,1.5,,training
UNet_DP_Morph,LungInfection,True,automatic,200.0,True,close,7,0.0001,48,1,70,1.3850691318511963,152.48759531974792,1.5,,training
UNet_DP_Morph,LungInfection,True,automatic,200.0,True,close,7,0.0001,48,2,70,1.4072659015655518,151.69634461402893,1.5,,training
UNet_DP_Morph,LungInfection,True,automatic,200.0,True,close,9,0.0001,48,1,70,1.3951776027679443,157.42104053497314,1.5,,training
UNet_DP_Morph,LungInfection,True,automatic,200.0,True,close,9,0.0001,48,2,70,1.2885606288909912,121.20809078216551,1.5,,training
UNet_DP_Morph,LungInfection,True,automatic,200.0,True,open,7,0.0001,48,1,70,1.1242600679397583,154.71380019187927,1.5,,training
UNet_DP_Morph,LungInfection,True,automatic,200.0,True,open,7,0.0001,48,2,70,1.1864993572235107,154.25984954833984,1.5,,training
UNet_DP_Morph,LungInfection,True,automatic,200.0,True,open,9,0.0001,48,1,70,1.1873750686645508,152.79551339149475,1.5,,training
UNet_DP_Morph,LungInfection,True,automatic,200.0,True,open,9,0.0001,48,2,70,1.08604097366333,146.405339717865,1.5,,training
UNet_DP_Morph,LungInfection,True,base,200.0,True,both,3,0.0001,48,1,70,1.157306432723999,155.6935498714447,1.5,,training
UNet_DP_Morph,LungInfection,True,base,200.0,True,both,3,0.0001,48,2,70,1.147265911102295,152.6408178806305,1.5,,training
UNet_DP_Morph,LungInfection,True,base,200.0,True,both,5,0.0001,48,1,70,1.1153178215026855,152.47238636016846,1.5,,training
UNet_DP_Morph,LungInfection,True,base,200.0,True,both,5,0.0001,48,2,70,1.1141142845153809,152.59480118751526,1.5,,training
UNet_DP_Morph,LungInfection,True,base,200.0,True,both,7,0.0001,48,1,70,1.1432926654815674,153.6043257713318,1.5,,training
UNet_DP_Morph,LungInfection,True,base,200.0,True,both,7,0.0001,48,2,70,1.137392520904541,157.4006645679474,1.5,,training
UNet_DP_Morph,LungInfection,True,base,200.0,True,both,9,0.0001,48,1,70,1.188819169998169,154.05023980140686,1.5,,training
UNet_DP_Morph,LungInfection,True,base,200.0,True,both,9,0.0001,48,2,70,1.1015732288360596,156.7662980556488,1.5,,training
UNet_DP_Morph,LungInfection,True,base,200.0,True,close,5,0.0001,48,1,70,1.45558500289917,156.4152901172638,1.5,,training
UNet_DP_Morph,LungInfection,True,base,200.0,True,close,5,0.0001,48,2,70,1.2551454305648804,156.85795402526855,1.5,,training
UNet_DP_Morph,LungInfection,True,base,200.0,True,open,3,0.0001,48,1,70,1.1928390264511108,118.4553837776184,1.5,,training
UNet_DP_Morph,LungInfection,True,base,200.0,True,open,3,0.0001,48,2,70,1.1278316974639893,124.85845828056335,1.5,,training
UNet_DP_Morph,LungInfection,True,base,200.0,True,open,5,0.0001,48,1,70,1.1862972974777222,153.77608370780945,1.5,,training
UNet_DP_Morph,LungInfection,True,base,200.0,True,open,5,0.0001,48,2,70,1.1538136005401611,147.019855260849,1.5,,training
UNet_DP_Morph,LungInfection,True,base,200.0,True,open,7,0.0001,48,1,70,1.155301213264465,154.1865358352661,1.5,,training
UNet_DP_Morph,LungInfection,True,base,200.0,True,open,7,0.0001,48,2,70,1.1192681789398191,151.73975467681885,1.5,,training
UNet_DP_Morph,LungInfection,True,nsgd,200.0,True,both,3,0.0001,48,2,70,1.382574200630188,119.65871286392212,1.5,,training
UNet_DP_Morph,LungInfection,True,nsgd,200.0,True,both,3,0.0001,48,1,70,1.3156282901763916,157.5479793548584,1.5,,training
UNet_DP_Morph,LungInfection,True,nsgd,200.0,True,both,7,0.0001,48,1,70,1.3004378080368042,153.6085844039917,1.5,,training
UNet_DP_Morph,LungInfection,True,nsgd,200.0,True,both,7,0.0001,48,2,70,1.263373851776123,158.20893239974976,1.5,,training
UNet_DP_Morph,LungInfection,True,nsgd,200.0,True,both,9,0.0001,48,1,70,1.3486882448196411,154.41027402877808,1.5,,training
UNet_DP_Morph,LungInfection,True,nsgd,200.0,True,both,9,0.0001,48,2,70,1.2922730445861816,154.39064383506775,1.5,,training
UNet_DP_Morph,LungInfection,True,nsgd,200.0,True,close,3,0.0001,48,1,70,1.3458733558654783,150.7681965827942,1.5,,training
UNet_DP_Morph,LungInfection,True,nsgd,200.0,True,close,3,0.0001,48,2,70,1.3595404624938965,152.84127569198608,1.5,,training
UNet_DP_Morph,LungInfection,True,nsgd,200.0,True,close,5,0.0001,48,2,70,1.524522304534912,121.70719170570374,1.5,,training
UNet_DP_Morph,LungInfection,True,nsgd,200.0,True,close,5,0.0001,48,1,70,1.5255509614944458,138.58509945869446,1.5,,training
UNet_DP_Morph,LungInfection,True,nsgd,200.0,True,close,7,0.0001,48,1,70,1.7193727493286133,154.0249707698822,1.5,,training
UNet_DP_Morph,LungInfection,True,nsgd,200.0,True,close,7,0.0001,48,2,70,1.3620113134384155,145.29411053657532,1.5,,training
UNet_DP_Morph,LungInfection,True,nsgd,200.0,True,close,9,0.0001,48,2,70,1.5163187980651855,123.2538080215454,1.5,,training
UNet_DP_Morph,LungInfection,True,nsgd,200.0,True,close,9,0.0001,48,1,70,1.5821694135665894,146.57669806480408,1.5,,training
UNet_DP_Morph,LungInfection,True,nsgd,200.0,True,open,3,0.0001,48,1,70,1.248621940612793,145.75320076942444,1.5,,training
UNet_DP_Morph,LungInfection,True,nsgd,200.0,True,open,3,0.0001,48,2,70,1.307677149772644,154.31676578521729,1.5,,training
UNet_DP_Morph,LungInfection,True,nsgd,200.0,True,open,7,0.0001,48,1,70,1.259152054786682,152.6439402103424,1.5,,training
UNet_DP_Morph,LungInfection,True,nsgd,200.0,True,open,7,0.0001,48,2,70,1.2453646659851074,151.51884651184082,1.5,,training
UNet_DP_Morph,LungInfection,True,psac,200.0,True,both,3,0.0001,48,1,70,1.3415889739990234,160.56375241279602,1.5,,training
UNet_DP_Morph,LungInfection,True,psac,200.0,True,both,3,0.0001,48,2,70,1.2658621072769165,160.48741459846497,1.5,,training
UNet_DP_Morph,LungInfection,True,psac,200.0,True,both,7,0.0001,48,1,70,1.1466021537780762,167.65483808517456,1.5,,training
UNet_DP_Morph,LungInfection,True,psac,200.0,True,both,7,0.0001,48,2,70,1.2929538488388062,167.8466832637787,1.5,,training
UNet_DP_Morph,LungInfection,True,psac,200.0,True,both,9,0.0001,48,1,70,1.133012294769287,165.66681241989136,1.5,,training
UNet_DP_Morph,LungInfection,True,psac,200.0,True,both,9,0.0001,48,2,70,1.2066185474395752,168.788414478302,1.5,,training
UNet_DP_Morph,LungInfection,True,psac,200.0,True,close,3,0.0001,48,2,70,1.3780603408813477,131.9101254940033,1.5,,training
UNet_DP_Morph,LungInfection,True,psac,200.0,True,close,3,0.0001,48,1,70,1.4189119338989258,163.08979845046997,1.5,,training
UNet_DP_Morph,LungInfection,True,psac,200.0,True,close,9,0.0001,48,1,70,1.4393925666809082,165.399893283844,1.5,,training
UNet_DP_Morph,LungInfection,True,psac,200.0,True,close,9,0.0001,48,2,70,1.369063377380371,165.44048833847046,1.5,,training
UNet_DP_Morph,LungInfection,True,psac,200.0,True,open,3,0.0001,48,1,70,1.208332061767578,132.34051251411438,1.5,,training
UNet_DP_Morph,LungInfection,True,psac,200.0,True,open,3,0.0001,48,2,70,1.21555757522583,160.1953842639923,1.5,,training
UNet_DP_Morph,LungInfection,True,psac,200.0,True,open,5,0.0001,48,1,70,1.1927344799041748,166.53765177726746,1.5,,training
UNet_DP_Morph,LungInfection,True,psac,200.0,True,open,5,0.0001,48,2,70,1.201160192489624,164.17261624336243,1.5,,training
UNet_DP_Morph,LungInfection,True,psac,200.0,True,open,7,0.0001,48,1,70,1.204017162322998,165.2649278640747,1.5,,training
UNet_DP_Morph,LungInfection,True,psac,200.0,True,open,7,0.0001,48,2,70,1.1687781810760498,168.36851358413696,1.5,,training
UNet_DP_Morph,LungInfection,True,psac,200.0,True,open,9,0.0001,48,1,70,1.2024236917495728,161.77291893959045,1.5,,training
UNet_DP_Morph,LungInfection,True,psac,200.0,True,open,9,0.0001,48,2,70,1.1203126907348633,167.62311816215515,1.5,,training
UNet_DP_Morph,LungInfection,True,automatic,200.0,True,both,3,0.0001,48,1,70,1.2658774852752686,153.11985635757446,2.0,,training
UNet_DP_Morph,LungInfection,True,automatic,200.0,True,both,3,0.0001,48,2,70,1.1524289846420288,152.02929830551147,2.0,,training
UNet_DP_Morph,LungInfection,True,automatic,200.0,True,both,5,0.0001,48,1,70,1.2051658630371094,121.72339844703674,2.0,,training
UNet_DP_Morph,LungInfection,True,automatic,200.0,True,both,5,0.0001,48,2,70,1.2405972480773926,155.68445229530334,2.0,,training
UNet_DP_Morph,LungInfection,True,automatic,200.0,True,both,7,0.0001,48,1,70,1.1871261596679688,147.63149166107178,2.0,,training
UNet_DP_Morph,LungInfection,True,automatic,200.0,True,both,7,0.0001,48,2,70,1.285691261291504,157.81717467308044,2.0,,training
UNet_DP_Morph,LungInfection,True,automatic,200.0,True,both,9,0.0001,48,1,70,1.1551525592803955,157.3119034767151,2.0,,training
UNet_DP_Morph,LungInfection,True,automatic,200.0,True,both,9,0.0001,48,2,70,1.1801484823226929,153.72894716262817,2.0,,training
UNet_DP_Morph,LungInfection,True,automatic,200.0,True,close,3,0.0001,48,1,70,1.4572641849517822,156.65379786491394,2.0,,training
UNet_DP_Morph,LungInfection,True,automatic,200.0,True,close,3,0.0001,48,2,70,1.470083475112915,152.55908060073853,2.0,,training
UNet_DP_Morph,LungInfection,True,automatic,200.0,True,close,5,0.0001,48,1,70,1.3910646438598633,154.40639734268188,2.0,,training
UNet_DP_Morph,LungInfection,True,automatic,200.0,True,close,5,0.0001,48,2,70,1.3800443410873413,159.84389734268188,2.0,,training
UNet_DP_Morph,LungInfection,True,automatic,200.0,True,close,7,0.0001,48,1,70,1.3068875074386597,153.2190146446228,2.0,,training
UNet_DP_Morph,LungInfection,True,automatic,200.0,True,close,7,0.0001,48,2,70,1.402379274368286,152.21438121795654,2.0,,training
UNet_DP_Morph,LungInfection,True,automatic,200.0,True,close,9,0.0001,48,1,70,1.4143860340118408,154.43006038665771,2.0,,training
UNet_DP_Morph,LungInfection,True,automatic,200.0,True,close,9,0.0001,48,2,70,1.3628804683685305,156.15050292015076,2.0,,training
UNet_DP_Morph,LungInfection,True,automatic,200.0,True,open,3,0.0001,48,2,70,1.1989083290100098,116.51437211036682,2.0,,training
UNet_DP_Morph,LungInfection,True,automatic,200.0,True,open,3,0.0001,48,1,70,1.1322581768035889,153.5715355873108,2.0,,training
UNet_DP_Morph,LungInfection,True,automatic,200.0,True,open,5,0.0001,48,1,70,1.2089478969573977,151.1242892742157,2.0,,training
UNet_DP_Morph,LungInfection,True,automatic,200.0,True,open,5,0.0001,48,2,70,1.1658751964569092,146.02650690078735,2.0,,training
UNet_DP_Morph,LungInfection,True,automatic,200.0,True,open,9,0.0001,48,1,70,1.1082860231399536,145.53938341140747,2.0,,training
UNet_DP_Morph,LungInfection,True,automatic,200.0,True,open,9,0.0001,48,2,70,1.1307580471038818,153.95368838310242,2.0,,training
UNet_DP_Morph,LungInfection,True,base,200.0,True,both,3,0.0001,48,1,70,1.2050800323486328,151.94005012512207,2.0,,training
UNet_DP_Morph,LungInfection,True,base,200.0,True,both,3,0.0001,48,2,70,1.2345523834228516,152.7787220478058,2.0,,training
UNet_DP_Morph,LungInfection,True,base,200.0,True,both,5,0.0001,48,1,70,1.1208388805389404,146.8630392551422,2.0,,training
UNet_DP_Morph,LungInfection,True,base,200.0,True,both,5,0.0001,48,2,70,1.1252920627593994,153.4414668083191,2.0,,training
UNet_DP_Morph,LungInfection,True,base,200.0,True,both,7,0.0001,48,1,70,1.1323153972625732,153.41461849212646,2.0,,training
UNet_DP_Morph,LungInfection,True,base,200.0,True,both,7,0.0001,48,2,70,1.229520320892334,156.5389130115509,2.0,,training
UNet_DP_Morph,LungInfection,True,base,200.0,True,open,3,0.0001,48,1,70,1.2395999431610107,152.37876343727112,2.0,,training
UNet_DP_Morph,LungInfection,True,base,200.0,True,open,3,0.0001,48,2,70,1.2821555137634275,157.5646789073944,2.0,,training
UNet_DP_Morph,LungInfection,True,base,200.0,True,open,9,0.0001,48,1,70,1.1111369132995603,154.4678463935852,2.0,,training
UNet_DP_Morph,LungInfection,True,base,200.0,True,open,9,0.0001,48,2,70,1.0765492916107178,146.85012102127075,2.0,,training
UNet_DP_Morph,LungInfection,True,nsgd,200.0,True,both,3,0.0001,48,1,70,1.3134247064590454,156.24746322631836,2.0,,training
UNet_DP_Morph,LungInfection,True,nsgd,200.0,True,both,3,0.0001,48,2,70,1.4287490844726562,151.0866181850433,2.0,,training
UNet_DP_Morph,LungInfection,True,nsgd,200.0,True,both,5,0.0001,48,1,70,1.3762736320495603,152.77657866477966,2.0,,training
UNet_DP_Morph,LungInfection,True,nsgd,200.0,True,both,5,0.0001,48,2,70,1.374008297920227,154.3500714302063,2.0,,training
UNet_DP_Morph,LungInfection,True,nsgd,200.0,True,both,7,0.0001,48,1,70,1.3054765462875366,155.04162549972534,2.0,,training
UNet_DP_Morph,LungInfection,True,nsgd,200.0,True,both,7,0.0001,48,2,70,1.3345167636871338,157.36077165603638,2.0,,training
UNet_DP_Morph,LungInfection,True,nsgd,200.0,True,both,9,0.0001,48,1,70,1.351440191268921,153.5386984348297,2.0,,training
UNet_DP_Morph,LungInfection,True,nsgd,200.0,True,both,9,0.0001,48,2,70,1.3360908031463623,150.14159679412842,2.0,,training
UNet_DP_Morph,LungInfection,True,nsgd,200.0,True,close,7,0.0001,48,1,70,1.6259043216705322,150.96418833732605,2.0,,training
UNet_DP_Morph,LungInfection,True,nsgd,200.0,True,close,7,0.0001,48,2,70,1.5042612552642822,154.8835527896881,2.0,,training
UNet_DP_Morph,LungInfection,True,nsgd,200.0,True,close,9,0.0001,48,2,70,1.515615701675415,121.6526312828064,2.0,,training
UNet_DP_Morph,LungInfection,True,nsgd,200.0,True,close,9,0.0001,48,1,70,1.556999921798706,147.70400166511536,2.0,,training
UNet_DP_Morph,LungInfection,True,nsgd,200.0,True,open,7,0.0001,48,1,70,1.3520032167434692,155.28489089012146,2.0,,training
UNet_DP_Morph,LungInfection,True,nsgd,200.0,True,open,7,0.0001,48,2,70,1.3088759183883667,152.8089303970337,2.0,,training
UNet_DP_Morph,LungInfection,True,nsgd,200.0,True,open,9,0.0001,48,2,70,1.282686471939087,121.10202479362488,2.0,,training
UNet_DP_Morph,LungInfection,True,nsgd,200.0,True,open,9,0.0001,48,1,70,1.3164114952087402,153.1165235042572,2.0,,training
UNet_DP_Morph,LungInfection,True,psac,200.0,True,both,5,0.0001,48,2,70,1.2669771909713743,132.48679947853088,2.0,,training
UNet_DP_Morph,LungInfection,True,psac,200.0,True,both,5,0.0001,48,1,70,1.2373217344284058,166.26300764083862,2.0,,training
UNet_DP_Morph,LungInfection,True,psac,200.0,True,both,7,0.0001,48,1,70,1.2229434251785278,166.84916734695437,2.0,,training
UNet_DP_Morph,LungInfection,True,psac,200.0,True,both,7,0.0001,48,2,70,1.1940242052078247,166.69788265228271,2.0,,training
UNet_DP_Morph,LungInfection,True,psac,200.0,True,both,9,0.0001,48,1,70,1.2773399353027344,167.00958061218262,2.0,,training
UNet_DP_Morph,LungInfection,True,psac,200.0,True,both,9,0.0001,48,2,70,1.1793272495269775,167.9565978050232,2.0,,training
UNet_DP_Morph,LungInfection,True,psac,200.0,True,close,3,0.0001,48,1,70,1.3385835886001587,163.66311144828796,2.0,,training
UNet_DP_Morph,LungInfection,True,psac,200.0,True,close,3,0.0001,48,2,70,1.3492897748947144,158.05070900917053,2.0,,training
UNet_DP_Morph,LungInfection,True,psac,200.0,True,close,5,0.0001,48,1,70,1.300641655921936,165.7231991291046,2.0,,training
UNet_DP_Morph,LungInfection,True,psac,200.0,True,close,5,0.0001,48,2,70,1.338287591934204,164.78380036354065,2.0,,training
UNet_DP_Morph,LungInfection,True,psac,200.0,True,close,7,0.0001,48,1,70,1.426714539527893,163.92552185058594,2.0,,training
UNet_DP_Morph,LungInfection,True,psac,200.0,True,close,7,0.0001,48,2,70,1.4188252687454224,166.29321932792664,2.0,,training
UNet_DP_Morph,LungInfection,True,psac,200.0,True,open,3,0.0001,48,1,70,1.2155470848083496,164.38674402236938,2.0,,training
UNet_DP_Morph,LungInfection,True,psac,200.0,True,open,3,0.0001,48,2,70,1.222462177276611,163.5475676059723,2.0,,training
UNet_DP_Morph,LungInfection,True,psac,200.0,True,open,5,0.0001,48,1,70,1.1931339502334597,129.59873485565186,2.0,,training
UNet_DP_Morph,LungInfection,True,psac,200.0,True,open,5,0.0001,48,2,70,1.1927952766418457,170.21463704109192,2.0,,training
UNet_DP_Morph,LungInfection,True,psac,200.0,True,open,9,0.0001,48,1,70,1.2206164598464966,160.13527703285217,2.0,,training
UNet_DP_Morph,LungInfection,True,psac,200.0,True,open,9,0.0001,48,2,70,1.1700420379638672,164.41618490219116,2.0,,training
UNet_GroupNorm,LungInfection,False,none,0.0,False,none,0,0.0001,24,1,70,1.0905554294586182,51.30298852920532,,,training
UNet_GroupNorm,LungInfection,False,none,0.0,False,none,0,0.0001,24,2,70,1.1802661418914795,51.42349886894226,,,training
UNet_GroupNorm,LungInfection,False,none,0.0,False,none,0,0.0001,48,1,70,1.039900541305542,65.05165100097656,,,training
UNet_GroupNorm,LungInfection,False,none,0.0,False,none,0,0.0001,48,2,70,1.11203932762146,65.28806400299072,,,training
UNet_Morph_GroupNorm,LungInfection,False,none,0.0,True,both,3,0.0001,24,1,70,0.7718381881713867,54.75563335418701,,,training
UNet_Morph_GroupNorm,LungInfection,False,none,0.0,True,both,3,0.0001,24,2,70,0.7705551981925964,55.67468929290772,,,training
UNet_Morph_GroupNorm,LungInfection,False,none,0.0,True,both,5,0.0001,24,1,70,0.7112812399864197,55.86813092231751,,,training
UNet_Morph_GroupNorm,LungInfection,False,none,0.0,True,both,5,0.0001,24,2,70,0.7238658666610718,56.59802937507629,,,training
UNet_Morph_GroupNorm,LungInfection,False,none,0.0,True,both,7,0.0001,24,1,70,0.6778104305267334,56.44158458709717,,,training
UNet_Morph_GroupNorm,LungInfection,False,none,0.0,True,both,7,0.0001,24,2,70,0.7358232736587524,57.39129114151001,,,training
UNet_Morph_GroupNorm,LungInfection,False,none,0.0,True,both,9,0.0001,24,1,70,0.7215851545333862,59.45380234718323,,,training
UNet_Morph_GroupNorm,LungInfection,False,none,0.0,True,both,9,0.0001,24,2,70,0.6753975749015808,59.58284139633179,,,training
UNet_Morph_GroupNorm,LungInfection,False,none,0.0,True,close,3,0.0001,24,1,70,1.0289452075958252,57.50857615470886,,,training
UNet_Morph_GroupNorm,LungInfection,False,none,0.0,True,close,3,0.0001,24,2,70,1.092579364776611,58.45753192901611,,,training
UNet_Morph_GroupNorm,LungInfection,False,none,0.0,True,close,5,0.0001,24,1,70,1.2621381282806396,57.865535736083984,,,training
UNet_Morph_GroupNorm,LungInfection,False,none,0.0,True,close,5,0.0001,24,2,70,1.0417468547821045,59.273942947387695,,,training
UNet_Morph_GroupNorm,LungInfection,False,none,0.0,True,close,7,0.0001,24,1,70,0.9753111600875854,55.38281726837158,,,training
UNet_Morph_GroupNorm,LungInfection,False,none,0.0,True,close,7,0.0001,24,2,70,1.1400246620178225,58.88757586479187,,,training
UNet_Morph_GroupNorm,LungInfection,False,none,0.0,True,close,9,0.0001,24,1,70,1.1567907333374023,57.37460374832153,,,training
UNet_Morph_GroupNorm,LungInfection,False,none,0.0,True,close,9,0.0001,24,2,70,1.1338579654693604,57.79398107528687,,,training
UNet_Morph_GroupNorm,LungInfection,False,none,0.0,True,open,3,0.0001,24,1,70,0.7418953776359558,54.33301520347595,,,training
UNet_Morph_GroupNorm,LungInfection,False,none,0.0,True,open,3,0.0001,24,2,70,0.742083728313446,55.33565402030945,,,training
UNet_Morph_GroupNorm,LungInfection,False,none,0.0,True,open,5,0.0001,24,1,70,0.6985441446304321,55.28573155403137,,,training
UNet_Morph_GroupNorm,LungInfection,False,none,0.0,True,open,5,0.0001,24,2,70,0.7119933366775513,55.18594193458557,,,training
UNet_Morph_GroupNorm,LungInfection,False,none,0.0,True,open,7,0.0001,24,1,70,0.6665359735488892,58.58836102485657,,,training
UNet_Morph_GroupNorm,LungInfection,False,none,0.0,True,open,7,0.0001,24,2,70,0.6451430320739746,55.93530535697937,,,training
UNet_Morph_GroupNorm,LungInfection,False,none,0.0,True,open,9,0.0001,24,1,70,0.7098579406738281,59.28412580490112,,,training
UNet_Morph_GroupNorm,LungInfection,False,none,0.0,True,open,9,0.0001,24,2,70,0.7041921615600586,59.16034626960754,,,training
UNet_Morph_GroupNorm,LungInfection,False,none,0.0,True,both,3,0.0001,48,1,70,0.8007346391677856,69.67944383621216,,,training
UNet_Morph_GroupNorm,LungInfection,False,none,0.0,True,both,3,0.0001,48,2,70,0.9018229246139526,71.37845993041992,,,training
UNet_Morph_GroupNorm,LungInfection,False,none,0.0,True,both,5,0.0001,48,1,70,0.7914295196533203,69.74417042732239,,,training
UNet_Morph_GroupNorm,LungInfection,False,none,0.0,True,both,5,0.0001,48,2,70,0.7903454303741455,70.82478928565979,,,training
UNet_Morph_GroupNorm,LungInfection,False,none,0.0,True,both,7,0.0001,48,1,70,0.8625150918960571,70.84699416160583,,,training
UNet_Morph_GroupNorm,LungInfection,False,none,0.0,True,both,7,0.0001,48,2,70,0.8213667273521423,71.96955347061157,,,training
UNet_Morph_GroupNorm,LungInfection,False,none,0.0,True,both,9,0.0001,48,1,70,0.888668417930603,71.89652681350708,,,training
UNet_Morph_GroupNorm,LungInfection,False,none,0.0,True,both,9,0.0001,48,2,70,0.8482427597045898,72.05881643295288,,,training
UNet_Morph_GroupNorm,LungInfection,False,none,0.0,True,close,3,0.0001,48,1,70,1.0586308240890503,68.06016492843628,,,training
UNet_Morph_GroupNorm,LungInfection,False,none,0.0,True,close,3,0.0001,48,2,70,1.12138032913208,68.67701840400696,,,training
UNet_Morph_GroupNorm,LungInfection,False,none,0.0,True,close,5,0.0001,48,1,70,1.301422357559204,69.28308081626892,,,training
UNet_Morph_GroupNorm,LungInfection,False,none,0.0,True,close,5,0.0001,48,2,70,1.2678730487823486,68.80376315116882,,,training
UNet_Morph_GroupNorm,LungInfection,False,none,0.0,True,close,7,0.0001,48,1,70,1.0849274396896362,68.83194422721863,,,training
UNet_Morph_GroupNorm,LungInfection,False,none,0.0,True,close,7,0.0001,48,2,70,1.1347744464874268,72.91076326370239,,,training
UNet_Morph_GroupNorm,LungInfection,False,none,0.0,True,close,9,0.0001,48,1,70,1.2459099292755127,70.38684415817261,,,training
UNet_Morph_GroupNorm,LungInfection,False,none,0.0,True,close,9,0.0001,48,2,70,1.2910034656524658,72.43884420394897,,,training
UNet_Morph_GroupNorm,LungInfection,False,none,0.0,True,open,3,0.0001,48,1,70,0.8314146995544434,68.19204807281494,,,training
UNet_Morph_GroupNorm,LungInfection,False,none,0.0,True,open,3,0.0001,48,2,70,0.8590242862701416,68.88090300559998,,,training
UNet_Morph_GroupNorm,LungInfection,False,none,0.0,True,open,5,0.0001,48,1,70,0.825035035610199,73.12037086486816,,,training
UNet_Morph_GroupNorm,LungInfection,False,none,0.0,True,open,5,0.0001,48,2,70,0.7614173293113708,68.55701303482056,,,training
UNet_Morph_GroupNorm,LungInfection,False,none,0.0,True,open,7,0.0001,48,1,70,0.7075965404510498,72.96857571601868,,,training
UNet_Morph_GroupNorm,LungInfection,False,none,0.0,True,open,7,0.0001,48,2,70,0.7940324544906616,69.6030957698822,,,training
UNet_Morph_GroupNorm,LungInfection,False,none,0.0,True,open,9,0.0001,48,1,70,0.7056831121444702,72.61880373954773,,,training
UNet_Morph_GroupNorm,LungInfection,False,none,0.0,True,open,9,0.0001,48,2,70,0.8597918748855591,70.88098549842834,,,training
